{"textures":{"0":"modelengine:entity/undeadcrew6"},"elements":[{"from":[6.662096,2.9738736,6.4574466],"to":[9.662096,7.973874,9.457446],"faces":{"east":{"uv":[4.7495,9.7505,4.0005,10.9995],"tintindex":0,"rotation":0,"texture":"#0"},"south":{"uv":[3.9995,9.7505,3.2505,10.9995],"tintindex":0,"rotation":0,"texture":"#0"},"north":{"uv":[0.7495,9.7505,5.0E-4,10.9995],"tintindex":0,"rotation":0,"texture":"#0"},"west":{"uv":[1.4995,9.7505,0.7505,10.9995],"tintindex":0,"rotation":0,"texture":"#0"},"up":{"uv":[10.5005,8.9995,11.2495,8.2505],"tintindex":0,"rotation":0,"texture":"#0"},"down":{"uv":[5.2505,10.7505,5.9995,11.4995],"tintindex":0,"rotation":0,"texture":"#0"}}}]}