{"textures":{"0":"modelengine:entity/standing_swing"},"elements":[{"from":[-5.1428576,30.285713,7.142857],"to":[21.142857,32.0,8.857143],"rotation":{"angle":0.0,"axis":"y","origin":[8.571428,-9.714289,7.714286]},"faces":{"east":{"uv":[10.5,4.5,10.875,4.875],"rotation":0,"texture":"#0","tintindex":0},"south":{"uv":[8.0,0.5,13.75,0.875],"rotation":0,"texture":"#0","tintindex":0},"north":{"uv":[8.0,0.0,13.75,0.375],"rotation":0,"texture":"#0","tintindex":0},"west":{"uv":[10.5,5.0,10.875,5.375],"rotation":0,"texture":"#0","tintindex":0},"up":{"uv":[13.75,1.375,8.0,1.0],"rotation":0,"texture":"#0","tintindex":0},"down":{"uv":[13.75,1.5,8.0,1.875],"rotation":0,"texture":"#0","tintindex":0}}},{"from":[-4.5714293,-15.821835,7.4056253],"to":[-2.8571434,31.606739,9.119911],"rotation":{"angle":22.5,"axis":"x","origin":[-3.7142859,32.463882,8.262768]},"faces":{"east":{"uv":[4.5,0.0,4.875,10.375],"rotation":0,"texture":"#0","tintindex":0},"south":{"uv":[5.0,0.0,5.375,10.375],"rotation":0,"texture":"#0","tintindex":0},"north":{"uv":[4.0,0.0,4.375,10.375],"rotation":0,"texture":"#0","tintindex":0},"west":{"uv":[5.5,0.0,5.875,10.375],"rotation":0,"texture":"#0","tintindex":0},"up":{"uv":[10.875,6.875,10.5,6.5],"rotation":0,"texture":"#0","tintindex":0},"down":{"uv":[7.125,10.5,6.75,10.875],"rotation":0,"texture":"#0","tintindex":0}}},{"from":[18.857143,-15.821835,7.4056253],"to":[20.57143,31.606739,9.119911],"rotation":{"angle":22.5,"axis":"x","origin":[-3.7142859,32.463882,8.262768]},"faces":{"east":{"uv":[4.5,0.0,4.875,10.375],"rotation":0,"texture":"#0","tintindex":0},"south":{"uv":[5.0,0.0,5.375,10.375],"rotation":0,"texture":"#0","tintindex":0},"north":{"uv":[4.0,0.0,4.375,10.375],"rotation":0,"texture":"#0","tintindex":0},"west":{"uv":[5.5,0.0,5.875,10.375],"rotation":0,"texture":"#0","tintindex":0},"up":{"uv":[10.875,6.875,10.5,6.5],"rotation":0,"texture":"#0","tintindex":0},"down":{"uv":[7.125,10.5,6.75,10.875],"rotation":0,"texture":"#0","tintindex":0}}},{"from":[-4.5714293,-15.821835,6.880089],"to":[-2.8571434,31.606739,8.594375],"rotation":{"angle":-22.5,"axis":"x","origin":[-3.7142859,32.463882,7.7372317]},"faces":{"east":{"uv":[4.875,0.0,4.5,10.375],"rotation":0,"texture":"#0","tintindex":0},"south":{"uv":[4.375,0.0,4.0,10.375],"rotation":0,"texture":"#0","tintindex":0},"north":{"uv":[5.375,0.0,5.0,10.375],"rotation":0,"texture":"#0","tintindex":0},"west":{"uv":[5.875,0.0,5.5,10.375],"rotation":0,"texture":"#0","tintindex":0},"up":{"uv":[10.875,6.5,10.5,6.875],"rotation":0,"texture":"#0","tintindex":0},"down":{"uv":[7.125,10.875,6.75,10.5],"rotation":0,"texture":"#0","tintindex":0}}},{"from":[18.857143,-15.821835,6.880089],"to":[20.57143,31.606739,8.594375],"rotation":{"angle":-22.5,"axis":"x","origin":[-3.7142859,32.463882,7.7372317]},"faces":{"east":{"uv":[4.875,0.0,4.5,10.375],"rotation":0,"texture":"#0","tintindex":0},"south":{"uv":[4.375,0.0,4.0,10.375],"rotation":0,"texture":"#0","tintindex":0},"north":{"uv":[5.375,0.0,5.0,10.375],"rotation":0,"texture":"#0","tintindex":0},"west":{"uv":[5.875,0.0,5.5,10.375],"rotation":0,"texture":"#0","tintindex":0},"up":{"uv":[10.875,6.5,10.5,6.875],"rotation":0,"texture":"#0","tintindex":0},"down":{"uv":[7.125,10.875,6.75,10.5],"rotation":0,"texture":"#0","tintindex":0}}},{"from":[2.2857141,28.857141,7.428571],"to":[2.8571424,31.142857,8.571428],"rotation":{"angle":0.0,"axis":"y","origin":[13.428572,28.285713,8.0]},"faces":{"east":{"uv":[10.5,8.75,10.75,9.25],"rotation":0,"texture":"#0","tintindex":0},"south":{"uv":[10.75,10.0,10.875,10.5],"rotation":0,"texture":"#0","tintindex":0},"north":{"uv":[10.5,10.625,10.625,11.125],"rotation":0,"texture":"#0","tintindex":0},"west":{"uv":[10.5,9.375,10.75,9.875],"rotation":0,"texture":"#0","tintindex":0},"up":{"uv":[1.625,11.125,1.5,10.875],"rotation":0,"texture":"#0","tintindex":0},"down":{"uv":[1.875,10.875,1.75,11.125],"rotation":0,"texture":"#0","tintindex":0}}},{"from":[13.142858,28.857141,7.428571],"to":[13.714286,31.142857,8.571428],"rotation":{"angle":0.0,"axis":"y","origin":[13.428572,28.285713,8.0]},"faces":{"east":{"uv":[10.5,8.75,10.75,9.25],"rotation":0,"texture":"#0","tintindex":0},"south":{"uv":[10.75,10.0,10.875,10.5],"rotation":0,"texture":"#0","tintindex":0},"north":{"uv":[10.5,10.625,10.625,11.125],"rotation":0,"texture":"#0","tintindex":0},"west":{"uv":[10.5,9.375,10.75,9.875],"rotation":0,"texture":"#0","tintindex":0},"up":{"uv":[1.625,11.125,1.5,10.875],"rotation":0,"texture":"#0","tintindex":0},"down":{"uv":[1.875,10.875,1.75,11.125],"rotation":0,"texture":"#0","tintindex":0}}}],"display":{"head":{"translation":[0.0,8.004305,0.0],"scale":[4.0,4.0,4.0]}}}