{"textures":{"0":"modelengine:entity/sleigh1"},"elements":[{"from":[1.1601567,1.1601572,-1.7018547],"to":[14.839844,14.839844,17.851852],"faces":{"east":{"uv":[0.625,5.125,0.0,5.5625],"tintindex":0,"rotation":0,"texture":"#0"},"south":{"uv":[1.625,6.1875,2.0625,6.625],"tintindex":0,"rotation":0,"texture":"#0"},"north":{"uv":[1.625,6.1875,2.0625,6.625],"tintindex":0,"rotation":0,"texture":"#0"},"west":{"uv":[0.0,5.125,0.625,5.5625],"tintindex":0,"rotation":0,"texture":"#0"},"up":{"uv":[7.96875,2.46875,7.65625,2.0625],"tintindex":0,"rotation":0,"texture":"#0"},"down":{"uv":[7.65625,2.46875,7.96875,2.0625],"tintindex":0,"rotation":0,"texture":"#0"}}},{"from":[6.5130777,0.26800346,-2.5940075],"to":[9.486922,15.731997,18.744007],"faces":{"east":{"uv":[1.28125,3.78125,1.9375,4.25],"tintindex":0,"rotation":0,"texture":"#0"},"south":{"uv":[4.8125,9.15625,4.90625,9.625],"tintindex":0,"rotation":0,"texture":"#0"},"north":{"uv":[3.96875,8.96875,4.0625,9.4375],"tintindex":0,"rotation":0,"texture":"#0"},"west":{"uv":[2.5,4.96875,3.15625,5.4375],"tintindex":0,"rotation":0,"texture":"#0"},"up":{"uv":[2.3125,3.75,2.21875,3.09375],"tintindex":0,"rotation":0,"texture":"#0"},"down":{"uv":[8.46875,8.875,8.375,9.53125],"tintindex":0,"rotation":0,"texture":"#0"}}},{"from":[0.5653882,6.2156935,-3.3413925],"to":[15.434612,9.7843075,19.041391],"faces":{"east":{"uv":[5.375,8.375,6.15625,8.5],"tintindex":0,"rotation":0,"texture":"#0"},"south":{"uv":[4.59375,9.0,5.0625,9.125],"tintindex":0,"rotation":0,"texture":"#0"},"north":{"uv":[8.96875,0.0,9.4375,0.125],"tintindex":0,"rotation":0,"texture":"#0"},"west":{"uv":[6.1875,8.375,6.96875,8.5],"tintindex":0,"rotation":0,"texture":"#0"},"up":{"uv":[5.34375,3.34375,4.875,2.5625],"tintindex":0,"rotation":0,"texture":"#0"},"down":{"uv":[4.96875,4.9375,4.5,5.71875],"tintindex":0,"rotation":0,"texture":"#0"}}}]}