{"textures":{"0":"modelengine:entity/sleigh1"},"elements":[{"from":[4.091518,4.091518,2.4560833],"to":[11.908482,11.908482,13.629631],"rotation":{"angle":0.0,"axis":"y","origin":[9.614373,-45.818096,-25.600216]},"faces":{"east":{"uv":[0.625,5.125,0.0,5.5625],"rotation":0,"texture":"#0","tintindex":0},"south":{"uv":[1.625,6.1875,2.0625,6.625],"rotation":0,"texture":"#0","tintindex":0},"north":{"uv":[1.625,6.1875,2.0625,6.625],"rotation":0,"texture":"#0","tintindex":0},"west":{"uv":[0.0,5.125,0.625,5.5625],"rotation":0,"texture":"#0","tintindex":0},"up":{"uv":[7.96875,2.46875,7.65625,2.0625],"rotation":0,"texture":"#0","tintindex":0},"down":{"uv":[7.65625,2.46875,7.96875,2.0625],"rotation":0,"texture":"#0","tintindex":0}}},{"from":[3.7516503,6.9803963,1.5192046],"to":[12.24835,9.019604,14.309367],"rotation":{"angle":0.0,"axis":"y","origin":[9.614373,-45.818096,-25.600216]},"faces":{"east":{"uv":[5.375,8.375,6.15625,8.5],"rotation":0,"texture":"#0","tintindex":0},"south":{"uv":[4.59375,9.0,5.0625,9.125],"rotation":0,"texture":"#0","tintindex":0},"north":{"uv":[8.96875,0.0,9.4375,0.125],"rotation":0,"texture":"#0","tintindex":0},"west":{"uv":[6.1875,8.375,6.96875,8.5],"rotation":0,"texture":"#0","tintindex":0},"up":{"uv":[5.34375,3.34375,4.875,2.5625],"rotation":0,"texture":"#0","tintindex":0},"down":{"uv":[4.96875,4.9375,4.5,5.71875],"rotation":0,"texture":"#0","tintindex":0}}},{"from":[7.15033,3.581716,1.946281],"to":[8.84967,12.418283,14.139433],"rotation":{"angle":0.0,"axis":"y","origin":[9.614373,-45.818096,-25.600216]},"faces":{"east":{"uv":[1.28125,3.78125,1.9375,4.25],"rotation":0,"texture":"#0","tintindex":0},"south":{"uv":[4.8125,9.15625,4.90625,9.625],"rotation":0,"texture":"#0","tintindex":0},"north":{"uv":[3.96875,8.96875,4.0625,9.4375],"rotation":0,"texture":"#0","tintindex":0},"west":{"uv":[2.5,4.96875,3.15625,5.4375],"rotation":0,"texture":"#0","tintindex":0},"up":{"uv":[2.3125,3.75,2.21875,3.09375],"rotation":0,"texture":"#0","tintindex":0},"down":{"uv":[8.46875,8.875,8.375,9.53125],"rotation":0,"texture":"#0","tintindex":0}}}],"display":{"head":{"translation":[0.0,-6.4,0.0],"scale":[4.0,4.0,4.0]}}}