{"textures":{"0":"modelengine:entity/iron_mimic"},"elements":[{"from":[4.0,12.272663,-0.41321564],"to":[12.0,13.986949,7.586785],"rotation":{"angle":45.0,"axis":"x","origin":[8.0,10.281074,4.256255]},"faces":{"east":{"uv":[6.125,5.75,7.875,6.125],"rotation":0,"texture":"#0","tintindex":0},"south":{"uv":[6.125,5.75,7.875,6.125],"rotation":0,"texture":"#0","tintindex":0},"north":{"uv":[6.125,5.75,7.875,6.125],"rotation":0,"texture":"#0","tintindex":0},"west":{"uv":[6.125,5.75,7.875,6.125],"rotation":0,"texture":"#0","tintindex":0},"up":{"uv":[3.625,1.75,1.875,0.0],"rotation":0,"texture":"#0","tintindex":0},"down":{"uv":[1.75,1.875,0.0,3.625],"rotation":0,"texture":"#0","tintindex":0}}},{"from":[2.8571424,13.986949,-1.5560722],"to":[4.0,15.1298065,8.729642],"rotation":{"angle":45.0,"axis":"x","origin":[8.0,10.281074,4.256255]},"faces":{"east":{"uv":[6.375,5.125,8.625,5.375],"rotation":0,"texture":"#0","tintindex":0},"south":{"uv":[10.25,5.625,10.5,5.875],"rotation":0,"texture":"#0","tintindex":0},"north":{"uv":[10.25,5.25,10.5,5.5],"rotation":0,"texture":"#0","tintindex":0},"west":{"uv":[0.0,6.5,2.25,6.75],"rotation":0,"texture":"#0","tintindex":0},"up":{"uv":[2.625,8.75,2.375,6.5],"rotation":0,"texture":"#0","tintindex":0},"down":{"uv":[3.0,6.5,2.75,8.75],"rotation":0,"texture":"#0","tintindex":0}}},{"from":[2.8571424,12.272663,-1.5560722],"to":[4.0,13.986949,-0.41321564],"rotation":{"angle":45.0,"axis":"x","origin":[8.0,10.281074,4.256255]},"faces":{"east":{"uv":[9.875,6.125,10.125,6.5],"rotation":0,"texture":"#0","tintindex":0},"south":{"uv":[10.125,2.625,10.375,3.0],"rotation":0,"texture":"#0","tintindex":0},"north":{"uv":[3.75,3.0,4.0,3.375],"rotation":0,"texture":"#0","tintindex":0},"west":{"uv":[3.75,10.125,4.0,10.5],"rotation":0,"texture":"#0","tintindex":0},"up":{"uv":[10.5,6.25,10.25,6.0],"rotation":0,"texture":"#0","tintindex":0},"down":{"uv":[10.5,6.375,10.25,6.625],"rotation":0,"texture":"#0","tintindex":0}}},{"from":[12.0,12.272663,-1.5560722],"to":[13.142858,13.986949,-0.41321564],"rotation":{"angle":45.0,"axis":"x","origin":[8.0,10.281074,4.256255]},"faces":{"east":{"uv":[4.5,10.125,4.75,10.5],"rotation":0,"texture":"#0","tintindex":0},"south":{"uv":[4.875,10.125,5.125,10.5],"rotation":0,"texture":"#0","tintindex":0},"north":{"uv":[4.125,10.125,4.375,10.5],"rotation":0,"texture":"#0","tintindex":0},"west":{"uv":[5.25,10.125,5.5,10.5],"rotation":0,"texture":"#0","tintindex":0},"up":{"uv":[7.0,10.5,6.75,10.25],"rotation":0,"texture":"#0","tintindex":0},"down":{"uv":[10.5,6.75,10.25,7.0],"rotation":0,"texture":"#0","tintindex":0}}},{"from":[2.8571424,12.272663,7.586785],"to":[4.0,13.986949,8.729642],"rotation":{"angle":45.0,"axis":"x","origin":[8.0,10.281074,4.256255]},"faces":{"east":{"uv":[6.0,10.125,6.25,10.5],"rotation":0,"texture":"#0","tintindex":0},"south":{"uv":[6.375,10.125,6.625,10.5],"rotation":0,"texture":"#0","tintindex":0},"north":{"uv":[5.625,10.125,5.875,10.5],"rotation":0,"texture":"#0","tintindex":0},"west":{"uv":[10.125,7.125,10.375,7.5],"rotation":0,"texture":"#0","tintindex":0},"up":{"uv":[10.625,10.375,10.375,10.125],"rotation":0,"texture":"#0","tintindex":0},"down":{"uv":[10.75,0.0,10.5,0.25],"rotation":0,"texture":"#0","tintindex":0}}},{"from":[12.0,13.986949,-1.5560722],"to":[13.142858,15.1298065,8.729642],"rotation":{"angle":45.0,"axis":"x","origin":[8.0,10.281074,4.256255]},"faces":{"east":{"uv":[7.75,1.125,10.0,1.375],"rotation":0,"texture":"#0","tintindex":0},"south":{"uv":[10.5,9.375,10.75,9.625],"rotation":0,"texture":"#0","tintindex":0},"north":{"uv":[9.25,10.5,9.5,10.75],"rotation":0,"texture":"#0","tintindex":0},"west":{"uv":[7.75,1.5,10.0,1.75],"rotation":0,"texture":"#0","tintindex":0},"up":{"uv":[3.375,10.0,3.125,7.75],"rotation":0,"texture":"#0","tintindex":0},"down":{"uv":[3.75,7.75,3.5,10.0],"rotation":0,"texture":"#0","tintindex":0}}},{"from":[4.0,13.986949,7.586785],"to":[12.0,15.1298065,8.729642],"rotation":{"angle":45.0,"axis":"x","origin":[8.0,10.281074,4.256255]},"faces":{"east":{"uv":[9.625,10.5,9.875,10.75],"rotation":0,"texture":"#0","tintindex":0},"south":{"uv":[8.25,8.25,10.0,8.5],"rotation":0,"texture":"#0","tintindex":0},"north":{"uv":[8.25,7.875,10.0,8.125],"rotation":0,"texture":"#0","tintindex":0},"west":{"uv":[10.0,10.5,10.25,10.75],"rotation":0,"texture":"#0","tintindex":0},"up":{"uv":[1.75,8.625,0.0,8.375],"rotation":0,"texture":"#0","tintindex":0},"down":{"uv":[10.0,8.625,8.25,8.875],"rotation":0,"texture":"#0","tintindex":0}}},{"from":[4.0,13.986949,-1.5560722],"to":[12.0,15.1298065,-0.41321564],"rotation":{"angle":45.0,"axis":"x","origin":[8.0,10.281074,4.256255]},"faces":{"east":{"uv":[10.375,10.5,10.625,10.75],"rotation":0,"texture":"#0","tintindex":0},"south":{"uv":[8.75,3.375,10.5,3.625],"rotation":0,"texture":"#0","tintindex":0},"north":{"uv":[0.0,8.75,1.75,9.0],"rotation":0,"texture":"#0","tintindex":0},"west":{"uv":[2.25,10.625,2.5,10.875],"rotation":0,"texture":"#0","tintindex":0},"up":{"uv":[10.5,4.0,8.75,3.75],"rotation":0,"texture":"#0","tintindex":0},"down":{"uv":[10.5,4.125,8.75,4.375],"rotation":0,"texture":"#0","tintindex":0}}},{"from":[12.0,11.129806,-1.5560722],"to":[13.142858,12.272663,8.729642],"rotation":{"angle":45.0,"axis":"x","origin":[8.0,10.281074,4.256255]},"faces":{"east":{"uv":[7.75,1.875,10.0,2.125],"rotation":0,"texture":"#0","tintindex":0},"south":{"uv":[10.625,3.75,10.875,4.0],"rotation":0,"texture":"#0","tintindex":0},"north":{"uv":[3.75,10.625,4.0,10.875],"rotation":0,"texture":"#0","tintindex":0},"west":{"uv":[7.75,2.25,10.0,2.5],"rotation":0,"texture":"#0","tintindex":0},"up":{"uv":[4.125,10.0,3.875,7.75],"rotation":0,"texture":"#0","tintindex":0},"down":{"uv":[4.5,7.75,4.25,10.0],"rotation":0,"texture":"#0","tintindex":0}}},{"from":[4.0,11.129806,-1.5560722],"to":[12.0,12.272663,-0.41321564],"rotation":{"angle":45.0,"axis":"x","origin":[8.0,10.281074,4.256255]},"faces":{"east":{"uv":[4.125,10.625,4.375,10.875],"rotation":0,"texture":"#0","tintindex":0},"south":{"uv":[0.0,9.5,1.75,9.75],"rotation":0,"texture":"#0","tintindex":0},"north":{"uv":[8.25,9.375,10.0,9.625],"rotation":0,"texture":"#0","tintindex":0},"west":{"uv":[10.625,4.125,10.875,4.375],"rotation":0,"texture":"#0","tintindex":0},"up":{"uv":[9.125,10.0,7.375,9.75],"rotation":0,"texture":"#0","tintindex":0},"down":{"uv":[11.0,9.75,9.25,10.0],"rotation":0,"texture":"#0","tintindex":0}}},{"from":[2.8571424,11.129806,-1.5560722],"to":[4.0,12.272663,8.729642],"rotation":{"angle":45.0,"axis":"x","origin":[8.0,10.281074,4.256255]},"faces":{"east":{"uv":[4.625,7.875,6.875,8.125],"rotation":0,"texture":"#0","tintindex":0},"south":{"uv":[10.625,4.5,10.875,4.75],"rotation":0,"texture":"#0","tintindex":0},"north":{"uv":[4.5,10.625,4.75,10.875],"rotation":0,"texture":"#0","tintindex":0},"west":{"uv":[7.875,6.75,10.125,7.0],"rotation":0,"texture":"#0","tintindex":0},"up":{"uv":[7.25,10.125,7.0,7.875],"rotation":0,"texture":"#0","tintindex":0},"down":{"uv":[8.125,7.125,7.875,9.375],"rotation":0,"texture":"#0","tintindex":0}}},{"from":[12.571428,11.550688,-0.0987854],"to":[12.571428,14.9792595,9.044072],"rotation":{"angle":45.0,"axis":"x","origin":[8.0,13.264975,0.7583575]},"faces":{"east":{"uv":[2.125,5.5,4.125,4.75],"rotation":0,"texture":"#0","tintindex":0},"south":{"uv":[7.75,9.5,7.75,8.75],"rotation":0,"texture":"#0","tintindex":0},"north":{"uv":[6.875,9.0,6.875,8.25],"rotation":0,"texture":"#0","tintindex":0},"west":{"uv":[4.125,5.5,2.125,4.75],"rotation":0,"texture":"#0","tintindex":0},"up":{"uv":[10.625,6.875,10.625,4.875],"rotation":0,"texture":"#0","tintindex":0},"down":{"uv":[4.875,10.625,4.875,12.625],"rotation":0,"texture":"#0","tintindex":0}}},{"from":[3.4285712,11.550688,-0.0987854],"to":[12.571428,14.9792595,-0.0987854],"rotation":{"angle":45.0,"axis":"x","origin":[8.0,13.264975,0.7583575]},"faces":{"east":{"uv":[3.0,9.625,3.0,8.875],"rotation":0,"texture":"#0","tintindex":0},"south":{"uv":[2.0,6.375,0.0,5.625],"rotation":0,"texture":"#0","tintindex":0},