{"textures":{"0":"modelengine:entity/grinch"},"elements":[{"from":[6.79473,6.0888157,-2.4154167],"to":[9.189122,8.587312,23.818792],"rotation":{"angle":0.0,"axis":"y","origin":[7.31525,-4.0092726,21.63261]},"faces":{"east":{"uv":[3.5,0.0,7.625,0.375],"rotation":0,"texture":"#0","tintindex":0},"south":{"uv":[4.25,6.625,4.625,7.0],"rotation":0,"texture":"#0","tintindex":0},"north":{"uv":[3.875,6.625,4.25,7.0],"rotation":0,"texture":"#0","tintindex":0},"west":{"uv":[3.5,0.375,7.625,0.75],"rotation":0,"texture":"#0","tintindex":0},"up":{"uv":[0.375,7.625,0.0,3.5],"rotation":0,"texture":"#0","tintindex":0},"down":{"uv":[0.75,3.5,0.375,7.625],"rotation":0,"texture":"#0","tintindex":0}}},{"from":[2.2187295,1.5128155,11.7701845],"to":[13.307522,13.620913,15.581992],"rotation":{"angle":0.0,"axis":"y","origin":[7.31525,-4.0092726,21.63261]},"faces":{"east":{"uv":[0.75,3.5,1.375,5.375],"rotation":0,"texture":"#0","tintindex":0},"south":{"uv":[1.75,0.0,3.5,1.875],"rotation":0,"texture":"#0","tintindex":0},"north":{"uv":[0.0,0.0,1.75,1.875],"rotation":0,"texture":"#0","tintindex":0},"west":{"uv":[1.375,3.5,2.0,5.375],"rotation":0,"texture":"#0","tintindex":0},"up":{"uv":[5.25,1.375,3.5,0.75],"rotation":0,"texture":"#0","tintindex":0},"down":{"uv":[5.8125,1.375,4.0625,2.0],"rotation":0,"texture":"#0","tintindex":0}}},{"from":[12.849922,1.0552158,12.685385],"to":[14.222723,2.4280157,14.058184],"rotation":{"angle":0.0,"axis":"y","origin":[7.31525,-4.0092726,21.63261]},"faces":{"east":{"uv":[7.375,5.625,7.5625,5.8125],"rotation":0,"texture":"#0","tintindex":0},"south":{"uv":[7.375,5.8125,7.5625,6.0],"rotation":0,"texture":"#0","tintindex":0},"north":{"uv":[7.375,5.0,7.5625,5.1875],"rotation":0,"texture":"#0","tintindex":0},"west":{"uv":[7.375,6.0,7.5625,6.1875],"rotation":0,"texture":"#0","tintindex":0},"up":{"uv":[7.5625,6.375,7.375,6.1875],"rotation":0,"texture":"#0","tintindex":0},"down":{"uv":[6.5,7.375,6.3125,7.5625],"rotation":0,"texture":"#0","tintindex":0}}},{"from":[12.849922,10.893616,11.083784],"to":[14.222723,12.266417,12.456585],"rotation":{"angle":0.0,"axis":"y","origin":[7.31525,-4.0092726,21.63261]},"faces":{"east":{"uv":[1.6875,7.5625,1.875,7.75],"rotation":0,"texture":"#0","tintindex":0},"south":{"uv":[7.5625,1.75,7.75,1.9375],"rotation":0,"texture":"#0","tintindex":0},"north":{"uv":[1.5,7.5625,1.6875,7.75],"rotation":0,"texture":"#0","tintindex":0},"west":{"uv":[1.875,7.5625,2.0625,7.75],"rotation":0,"texture":"#0","tintindex":0},"up":{"uv":[7.75,2.125,7.5625,1.9375],"rotation":0,"texture":"#0","tintindex":0},"down":{"uv":[2.25,7.5625,2.0625,7.75],"rotation":0,"texture":"#0","tintindex":0}}},{"from":[8.731522,12.724016,11.083784],"to":[10.104322,14.096816,12.456585],"rotation":{"angle":0.0,"axis":"y","origin":[7.31525,-4.0092726,21.63261]},"faces":{"east":{"uv":[2.25,7.5625,2.4375,7.75],"rotation":0,"texture":"#0","tintindex":0},"south":{"uv":[2.4375,7.5625,2.625,7.75],"rotation":0,"texture":"#0","tintindex":0},"north":{"uv":[7.5625,2.125,7.75,2.3125],"rotation":0,"texture":"#0","tintindex":0},"west":{"uv":[2.625,7.5625,2.8125,7.75],"rotation":0,"texture":"#0","tintindex":0},"up":{"uv":[3.0,7.75,2.8125,7.5625],"rotation":0,"texture":"#0","tintindex":0},"down":{"uv":[3.1875,7.5625,3.0,7.75],"rotation":0,"texture":"#0","tintindex":0}}},{"from":[10.104322,12.724016,13.829385],"to":[11.477122,14.096816,15.202185],"rotation":{"angle":0.0,"axis":"y","origin":[7.31525,-4.0092726,21.63261]},"faces":{"east":{"uv":[3.375,7.5625,3.5625,7.75],"rotation":0,"texture":"#0","tintindex":0},"south":{"uv":[3.5625,7.5625,3.75,7.75],"rotation":0,"texture":"#0","tintindex":0},"north":{"uv":[3.1875,7.5625,3.375,7.75],"rotation":0,"texture":"#0","tintindex":0},"west":{"uv":[3.75,7.5625,3.9375,7.75],"rotation":0,"texture":"#0","tintindex":0},"up":{"uv":[7.75,4.125,7.5625,3.9375],"rotation":0,"texture":"#0","tintindex":0},"down":{"uv":[7.75,4.125,7.5625,4.3125],"rotation":0,"texture":"#0","tintindex":0}}},{"from":[5.5283217,11.351216,6.507784],"to":[6.901122,12.724016,7.8805842],"rotation":{"angle":0.0,"axis":"y","origin":[7.31525,-4.0092726,21.63261]},"faces":{"east":{"uv":[7.625,0.9375,7.8125,1.125],"rotation":0,"texture":"#0","tintindex":0},"south":{"uv":[7.625,1.375,7.8125,1.5625],"rotation":0,"texture":"#0","tintindex":0},"north":{"uv":[7.625,0.5625,7.8125,0.75],"rotation":0,"texture":"#0","tintindex":0},"west":{"uv":[7.625,1.5625,7.8125,1.75],"rotation":0,"texture":"#0","tintindex":0},"up":{"uv":[7.8125,2.8125,7.625,2.625],"rotation":0,"texture":"#0","tintindex":0},"down":{"uv":[7.8125,2.8125,7.625,3.0],"rotation":0,"texture":"#0","tintindex":0}}},{"from":[10.104322,11.808816,8.338184],"to":[11.477122,13.181616,9.710984],"rotation":{"angle":0.0,"axis":"y","origin":[7.31525,-4.0092726,21.63261]},"faces":{"east":{"uv":[0.1875,7.625,0.375,7.8125],"rotation":0,"texture":"#0","tintindex":0},"south":{"uv":[7.625,0.1875,7.8125,0.375],"rotation":0,"texture":"#0","tintindex":0},"north":{"uv":[7.625,0.0,7.8125,0.1875],"rotation":0,"texture":"#0","tintindex":0},"west":{"uv":[0.375,7.625,0.5625,7.8125],"rotation":0,"texture":"#0","tintindex":0},"up":{"uv":[7.8125,0.5625,7.625,0.375],"rotation":0,"texture":"#0","tintindex":0},"down":{"uv":[0.75,7.625,0.5625,7.8125],"rotation":0,"texture":"#0","tintindex":0}}},{"from":[11.477122,9.978416,5.5925837],"to":[12.849922,11.351216,6.965384],"rotation":{"angle":0.0,"axis":"y","origin":[7.31525,-4.0092726,21.63261]},"faces":{"east":{"uv":[7.5625,5.75,7.75,5.9375],"rotation":0,"texture":"#0","tintindex":0},"south":{"uv":[7.5625,5.9375,7.75,6.125],"rotation":0,"texture":"#0","tintindex":0},"north":{"uv":[7.5625,5.5625,7.75,5.75],"rotation":0,"texture":"#0","tintindex":0},"west":{"uv":[7.5625,6.125,7.75,6.3125],"rotation":0,"texture":"#0","tintindex":0},"up":{"uv":[6.5,7.75,6.3125,7.5625],"rotation":0,"texture":"#0","tintindex":0},"down":{"uv":[0.1875,7.625,0.0,7.8125],"rotation":0,"texture":"#0","tintindex":0}}},{"from":[10.104322,9.978416,1.9317837],"to":[11.477122,11.351216,3.3045835],"rotation":{"angle":0.0,"axis":"y","origin":[7.31525,-4.0092726,21.63261]},"faces":{"east":{"uv":[7.6875,6.5,7.875,6.6875],"rotation":0,"texture":"#0","tintindex":0},"south":{"uv":[6.6875,7.6875,6.875,7.875],"rotation":0,"texture":"#0","tintindex":0},"north":{"uv":[7.6875,6.3125,7.875,6.5],"rotation":0,"texture":"#0","tintindex":0},"west":{"uv":[7.6875,6.6875,7.875,6.875],"rotation":0,"texture":"#0","tintindex":0},"up":{"uv":[7.0625,7.875,6.875,7.6875],"rotation":0,"texture":"#0","tintindex":0},"down":{"uv":[7.25,7.6875,7.0625,7.875],"rotation":0,"texture":"#0","tintindex":0}}},{"from":[11.133923,7.2328157,6.965384],"to":[12.506722,8.605616,8.338184],"rotation":{"angle":0.0,"axis":"y","origin":[7.31525,-4.0092726,21.63261]},"faces":{"east":{"uv":[5.0,7.625,5.1875,7.8125],"rotation":0,"texture":"#0","tintindex":0},"south":{"uv":[5.1875,7.625,5.375,7.8125],"rotation":0,"texture":"#0","tintindex":0},"north":{"uv":[4.25,7.625,4.4375,7.8125],"rotation":0,"texture":"#0","tintindex":0},"west":{"uv":[5.375,7.625,5.5625,7.8125],"rotation":0,"texture":"#0","tintindex":0},"up":{"uv":[6.6875,7.8125,6.5,7.625],"rotation":0,"texture":"#0","tintindex":0},"down":{"uv":[7.8125,6.9375,7.625,7.125],"rotation":0,"texture":"#0","tintindex":0}}},{"from":[1.8675218,12.724016,13.829385],"to":[3.240322,14.096816,15.202185],"rotation":{"angle":0.0,"axis":"y","origin":[7.31525,-4.0092726,21.63261]},"faces":{"east":{"uv":[7.5625,4.5,7.75,4.6875],"rotation":0,"texture":"#0","tintindex":0},"south":{"uv":[4.625,7.5625,4.8125,7.75],"rotation":0,"texture":"#0","tintindex":0},"north":{"uv":[7.5625,4.3125,7.75,4.5],"rotation":0,"texture":"#0","tintindex":0},"west":{"uv":[7.5625,4.6875,7.75,4.875],"rotation":0,"texture":"#0","tintindex":0},"up":{"uv":[5.0,7.75,4.8125,7.5625],"rotation":0,"texture":"#0","tintindex":0},"down":{"uv":[7.75,4.875,7.5625,5.0625],"rotation":0,"texture":"#0","tintindex":0}}},{"from":[8.273922,1.0552158,11.312584],"to":[9.646722,2.4280157,12.685385],