{"textures":{"0":"modelengine:entity/carnival_npc"},"elements":[{"from":[7.7145495,6.5577617,3.8102255],"to":[8.285978,7.7006187,4.381654],"rotation":{"angle":0.0,"axis":"y","origin":[8.000264,8.12919,7.5245113]},"faces":{"east":{"uv":[15.5,13.25,15.25,13.75],"rotation":0,"texture":"#0","tintindex":0},"south":{"uv":[15.5,12.25,15.25,12.75],"rotation":0,"texture":"#0","tintindex":0},"north":{"uv":[15.5,12.75,15.25,13.25],"rotation":0,"texture":"#0","tintindex":0},"west":{"uv":[15.5,13.75,15.25,14.25],"rotation":0,"texture":"#0","tintindex":0},"up":{"uv":[15.25,12.25,15.5,12.0],"rotation":0,"texture":"#0","tintindex":0},"down":{"uv":[15.25,11.75,15.5,12.0],"rotation":0,"texture":"#0","tintindex":0}}},{"from":[7.7145495,7.7006187,3.8102255],"to":[8.285978,8.272047,12.953083],"rotation":{"angle":0.0,"axis":"y","origin":[8.000264,8.12919,7.5245113]},"faces":{"east":{"uv":[16.0,15.5,12.0,15.75],"rotation":0,"texture":"#0","tintindex":0},"south":{"uv":[15.5,11.5,15.25,11.75],"rotation":0,"texture":"#0","tintindex":0},"north":{"uv":[15.5,11.25,15.25,11.5],"rotation":0,"texture":"#0","tintindex":0},"west":{"uv":[16.0,15.75,12.0,16.0],"rotation":0,"texture":"#0","tintindex":0},"up":{"uv":[15.5,15.25,15.75,11.25],"rotation":0,"texture":"#0","tintindex":0},"down":{"uv":[15.75,11.25,16.0,15.25],"rotation":0,"texture":"#0","tintindex":0}}},{"from":[7.7145495,5.986333,3.8102255],"to":[8.285978,6.5577617,5.5245113],"rotation":{"angle":0.0,"axis":"y","origin":[8.000264,8.12919,7.5245113]},"faces":{"east":{"uv":[15.5,15.25,14.75,15.5],"rotation":0,"texture":"#0","tintindex":0},"south":{"uv":[15.25,14.0,15.0,14.25],"rotation":0,"texture":"#0","tintindex":0},"north":{"uv":[15.25,13.75,15.0,14.0],"rotation":0,"texture":"#0","tintindex":0},"west":{"uv":[15.5,15.0,14.75,15.25],"rotation":0,"texture":"#0","tintindex":0},"up":{"uv":[15.0,15.0,15.25,14.25],"rotation":0,"texture":"#0","tintindex":0},"down":{"uv":[15.25,14.25,15.5,15.0],"rotation":0,"texture":"#0","tintindex":0}}}],"display":{"head":{"translation":[0.0,-6.4,0.0],"scale":[4.0,4.0,4.0]}}}