{"textures":{"0":"modelengine:entity/kraft_boss"},"elements":[{"from":[6.857143,8.0,7.8095236],"to":[8.571428,9.714286,8.952381],"rotation":{"angle":0.0,"axis":"y","origin":[8.0,6.285714,7.2380953]},"faces":{"east":{"uv":[5.5,11.5,5.75,11.875],"rotation":0,"texture":"#0","tintindex":0},"south":{"uv":[4.75,11.5,5.125,11.875],"rotation":0,"texture":"#0","tintindex":0},"north":{"uv":[4.375,11.5,4.75,11.875],"rotation":0,"texture":"#0","tintindex":0},"west":{"uv":[11.625,11.5,11.875,11.875],"rotation":0,"texture":"#0","tintindex":0},"up":{"uv":[12.125,4.25,11.75,4.0],"rotation":0,"texture":"#0","tintindex":0},"down":{"uv":[12.125,4.25,11.75,4.5],"rotation":0,"texture":"#0","tintindex":0}}},{"from":[6.857143,5.142857,6.6666665],"to":[8.571428,9.714286,7.8095236],"rotation":{"angle":0.0,"axis":"y","origin":[8.0,6.285714,7.2380953]},"faces":{"east":{"uv":[3.875,11.5,4.125,12.5],"rotation":0,"texture":"#0","tintindex":0},"south":{"uv":[3.5,11.5,3.875,12.5],"rotation":0,"texture":"#0","tintindex":0},"north":{"uv":[6.375,10.625,6.75,11.625],"rotation":0,"texture":"#0","tintindex":0},"west":{"uv":[4.125,11.5,4.375,12.5],"rotation":0,"texture":"#0","tintindex":0},"up":{"uv":[11.625,11.75,11.25,11.5],"rotation":0,"texture":"#0","tintindex":0},"down":{"uv":[6.75,11.625,6.375,11.875],"rotation":0,"texture":"#0","tintindex":0}}},{"from":[6.857143,5.142857,7.8095236],"to":[8.571428,6.857143,8.952381],"rotation":{"angle":0.0,"axis":"y","origin":[8.0,4.0,7.2380953]},"faces":{"east":{"uv":[11.75,4.5,12.0,4.875],"rotation":0,"texture":"#0","tintindex":0},"south":{"uv":[10.875,11.5,11.25,11.875],"rotation":0,"texture":"#0","tintindex":0},"north":{"uv":[5.125,11.5,5.5,11.875],"rotation":0,"texture":"#0","tintindex":0},"west":{"uv":[11.75,4.875,12.0,5.25],"rotation":0,"texture":"#0","tintindex":0},"up":{"uv":[11.625,12.0,11.25,11.75],"rotation":0,"texture":"#0","tintindex":0},"down":{"uv":[1.625,11.875,1.25,12.125],"rotation":0,"texture":"#0","tintindex":0}}}],"display":{"head":{"translation":[0.0,-6.4,0.0],"scale":[4.0,4.0,4.0]}}}