{"textures":{"0":"modelengine:entity/yeti"},"elements":[{"from":[4.5714283,9.466977,1.498323],"to":[11.428572,14.038405,8.355466],"rotation":{"angle":0.0,"axis":"y","origin":[4.8571424,1.4082685,7.6032553]},"faces":{"east":{"uv":[10.25,5.25,11.75,6.25],"rotation":0,"texture":"#0","tintindex":0},"south":{"uv":[10.375,8.875,11.875,9.875],"rotation":0,"texture":"#0","tintindex":0},"north":{"uv":[2.5,10.125,4.0,11.125],"rotation":0,"texture":"#0","tintindex":0},"west":{"uv":[10.375,10.0,11.875,11.0],"rotation":0,"texture":"#0","tintindex":0},"up":{"uv":[6.5,9.375,5.0,7.875],"rotation":0,"texture":"#0","tintindex":0},"down":{"uv":[9.5,0.0,8.0,1.5],"rotation":0,"texture":"#0","tintindex":0}}},{"from":[6.857143,9.466977,0.9268942],"to":[9.142858,12.32412,1.498323],"rotation":{"angle":0.0,"axis":"y","origin":[4.8571424,1.4082685,7.6032553]},"faces":{"east":{"uv":[6.625,7.875,6.75,8.5],"rotation":0,"texture":"#0","tintindex":0},"south":{"uv":[12.5,7.0,13.0,7.625],"rotation":0,"texture":"#0","tintindex":0},"north":{"uv":[1.75,11.625,2.25,12.25],"rotation":0,"texture":"#0","tintindex":0},"west":{"uv":[6.25,9.5,6.375,10.125],"rotation":0,"texture":"#0","tintindex":0},"up":{"uv":[4.5,7.625,4.0,7.5],"rotation":0,"texture":"#0","tintindex":0},"down":{"uv":[8.5,1.625,8.0,1.75],"rotation":0,"texture":"#0","tintindex":0}}},{"from":[0.28571415,11.181263,4.355466],"to":[4.285714,14.038405,6.64118],"rotation":{"angle":0.0,"axis":"y","origin":[4.8571424,1.4082685,7.6032553]},"faces":{"east":{"uv":[7.375,12.5,7.875,13.125],"rotation":0,"texture":"#0","tintindex":0},"south":{"uv":[4.0,6.75,4.875,7.375],"rotation":0,"texture":"#0","tintindex":0},"north":{"uv":[4.0,6.0,4.875,6.625],"rotation":0,"texture":"#0","tintindex":0},"west":{"uv":[12.5,7.75,13.0,8.375],"rotation":0,"texture":"#0","tintindex":0},"up":{"uv":[8.375,5.75,7.5,5.25],"rotation":0,"texture":"#0","tintindex":0},"down":{"uv":[10.75,12.375,9.875,12.875],"rotation":0,"texture":"#0","tintindex":0}}},{"from":[0.24285698,13.479128,9.156853],"to":[1.9571428,17.479128,11.442568],"rotation":{"angle":-22.5,"axis":"x","origin":[4.8571424,1.4082685,7.6032553]},"faces":{"east":{"uv":[4.125,10.125,4.625,11.0],"rotation":0,"texture":"#0","tintindex":0},"south":{"uv":[10.875,12.375,11.25,13.25],"rotation":0,"texture":"#0","tintindex":0},"north":{"uv":[9.875,11.25,10.25,12.125],"rotation":0,"texture":"#0","tintindex":0},"west":{"uv":[5.375,11.125,5.875,12.0],"rotation":0,"texture":"#0","tintindex":0},"up":{"uv":[8.875,5.75,8.5,5.25],"rotation":0,"texture":"#0","tintindex":0},"down":{"uv":[0.875,13.0,0.5,13.5],"rotation":0,"texture":"#0","tintindex":0}}},{"from":[4.285714,12.32412,0.9268942],"to":[11.714286,14.609835,7.7840376],"rotation":{"angle":0.0,"axis":"y","origin":[4.8571424,1.4082685,7.6032553]},"faces":{"east":{"uv":[12.0,10.25,13.5,10.75],"rotation":0,"texture":"#0","tintindex":0},"south":{"uv":[12.0,0.875,13.625,1.375],"rotation":0,"texture":"#0","tintindex":0},"north":{"uv":[10.75,2.5,12.375,3.0],"rotation":0,"texture":"#0","tintindex":0},"west":{"uv":[3.75,12.375,5.25,12.875],"rotation":0,"texture":"#0","tintindex":0},"up":{"uv":[9.125,5.125,7.5,3.625],"rotation":0,"texture":"#0","tintindex":0},"down":{"uv":[8.625,7.625,7.0,9.125],"rotation":0,"texture":"#0","tintindex":0}}},{"from":[14.042857,13.479128,9.156853],"to":[15.757143,17.479128,11.442568],"rotation":{"angle":-22.5,"axis":"x","origin":[11.142858,1.4082685,7.6032553]},"faces":{"east":{"uv":[5.875,11.125,5.375,12.0],"rotation":0,"texture":"#0","tintindex":0},"south":{"uv":[11.25,12.375,10.875,13.25],"rotation":0,"texture":"#0","tintindex":0},"north":{"uv":[10.25,11.25,9.875,12.125],"rotation":0,"texture":"#0","tintindex":0},"west":{"uv":[4.625,10.125,4.125,11.0],"rotation":0,"texture":"#0","tintindex":0},"up":{"uv":[8.5,5.75,8.875,5.25],"rotation":0,"texture":"#0","tintindex":0},"down":{"uv":[0.5,13.0,0.875,13.5],"rotation":0,"texture":"#0","tintindex":0}}},{"from":[11.714286,11.181263,4.355466],"to":[15.714286,14.038405,6.64118],"rotation":{"angle":0.0,"axis":"y","origin":[11.142858,1.4082685,7.6032553]},"faces":{"east":{"uv":[13.0,7.75,12.5,8.375],"rotation":0,"texture":"#0","tintindex":0},"south":{"uv":[4.875,6.75,4.0,7.375],"rotation":0,"texture":"#0","tintindex":0},"north":{"uv":[4.875,6.0,4.0,6.625],"rotation":0,"texture":"#0","tintindex":0},"west":{"uv":[7.875,12.5,7.375,13.125],"rotation":0,"texture":"#0","tintindex":0},"up":{"uv":[7.5,5.75,8.375,5.25],"rotation":0,"texture":"#0","tintindex":0},"down":{"uv":[9.875,12.375,10.75,12.875],"rotation":0,"texture":"#0","tintindex":0}}}],"display":{"head":{"translation":[0.0,-6.4,0.0],"scale":[4.0,4.0,4.0]}}}