{"textures":{"0":"modelengine:entity/yeti"},"elements":[{"from":[3.7142854,8.142858,0.7499995],"to":[5.428571,9.857143,2.4642854],"rotation":{"angle":0.0,"axis":"y","origin":[4.8571424,0.08414841,7.426361]},"faces":{"east":{"uv":[7.875,13.25,8.25,13.625],"rotation":0,"texture":"#0","tintindex":0},"south":{"uv":[8.375,13.25,8.75,13.625],"rotation":0,"texture":"#0","tintindex":0},"north":{"uv":[7.375,13.25,7.75,13.625],"rotation":0,"texture":"#0","tintindex":0},"west":{"uv":[8.875,13.25,9.25,13.625],"rotation":0,"texture":"#0","tintindex":0},"up":{"uv":[10.875,13.75,10.5,13.375],"rotation":0,"texture":"#0","tintindex":0},"down":{"uv":[13.75,10.875,13.375,11.25],"rotation":0,"texture":"#0","tintindex":0}}},{"from":[10.571428,8.142858,0.7499995],"to":[12.285715,9.857143,2.4642854],"rotation":{"angle":0.0,"axis":"y","origin":[4.8571424,0.08414841,7.426361]},"faces":{"east":{"uv":[13.375,11.875,13.75,12.25],"rotation":0,"texture":"#0","tintindex":0},"south":{"uv":[13.375,12.375,13.75,12.75],"rotation":0,"texture":"#0","tintindex":0},"north":{"uv":[13.375,11.375,13.75,11.75],"rotation":0,"texture":"#0","tintindex":0},"west":{"uv":[13.375,12.875,13.75,13.25],"rotation":0,"texture":"#0","tintindex":0},"up":{"uv":[13.75,13.75,13.375,13.375],"rotation":0,"texture":"#0","tintindex":0},"down":{"uv":[13.875,5.875,13.5,6.25],"rotation":0,"texture":"#0","tintindex":0}}},{"from":[3.7142854,4.714286,0.7499995],"to":[12.285715,8.142858,8.178572],"rotation":{"angle":0.0,"axis":"y","origin":[4.8571424,0.08414841,7.426361]},"faces":{"east":{"uv":[0.0,11.625,1.625,12.375],"rotation":0,"texture":"#0","tintindex":0},"south":{"uv":[10.75,1.625,12.625,2.375],"rotation":0,"texture":"#0","tintindex":0},"north":{"uv":[10.5,4.125,12.375,4.875],"rotation":0,"texture":"#0","tintindex":0},"west":{"uv":[11.625,11.125,13.25,11.875],"rotation":0,"texture":"#0","tintindex":0},"up":{"uv":[8.875,7.5,7.0,5.875],"rotation":0,"texture":"#0","tintindex":0},"down":{"uv":[9.375,1.875,7.5,3.5],"rotation":0,"texture":"#0","tintindex":0}}},{"from":[3.7142854,1.2857141,0.7499995],"to":[12.285715,4.714286,0.7499995],"rotation":{"angle":0.0,"axis":"y","origin":[4.8571424,0.08414841,7.426361]},"faces":{"east":{"uv":[6.875,7.875,6.875,8.625],"rotation":0,"texture":"#0","tintindex":0},"south":{"uv":[12.125,6.375,10.25,7.125],"rotation":0,"texture":"#0","tintindex":0},"north":{"uv":[10.25,6.375,12.125,7.125],"rotation":0,"texture":"#0","tintindex":0},"west":{"uv":[6.5,9.5,6.5,10.25],"rotation":0,"texture":"#0","tintindex":0},"up":{"uv":[7.375,3.875,5.5,3.875],"rotation":0,"texture":"#0","tintindex":0},"down":{"uv":[14.625,2.25,12.75,2.25],"rotation":0,"texture":"#0","tintindex":0}}},{"from":[3.7142854,1.2857141,0.7499995],"to":[3.7142854,4.714286,8.178572],"rotation":{"angle":0.0,"axis":"y","origin":[4.8571424,0.08414841,7.426361]},"faces":{"east":{"uv":[13.625,0.0,12.0,0.75],"rotation":0,"texture":"#0","tintindex":0},"south":{"uv":[4.875,10.125,4.875,10.875],"rotation":0,"texture":"#0","tintindex":0},"north":{"uv":[4.75,10.125,4.75,10.875],"rotation":0,"texture":"#0","tintindex":0},"west":{"uv":[12.0,0.0,13.625,0.75],"rotation":0,"texture":"#0","tintindex":0},"up":{"uv":[11.125,15.0,11.125,13.375],"rotation":0,"texture":"#0","tintindex":0},"down":{"uv":[11.25,13.375,11.25,15.0],"rotation":0,"texture":"#0","tintindex":0}}},{"from":[12.285715,1.2857141,0.7499995],"to":[12.285715,4.714286,8.178572],"rotation":{"angle":0.0,"axis":"y","origin":[11.142858,0.08414841,7.426361]},"faces":{"east":{"uv":[13.625,0.0,12.0,0.75],"rotation":0,"texture":"#0","tintindex":0},"south":{"uv":[4.875,10.125,4.875,10.875],"rotation":0,"texture":"#0","tintindex":0},"north":{"uv":[4.75,10.125,4.75,10.875],"rotation":0,"texture":"#0","tintindex":0},"west":{"uv":[12.0,0.0,13.625,0.75],"rotation":0,"texture":"#0","tintindex":0},"up":{"uv":[11.125,15.0,11.125,13.375],"rotation":0,"texture":"#0","tintindex":0},"down":{"uv":[11.25,13.375,11.25,15.0],"rotation":0,"texture":"#0","tintindex":0}}},{"from":[12.285715,8.142858,2.4642854],"to":[12.285715,9.857143,7.607143],"rotation":{"angle":0.0,"axis":"y","origin":[11.142858,0.08414841,7.426361]},"faces":{"east":{"uv":[13.625,2.5,12.5,2.875],"rotation":0,"texture":"#0","tintindex":0},"south":{"uv":[6.75,8.625,6.75,9.0],"rotation":0,"texture":"#0","tintindex":0},"north":{"uv":[6.625,8.625,6.625,9.0],"rotation":0,"texture":"#0","tintindex":0},"west":{"uv":[12.5,2.5,13.625,2.875],"rotation":0,"texture":"#0","tintindex":0},"up":{"uv":[6.0,12.25,6.0,11.125],"rotation":0,"texture":"#0","tintindex":0},"down":{"uv":[6.125,11.125,6.125,12.25],"rotation":0,"texture":"#0","tintindex":0}}},{"from":[3.7142854,8.142858,2.4642854],"to":[3.7142854,9.857143,7.607143],"rotation":{"angle":0.0,"axis":"y","origin":[4.8571424,0.08414841,7.426361]},"faces":{"east":{"uv":[13.625,2.5,12.5,2.875],"rotation":0,"texture":"#0","tintindex":0},"south":{"uv":[6.75,8.625,6.75,9.0],"rotation":0,"texture":"#0","tintindex":0},"north":{"uv":[6.625,8.625,6.625,9.0],"rotation":0,"texture":"#0","tintindex":0},"west":{"uv":[12.5,2.5,13.625,2.875],"rotation":0,"texture":"#0","tintindex":0},"up":{"uv":[6.0,12.25,6.0,11.125],"rotation":0,"texture":"#0","tintindex":0},"down":{"uv":[6.125,11.125,6.125,12.25],"rotation":0,"texture":"#0","tintindex":0}}}],"display":{"head":{"translation":[0.0,-6.4,0.0],"scale":[4.0,4.0,4.0]}}}