{"textures":{"0":"modelengine:entity/yeti"},"elements":[{"from":[7.183547,5.632904,5.442857],"to":[8.897833,7.9186187,7.1285715],"rotation":{"angle":0.0,"axis":"y","origin":[15.469261,15.859911,5.8192177]},"faces":{"east":{"uv":[1.5,13.0,1.875,13.5],"rotation":0,"texture":"#0","tintindex":0},"south":{"uv":[2.0,13.0,2.375,13.5],"rotation":0,"texture":"#0","tintindex":0},"north":{"uv":[1.0,13.0,1.375,13.5],"rotation":0,"texture":"#0","tintindex":0},"west":{"uv":[2.5,13.0,2.875,13.5],"rotation":0,"texture":"#0","tintindex":0},"up":{"uv":[13.875,6.75,13.5,6.375],"rotation":0,"texture":"#0","tintindex":0},"down":{"uv":[13.25,13.5,12.875,13.875],"rotation":0,"texture":"#0","tintindex":0}}},{"from":[7.183547,5.632904,7.1571426],"to":[8.897833,7.9186187,8.842857],"rotation":{"angle":0.0,"axis":"y","origin":[15.469261,15.859911,7.5335035]},"faces":{"east":{"uv":[1.5,13.0,1.875,13.5],"rotation":0,"texture":"#0","tintindex":0},"south":{"uv":[2.0,13.0,2.375,13.5],"rotation":0,"texture":"#0","tintindex":0},"north":{"uv":[1.0,13.0,1.375,13.5],"rotation":0,"texture":"#0","tintindex":0},"west":{"uv":[2.5,13.0,2.875,13.5],"rotation":0,"texture":"#0","tintindex":0},"up":{"uv":[13.875,6.75,13.5,6.375],"rotation":0,"texture":"#0","tintindex":0},"down":{"uv":[13.25,13.5,12.875,13.875],"rotation":0,"texture":"#0","tintindex":0}}},{"from":[7.183547,5.632904,8.8714285],"to":[8.897833,7.9186187,10.557143],"rotation":{"angle":0.0,"axis":"y","origin":[15.469261,15.859911,9.247789]},"faces":{"east":{"uv":[1.5,13.0,1.875,13.5],"rotation":0,"texture":"#0","tintindex":0},"south":{"uv":[2.0,13.0,2.375,13.5],"rotation":0,"texture":"#0","tintindex":0},"north":{"uv":[1.0,13.0,1.375,13.5],"rotation":0,"texture":"#0","tintindex":0},"west":{"uv":[2.5,13.0,2.875,13.5],"rotation":0,"texture":"#0","tintindex":0},"up":{"uv":[13.875,6.75,13.5,6.375],"rotation":0,"texture":"#0","tintindex":0},"down":{"uv":[13.25,13.5,12.875,13.875],"rotation":0,"texture":"#0","tintindex":0}}}],"display":{"head":{"translation":[0.0,-6.4,0.0],"scale":[4.0,4.0,4.0]}}}