{"textures":{"0":"modelengine:entity/yeti"},"elements":[{"from":[9.053406,-12.919313,3.8749995],"to":[12.053406,-8.919313,6.875],"faces":{"east":{"uv":[12.375,13.125,12.75,13.625],"tintindex":0,"rotation":0,"texture":"#0"},"south":{"uv":[13.25,1.5,13.625,2.0],"tintindex":0,"rotation":0,"texture":"#0"},"north":{"uv":[11.875,13.125,12.25,13.625],"tintindex":0,"rotation":0,"texture":"#0"},"west":{"uv":[3.0,13.25,3.375,13.75],"tintindex":0,"rotation":0,"texture":"#0"},"up":{"uv":[5.875,14.0,5.5,13.625],"tintindex":0,"rotation":0,"texture":"#0"},"down":{"uv":[6.375,13.625,6.0,14.0],"tintindex":0,"rotation":0,"texture":"#0"}}},{"from":[3.0534058,-8.919313,3.8749995],"to":[12.053406,8.080687,12.875],"faces":{"east":{"uv":[1.25,7.875,2.375,10.0],"tintindex":0,"rotation":0,"texture":"#0"},"south":{"uv":[2.5,7.875,3.625,10.0],"tintindex":0,"rotation":0,"texture":"#0"},"north":{"uv":[0.0,7.875,1.125,10.0],"tintindex":0,"rotation":0,"texture":"#0"},"west":{"uv":[3.75,7.875,4.875,10.0],"tintindex":0,"rotation":0,"texture":"#0"},"up":{"uv":[3.625,12.375,2.5,11.25],"tintindex":0,"rotation":0,"texture":"#0"},"down":{"uv":[12.375,7.25,11.25,8.375],"tintindex":0,"rotation":0,"texture":"#0"}}}]}