{"textures":{"0":"modelengine:entity/yeti"},"elements":[{"from":[3.9465942,-12.919313,3.8749995],"to":[6.946594,-8.919313,6.875],"faces":{"east":{"uv":[3.375,13.25,3.0,13.75],"tintindex":0,"rotation":0,"texture":"#0"},"south":{"uv":[13.625,1.5,13.25,2.0],"tintindex":0,"rotation":0,"texture":"#0"},"north":{"uv":[12.25,13.125,11.875,13.625],"tintindex":0,"rotation":0,"texture":"#0"},"west":{"uv":[12.75,13.125,12.375,13.625],"tintindex":0,"rotation":0,"texture":"#0"},"up":{"uv":[5.5,14.0,5.875,13.625],"tintindex":0,"rotation":0,"texture":"#0"},"down":{"uv":[6.0,13.625,6.375,14.0],"tintindex":0,"rotation":0,"texture":"#0"}}},{"from":[3.9465942,-8.919313,3.8749995],"to":[12.946594,8.080687,12.875],"faces":{"east":{"uv":[4.875,7.875,3.75,10.0],"tintindex":0,"rotation":0,"texture":"#0"},"south":{"uv":[3.625,7.875,2.5,10.0],"tintindex":0,"rotation":0,"texture":"#0"},"north":{"uv":[1.125,7.875,0.0,10.0],"tintindex":0,"rotation":0,"texture":"#0"},"west":{"uv":[2.375,7.875,1.25,10.0],"tintindex":0,"rotation":0,"texture":"#0"},"up":{"uv":[2.5,12.375,3.625,11.25],"tintindex":0,"rotation":0,"texture":"#0"},"down":{"uv":[11.25,7.25,12.375,8.375],"tintindex":0,"rotation":0,"texture":"#0"}}}]}