{"textures":{"0":"modelengine:entity/werewolf_swamp"},"elements":[{"from":[7.590834,7.030616,6.8593597],"to":[8.409165,7.6263614,9.068854],"rotation":{"angle":0.0,"axis":"y","origin":[9.55483,0.464324,-6.1111937]},"faces":{"east":{"uv":[8.5,2.625,9.125,2.75],"rotation":0,"texture":"#0","tintindex":0},"south":{"uv":[5.25,3.625,5.5,3.75],"rotation":0,"texture":"#0","tintindex":0},"north":{"uv":[2.0,4.75,2.25,4.875],"rotation":0,"texture":"#0","tintindex":0},"west":{"uv":[8.5,2.75,9.125,2.875],"rotation":0,"texture":"#0","tintindex":0},"up":{"uv":[4.625,4.375,4.375,3.75],"rotation":0,"texture":"#0","tintindex":0},"down":{"uv":[6.5,7.0,6.25,7.625],"rotation":0,"texture":"#0","tintindex":0}}},{"from":[5.4631724,7.6263614,6.7775264],"to":[10.536827,9.52489,9.396187],"rotation":{"angle":0.0,"axis":"y","origin":[9.55483,0.464324,-6.1111937]},"faces":{"east":{"uv":[6.25,3.375,7.0,3.875],"rotation":0,"texture":"#0","tintindex":0},"south":{"uv":[4.375,1.75,5.75,2.25],"rotation":0,"texture":"#0","tintindex":0},"north":{"uv":[4.375,0.0,5.75,0.5],"rotation":0,"texture":"#0","tintindex":0},"west":{"uv":[6.25,3.875,7.0,4.375],"rotation":0,"texture":"#0","tintindex":0},"up":{"uv":[2.75,0.75,1.375,0.0],"rotation":0,"texture":"#0","tintindex":0},"down":{"uv":[2.75,0.75,1.375,1.5],"rotation":0,"texture":"#0","tintindex":0}}},{"from":[6.7697206,13.481684,7.990544],"to":[9.231261,14.462046,10.821316],"rotation":{"angle":-22.5,"axis":"x","origin":[8.000491,13.38512,9.136699]},"faces":{"east":{"uv":[7.375,5.375,8.125,5.625],"rotation":0,"texture":"#0","tintindex":0},"south":{"uv":[7.5,7.875,8.125,8.125],"rotation":0,"texture":"#0","tintindex":0},"north":{"uv":[7.875,5.125,8.5,5.375],"rotation":0,"texture":"#0","tintindex":0},"west":{"uv":[7.625,3.625,8.375,3.875],"rotation":0,"texture":"#0","tintindex":0},"up":{"uv":[6.0,1.25,5.375,0.5],"rotation":0,"texture":"#0","tintindex":0},"down":{"uv":[1.875,5.375,1.25,6.125],"rotation":0,"texture":"#0","tintindex":0}}},{"from":[6.442388,13.331602,7.2988467],"to":[9.558594,16.17776,10.119799],"rotation":{"angle":-45.0,"axis":"x","origin":[8.000491,14.844423,8.004412]},"faces":{"east":{"uv":[2.5,4.875,3.25,5.625],"rotation":0,"texture":"#0","tintindex":0},"south":{"uv":[3.75,4.375,4.625,5.125],"rotation":0,"texture":"#0","tintindex":0},"north":{"uv":[4.375,3.0,5.25,3.75],"rotation":0,"texture":"#0","tintindex":0},"west":{"uv":[4.625,5.0,5.375,5.75],"rotation":0,"texture":"#0","tintindex":0},"up":{"uv":[5.375,1.25,4.5,0.5],"rotation":0,"texture":"#0","tintindex":0},"down":{"uv":[5.5,3.75,4.625,4.5],"rotation":0,"texture":"#0","tintindex":0}}},{"from":[5.4631724,12.019165,6.6956935],"to":[10.536827,14.935698,9.969019],"rotation":{"angle":0.0,"axis":"y","origin":[9.55483,0.464324,-6.1111937]},"faces":{"east":{"uv":[2.25,4.125,3.125,4.875],"rotation":0,"texture":"#0","tintindex":0},"south":{"uv":[0.0,1.75,1.375,2.5],"rotation":0,"texture":"#0","tintindex":0},"north":{"uv":[1.375,1.5,2.75,2.25],"rotation":0,"texture":"#0","tintindex":0},"west":{"uv":[4.375,2.25,5.25,3.0],"rotation":0,"texture":"#0","tintindex":0},"up":{"uv":[1.375,0.875,0.0,0.0],"rotation":0,"texture":"#0","tintindex":0},"down":{"uv":[1.375,0.875,0.0,1.75],"rotation":0,"texture":"#0","tintindex":0}}},{"from":[5.8723383,9.52489,6.9411926],"to":[10.127662,12.019165,9.559854],"rotation":{"angle":0.0,"axis":"y","origin":[9.55483,0.464324,-6.1111937]},"faces":{"east":{"uv":[4.5,5.75,5.25,6.375],"rotation":0,"texture":"#0","tintindex":0},"south":{"uv":[1.125,4.125,2.25,4.75],"rotation":0,"texture":"#0","tintindex":0},"north":{"uv":[0.0,4.125,1.125,4.75],"rotation":0,"texture":"#0","tintindex":0},"west":{"uv":[5.25,5.75,6.0,6.375],"rotation":0,"texture":"#0","tintindex":0},"up":{"uv":[3.875,1.375,2.75,0.625],"rotation":0,"texture":"#0","tintindex":0},"down":{"uv":[3.875,1.375,2.75,2.125],"rotation":0,"texture":"#0","tintindex":0}}}],"display":{"head":{"translation":[0.0,-6.4,0.0],"scale":[4.0,4.0,4.0]}}}