{"textures":{"0":"modelengine:entity/werewolf_swamp"},"elements":[{"from":[6.895159,7.6238847,6.359383],"to":[7.631657,8.42585,7.1777143],"rotation":{"angle":22.5,"axis":"x","origin":[7.3043246,7.951217,6.850382]},"faces":{"east":{"uv":[8.5,8.375,8.75,8.625],"rotation":0,"texture":"#0","tintindex":0},"south":{"uv":[0.0,8.625,0.25,8.875],"rotation":0,"texture":"#0","tintindex":0},"north":{"uv":[8.5,8.125,8.75,8.375],"rotation":0,"texture":"#0","tintindex":0},"west":{"uv":[8.625,0.0,8.875,0.25],"rotation":0,"texture":"#0","tintindex":0},"up":{"uv":[0.5,8.875,0.25,8.625],"rotation":0,"texture":"#0","tintindex":0},"down":{"uv":[8.875,0.25,8.625,0.5],"rotation":0,"texture":"#0","tintindex":0}}},{"from":[7.058825,7.76042,5.607556],"to":[7.467991,8.398719,6.344054],"rotation":{"angle":-45.0,"axis":"x","origin":[7.263408,8.038652,6.057638]},"faces":{"east":{"uv":[6.25,4.375,6.5,4.5],"rotation":0,"texture":"#0","tintindex":0},"south":{"uv":[5.0,8.875,5.125,9.0],"rotation":0,"texture":"#0","tintindex":0},"north":{"uv":[8.875,4.875,9.0,5.0],"rotation":0,"texture":"#0","tintindex":0},"west":{"uv":[7.625,3.875,7.875,4.0],"rotation":0,"texture":"#0","tintindex":0},"up":{"uv":[7.625,8.875,7.5,8.625],"rotation":0,"texture":"#0","tintindex":0},"down":{"uv":[7.75,8.625,7.625,8.875],"rotation":0,"texture":"#0","tintindex":0}}},{"from":[6.976992,7.7756524,6.00556],"to":[7.5498238,8.495785,6.578392],"rotation":{"angle":0.0,"axis":"y","origin":[7.263408,8.176635,6.169226]},"faces":{"east":{"uv":[8.125,8.625,8.25,8.875],"rotation":0,"texture":"#0","tintindex":0},"south":{"uv":[8.25,8.625,8.375,8.875],"rotation":0,"texture":"#0","tintindex":0},"north":{"uv":[7.75,8.625,7.875,8.875],"rotation":0,"texture":"#0","tintindex":0},"west":{"uv":[8.375,8.625,8.5,8.875],"rotation":0,"texture":"#0","tintindex":0},"up":{"uv":[9.0,5.125,8.875,5.0],"rotation":0,"texture":"#0","tintindex":0},"down":{"uv":[5.25,8.875,5.125,9.0],"rotation":0,"texture":"#0","tintindex":0}}},{"from":[7.8853397,7.756175,5.757883],"to":[8.253589,8.330644,6.4207315],"rotation":{"angle":-45.0,"axis":"x","origin":[8.069465,8.006584,6.162957]},"faces":{"east":{"uv":[8.875,5.25,9.0,5.375],"rotation":0,"texture":"#0","tintindex":0},"south":{"uv":[8.875,5.375,9.0,5.5],"rotation":0,"texture":"#0","tintindex":0},"north":{"uv":[8.875,5.125,9.0,5.25],"rotation":0,"texture":"#0","tintindex":0},"west":{"uv":[8.875,5.5,9.0,5.625],"rotation":0,"texture":"#0","tintindex":0},"up":{"uv":[9.0,5.875,8.875,5.75],"rotation":0,"texture":"#0","tintindex":0},"down":{"uv":[6.0,8.875,5.875,9.0],"rotation":0,"texture":"#0","tintindex":0}}},{"from":[7.8116903,7.7698846,6.116087],"to":[8.327239,8.418003,6.6316357],"rotation":{"angle":0.0,"axis":"y","origin":[8.069465,8.130769,6.2633867]},"faces":{"east":{"uv":[6.0,8.875,6.125,9.0],"rotation":0,"texture":"#0","tintindex":0},"south":{"uv":[8.875,6.0,9.0,6.125],"rotation":0,"texture":"#0","tintindex":0},"north":{"uv":[8.875,5.875,9.0,6.0],"rotation":0,"texture":"#0","tintindex":0},"west":{"uv":[6.125,8.875,6.25,9.0],"rotation":0,"texture":"#0","tintindex":0},"up":{"uv":[9.0,6.25,8.875,6.125],"rotation":0,"texture":"#0","tintindex":0},"down":{"uv":[6.375,8.875,6.25,9.0],"rotation":0,"texture":"#0","tintindex":0}}},{"from":[7.7380404,7.6332936,6.4345274],"to":[8.400888,8.355062,7.1710258],"rotation":{"angle":22.5,"axis":"x","origin":[8.10629,7.9278927,6.8764267]},"faces":{"east":{"uv":[0.5,8.625,0.75,8.875],"rotation":0,"texture":"#0","tintindex":0},"south":{"uv":[8.625,8.625,8.75,8.875],"rotation":0,"texture":"#0","tintindex":0},"north":{"uv":[8.5,8.625,8.625,8.875],"rotation":0,"texture":"#0","tintindex":0},"west":{"uv":[8.625,0.5,8.875,0.75],"rotation":0,"texture":"#0","tintindex":0},"up":{"uv":[8.875,1.25,8.75,1.0],"rotation":0,"texture":"#0","tintindex":0},"down":{"uv":[1.75,8.75,1.625,9.0],"rotation":0,"texture":"#0","tintindex":0}}},{"from":[8.474539,7.5514603,6.598194],"to":[9.137387,8.273229,7.334692],"rotation":{"angle":22.5,"axis":"x","origin":[8.842788,7.84606,7.040093]},"faces":{"east":{"uv":[0.75,8.625,1.0,8.875],"rotation":0,"texture":"#0","tintindex":0},"south":{"uv":[8.75,1.75,8.875,2.0],"rotation":0,"texture":"#0","tintindex":0},"north":{"uv":[1.75,8.75,1.875,9.0],"rotation":0,"texture":"#0","tintindex":0},"west":{"uv":[8.625,0.75,8.875,1.0],"rotation":0,"texture":"#0","tintindex":0},"up":{"uv":[2.0,9.0,1.875,8.75],"rotation":0,"texture":"#0","tintindex":0},"down":{"uv":[2.125,8.75,2.0,9.0],"rotation":0,"texture":"#0","tintindex":0}}},{"from":[8.548188,7.688051,6.279753],"to":[9.063737,8.33617,6.795302],"rotation":{"angle":0.0,"axis":"y","origin":[8.805963,8.048936,6.427053]},"faces":{"east":{"uv":[6.375,8.875,6.5,9.0],"rotation":0,"texture":"#0","tintindex":0},"south":{"uv":[8.875,6.375,9.0,6.5],"rotation":0,"texture":"#0","tintindex":0},"north":{"uv":[8.875,6.25,9.0,6.375],"rotation":0,"texture":"#0","tintindex":0},"west":{"uv":[6.5,8.875,6.625,9.0],"rotation":0,"texture":"#0","tintindex":0},"up":{"uv":[6.75,9.0,6.625,8.875],"rotation":0,"texture":"#0","tintindex":0},"down":{"uv":[9.0,6.625,8.875,6.75],"rotation":0,"texture":"#0","tintindex":0}}},{"from":[8.621839,7.674342,5.92155],"to":[8.9900875,8.248811,6.584398],"rotation":{"angle":-45.0,"axis":"x","origin":[8.805963,7.9247513,6.3266234]},"faces":{"east":{"uv":[8.875,6.75,9.0,6.875],"rotation":0,"texture":"#0","tintindex":0},"south":{"uv":[6.875,8.875,7.0,9.0],"rotation":0,"texture":"#0","tintindex":0},"north":{"uv":[6.75,8.875,6.875,9.0],"rotation":0,"texture":"#0","tintindex":0},"west":{"uv":[8.875,6.875,9.0,7.0],"rotation":0,"texture":"#0","tintindex":0},"up":{"uv":[7.125,9.0,7.0,8.875],"rotation":0,"texture":"#0","tintindex":0},"down":{"uv":[9.0,7.0,8.875,7.125],"rotation":0,"texture":"#0","tintindex":0}}},{"from":[6.976992,7.5235367,7.027533],"to":[8.859155,8.260035,8.3368635],"rotation":{"angle":0.0,"axis":"y","origin":[6.3223267,7.5235367,7.3548656]},"faces":{"east":{"uv":[7.0,8.375,7.375,8.625],"rotation":0,"texture":"#0","tintindex":0},"south":{"uv":[8.25,6.0,8.75,6.25],"rotation":0,"texture":"#0","tintindex":0},"north":{"uv":[8.25,5.75,8.75,6.0],"rotation":0,"texture":"#0","tintindex":0},"west":{"uv":[8.125,8.375,8.5,8.625],"rotation":0,"texture":"#0","tintindex":0},"up":{"uv":[8.375,2.625,7.875,2.25],"rotation":0,"texture":"#0","tintindex":0},"down":{"uv":[3.0,7.875,2.5,8.25],"rotation":0,"texture":"#0","tintindex":0}}}],"display":{"head":{"translation":[0.0,-6.4,0.0],"scale":[4.0,4.0,4.0]}}}