{"textures":{"0":"modelengine:entity/werewolf_swamp"},"elements":[{"from":[8.368342,7.6238847,6.359383],"to":[9.104841,8.42585,7.1777143],"rotation":{"angle":22.5,"axis":"x","origin":[8.695676,7.951217,6.850382]},"faces":{"east":{"uv":[4.125,7.625,4.375,7.875],"rotation":0,"texture":"#0","tintindex":0},"south":{"uv":[4.5,7.875,4.75,8.125],"rotation":0,"texture":"#0","tintindex":0},"north":{"uv":[2.5,7.625,2.75,7.875],"rotation":0,"texture":"#0","tintindex":0},"west":{"uv":[3.75,8.5,4.0,8.75],"rotation":0,"texture":"#0","tintindex":0},"up":{"uv":[8.75,4.625,8.5,4.375],"rotation":0,"texture":"#0","tintindex":0},"down":{"uv":[4.75,8.5,4.5,8.75],"rotation":0,"texture":"#0","tintindex":0}}},{"from":[8.532009,7.76042,5.607556],"to":[8.9411745,8.398719,6.344054],"rotation":{"angle":-45.0,"axis":"x","origin":[8.736592,8.038652,6.057638]},"faces":{"east":{"uv":[5.75,0.375,6.0,0.5],"rotation":0,"texture":"#0","tintindex":0},"south":{"uv":[8.875,1.75,9.0,1.875],"rotation":0,"texture":"#0","tintindex":0},"north":{"uv":[1.5,8.875,1.625,9.0],"rotation":0,"texture":"#0","tintindex":0},"west":{"uv":[2.25,6.125,2.5,6.25],"rotation":0,"texture":"#0","tintindex":0},"up":{"uv":[8.75,4.125,8.625,3.875],"rotation":0,"texture":"#0","tintindex":0},"down":{"uv":[4.25,8.625,4.125,8.875],"rotation":0,"texture":"#0","tintindex":0}}},{"from":[8.450176,7.7756524,6.00556],"to":[9.023008,8.495785,6.578392],"rotation":{"angle":0.0,"axis":"y","origin":[8.736592,8.176635,6.169226]},"faces":{"east":{"uv":[4.375,8.625,4.5,8.875],"rotation":0,"texture":"#0","tintindex":0},"south":{"uv":[8.625,4.625,8.75,4.875],"rotation":0,"texture":"#0","tintindex":0},"north":{"uv":[4.25,8.625,4.375,8.875],"rotation":0,"texture":"#0","tintindex":0},"west":{"uv":[4.75,8.625,4.875,8.875],"rotation":0,"texture":"#0","tintindex":0},"up":{"uv":[9.0,2.0,8.875,1.875],"rotation":0,"texture":"#0","tintindex":0},"down":{"uv":[9.0,2.0,8.875,2.125],"rotation":0,"texture":"#0","tintindex":0}}},{"from":[7.746411,7.756175,5.757883],"to":[8.11466,8.330644,6.4207315],"rotation":{"angle":-45.0,"axis":"x","origin":[7.9305353,8.006584,6.162957]},"faces":{"east":{"uv":[3.375,8.875,3.5,9.0],"rotation":0,"texture":"#0","tintindex":0},"south":{"uv":[8.875,3.375,9.0,3.5],"rotation":0,"texture":"#0","tintindex":0},"north":{"uv":[8.875,3.25,9.0,3.375],"rotation":0,"texture":"#0","tintindex":0},"west":{"uv":[8.875,3.5,9.0,3.625],"rotation":0,"texture":"#0","tintindex":0},"up":{"uv":[9.0,3.75,8.875,3.625],"rotation":0,"texture":"#0","tintindex":0},"down":{"uv":[9.0,3.75,8.875,3.875],"rotation":0,"texture":"#0","tintindex":0}}},{"from":[7.672761,7.7698846,6.116087],"to":[8.18831,8.418003,6.6316357],"rotation":{"angle":0.0,"axis":"y","origin":[7.9305353,8.130769,6.2633867]},"faces":{"east":{"uv":[8.875,2.25,9.0,2.375],"rotation":0,"texture":"#0","tintindex":0},"south":{"uv":[8.875,2.375,9.0,2.5],"rotation":0,"texture":"#0","tintindex":0},"north":{"uv":[8.875,2.125,9.0,2.25],"rotation":0,"texture":"#0","tintindex":0},"west":{"uv":[3.125,8.875,3.25,9.0],"rotation":0,"texture":"#0","tintindex":0},"up":{"uv":[9.0,3.25,8.875,3.125],"rotation":0,"texture":"#0","tintindex":0},"down":{"uv":[3.375,8.875,3.25,9.0],"rotation":0,"texture":"#0","tintindex":0}}},{"from":[7.599111,7.6332936,6.4345274],"to":[8.26196,8.355062,7.1710258],"rotation":{"angle":22.5,"axis":"x","origin":[7.8937106,7.9278927,6.8764267]},"faces":{"east":{"uv":[8.5,7.375,8.75,7.625],"rotation":0,"texture":"#0","tintindex":0},"south":{"uv":[5.0,8.625,5.125,8.875],"rotation":0,"texture":"#0","tintindex":0},"north":{"uv":[4.875,8.625,5.0,8.875],"rotation":0,"texture":"#0","tintindex":0},"west":{"uv":[8.5,7.625,8.75,7.875],"rotation":0,"texture":"#0","tintindex":0},"up":{"uv":[5.25,8.875,5.125,8.625],"rotation":0,"texture":"#0","tintindex":0},"down":{"uv":[8.75,6.25,8.625,6.5],"rotation":0,"texture":"#0","tintindex":0}}},{"from":[6.8626127,7.5514603,6.598194],"to":[7.525461,8.273229,7.334692],"rotation":{"angle":22.5,"axis":"x","origin":[7.1572123,7.84606,7.040093]},"faces":{"east":{"uv":[7.875,8.5,8.125,8.75],"rotation":0,"texture":"#0","tintindex":0},"south":{"uv":[7.125,8.625,7.25,8.875],"rotation":0,"texture":"#0","tintindex":0},"north":{"uv":[7.0,8.625,7.125,8.875],"rotation":0,"texture":"#0","tintindex":0},"west":{"uv":[8.5,7.875,8.75,8.125],"rotation":0,"texture":"#0","tintindex":0},"up":{"uv":[7.375,8.875,7.25,8.625],"rotation":0,"texture":"#0","tintindex":0},"down":{"uv":[7.5,8.625,7.375,8.875],"rotation":0,"texture":"#0","tintindex":0}}},{"from":[6.9362626,7.688051,6.279753],"to":[7.451812,8.33617,6.795302],"rotation":{"angle":0.0,"axis":"y","origin":[7.1940374,8.048936,6.427053]},"faces":{"east":{"uv":[8.875,4.5,9.0,4.625],"rotation":0,"texture":"#0","tintindex":0},"south":{"uv":[8.875,4.625,9.0,4.75],"rotation":0,"texture":"#0","tintindex":0},"north":{"uv":[8.875,4.375,9.0,4.5],"rotation":0,"texture":"#0","tintindex":0},"west":{"uv":[4.75,8.875,4.875,9.0],"rotation":0,"texture":"#0","tintindex":0},"up":{"uv":[9.0,4.875,8.875,4.75],"rotation":0,"texture":"#0","tintindex":0},"down":{"uv":[5.0,8.875,4.875,9.0],"rotation":0,"texture":"#0","tintindex":0}}},{"from":[7.0099125,7.674342,5.92155],"to":[7.378162,8.248811,6.584398],"rotation":{"angle":-45.0,"axis":"x","origin":[7.1940374,7.9247513,6.3266234]},"faces":{"east":{"uv":[8.875,4.0,9.0,4.125],"rotation":0,"texture":"#0","tintindex":0},"south":{"uv":[4.125,8.875,4.25,9.0],"rotation":0,"texture":"#0","tintindex":0},"north":{"uv":[8.875,3.875,9.0,4.0],"rotation":0,"texture":"#0","tintindex":0},"west":{"uv":[8.875,4.125,9.0,4.25],"rotation":0,"texture":"#0","tintindex":0},"up":{"uv":[4.375,9.0,4.25,8.875],"rotation":0,"texture":"#0","tintindex":0},"down":{"uv":[4.5,8.875,4.375,9.0],"rotation":0,"texture":"#0","tintindex":0}}},{"from":[7.140846,7.5235367,7.027533],"to":[9.023008,8.260035,8.3368635],"rotation":{"angle":0.0,"axis":"y","origin":[9.677673,7.5235367,7.3548656]},"faces":{"east":{"uv":[8.25,6.25,8.625,6.5],"rotation":0,"texture":"#0","tintindex":0},"south":{"uv":[5.625,8.25,6.125,8.5],"rotation":0,"texture":"#0","tintindex":0},"north":{"uv":[8.125,4.625,8.625,4.875],"rotation":0,"texture":"#0","tintindex":0},"west":{"uv":[0.0,8.375,0.375,8.625],"rotation":0,"texture":"#0","tintindex":0},"up":{"uv":[4.375,2.125,3.875,1.75],"rotation":0,"texture":"#0","tintindex":0},"down":{"uv":[6.25,1.875,5.75,2.25],"rotation":0,"texture":"#0","tintindex":0}}}],"display":{"head":{"translation":[0.0,-6.4,0.0],"scale":[4.0,4.0,4.0]}}}