{"textures":{"0":"modelengine:entity/werewolf_swamp"},"elements":[{"from":[7.6308403,7.3029194,6.99572],"to":[8.285505,8.009957,7.404886],"rotation":{"angle":22.5,"axis":"x","origin":[7.87634,7.6564384,7.1184697]},"faces":{"east":{"uv":[0.375,8.0,0.5,8.25],"rotation":0,"texture":"#0","tintindex":0},"south":{"uv":[6.125,8.25,6.25,8.5],"rotation":0,"texture":"#0","tintindex":0},"north":{"uv":[7.5,0.5,7.625,0.75],"rotation":0,"texture":"#0","tintindex":0},"west":{"uv":[4.0,8.5,4.125,8.75],"rotation":0,"texture":"#0","tintindex":0},"up":{"uv":[1.75,8.25,1.625,8.125],"rotation":0,"texture":"#0","tintindex":0},"down":{"uv":[5.75,8.125,5.625,8.25],"rotation":0,"texture":"#0","tintindex":0}}},{"from":[7.5490074,6.81192,7.3230524],"to":[8.367339,8.009957,8.714216],"rotation":{"angle":0.0,"axis":"y","origin":[10.249501,3.293095,-6.5476656]},"faces":{"east":{"uv":[3.75,8.125,4.125,8.5],"rotation":0,"texture":"#0","tintindex":0},"south":{"uv":[5.75,0.0,6.0,0.375],"rotation":0,"texture":"#0","tintindex":0},"north":{"uv":[5.25,3.25,5.5,3.625],"rotation":0,"texture":"#0","tintindex":0},"west":{"uv":[4.5,8.125,4.875,8.5],"rotation":0,"texture":"#0","tintindex":0},"up":{"uv":[6.75,1.875,6.5,1.5],"rotation":0,"texture":"#0","tintindex":0},"down":{"uv":[1.125,7.125,0.875,7.5],"rotation":0,"texture":"#0","tintindex":0}}},{"from":[8.454622,6.416439,6.8697777],"to":[9.109287,7.3095183,7.2477975],"rotation":{"angle":45.0,"axis":"z","origin":[8.15052,6.2704773,7.8400474]},"faces":{"east":{"uv":[3.125,8.625,3.25,8.875],"rotation":0,"texture":"#0","tintindex":0},"south":{"uv":[3.25,8.625,3.375,8.875],"rotation":0,"texture":"#0","tintindex":0},"north":{"uv":[1.0,8.625,1.125,8.875],"rotation":0,"texture":"#0","tintindex":0},"west":{"uv":[3.375,8.625,3.5,8.875],"rotation":0,"texture":"#0","tintindex":0},"up":{"uv":[1.25,8.5,1.125,8.375],"rotation":0,"texture":"#0","tintindex":0},"down":{"uv":[8.75,4.125,8.625,4.25],"rotation":0,"texture":"#0","tintindex":0}}},{"from":[7.6308403,7.2202225,6.8697777],"to":[8.285505,7.3768034,7.2477975],"rotation":{"angle":0.0,"axis":"y","origin":[7.87634,7.0232844,7.074361]},"faces":{"east":{"uv":[8.125,5.75,8.25,5.875],"rotation":0,"texture":"#0","tintindex":0},"south":{"uv":[0.375,8.25,0.5,8.375],"rotation":0,"texture":"#0","tintindex":0},"north":{"uv":[5.75,8.125,5.875,8.25],"rotation":0,"texture":"#0","tintindex":0},"west":{"uv":[8.25,1.75,8.375,1.875],"rotation":0,"texture":"#0","tintindex":0},"up":{"uv":[2.875,8.375,2.75,8.25],"rotation":0,"texture":"#0","tintindex":0},"down":{"uv":[3.0,8.25,2.875,8.375],"rotation":0,"texture":"#0","tintindex":0}}},{"from":[7.2867737,5.6910405,7.3230524],"to":[7.7777724,6.6435785,7.7322183],"rotation":{"angle":45.0,"axis":"z","origin":[7.7425222,6.3544335,7.8400474]},"faces":{"east":{"uv":[5.875,4.5,6.0,4.75],"rotation":0,"texture":"#0","tintindex":0},"south":{"uv":[5.875,4.75,6.0,5.0],"rotation":0,"texture":"#0","tintindex":0},"north":{"uv":[3.875,5.875,4.0,6.125],"rotation":0,"texture":"#0","tintindex":0},"west":{"uv":[0.625,6.0,0.75,6.25],"rotation":0,"texture":"#0","tintindex":0},"up":{"uv":[4.625,5.75,4.5,5.625],"rotation":0,"texture":"#0","tintindex":0},"down":{"uv":[7.0,3.25,6.875,3.375],"rotation":0,"texture":"#0","tintindex":0}}},{"from":[7.1669397,6.0207853,7.3230524],"to":[7.739772,6.89149,7.7322183],"rotation":{"angle":-22.5,"axis":"z","origin":[7.7339263,6.0058794,7.5276356]},"faces":{"east":{"uv":[3.125,4.5,3.25,4.75],"rotation":0,"texture":"#0","tintindex":0},"south":{"uv":[4.5,5.125,4.625,5.375],"rotation":0,"texture":"#0","tintindex":0},"north":{"uv":[3.0,2.625,3.125,2.875],"rotation":0,"texture":"#0","tintindex":0},"west":{"uv":[4.5,5.375,4.625,5.625],"rotation":0,"texture":"#0","tintindex":0},"up":{"uv":[4.5,0.625,4.375,0.5],"rotation":0,"texture":"#0","tintindex":0},"down":{"uv":[3.25,4.75,3.125,4.875],"rotation":0,"texture":"#0","tintindex":0}}},{"from":[7.286087,5.631336,7.8958845],"to":[7.777086,6.6410265,8.30505],"rotation":{"angle":45.0,"axis":"z","origin":[7.7425222,6.3544335,7.8400474]},"faces":{"east":{"uv":[1.125,6.25,1.25,6.5],"rotation":0,"texture":"#0","tintindex":0},"south":{"uv":[5.875,6.375,6.0,6.625],"rotation":0,"texture":"#0","tintindex":0},"north":{"uv":[4.375,6.125,4.5,6.375],"rotation":0,"texture":"#0","tintindex":0},"west":{"uv":[1.125,6.5,1.25,6.75],"rotation":0,"texture":"#0","tintindex":0},"up":{"uv":[6.0,7.0,5.875,6.875],"rotation":0,"texture":"#0","tintindex":0},"down":{"uv":[0.625,7.0,0.5,7.125],"rotation":0,"texture":"#0","tintindex":0}}},{"from":[7.1628137,6.0115995,7.8958845],"to":[7.735646,6.9345465,8.30505],"rotation":{"angle":-22.5,"axis":"z","origin":[7.7485366,5.988745,8.100468]},"faces":{"east":{"uv":[0.5,6.75,0.625,7.0],"rotation":0,"texture":"#0","tintindex":0},"south":{"uv":[1.125,6.75,1.25,7.0],"rotation":0,"texture":"#0","tintindex":0},"north":{"uv":[5.875,6.625,6.0,6.875],"rotation":0,"texture":"#0","tintindex":0},"west":{"uv":[6.75,2.25,6.875,2.5],"rotation":0,"texture":"#0","tintindex":0},"up":{"uv":[7.875,2.0,7.75,1.875],"rotation":0,"texture":"#0","tintindex":0},"down":{"uv":[8.0,2.875,7.875,3.0],"rotation":0,"texture":"#0","tintindex":0}}},{"from":[7.1669397,6.0207853,8.468717],"to":[7.739772,6.89149,8.877882],"rotation":{"angle":-22.5,"axis":"z","origin":[7.7339263,6.0058794,8.6733]},"faces":{"east":{"uv":[7.25,2.0,7.375,2.25],"rotation":0,"texture":"#0","tintindex":0},"south":{"uv":[3.75,7.375,3.875,7.625],"rotation":0,"texture":"#0","tintindex":0},"north":{"uv":[5.75,7.125,5.875,7.375],"rotation":0,"texture":"#0","tintindex":0},"west":{"uv":[5.75,7.375,5.875,7.625],"rotation":0,"texture":"#0","tintindex":0},"up":{"uv":[7.5,8.125,7.375,8.0],"rotation":0,"texture":"#0","tintindex":0},"down":{"uv":[8.25,1.375,8.125,1.5],"rotation":0,"texture":"#0","tintindex":0}}},{"from":[7.2867737,5.6910405,8.468717],"to":[7.7777724,6.6435785,8.877882],"rotation":{"angle":45.0,"axis":"z","origin":[7.7425222,6.3544335,7.8400474]},"faces":{"east":{"uv":[2.75,6.875,2.875,7.125],"rotation":0,"texture":"#0","tintindex":0},"south":{"uv":[6.875,3.0,7.0,3.25],"rotation":0,"texture":"#0","tintindex":0},"north":{"uv":[6.75,2.5,6.875,2.75],"rotation":0,"texture":"#0","tintindex":0},"west":{"uv":[2.75,7.125,2.875,7.375],"rotation":0,"texture":"#0","tintindex":0},"up":{"uv":[8.125,1.125,8.0,1.0],"rotation":0,"texture":"#0","tintindex":0},"down":{"uv":[1.375,8.0,1.25,8.125],"rotation":0,"texture":"#0","tintindex":0}}}],"display":{"head":{"translation":[0.0,-6.4,0.0],"scale":[4.0,4.0,4.0]}}}