{"textures":{"0":"modelengine:entity/werewolf_swamp"},"elements":[{"from":[8.795589,5.2287683,6.022111],"to":[9.941254,6.7916565,6.6836457],"faces":{"east":{"uv":[3.125,8.625,3.25,8.875],"tintindex":0,"rotation":0,"texture":"#0"},"south":{"uv":[3.25,8.625,3.375,8.875],"tintindex":0,"rotation":0,"texture":"#0"},"north":{"uv":[1.0,8.625,1.125,8.875],"tintindex":0,"rotation":0,"texture":"#0"},"west":{"uv":[3.375,8.625,3.5,8.875],"tintindex":0,"rotation":0,"texture":"#0"},"up":{"uv":[1.25,8.5,1.125,8.375],"tintindex":0,"rotation":0,"texture":"#0"},"down":{"uv":[8.75,4.125,8.625,4.25],"tintindex":0,"rotation":0,"texture":"#0"}},"rotation":{"origin":[8.2634115,4.973336,7.720083],"angle":45.0,"axis":"z"}},{"from":[7.353971,6.6353893,6.022111],"to":[8.499635,6.9094067,6.6836457],"faces":{"east":{"uv":[8.125,5.75,8.25,5.875],"tintindex":0,"rotation":0,"texture":"#0"},"south":{"uv":[0.375,8.25,0.5,8.375],"tintindex":0,"rotation":0,"texture":"#0"},"north":{"uv":[5.75,8.125,5.875,8.25],"tintindex":0,"rotation":0,"texture":"#0"},"west":{"uv":[8.25,1.75,8.375,1.875],"tintindex":0,"rotation":0,"texture":"#0"},"up":{"uv":[2.875,8.375,2.75,8.25],"tintindex":0,"rotation":0,"texture":"#0"},"down":{"uv":[3.0,8.25,2.875,8.375],"tintindex":0,"rotation":0,"texture":"#0"}}},{"from":[6.5421443,4.536374,6.815342],"to":[7.5446005,6.060107,7.5313816],"faces":{"east":{"uv":[3.125,4.5,3.25,4.75],"tintindex":0,"rotation":0,"texture":"#0"},"south":{"uv":[4.5,5.125,4.625,5.375],"tintindex":0,"rotation":0,"texture":"#0"},"north":{"uv":[3.0,2.625,3.125,2.875],"tintindex":0,"rotation":0,"texture":"#0"},"west":{"uv":[4.5,5.375,4.625,5.625],"tintindex":0,"rotation":0,"texture":"#0"},"up":{"uv":[4.5,0.625,4.375,0.5],"tintindex":0,"rotation":0,"texture":"#0"},"down":{"uv":[3.25,4.75,3.125,4.875],"tintindex":0,"rotation":0,"texture":"#0"}},"rotation":{"origin":[7.5343714,4.510289,7.173362],"angle":-22.5,"axis":"z"}},{"from":[6.751854,3.959321,6.815342],"to":[7.6111016,5.6262627,7.5313816],"faces":{"east":{"uv":[5.875,4.5,6.0,4.75],"tintindex":0,"rotation":0,"texture":"#0"},"south":{"uv":[5.875,4.75,6.0,5.0],"tintindex":0,"rotation":0,"texture":"#0"},"north":{"uv":[3.875,5.875,4.0,6.125],"tintindex":0,"rotation":0,"texture":"#0"},"west":{"uv":[0.625,6.0,0.75,6.25],"tintindex":0,"rotation":0,"texture":"#0"},"up":{"uv":[4.625,5.75,4.5,5.625],"tintindex":0,"rotation":0,"texture":"#0"},"down":{"uv":[7.0,3.25,6.875,3.375],"tintindex":0,"rotation":0,"texture":"#0"}},"rotation":{"origin":[7.5494137,5.1202593,7.720083],"angle":45.0,"axis":"z"}},{"from":[6.7506523,3.8548384,7.8177977],"to":[7.6099,5.6217966,8.533838],"faces":{"east":{"uv":[1.125,6.25,1.25,6.5],"tintindex":0,"rotation":0,"texture":"#0"},"south":{"uv":[5.875,6.375,6.0,6.625],"tintindex":0,"rotation":0,"texture":"#0"},"north":{"uv":[4.375,6.125,4.5,6.375],"tintindex":0,"rotation":0,"texture":"#0"},"west":{"uv":[1.125,6.5,1.25,6.75],"tintindex":0,"rotation":0,"texture":"#0"},"up":{"uv":[6.0,7.0,5.875,6.875],"tintindex":0,"rotation":0,"texture":"#0"},"down":{"uv":[0.625,7.0,0.5,7.125],"tintindex":0,"rotation":0,"texture":"#0"}},"rotation":{"origin":[7.5494137,5.1202593,7.720083],"angle":45.0,"axis":"z"}},{"from":[7.353971,6.7801085,6.24251],"to":[8.499635,8.017426,6.95855],"faces":{"east":{"uv":[0.375,8.0,0.5,8.25],"tintindex":0,"rotation":0,"texture":"#0"},"south":{"uv":[6.125,8.25,6.25,8.5],"tintindex":0,"rotation":0,"texture":"#0"},"north":{"uv":[7.5,0.5,7.625,0.75],"tintindex":0,"rotation":0,"texture":"#0"},"west":{"uv":[4.0,8.5,4.125,8.75],"tintindex":0,"rotation":0,"texture":"#0"},"up":{"uv":[1.75,8.25,1.625,8.125],"tintindex":0,"rotation":0,"texture":"#0"},"down":{"uv":[5.75,8.125,5.625,8.25],"tintindex":0,"rotation":0,"texture":"#0"}},"rotation":{"origin":[7.783595,7.3987675,6.457322],"angle":22.5,"axis":"x"}},{"from":[6.534924,4.5203,7.8177977],"to":[7.53738,6.135457,8.533838],"faces":{"east":{"uv":[0.5,6.75,0.625,7.0],"tintindex":0,"rotation":0,"texture":"#0"},"south":{"uv":[1.125,6.75,1.25,7.0],"tintindex":0,"rotation":0,"texture":"#0"},"north":{"uv":[5.875,6.625,6.0,6.875],"tintindex":0,"rotation":0,"texture":"#0"},"west":{"uv":[6.75,2.25,6.875,2.5],"tintindex":0,"rotation":0,"texture":"#0"},"up":{"uv":[7.875,2.0,7.75,1.875],"tintindex":0,"rotation":0,"texture":"#0"},"down":{"uv":[8.0,2.875,7.875,3.0],"tintindex":0,"rotation":0,"texture":"#0"}},"rotation":{"origin":[7.559939,4.4803047,8.1758175],"angle":-22.5,"axis":"z"}},{"from":[7.210763,5.9208603,6.815342],"to":[8.642843,8.017426,9.249878],"faces":{"east":{"uv":[3.75,8.125,4.125,8.5],"tintindex":0,"rotation":0,"texture":"#0"},"south":{"uv":[5.75,0.0,6.0,0.375],"tintindex":0,"rotation":0,"texture":"#0"},"north":{"uv":[5.25,3.25,5.5,3.625],"tintindex":0,"rotation":0,"texture":"#0"},"west":{"uv":[4.5,8.125,4.875,8.5],"tintindex":0,"rotation":0,"texture":"#0"},"up":{"uv":[6.75,1.875,6.5,1.5],"tintindex":0,"rotation":0,"texture":"#0"},"down":{"uv":[1.125,7.125,0.875,7.5],"tintindex":0,"rotation":0,"texture":"#0"}}},{"from":[6.5421443,4.536374,8.820254],"to":[7.5446005,6.060107,9.536294],"faces":{"east":{"uv":[7.25,2.0,7.375,2.25],"tintindex":0,"rotation":0,"texture":"#0"},"south":{"uv":[3.75,7.375,3.875,7.625],"tintindex":0,"rotation":0,"texture":"#0"},"north":{"uv":[5.75,7.125,5.875,7.375],"tintindex":0,"rotation":0,"texture":"#0"},"west":{"uv":[5.75,7.375,5.875,7.625],"tintindex":0,"rotation":0,"texture":"#0"},"up":{"uv":[7.5,8.125,7.375,8.0],"tintindex":0,"rotation":0,"texture":"#0"},"down":{"uv":[8.25,1.375,8.125,1.5],"tintindex":0,"rotation":0,"texture":"#0"}},"rotation":{"origin":[7.5343714,4.510289,9.178274],"angle":-22.5,"axis":"z"}},{"from":[6.751854,3.959321,8.820254],"to":[7.6111016,5.6262627,9.536294],"faces":{"east":{"uv":[2.75,6.875,2.875,7.125],"tintindex":0,"rotation":0,"texture":"#0"},"south":{"uv":[6.875,3.0,7.0,3.25],"tintindex":0,"rotation":0,"texture":"#0"},"north":{"uv":[6.75,2.5,6.875,2.75],"tintindex":0,"rotation":0,"texture":"#0"},"west":{"uv":[2.75,7.125,2.875,7.375],"tintindex":0,"rotation":0,"texture":"#0"},"up":{"uv":[8.125,1.125,8.0,1.0],"tintindex":0,"rotation":0,"texture":"#0"},"down":{"uv":[1.375,8.0,1.25,8.125],"tintindex":0,"rotation":0,"texture":"#0"}},"rotation":{"origin":[7.5494137,5.1202593,7.720083],"angle":45.0,"axis":"z"}}]}