{"textures":{"0":"modelengine:entity/nocsy_skeleton_archer_end"},"elements":[{"from":[6.3645716,8.6430855,5.444114],"to":[9.635428,11.112801,8.714972],"rotation":{"angle":0.0,"axis":"y","origin":[9.090286,4.8270855,7.0795426]},"faces":{"east":{"uv":[2.5,2.25,3.1875,2.8125],"rotation":0,"texture":"#0","tintindex":0},"south":{"uv":[2.625,1.5,3.3125,2.0625],"rotation":0,"texture":"#0","tintindex":0},"north":{"uv":[2.375,0.0,3.0625,0.5625],"rotation":0,"texture":"#0","tintindex":0},"west":{"uv":[0.75,2.875,1.4375,3.4375],"rotation":0,"texture":"#0","tintindex":0},"up":{"uv":[2.5625,2.1875,1.875,1.5],"rotation":0,"texture":"#0","tintindex":0},"down":{"uv":[1.6875,2.125,1.0,2.8125],"rotation":0,"texture":"#0","tintindex":0}}},{"from":[6.798857,7.9630857,8.592686],"to":[9.201143,10.764229,9.023542],"rotation":{"angle":0.0,"axis":"y","origin":[9.518857,4.8270855,7.0795426]},"faces":{"east":{"uv":[1.125,6.5,1.25,7.125],"rotation":0,"texture":"#0","tintindex":0},"south":{"uv":[3.375,1.25,3.875,1.875],"rotation":0,"texture":"#0","tintindex":0},"north":{"uv":[3.25,2.125,3.75,2.75],"rotation":0,"texture":"#0","tintindex":0},"west":{"uv":[1.25,6.5,1.375,7.125],"rotation":0,"texture":"#0","tintindex":0},"up":{"uv":[3.75,2.875,3.25,2.75],"rotation":0,"texture":"#0","tintindex":0},"down":{"uv":[5.25,3.25,4.75,3.375],"rotation":0,"texture":"#0","tintindex":0}}},{"from":[6.5131426,8.103657,7.5995426],"to":[9.486857,8.637371,8.709257],"rotation":{"angle":0.0,"axis":"y","origin":[9.004572,4.8270855,7.0795426]},"faces":{"east":{"uv":[7.75,6.125,8.0,6.25],"rotation":0,"texture":"#0","tintindex":0},"south":{"uv":[6.0,2.625,6.625,2.75],"rotation":0,"texture":"#0","tintindex":0},"north":{"uv":[2.625,2.125,3.25,2.25],"rotation":0,"texture":"#0","tintindex":0},"west":{"uv":[7.75,6.25,8.0,6.375],"rotation":0,"texture":"#0","tintindex":0},"up":{"uv":[5.5,2.25,4.875,2.0],"rotation":0,"texture":"#0","tintindex":0},"down":{"uv":[5.5,2.25,4.875,2.5],"rotation":0,"texture":"#0","tintindex":0}}},{"from":[6.5074286,7.6408,7.9366856],"to":[9.492572,8.585943,8.657828],"rotation":{"angle":0.0,"axis":"y","origin":[9.004572,4.8270855,7.0795426]},"faces":{"east":{"uv":[6.875,5.0,7.0625,5.25],"rotation":0,"texture":"#0","tintindex":0},"south":{"uv":[4.625,3.75,5.3125,4.0],"rotation":0,"texture":"#0","tintindex":0},"north":{"uv":[4.5,2.625,5.1875,2.875],"rotation":0,"texture":"#0","tintindex":0},"west":{"uv":[6.875,5.25,7.0625,5.5],"rotation":0,"texture":"#0","tintindex":0},"up":{"uv":[5.9375,1.8125,5.25,1.625],"rotation":0,"texture":"#0","tintindex":0},"down":{"uv":[5.9375,2.5,5.25,2.6875],"rotation":0,"texture":"#0","tintindex":0}}},{"from":[6.0865483,8.637634,5.27512],"to":[9.913451,9.708537,6.3763084],"rotation":{"angle":0.0,"axis":"y","origin":[9.362857,4.8270855,7.0795426]},"faces":{"east":{"uv":[6.75,0.25,7.0,0.5],"rotation":0,"texture":"#0","tintindex":0},"south":{"uv":[3.75,3.75,4.5625,4.0],"rotation":0,"texture":"#0","tintindex":0},"north":{"uv":[3.75,3.5,4.5625,3.75],"rotation":0,"texture":"#0","tintindex":0},"west":{"uv":[6.75,1.0,7.0,1.25],"rotation":0,"texture":"#0","tintindex":0},"up":{"uv":[4.6875,1.375,3.875,1.125],"rotation":0,"texture":"#0","tintindex":0},"down":{"uv":[4.6875,1.375,3.875,1.625],"rotation":0,"texture":"#0","tintindex":0}}},{"from":[6.8514285,7.7480345,5.3894053],"to":[9.148571,8.90232,5.9722624],"rotation":{"angle":0.0,"axis":"y","origin":[8.0,8.325177,5.6808343]},"faces":{"east":{"uv":[7.75,6.375,7.875,6.625],"rotation":0,"texture":"#0","tintindex":0},"south":{"uv":[0.25,5.5,0.75,5.75],"rotation":0,"texture":"#0","tintindex":0},"north":{"uv":[5.25,4.875,5.75,5.125],"rotation":0,"texture":"#0","tintindex":0},"west":{"uv":[6.5,7.75,6.625,8.0],"rotation":0,"texture":"#0","tintindex":0},"up":{"uv":[4.75,5.125,4.25,5.0],"rotation":0,"texture":"#0","tintindex":0},"down":{"uv":[7.125,0.5,6.625,0.625],"rotation":0,"texture":"#0","tintindex":0}}},{"from":[6.730743,10.689472,5.7579727],"to":[9.269258,11.507987,7.720487],"rotation":{"angle":-22.5,"axis":"x","origin":[7.742857,10.834616,6.7392297]},"faces":{"east":{"uv":[0.75,5.5,1.25,5.75],"rotation":0,"texture":"#0","tintindex":0},"south":{"uv":[5.0,0.25,5.625,0.5],"rotation":0,"texture":"#0","tintindex":0},"north":{"uv":[5.0,0.0,5.625,0.25],"rotation":0,"texture":"#0","tintindex":0},"west":{"uv":[1.25,5.5,1.75,5.75],"rotation":0,"texture":"#0","tintindex":0},"up":{"uv":[0.625,4.0,0.0,3.5],"rotation":0,"texture":"#0","tintindex":0},"down":{"uv":[1.25,3.5,0.625,4.0],"rotation":0,"texture":"#0","tintindex":0}}},{"from":[6.7865715,10.916387,6.985744],"to":[9.2134285,11.966101,8.4564295],"rotation":{"angle":22.5,"axis":"x","origin":[7.714286,10.834616,6.7392297]},"faces":{"east":{"uv":[5.5,2.0,5.875,2.3125],"rotation":0,"texture":"#0","tintindex":0},"south":{"uv":[1.0,4.75,1.5625,5.0625],"rotation":0,"texture":"#0","tintindex":0},"north":{"uv":[4.625,3.375,5.1875,3.6875],"rotation":0,"texture":"#0","tintindex":0},"west":{"uv":[5.5,2.75,5.875,3.0625],"rotation":0,"texture":"#0","tintindex":0},"up":{"uv":[2.9375,1.0,2.375,0.625],"rotation":0,"texture":"#0","tintindex":0},"down":{"uv":[4.3125,3.125,3.75,3.5],"rotation":0,"texture":"#0","tintindex":0}}},{"from":[6.900857,10.679863,8.228849],"to":[9.099143,11.585006,8.779249],"rotation":{"angle":45.0,"axis":"x","origin":[8.4,10.870663,7.934278]},"faces":{"east":{"uv":[6.875,5.5,7.0625,5.75],"rotation":0,"texture":"#0","tintindex":0},"south":{"uv":[5.0,0.75,5.5625,1.0],"rotation":0,"texture":"#0","tintindex":0},"north":{"uv":[5.0,0.5,5.5625,0.75],"rotation":0,"texture":"#0","tintindex":0},"west":{"uv":[6.875,5.75,7.0625,6.0],"rotation":0,"texture":"#0","tintindex":0},"up":{"uv":[6.1875,0.9375,5.625,0.75],"rotation":0,"texture":"#0","tintindex":0},"down":{"uv":[6.3125,1.25,5.75,1.4375],"rotation":0,"texture":"#0","tintindex":0}}},{"from":[6.092,8.897257,5.4362288],"to":[9.908,10.254686,8.1619425],"rotation":{"angle":-22.5,"axis":"x","origin":[8.272572,9.733372,7.0795426]},"faces":{"east":{"uv":[0.0,4.0,0.625,4.3125],"rotation":0,"texture":"#0","tintindex":0},"south":{"uv":[3.75,0.0,4.5625,0.3125],"rotation":0,"texture":"#0","tintindex":0},"north":{"uv":[1.5,0.625,2.3125,0.9375],"rotation":0,"texture":"#0","tintindex":0},"west":{"uv":[0.625,4.0,1.25,4.3125],"rotation":0,"texture":"#0","tintindex":0},"up":{"uv":[2.3125,0.625,1.5,0.0],"rotation":0,"texture":"#0","tintindex":0},"down":{"uv":[1.8125,1.5,1.0,2.125],"rotation":0,"texture":"#0","tintindex":0}}}],"display":{"head":{"translation":[0.0,-6.4,0.0],"scale":[4.0,4.0,4.0]}}}