{"textures":{"0":"modelengine:entity/nocsy_skeleton_archer_end"},"elements":[{"from":[7.202857,6.92,7.897143],"to":[8.797143,8.462857,8.411428],"rotation":{"angle":0.0,"axis":"y","origin":[6.482857,11.857143,6.8685713]},"faces":{"east":{"uv":[1.375,7.25,1.5,7.5625],"rotation":0,"texture":"#0","tintindex":0},"south":{"uv":[5.5,4.0,5.875,4.3125],"rotation":0,"texture":"#0","tintindex":0},"north":{"uv":[5.5,3.125,5.875,3.4375],"rotation":0,"texture":"#0","tintindex":0},"west":{"uv":[1.5,7.25,1.625,7.5625],"rotation":0,"texture":"#0","tintindex":0},"up":{"uv":[7.25,3.625,6.875,3.5],"rotation":0,"texture":"#0","tintindex":0},"down":{"uv":[7.25,6.0,6.875,6.125],"rotation":0,"texture":"#0","tintindex":0}}},{"from":[6.1691427,6.914857,8.097714],"to":[7.4651427,8.468,8.673715],"rotation":{"angle":-22.5,"axis":"y","origin":[8.0,8.205714,7.897143]},"faces":{"east":{"uv":[1.625,7.25,1.75,7.5625],"rotation":0,"texture":"#0","tintindex":0},"south":{"uv":[6.5,2.0,6.75,2.3125],"rotation":0,"texture":"#0","tintindex":0},"north":{"uv":[1.375,6.5,1.625,6.8125],"rotation":0,"texture":"#0","tintindex":0},"west":{"uv":[1.75,7.25,1.875,7.5625],"rotation":0,"texture":"#0","tintindex":0},"up":{"uv":[8.0,7.75,7.75,7.625],"rotation":0,"texture":"#0","tintindex":0},"down":{"uv":[0.25,7.875,0.0,8.0],"rotation":0,"texture":"#0","tintindex":0}}},{"from":[6.1794286,6.925143,7.0794287],"to":[6.734857,8.457714,8.6119995],"rotation":{"angle":-22.5,"axis":"y","origin":[8.0,8.205714,7.897143]},"faces":{"east":{"uv":[1.375,5.75,1.6875,6.0625],"rotation":0,"texture":"#0","tintindex":0},"south":{"uv":[2.0,7.25,2.125,7.5625],"rotation":0,"texture":"#0","tintindex":0},"north":{"uv":[1.875,7.25,2.0,7.5625],"rotation":0,"texture":"#0","tintindex":0},"west":{"uv":[5.875,3.0,6.1875,3.3125],"rotation":0,"texture":"#0","tintindex":0},"up":{"uv":[2.25,7.5625,2.125,7.25],"rotation":0,"texture":"#0","tintindex":0},"down":{"uv":[2.375,7.25,2.25,7.5625],"rotation":0,"texture":"#0","tintindex":0}}},{"from":[8.534857,6.914857,8.097714],"to":[9.830857,8.468,8.673715],"rotation":{"angle":22.5,"axis":"y","origin":[8.0,8.205714,7.897143]},"faces":{"east":{"uv":[2.375,7.25,2.5,7.5625],"rotation":0,"texture":"#0","tintindex":0},"south":{"uv":[3.0,6.5,3.25,6.8125],"rotation":0,"texture":"#0","tintindex":0},"north":{"uv":[6.5,2.75,6.75,3.0625],"rotation":0,"texture":"#0","tintindex":0},"west":{"uv":[2.5,7.25,2.625,7.5625],"rotation":0,"texture":"#0","tintindex":0},"up":{"uv":[8.125,0.125,7.875,0.0],"rotation":0,"texture":"#0","tintindex":0},"down":{"uv":[8.125,0.125,7.875,0.25],"rotation":0,"texture":"#0","tintindex":0}}},{"from":[9.265142,6.925143,7.0794287],"to":[9.820572,8.457714,8.6119995],"rotation":{"angle":22.5,"axis":"y","origin":[8.0,8.205714,7.897143]},"faces":{"east":{"uv":[4.0,5.875,4.3125,6.1875],"rotation":0,"texture":"#0","tintindex":0},"south":{"uv":[2.875,7.25,3.0,7.5625],"rotation":0,"texture":"#0","tintindex":0},"north":{"uv":[2.625,7.25,2.75,7.5625],"rotation":0,"texture":"#0","tintindex":0},"west":{"uv":[5.875,4.0,6.1875,4.3125],"rotation":0,"texture":"#0","tintindex":0},"up":{"uv":[3.125,7.5625,3.0,7.25],"rotation":0,"texture":"#0","tintindex":0},"down":{"uv":[7.375,3.0,7.25,3.3125],"rotation":0,"texture":"#0","tintindex":0}}},{"from":[8.627522,7.336571,6.0624223],"to":[9.182951,8.149143,7.183565],"rotation":{"angle":45.0,"axis":"y","origin":[8.80238,7.4857144,6.3401365]},"faces":{"east":{"uv":[6.875,6.125,7.125,6.3125],"rotation":0,"texture":"#0","tintindex":0},"south":{"uv":[8.0,3.125,8.125,3.3125],"rotation":0,"texture":"#0","tintindex":0},"north":{"uv":[2.75,8.0,2.875,8.1875],"rotation":0,"texture":"#0","tintindex":0},"west":{"uv":[6.875,6.375,7.125,6.5625],"rotation":0,"texture":"#0","tintindex":0},"up":{"uv":[0.375,8.125,0.25,7.875],"rotation":0,"texture":"#0","tintindex":0},"down":{"uv":[0.5,7.875,0.375,8.125],"rotation":0,"texture":"#0","tintindex":0}}},{"from":[8.833237,7.130857,5.8052797],"to":[9.182951,7.532,6.7721367],"rotation":{"angle":22.5,"axis":"y","origin":[8.80238,7.4857144,6.3401365]},"faces":{"east":{"uv":[8.5,2.25,8.6875,2.3125],"rotation":0,"texture":"#0","tintindex":0},"south":{"uv":[8.75,0.875,8.8125,0.9375],"rotation":0,"texture":"#0","tintindex":0},"north":{"uv":[0.875,8.75,0.9375,8.8125],"rotation":0,"texture":"#0","tintindex":0},"west":{"uv":[2.375,8.5,2.5625,8.5625],"rotation":0,"texture":"#0","tintindex":0},"up":{"uv":[8.5625,2.5625,8.5,2.375],"rotation":0,"texture":"#0","tintindex":0},"down":{"uv":[2.6875,8.5,2.625,8.6875],"rotation":0,"texture":"#0","tintindex":0}}},{"from":[6.8170485,7.336571,6.0624223],"to":[7.372477,8.149143,7.183565],"rotation":{"angle":-45.0,"axis":"y","origin":[7.19762,7.4857144,6.3401365]},"faces":{"east":{"uv":[6.5,6.875,6.75,7.0625],"rotation":0,"texture":"#0","tintindex":0},"south":{"uv":[3.625,8.0,3.75,8.1875],"rotation":0,"texture":"#0","tintindex":0},"north":{"uv":[8.0,3.375,8.125,3.5625],"rotation":0,"texture":"#0","tintindex":0},"west":{"uv":[6.875,6.625,7.125,6.8125],"rotation":0,"texture":"#0","tintindex":0},"up":{"uv":[0.625,8.125,0.5,7.875],"rotation":0,"texture":"#0","tintindex":0},"down":{"uv":[8.0,0.5,7.875,0.75],"rotation":0,"texture":"#0","tintindex":0}}},{"from":[6.8170485,7.130857,5.8052797],"to":[7.166763,7.532,6.7721367],"rotation":{"angle":-22.5,"axis":"y","origin":[7.19762,7.4857144,6.3401365]},"faces":{"east":{"uv":[8.5,2.625,8.6875,2.6875],"rotation":0,"texture":"#0","tintindex":0},"south":{"uv":[8.75,1.0,8.8125,1.0625],"rotation":0,"texture":"#0","tintindex":0},"north":{"uv":[1.0,8.75,1.0625,8.8125],"rotation":0,"texture":"#0","tintindex":0},"west":{"uv":[2.75,8.5,2.9375,8.5625],"rotation":0,"texture":"#0","tintindex":0},"up":{"uv":[8.5625,2.9375,8.5,2.75],"rotation":0,"texture":"#0","tintindex":0},"down":{"uv":[3.0625,8.5,3.0,8.6875],"rotation":0,"texture":"#0","tintindex":0}}}],"display":{"head":{"translation":[0.0,-6.4,0.0],"scale":[4.0,4.0,4.0]}}}