{"textures":{"0":"modelengine:entity/nocsy_skeleton_archer_end"},"elements":[{"from":[7.814857,4.4205713,7.712],"to":[8.442286,7.979429,8.288],"rotation":{"angle":0.0,"axis":"y","origin":[5.7371426,11.265715,8.385715]},"faces":{"east":{"uv":[3.625,6.125,3.75,6.875],"rotation":0,"texture":"#0","tintindex":0},"south":{"uv":[6.125,5.5,6.25,6.25],"rotation":0,"texture":"#0","tintindex":0},"north":{"uv":[3.5,6.125,3.625,6.875],"rotation":0,"texture":"#0","tintindex":0},"west":{"uv":[4.0,6.25,4.125,7.0],"rotation":0,"texture":"#0","tintindex":0},"up":{"uv":[6.875,8.375,6.75,8.25],"rotation":0,"texture":"#0","tintindex":0},"down":{"uv":[8.375,6.75,8.25,6.875],"rotation":0,"texture":"#0","tintindex":0}}},{"from":[7.715688,7.4506783,7.7023516],"to":[8.497402,8.232392,8.432637],"rotation":{"angle":-45.0,"axis":"z","origin":[8.077143,7.717143,8.0]},"faces":{"east":{"uv":[0.875,7.625,1.0625,7.8125],"rotation":0,"texture":"#0","tintindex":0},"south":{"uv":[1.375,7.625,1.5625,7.8125],"rotation":0,"texture":"#0","tintindex":0},"north":{"uv":[0.5,7.625,0.6875,7.8125],"rotation":0,"texture":"#0","tintindex":0},"west":{"uv":[1.625,7.625,1.8125,7.8125],"rotation":0,"texture":"#0","tintindex":0},"up":{"uv":[2.0625,7.8125,1.875,7.625],"rotation":0,"texture":"#0","tintindex":0},"down":{"uv":[7.8125,2.0,7.625,2.1875],"rotation":0,"texture":"#0","tintindex":0}}},{"from":[7.536863,4.4240212,7.363925],"to":[8.731199,4.896506,8.361392],"rotation":{"angle":-22.5,"axis":"x","origin":[8.031519,5.157176,8.075206]},"faces":{"east":{"uv":[8.0,5.375,8.1875,5.5],"rotation":0,"texture":"#0","tintindex":0},"south":{"uv":[1.875,7.875,2.125,8.0],"rotation":0,"texture":"#0","tintindex":0},"north":{"uv":[1.625,7.875,1.875,8.0],"rotation":0,"texture":"#0","tintindex":0},"west":{"uv":[5.5,8.0,5.6875,8.125],"rotation":0,"texture":"#0","tintindex":0},"up":{"uv":[7.25,1.1875,7.0,1.0],"rotation":0,"texture":"#0","tintindex":0},"down":{"uv":[7.25,1.25,7.0,1.4375],"rotation":0,"texture":"#0","tintindex":0}}},{"from":[7.405617,4.1029625,7.1008453],"to":[8.862445,4.5754476,8.688919],"rotation":{"angle":0.0,"axis":"y","origin":[8.031519,5.157176,8.075206]},"faces":{"east":{"uv":[7.0,1.5,7.375,1.625],"rotation":0,"texture":"#0","tintindex":0},"south":{"uv":[3.125,7.25,3.4375,7.375],"rotation":0,"texture":"#0","tintindex":0},"north":{"uv":[7.25,2.75,7.5625,2.875],"rotation":0,"texture":"#0","tintindex":0},"west":{"uv":[7.0,1.625,7.375,1.75],"rotation":0,"texture":"#0","tintindex":0},"up":{"uv":[5.5625,5.875,5.25,5.5],"rotation":0,"texture":"#0","tintindex":0},"down":{"uv":[5.9375,0.0,5.625,0.375],"rotation":0,"texture":"#0","tintindex":0}}},{"from":[7.4778023,3.9126563,7.3698993],"to":[8.790259,4.3063936,8.616734],"rotation":{"angle":0.0,"axis":"y","origin":[8.031519,5.157176,8.075206]},"faces":{"east":{"uv":[7.25,3.875,7.5625,4.0],"rotation":0,"texture":"#0","tintindex":0},"south":{"uv":[7.25,4.0,7.5625,4.125],"rotation":0,"texture":"#0","tintindex":0},"north":{"uv":[7.25,3.5,7.5625,3.625],"rotation":0,"texture":"#0","tintindex":0},"west":{"uv":[4.75,7.25,5.0625,7.375],"rotation":0,"texture":"#0","tintindex":0},"up":{"uv":[6.1875,5.4375,5.875,5.125],"rotation":0,"texture":"#0","tintindex":0},"down":{"uv":[5.5625,5.875,5.25,6.1875],"rotation":0,"texture":"#0","tintindex":0}}},{"from":[7.997792,4.011989,6.5579605],"to":[8.601522,4.484474,7.5554276],"rotation":{"angle":-22.5,"axis":"y","origin":[8.031519,5.157176,8.075206]},"faces":{"east":{"uv":[8.0,5.75,8.1875,5.875],"rotation":0,"texture":"#0","tintindex":0},"south":{"uv":[7.0,8.25,7.125,8.375],"rotation":0,"texture":"#0","tintindex":0},"north":{"uv":[6.875,8.25,7.0,8.375],"rotation":0,"texture":"#0","tintindex":0},"west":{"uv":[8.0,5.875,8.1875,6.0],"rotation":0,"texture":"#0","tintindex":0},"up":{"uv":[5.875,8.1875,5.75,8.0],"rotation":0,"texture":"#0","tintindex":0},"down":{"uv":[6.125,8.0,6.0,8.1875],"rotation":0,"texture":"#0","tintindex":0}}},{"from":[7.997792,3.9463663,5.967355],"to":[8.601522,4.3532286,6.3085933],"rotation":{"angle":-22.5,"axis":"y","origin":[8.031519,5.157176,8.075206]},"faces":{"east":{"uv":[1.875,8.75,1.9375,8.8125],"rotation":0,"texture":"#0","tintindex":0},"south":{"uv":[8.625,1.25,8.75,1.3125],"rotation":0,"texture":"#0","tintindex":0},"north":{"uv":[1.25,8.625,1.375,8.6875],"rotation":0,"texture":"#0","tintindex":0},"west":{"uv":[8.75,1.875,8.8125,1.9375],"rotation":0,"texture":"#0","tintindex":0},"up":{"uv":[1.5,8.6875,1.375,8.625],"rotation":0,"texture":"#0","tintindex":0},"down":{"uv":[8.75,1.375,8.625,1.4375],"rotation":0,"texture":"#0","tintindex":0}}},{"from":[8.129038,4.011989,5.704863],"to":[8.470276,4.2876053,6.964822],"rotation":{"angle":-22.5,"axis":"y","origin":[8.031519,5.157176,8.075206]},"faces":{"east":{"uv":[7.125,8.25,7.375,8.3125],"rotation":0,"texture":"#0","tintindex":0},"south":{"uv":[8.75,2.0,8.8125,2.0625],"rotation":0,"texture":"#0","tintindex":0},"north":{"uv":[2.0,8.75,2.0625,8.8125],"rotation":0,"texture":"#0","tintindex":0},"west":{"uv":[7.5,8.25,7.75,8.3125],"rotation":0,"texture":"#0","tintindex":0},"up":{"uv":[8.3125,7.75,8.25,7.5],"rotation":0,"texture":"#0","tintindex":0},"down":{"uv":[7.8125,8.25,7.75,8.5],"rotation":0,"texture":"#0","tintindex":0}}},{"from":[7.820015,4.011989,6.5557847],"to":[8.423745,4.484474,7.553252],"rotation":{"angle":0.0,"axis":"y","origin":[8.031519,5.157176,8.075206]},"faces":{"east":{"uv":[8.0,6.125,8.1875,6.25],"rotation":0,"texture":"#0","tintindex":0},"south":{"uv":[7.875,8.25,8.0,8.375],"rotation":0,"texture":"#0","tintindex":0},"north":{"uv":[8.25,7.75,8.375,7.875],"rotation":0,"texture":"#0","tintindex":0},"west":{"uv":[8.0,6.25,8.1875,6.375],"rotation":0,"texture":"#0","tintindex":0},"up":{"uv":[6.25,8.1875,6.125,8.0],"rotation":0,"texture":"#0","tintindex":0},"down":{"uv":[6.625,8.0,6.5,8.1875],"rotation":0,"texture":"#0","tintindex":0}}},{"from":[7.9512606,4.011989,5.7026873],"to":[8.2925,4.2876053,6.9626465],"rotation":{"angle":0.0,"axis":"y","origin":[8.031519,5.157176,8.075206]},"faces":{"east":{"uv":[8.0,8.25,8.25,8.3125],"rotation":0,"texture":"#0","tintindex":0},"south":{"uv":[8.75,2.125,8.8125,2.1875],"rotation":0,"texture":"#0","tintindex":0},"north":{"uv":[2.125,8.75,2.1875,8.8125],"rotation":0,"texture":"#0","tintindex":0},"west":{"uv":[8.25,8.125,8.5,8.1875],"rotation":0,"texture":"#0","tintindex":0},"up":{"uv":[8.3125,8.5,8.25,8.25],"rotation":0,"texture":"#0","tintindex":0},"down":{"uv":[0.0625,8.375,0.0,8.625],"rotation":0,"texture":"#0","tintindex":0}}},{"from":[7.820015,3.9463663,5.965179],"to":[8.423745,4.3532286,6.306418],"rotation":{"angle":0.0,"axis":"y","origin":[8.031519,5.157176,8.075206]},"faces":{"east":{"uv":[2.25,8.75,2.3125,8.8125],"rotation":0,"texture":"#0","tintindex":0},"south":{"uv":[8.625,1.5,8.75,1.5625],"rotation":0,"texture":"#0","tintindex":0},"north":{"uv":[1.5,8.625,1.625,8.6875],"rotation":0,"texture":"#0","tintindex":0},"west":{"uv":[8.75,2.25,8.8125,2.3125],"rotation":0,"texture":"#0","tintindex":0},"up":{"uv":[1.75,8.6875,1.625,8.625],"rotation":0,"texture":"#0","tintindex":0},"down":{"uv":[8.75,1.625,8.625,1.6875],"rotation":0,"texture":"#0","tintindex":0}}},{"from":[7.051011,4.011989,6.561081],"to":[7.654742,4.484474,7.5585485],"rotation":{"angle":22.5,"axis":"y","origin":[8.117803,4.7052765,6.5567393]},"faces":{"east":{"uv":[8.0,6.625,8.1875,6.75],"rotation":0,"texture":"#0","tintindex":0},"south":{"uv":[0.25,8.375,0.375,8.5],"rotation":0,"texture":"#0","tintindex":0},"north":{"uv":[0.125,8.375,0.25,8.5],"rotation":0,"texture":"#0","tintindex":0},"west":{"uv":[6.875,8.0,7.0625,8.125],"rotation":0,"texture":"#0","tintindex":0},"up":{"uv":[8.125,7.0625,8.0,6.875],"rotation":0,"texture":"#0","tintindex":0},"down":{"uv":[7.25,8.0,7.125,8.1875],"rotation":0,"texture":"#0","tintindex":0}}},{"from":[7.182257,4.011989,5.707984],"to":[7.5234957,4.2876053,6.9679427],"rotation":{"angle":22.5,"axis":"y","origin":[8.117803,4.7052765,6.5567393]},"faces":{"east":{"uv":[0.375,8.375,0.625,8.4375],"rotation":0,