{"textures":{"0":"modelengine:entity/nocsy_skeleton_archer_end"},"elements":[{"from":[7.712,4.8062854,7.5577145],"to":[8.288,8.005143,8.339429],"rotation":{"angle":0.0,"axis":"y","origin":[6.6114283,11.188572,8.0]},"faces":{"east":{"uv":[3.25,5.375,3.4375,6.0625],"rotation":0,"texture":"#0","tintindex":0},"south":{"uv":[6.375,4.75,6.5,5.4375],"rotation":0,"texture":"#0","tintindex":0},"north":{"uv":[4.75,6.375,4.875,7.0625],"rotation":0,"texture":"#0","tintindex":0},"west":{"uv":[3.5,5.375,3.6875,6.0625],"rotation":0,"texture":"#0","tintindex":0},"up":{"uv":[2.375,8.3125,2.25,8.125],"rotation":0,"texture":"#0","tintindex":0},"down":{"uv":[2.5,8.125,2.375,8.3125],"rotation":0,"texture":"#0","tintindex":0}}},{"from":[8.009001,7.199379,7.6959743],"to":[8.842143,8.032521,8.477689],"rotation":{"angle":45.0,"axis":"z","origin":[7.897143,7.254286,7.948571]},"faces":{"east":{"uv":[7.75,3.625,7.9375,3.8125],"rotation":0,"texture":"#0","tintindex":0},"south":{"uv":[3.875,7.75,4.0625,7.9375],"rotation":0,"texture":"#0","tintindex":0},"north":{"uv":[3.625,7.75,3.8125,7.9375],"rotation":0,"texture":"#0","tintindex":0},"west":{"uv":[4.125,7.75,4.3125,7.9375],"rotation":0,"texture":"#0","tintindex":0},"up":{"uv":[7.9375,4.3125,7.75,4.125],"rotation":0,"texture":"#0","tintindex":0},"down":{"uv":[4.5625,7.75,4.375,7.9375],"rotation":0,"texture":"#0","tintindex":0}}},{"from":[7.7861485,4.445234,7.281006],"to":[8.513966,5.6503086,8.605394],"rotation":{"angle":0.0,"axis":"y","origin":[6.270857,13.041829,7.9730287]},"faces":{"east":{"uv":[6.5,3.375,6.8125,3.625],"rotation":0,"texture":"#0","tintindex":0},"south":{"uv":[7.0,2.625,7.1875,2.875],"rotation":0,"texture":"#0","tintindex":0},"north":{"uv":[2.5,7.0,2.6875,7.25],"rotation":0,"texture":"#0","tintindex":0},"west":{"uv":[6.5,3.875,6.8125,4.125],"rotation":0,"texture":"#0","tintindex":0},"up":{"uv":[1.0625,7.1875,0.875,6.875],"rotation":0,"texture":"#0","tintindex":0},"down":{"uv":[1.5625,6.875,1.375,7.1875],"rotation":0,"texture":"#0","tintindex":0}}},{"from":[7.482888,5.6386514,7.476791],"to":[8.49642,6.272297,8.458323],"rotation":{"angle":45.0,"axis":"y","origin":[8.0072,5.962057,7.9717712]},"faces":{"east":{"uv":[8.125,2.375,8.3125,2.5],"rotation":0,"texture":"#0","tintindex":0},"south":{"uv":[2.375,7.875,2.625,8.0],"rotation":0,"texture":"#0","tintindex":0},"north":{"uv":[7.875,2.125,8.125,2.25],"rotation":0,"texture":"#0","tintindex":0},"west":{"uv":[2.5,8.125,2.6875,8.25],"rotation":0,"texture":"#0","tintindex":0},"up":{"uv":[7.25,3.3125,7.0,3.125],"rotation":0,"texture":"#0","tintindex":0},"down":{"uv":[7.25,3.875,7.0,4.0625],"rotation":0,"texture":"#0","tintindex":0}}},{"from":[7.5651197,4.020091,7.2511773],"to":[8.173623,4.8722515,7.591223],"rotation":{"angle":-22.5,"axis":"z","origin":[7.725334,3.8972797,7.935743]},"faces":{"east":{"uv":[5.0,8.5,5.0625,8.6875],"rotation":0,"texture":"#0","tintindex":0},"south":{"uv":[3.0,8.125,3.125,8.3125],"rotation":0,"texture":"#0","tintindex":0},"north":{"uv":[2.875,8.125,3.0,8.3125],"rotation":0,"texture":"#0","tintindex":0},"west":{"uv":[5.125,8.5,5.1875,8.6875],"rotation":0,"texture":"#0","tintindex":0},"up":{"uv":[8.75,4.8125,8.625,4.75],"rotation":0,"texture":"#0","tintindex":0},"down":{"uv":[8.75,4.875,8.625,4.9375],"rotation":0,"texture":"#0","tintindex":0}}},{"from":[7.574165,3.391819,7.3168],"to":[8.051422,4.2270184,7.5554285],"rotation":{"angle":-45.0,"axis":"z","origin":[7.725334,3.8972797,7.935743]},"faces":{"east":{"uv":[8.5,5.125,8.5625,5.3125],"rotation":0,"texture":"#0","tintindex":0},"south":{"uv":[8.125,3.125,8.25,3.3125],"rotation":0,"texture":"#0","tintindex":0},"north":{"uv":[3.125,8.125,3.25,8.3125],"rotation":0,"texture":"#0","tintindex":0},"west":{"uv":[5.25,8.5,5.3125,8.6875],"rotation":0,"texture":"#0","tintindex":0},"up":{"uv":[8.75,5.0625,8.625,5.0],"rotation":0,"texture":"#0","tintindex":0},"down":{"uv":[8.75,5.125,8.625,5.1875],"rotation":0,"texture":"#0","tintindex":0}}},{"from":[7.158401,3.3493543,7.3466287],"to":[7.576001,3.6677542,7.5256],"rotation":{"angle":0.0,"axis":"y","origin":[7.3672013,3.5656972,7.4361143]},"faces":{"east":{"uv":[8.625,5.25,8.6875,5.375],"rotation":0,"texture":"#0","tintindex":0},"south":{"uv":[1.5,8.375,1.625,8.5],"rotation":0,"texture":"#0","tintindex":0},"north":{"uv":[1.375,8.375,1.5,8.5],"rotation":0,"texture":"#0","tintindex":0},"west":{"uv":[8.625,5.375,8.6875,5.5],"rotation":0,"texture":"#0","tintindex":0},"up":{"uv":[5.625,8.6875,5.5,8.625],"rotation":0,"texture":"#0","tintindex":0},"down":{"uv":[8.75,5.5,8.625,5.5625],"rotation":0,"texture":"#0","tintindex":0}}},{"from":[7.574165,3.391819,8.286228],"to":[8.051422,4.2270184,8.5696],"rotation":{"angle":-45.0,"axis":"z","origin":[7.725334,3.8972797,7.935743]},"faces":{"east":{"uv":[5.375,8.5,5.4375,8.6875],"rotation":0,"texture":"#0","tintindex":0},"south":{"uv":[3.375,8.125,3.5,8.3125],"rotation":0,"texture":"#0","tintindex":0},"north":{"uv":[3.25,8.125,3.375,8.3125],"rotation":0,"texture":"#0","tintindex":0},"west":{"uv":[8.5,5.375,8.5625,5.5625],"rotation":0,"texture":"#0","tintindex":0},"up":{"uv":[5.75,8.6875,5.625,8.625],"rotation":0,"texture":"#0","tintindex":0},"down":{"uv":[8.75,5.625,8.625,5.6875],"rotation":0,"texture":"#0","tintindex":0}}},{"from":[7.064082,3.3351684,7.8686285],"to":[7.650596,3.6485395,8.032685],"rotation":{"angle":0.0,"axis":"y","origin":[7.357339,3.4918537,7.9506574]},"faces":{"east":{"uv":[8.625,5.75,8.6875,5.875],"rotation":0,"texture":"#0","tintindex":0},"south":{"uv":[8.125,3.5,8.3125,3.625],"rotation":0,"texture":"#0","tintindex":0},"north":{"uv":[8.125,3.375,8.3125,3.5],"rotation":0,"texture":"#0","tintindex":0},"west":{"uv":[8.625,5.875,8.6875,6.0],"rotation":0,"texture":"#0","tintindex":0},"up":{"uv":[8.6875,4.3125,8.5,4.25],"rotation":0,"texture":"#0","tintindex":0},"down":{"uv":[5.6875,8.5,5.5,8.5625],"rotation":0,"texture":"#0","tintindex":0}}},{"from":[7.121225,3.3351684,8.345885],"to":[7.5934534,3.6485395,8.509943],"rotation":{"angle":0.0,"axis":"y","origin":[7.357339,3.4918537,8.427915]},"faces":{"east":{"uv":[8.625,6.0,8.6875,6.125],"rotation":0,"texture":"#0","tintindex":0},"south":{"uv":[1.75,8.375,1.875,8.5],"rotation":0,"texture":"#0","tintindex":0},"north":{"uv":[1.625,8.375,1.75,8.5],"rotation":0,"texture":"#0","tintindex":0},"west":{"uv":[8.625,6.125,8.6875,6.25],"rotation":0,"texture":"#0","tintindex":0},"up":{"uv":[8.75,6.3125,8.625,6.25],"rotation":0,"texture":"#0","tintindex":0},"down":{"uv":[8.75,6.375,8.625,6.4375],"rotation":0,"texture":"#0","tintindex":0}}},{"from":[7.574165,3.391819,7.8089714],"to":[8.051422,4.2270184,8.092343],"rotation":{"angle":-45.0,"axis":"z","origin":[7.725334,3.8972797,7.935743]},"faces":{"east":{"uv":[8.5,5.625,8.5625,5.8125],"rotation":0,"texture":"#0","tintindex":0},"south":{"uv":[3.75,8.125,3.875,8.3125],"rotation":0,"texture":"#0","tintindex":0},"north":{"uv":[3.5,8.125,3.625,8.3125],"rotation":0,"texture":"#0","tintindex":0},"west":{"uv":[5.75,8.5,5.8125,8.6875],"rotation":0,"texture":"#0","tintindex":0},"up":{"uv":[6.625,8.6875,6.5,8.625],"rotation":0,"texture":"#0","tintindex":0},"down":{"uv":[8.75,6.5,8.625,6.5625],"rotation":0,"texture":"#0","tintindex":0}}},{"from":[7.010606,4.445234,7.221349],"to":[7.440137,5.41168,7.8298516],"rotation":{"angle":-22.5,"axis":"z","origin":[7.3446856,4.9284573,7.5256]},"faces":{"east":{"uv":[3.875,8.125,4.0,8.3125],"rotation":0,"texture":"#0","tintindex":0},"south":{"uv":[8.5,5.875,8.5625,6.0625],"rotation":0,"texture":"#0","tintindex":0},"north":{"uv":[5.875,8.5,5.9375,8.6875],"rotation":0,"texture":"#0","tintindex":0},"west":{"uv":[8.125,3.875,8.25,4.0625],"rotation":0,"texture":"#0","tintindex":0},"up":{"uv":[6.6875,8.75,6.625,8.625],"rotation":0,"texture":"#0","tintindex":0},"down":{"uv":[6.8125,8.625,6.75,8.75],"rotation":0,"texture":"#0","tintindex":0}}},{"from":[6.897257,3.854628,7.2869716],"to":[7.195543,4.6898284,7.7642283],"rotation":{"angle":0.0,"axis":"y","origin":[7.060753,4.003741,7.5256]},