{"textures":{"0":"modelengine:entity/nocsy_skeleton_archer_end"},"elements":[{"from":[7.804392,5.162676,7.605954],"to":[8.370106,8.24839,8.377382],"rotation":{"angle":0.0,"axis":"y","origin":[6.6986775,8.351248,8.043097]},"faces":{"east":{"uv":[2.125,5.375,2.3125,6.0625],"rotation":0,"texture":"#0","tintindex":0},"south":{"uv":[6.375,4.0,6.5,4.6875],"rotation":0,"texture":"#0","tintindex":0},"north":{"uv":[3.875,6.375,4.0,7.0625],"rotation":0,"texture":"#0","tintindex":0},"west":{"uv":[2.375,5.375,2.5625,6.0625],"rotation":0,"texture":"#0","tintindex":0},"up":{"uv":[8.25,2.1875,8.125,2.0],"rotation":0,"texture":"#0","tintindex":0},"down":{"uv":[2.25,8.125,2.125,8.3125],"rotation":0,"texture":"#0","tintindex":0}}},{"from":[8.066123,4.8550377,7.7390714],"to":[8.899266,5.688181,8.520785],"rotation":{"angle":45.0,"axis":"z","origin":[7.8815346,4.982676,7.991668]},"faces":{"east":{"uv":[7.75,1.75,7.9375,1.9375],"rotation":0,"texture":"#0","tintindex":0},"south":{"uv":[2.625,7.75,2.8125,7.9375],"rotation":0,"texture":"#0","tintindex":0},"north":{"uv":[7.75,1.5,7.9375,1.6875],"rotation":0,"texture":"#0","tintindex":0},"west":{"uv":[7.75,2.875,7.9375,3.0625],"rotation":0,"texture":"#0","tintindex":0},"up":{"uv":[7.9375,3.3125,7.75,3.125],"rotation":0,"texture":"#0","tintindex":0},"down":{"uv":[7.9375,3.375,7.75,3.5625],"rotation":0,"texture":"#0","tintindex":0}}}],"display":{"head":{"translation":[0.0,-6.4,0.0],"scale":[4.0,4.0,4.0]}}}