{"textures":{"0":"modelengine:entity/zebra"},"elements":[{"from":[3.56608,6.739703,5.5544243],"to":[8.3064,11.662344,10.659384],"faces":{"east":{"uv":[0.625,2.25,1.25,2.875],"tintindex":0,"rotation":0,"texture":"#0"},"south":{"uv":[3.625,5.125,4.25,5.75],"tintindex":0,"rotation":0,"texture":"#0"},"north":{"uv":[0.0,2.25,0.625,2.875],"tintindex":0,"rotation":0,"texture":"#0"},"west":{"uv":[1.625,5.25,2.25,5.875],"tintindex":0,"rotation":0,"texture":"#0"},"up":{"uv":[5.875,5.0,5.25,4.375],"tintindex":0,"rotation":0,"texture":"#0"},"down":{"uv":[5.875,5.0,5.25,5.625],"tintindex":0,"rotation":0,"texture":"#0"}},"rotation":{"origin":[9.103636,10.848862,-1.6555157],"angle":0.0,"axis":"x"}},{"from":[3.7484002,-2.019086,3.846681],"to":[7.03016,5.273714,8.222361],"faces":{"east":{"uv":[1.125,4.75,1.625,5.625],"tintindex":0,"rotation":0,"texture":"#0"},"south":{"uv":[1.625,5.875,2.0,6.75],"tintindex":0,"rotation":0,"texture":"#0"},"north":{"uv":[5.75,5.625,6.125,6.5],"tintindex":0,"rotation":0,"texture":"#0"},"west":{"uv":[2.375,4.75,2.875,5.625],"tintindex":0,"rotation":0,"texture":"#0"},"up":{"uv":[7.125,6.5,6.75,6.0],"tintindex":0,"rotation":0,"texture":"#0"},"down":{"uv":[7.25,3.25,6.875,3.75],"tintindex":0,"rotation":0,"texture":"#0"}},"rotation":{"origin":[9.103636,10.848862,-1.6555157],"angle":-22.5,"axis":"x"}}]}