{"textures":{"0":"modelengine:entity/zebra"},"elements":[{"from":[6.9661713,8.353109,7.9004774],"to":[8.841463,15.124994,9.51138],"rotation":{"angle":-45.0,"axis":"x","origin":[7.942649,9.283921,8.317991]},"faces":{"east":{"uv":[0.0,4.75,0.375,6.25],"rotation":0,"texture":"#0","tintindex":0},"south":{"uv":[0.375,4.75,0.75,6.25],"rotation":0,"texture":"#0","tintindex":0},"north":{"uv":[3.25,3.875,3.625,5.375],"rotation":0,"texture":"#0","tintindex":0},"west":{"uv":[0.75,4.75,1.125,6.25],"rotation":0,"texture":"#0","tintindex":0},"up":{"uv":[7.875,3.0,7.5,2.625],"rotation":0,"texture":"#0","tintindex":0},"down":{"uv":[7.875,3.0,7.5,3.375],"rotation":0,"texture":"#0","tintindex":0}}},{"from":[6.54944,8.666575,5.299237],"to":[9.258194,15.125913,7.59126],"rotation":{"angle":-22.5,"axis":"x","origin":[7.942649,9.283921,8.317991]},"faces":{"east":{"uv":[4.625,1.75,5.125,3.125],"rotation":0,"texture":"#0","tintindex":0},"south":{"uv":[1.75,3.875,2.375,5.25],"rotation":0,"texture":"#0","tintindex":0},"north":{"uv":[3.625,3.75,4.25,5.125],"rotation":0,"texture":"#0","tintindex":0},"west":{"uv":[4.25,4.625,4.75,6.0],"rotation":0,"texture":"#0","tintindex":0},"up":{"uv":[6.875,1.375,6.25,0.875],"rotation":0,"texture":"#0","tintindex":0},"down":{"uv":[6.875,1.375,6.25,1.875],"rotation":0,"texture":"#0","tintindex":0}}},{"from":[7.865143,10.690905,0.7017236],"to":[7.865143,15.066584,9.557266],"rotation":{"angle":22.5,"axis":"x","origin":[7.942649,9.283921,7.138562]},"faces":{"east":{"uv":[3.625,1.0,1.75,2.0],"rotation":0,"texture":"#0","tintindex":0},"west":{"uv":[1.75,1.0,3.625,2.0],"rotation":0,"texture":"#0","tintindex":0}}}],"display":{"head":{"translation":[0.0,-6.4,0.0],"scale":[4.0,4.0,4.0]}}}