{"textures":{"0":"modelengine:entity/zebra"},"elements":[{"from":[7.764,12.709083,-4.771983],"to":[7.764,20.366524,10.725217],"faces":{"east":{"uv":[3.625,1.0,1.75,2.0],"tintindex":0,"rotation":0,"texture":"#0"},"west":{"uv":[1.75,1.0,3.625,2.0],"tintindex":0,"rotation":0,"texture":"#0"}},"rotation":{"origin":[7.899636,10.246861,6.492484],"angle":22.5,"axis":"x"}},{"from":[5.46152,9.166507,3.2736645],"to":[10.201839,20.470348,7.2847047],"faces":{"east":{"uv":[4.625,1.75,5.125,3.125],"tintindex":0,"rotation":0,"texture":"#0"},"south":{"uv":[1.75,3.875,2.375,5.25],"tintindex":0,"rotation":0,"texture":"#0"},"north":{"uv":[3.625,3.75,4.25,5.125],"tintindex":0,"rotation":0,"texture":"#0"},"west":{"uv":[4.25,4.625,4.75,6.0],"tintindex":0,"rotation":0,"texture":"#0"},"up":{"uv":[6.875,1.375,6.25,0.875],"tintindex":0,"rotation":0,"texture":"#0"},"down":{"uv":[6.875,1.375,6.25,1.875],"tintindex":0,"rotation":0,"texture":"#0"}},"rotation":{"origin":[7.899636,10.246861,8.556484],"angle":-22.5,"axis":"x"}},{"from":[6.1907997,8.617941,7.825835],"to":[9.47256,20.468742,10.644915],"faces":{"east":{"uv":[0.0,4.75,0.375,6.25],"tintindex":0,"rotation":0,"texture":"#0"},"south":{"uv":[0.375,4.75,0.75,6.25],"tintindex":0,"rotation":0,"texture":"#0"},"north":{"uv":[3.25,3.875,3.625,5.375],"tintindex":0,"rotation":0,"texture":"#0"},"west":{"uv":[0.75,4.75,1.125,6.25],"tintindex":0,"rotation":0,"texture":"#0"},"up":{"uv":[7.875,3.0,7.5,2.625],"tintindex":0,"rotation":0,"texture":"#0"},"down":{"uv":[7.875,3.0,7.5,3.375],"tintindex":0,"rotation":0,"texture":"#0"}},"rotation":{"origin":[7.899636,10.246861,8.556484],"angle":-45.0,"axis":"x"}}]}