{"textures":{"0":"modelengine:entity/lizard_aqua"},"elements":[{"from":[5.428571,3.264256,7.349337],"to":[10.571428,9.549971,14.777909],"rotation":{"angle":22.5,"axis":"x","origin":[8.0,6.407113,11.063623]},"faces":{"east":{"uv":[2.75,2.625,3.5625,3.3125],"rotation":0,"texture":"#0","tintindex":0},"south":{"uv":[2.5625,4.1875,3.125,4.875],"rotation":0,"texture":"#0","tintindex":0},"north":{"uv":[2.5625,4.1875,3.125,4.875],"rotation":0,"texture":"#0","tintindex":0},"west":{"uv":[2.875,0.0,3.6875,0.6875],"rotation":0,"texture":"#0","tintindex":0},"up":{"uv":[0.5625,4.5,0.0,3.6875],"rotation":0,"texture":"#0","tintindex":0},"down":{"uv":[0.5625,4.5,0.0,3.6875],"rotation":0,"texture":"#0","tintindex":0}}},{"from":[8.0,7.4458256,11.035615],"to":[8.0,13.160111,16.178473],"rotation":{"angle":45.0,"axis":"x","origin":[8.0,10.302969,13.607043]},"faces":{"east":{"uv":[3.25,4.9375,2.6875,5.5625],"rotation":0,"texture":"#0","tintindex":0},"south":{"uv":[1.75,7.1875,1.75,7.8125],"rotation":0,"texture":"#0","tintindex":0},"north":{"uv":[3.125,7.125,3.125,7.75],"rotation":0,"texture":"#0","tintindex":0},"west":{"uv":[2.6875,4.9375,3.25,5.5625],"rotation":0,"texture":"#0","tintindex":0},"up":{"uv":[5.9375,7.75,5.9375,7.1875],"rotation":0,"texture":"#0","tintindex":0},"down":{"uv":[6.0,7.1875,6.0,7.75],"rotation":0,"texture":"#0","tintindex":0}}}],"display":{"head":{"translation":[0.0,-6.4,0.0],"scale":[4.0,4.0,4.0]}}}