{"textures":{"0":"modelengine:entity/mount_chick_yellow"},"elements":[{"from":[-3.5406685,7.887499,6.947621],"to":[9.4593315,7.887499,23.94762],"faces":{"up":{"uv":[4.5,4.125,6.125,2.0],"tintindex":0,"rotation":0,"texture":"#0"},"down":{"uv":[6.125,2.0,4.5,4.125],"tintindex":0,"rotation":0,"texture":"#0"}},"rotation":{"origin":[2.959331,7.887499,15.44762],"angle":-22.5,"axis":"y"}},{"from":[6.6220064,7.887499,6.947621],"to":[19.622005,7.887499,23.94762],"faces":{"up":{"uv":[6.125,4.125,4.5,2.0],"tintindex":0,"rotation":0,"texture":"#0"},"down":{"uv":[4.5,2.0,6.125,4.125],"tintindex":0,"rotation":0,"texture":"#0"}},"rotation":{"origin":[13.122005,7.887499,15.44762],"angle":22.5,"axis":"y"}},{"from":[2.5406685,8.112499,8.05238],"to":[14.5406685,8.112499,25.05238],"faces":{"up":{"uv":[1.5,8.375,0.0,6.25],"tintindex":0,"rotation":0,"texture":"#0"},"down":{"uv":[1.5,6.25,0.0,8.375],"tintindex":0,"rotation":0,"texture":"#0"}}}]}