{"textures":{"0":"modelengine:entity/elevator"},"elements":[{"from":[-10.857143,-5.714287,7.428571],"to":[-9.714287,21.714287,8.571428],"rotation":{"angle":0.0,"axis":"y","origin":[2.8571424,-5.714287,21.142857]},"faces":{"east":{"uv":[7.5,8.875,7.875,12.625],"rotation":0,"texture":"#0","tintindex":0},"south":{"uv":[7.5,8.875,7.875,12.625],"rotation":0,"texture":"#0","tintindex":0},"north":{"uv":[7.5,8.875,7.875,12.625],"rotation":0,"texture":"#0","tintindex":0},"west":{"uv":[7.5,8.875,7.875,12.625],"rotation":0,"texture":"#0","tintindex":0},"up":{"uv":[7.5,8.875,7.875,12.625],"rotation":0,"texture":"#0","tintindex":0},"down":{"uv":[7.5,8.875,7.875,12.625],"rotation":0,"texture":"#0","tintindex":0}}},{"from":[24.57143,-5.714287,7.428571],"to":[25.714287,21.714287,8.571428],"rotation":{"angle":0.0,"axis":"y","origin":[12.0,-5.714287,21.142857]},"faces":{"east":{"uv":[7.5,8.875,7.875,12.625],"rotation":0,"texture":"#0","tintindex":0},"south":{"uv":[7.5,8.875,7.875,12.625],"rotation":0,"texture":"#0","tintindex":0},"north":{"uv":[7.5,8.875,7.875,12.625],"rotation":0,"texture":"#0","tintindex":0},"west":{"uv":[7.5,8.875,7.875,12.625],"rotation":0,"texture":"#0","tintindex":0},"up":{"uv":[7.5,8.875,7.875,12.625],"rotation":0,"texture":"#0","tintindex":0},"down":{"uv":[7.5,8.875,7.875,12.625],"rotation":0,"texture":"#0","tintindex":0}}}],"display":{"head":{"translation":[0.0,-6.4,0.0],"scale":[4.0,4.0,4.0]}}}