{"textures":{"0":"modelengine:entity/elevator"},"elements":[{"from":[-10.285715,-14.742857,-2.285716],"to":[25.142859,-14.171429,32.0],"rotation":{"angle":0.0,"axis":"y","origin":[8.0,-14.742857,10.285713]},"faces":{"east":{"uv":[4.875,0.0,8.0,0.125],"rotation":0,"texture":"#0","tintindex":0},"south":{"uv":[4.875,2.625,8.0,2.75],"rotation":0,"texture":"#0","tintindex":0},"north":{"uv":[10.25,0.0,10.375,3.625],"rotation":0,"texture":"#0","tintindex":0},"west":{"uv":[10.25,0.0,10.375,3.625],"rotation":0,"texture":"#0","tintindex":0},"up":{"uv":[0.0,8.7375,4.025,12.75],"rotation":0,"texture":"#0","tintindex":0},"down":{"uv":[4.0,8.75,8.0,12.75],"rotation":0,"texture":"#0","tintindex":0}}},{"from":[-9.714287,11.542857,-2.285716],"to":[24.57143,12.114286,31.428572],"rotation":{"angle":0.0,"axis":"y","origin":[8.0,-14.742857,10.285713]},"faces":{"east":{"uv":[4.125,0.0,8.0,0.125],"rotation":0,"texture":"#0","tintindex":0},"south":{"uv":[4.125,0.0,8.0,0.125],"rotation":0,"texture":"#0","tintindex":0},"north":{"uv":[10.25,0.0,10.375,3.625],"rotation":0,"texture":"#0","tintindex":0},"west":{"uv":[4.125,0.0,8.0,0.125],"rotation":0,"texture":"#0","tintindex":0},"up":{"uv":[4.0,8.75,8.0,12.75],"rotation":0,"texture":"#0","tintindex":0},"down":{"uv":[0.0,4.75,4.0,8.75],"rotation":0,"texture":"#0","tintindex":0}}},{"from":[-9.714287,-14.171429,31.428572],"to":[24.57143,12.114286,32.0],"rotation":{"angle":0.0,"axis":"y","origin":[8.0,-14.742857,10.285713]},"faces":{"east":{"uv":[10.25,0.0,10.375,3.625],"rotation":0,"texture":"#0","tintindex":0},"south":{"uv":[2.875,0.0,10.375,3.75],"rotation":0,"texture":"#0","tintindex":0},"north":{"uv":[0.0,12.7375,7.475,16.0],"rotation":0,"texture":"#0","tintindex":0},"west":{"uv":[10.25,0.0,10.375,3.625],"rotation":0,"texture":"#0","tintindex":0},"up":{"uv":[10.25,0.0,10.375,3.625],"rotation":0,"texture":"#0","tintindex":0},"down":{"uv":[10.25,0.0,10.375,3.625],"rotation":0,"texture":"#0","tintindex":0}}},{"from":[-10.285715,-14.171429,-2.285716],"to":[-9.714287,12.114286,32.0],"rotation":{"angle":0.0,"axis":"y","origin":[8.0,-14.742857,10.285713]},"faces":{"east":{"uv":[0.0,12.7375,7.475,16.0],"rotation":0,"texture":"#0","tintindex":0},"south":{"uv":[10.25,0.0,10.375,3.625],"rotation":0,"texture":"#0","tintindex":0},"north":{"uv":[10.25,0.0,10.375,3.625],"rotation":0,"texture":"#0","tintindex":0},"west":{"uv":[2.875,0.0,10.375,3.75],"rotation":0,"texture":"#0","tintindex":0},"up":{"uv":[10.25,0.0,10.375,3.625],"rotation":0,"texture":"#0","tintindex":0},"down":{"uv":[10.25,0.0,10.375,3.625],"rotation":0,"texture":"#0","tintindex":0}}},{"from":[24.57143,-14.171429,-2.285716],"to":[25.142859,12.114286,32.0],"rotation":{"angle":0.0,"axis":"y","origin":[8.0,-14.742857,10.285713]},"faces":{"east":{"uv":[2.875,0.0,10.375,3.75],"rotation":0,"texture":"#0","tintindex":0},"south":{"uv":[10.25,0.0,10.375,3.625],"rotation":0,"texture":"#0","tintindex":0},"north":{"uv":[10.25,0.0,10.375,3.625],"rotation":0,"texture":"#0","tintindex":0},"west":{"uv":[0.0,12.7375,7.475,16.0],"rotation":0,"texture":"#0","tintindex":0},"up":{"uv":[10.25,0.0,10.375,3.625],"rotation":0,"texture":"#0","tintindex":0},"down":{"uv":[10.25,0.0,10.375,3.625],"rotation":0,"texture":"#0","tintindex":0}}}],"display":{"head":{"translation":[0.0,-6.4,9.600006],"scale":[4.0,4.0,4.0]}}}