{"textures":{"0":"modelengine:entity/lr_arcadelogotext"},"elements":[{"from":[23.337715,3.1197143,12.308001],"to":[25.545713,10.111714,14.492001],"rotation":{"angle":0.0,"axis":"y","origin":[7.9737144,6.661714,14.4]},"faces":{"east":{"uv":[0.0,1.625,0.6875,3.8125],"rotation":0,"texture":"#0","tintindex":0},"south":{"uv":[0.75,1.625,1.4375,3.8125],"rotation":0,"texture":"#0","tintindex":0},"north":{"uv":[2.25,0.0,2.9375,2.1875],"rotation":0,"texture":"#0","tintindex":0},"west":{"uv":[1.5,1.625,2.1875,3.8125],"rotation":0,"texture":"#0","tintindex":0},"up":{"uv":[5.9375,10.6875,5.25,10.0],"rotation":90,"texture":"#0","tintindex":0},"down":{"uv":[7.9375,10.0,7.25,10.6875],"rotation":270,"texture":"#0","tintindex":0}}},{"from":[20.209715,8.455714,12.308001],"to":[23.337715,10.111714,14.492001],"rotation":{"angle":0.0,"axis":"y","origin":[7.9737144,6.661714,14.4]},"faces":{"east":{"uv":[11.25,0.0,11.9375,0.5],"rotation":0,"texture":"#0","tintindex":0},"south":{"uv":[9.75,5.375,10.75,5.875],"rotation":0,"texture":"#0","tintindex":0},"north":{"uv":[9.75,9.25,10.75,9.75],"rotation":0,"texture":"#0","tintindex":0},"west":{"uv":[11.25,4.5,11.9375,5.0],"rotation":0,"texture":"#0","tintindex":0},"up":{"uv":[8.6875,8.25,8.0,7.25],"rotation":90,"texture":"#0","tintindex":0},"down":{"uv":[8.6875,8.25,8.0,9.25],"rotation":270,"texture":"#0","tintindex":0}}},{"from":[17.449715,3.1197143,12.308001],"to":[19.657715,10.111714,14.492001],"rotation":{"angle":0.0,"axis":"y","origin":[7.9737144,6.661714,14.4]},"faces":{"east":{"uv":[2.25,2.25,2.9375,4.4375],"rotation":0,"texture":"#0","tintindex":0},"south":{"uv":[3.0,0.0,3.6875,2.1875],"rotation":0,"texture":"#0","tintindex":0},"north":{"uv":[3.75,0.0,4.4375,2.1875],"rotation":0,"texture":"#0","tintindex":0},"west":{"uv":[3.0,2.25,3.6875,4.4375],"rotation":0,"texture":"#0","tintindex":0},"up":{"uv":[1.1875,10.8125,0.5,10.125],"rotation":90,"texture":"#0","tintindex":0},"down":{"uv":[5.1875,10.125,4.5,10.8125],"rotation":270,"texture":"#0","tintindex":0}}},{"from":[14.321714,8.271714,12.308001],"to":[17.449715,10.111714,14.492001],"rotation":{"angle":0.0,"axis":"y","origin":[7.9737144,6.661714,14.4]},"faces":{"east":{"uv":[10.5,0.0,11.1875,0.5625],"rotation":0,"texture":"#0","tintindex":0},"south":{"uv":[8.0,5.125,9.0,5.6875],"rotation":0,"texture":"#0","tintindex":0},"north":{"uv":[8.0,9.25,9.0,9.8125],"rotation":0,"texture":"#0","tintindex":0},"west":{"uv":[10.5,4.5,11.1875,5.0625],"rotation":0,"texture":"#0","tintindex":0},"up":{"uv":[9.0625,2.125,8.375,1.125],"rotation":90,"texture":"#0","tintindex":0},"down":{"uv":[9.0625,2.125,8.375,3.125],"rotation":270,"texture":"#0","tintindex":0}}},{"from":[8.065714,8.271714,12.308001],"to":[12.849714,10.111714,14.492001],"rotation":{"angle":0.0,"axis":"y","origin":[7.9737144,6.661714,14.4]},"faces":{"east":{"uv":[10.5,8.25,11.1875,8.8125],"rotation":0,"texture":"#0","tintindex":0},"south":{"uv":[7.5,6.0,9.0,6.5625],"rotation":0,"texture":"#0","tintindex":0},"north":{"uv":[7.5,6.625,9.0,7.1875],"rotation":0,"texture":"#0","tintindex":0},"west":{"uv":[10.5,10.25,11.1875,10.8125],"rotation":0,"texture":"#0","tintindex":0},"up":{"uv":[7.4375,6.5,6.75,5.0],"rotation":90,"texture":"#0","tintindex":0},"down":{"uv":[7.4375,6.5,6.75,8.0],"rotation":270,"texture":"#0","tintindex":0}}},{"from":[5.121714,3.1197143,12.308001],"to":[7.3297143,10.111714,14.492001],"rotation":{"angle":0.0,"axis":"y","origin":[7.9737144,6.661714,14.4]},"faces":{"east":{"uv":[3.75,2.25,4.4375,4.4375],"rotation":0,"texture":"#0","tintindex":0},"south":{"uv":[0.0,3.875,0.6875,6.0625],"rotation":0,"texture":"#0","tintindex":0},"north":{"uv":[1.5,3.875,2.1875,6.0625],"rotation":0,"texture":"#0","tintindex":0},"west":{"uv":[0.75,3.875,1.4375,6.0625],"rotation":0,"texture":"#0","tintindex":0},"up":{"uv":[10.8125,6.5625,10.125,5.875],"rotation":90,"texture":"#0","tintindex":0},"down":{"uv":[9.6875,10.125,9.0,10.8125],"rotation":270,"texture":"#0","tintindex":0}}},{"from":[1.9937139,8.455714,12.308001],"to":[5.121714,10.111714,14.492001],"rotation":{"angle":0.0,"axis":"y","origin":[7.9737144,6.661714,14.4]},"faces":{"east":{"uv":[11.375,2.875,12.0625,3.375],"rotation":0,"texture":"#0","tintindex":0},"south":{"uv":[9.75,9.75,10.75,10.25],"rotation":0,"texture":"#0","tintindex":0},"north":{"uv":[8.0,9.875,9.0,10.375],"rotation":0,"texture":"#0","tintindex":0},"west":{"uv":[11.375,3.375,12.0625,3.875],"rotation":0,"texture":"#0","tintindex":0},"up":{"uv":[2.9375,9.375,2.25,8.375],"rotation":90,"texture":"#0","tintindex":0},"down":{"uv":[3.6875,8.375,3.0,9.375],"rotation":270,"texture":"#0","tintindex":0}}},{"from":[-0.7662859,3.1197143,12.308001],"to":[1.4417143,10.111714,14.492001],"rotation":{"angle":0.0,"axis":"y","origin":[7.9737144,6.661714,14.4]},"faces":{"east":{"uv":[4.5,0.0,5.1875,2.1875],"rotation":0,"texture":"#0","tintindex":0},"south":{"uv":[2.25,4.5,2.9375,6.6875],"rotation":0,"texture":"#0","tintindex":0},"north":{"uv":[3.0,4.5,3.6875,6.6875],"rotation":0,"texture":"#0","tintindex":0},"west":{"uv":[4.5,2.25,5.1875,4.4375],"rotation":0,"texture":"#0","tintindex":0},"up":{"uv":[10.9375,1.3125,10.25,0.625],"rotation":90,"texture":"#0","tintindex":0},"down":{"uv":[1.9375,10.25,1.25,10.9375],"rotation":270,"texture":"#0","tintindex":0}}},{"from":[-3.342286,8.271714,12.308001],"to":[-0.7662859,10.111714,14.492001],"rotation":{"angle":0.0,"axis":"y","origin":[7.9737144,6.661714,14.4]},"faces":{"east":{"uv":[10.625,2.625,11.3125,3.1875],"rotation":0,"texture":"#0","tintindex":0},"south":{"uv":[10.375,1.375,11.1875,1.9375],"rotation":0,"texture":"#0","tintindex":0},"north":{"uv":[10.375,2.0,11.1875,2.5625],"rotation":0,"texture":"#0","tintindex":0},"west":{"uv":[10.625,3.25,11.3125,3.8125],"rotation":0,"texture":"#0","tintindex":0},"up":{"uv":[9.6875,10.0625,9.0,9.25],"rotation":90,"texture":"#0","tintindex":0},"down":{"uv":[2.9375,9.375,2.25,10.1875],"rotation":270,"texture":"#0","tintindex":0}}},{"from":[-7.0222855,3.1197143,12.308001],"to":[-4.8142853,10.111714,14.492001],"rotation":{"angle":0.0,"axis":"y","origin":[7.9737144,6.661714,14.4]},"faces":{"east":{"uv":[3.75,4.5,4.4375,6.6875],"rotation":0,"texture":"#0","tintindex":0},"south":{"uv":[4.5,4.5,5.1875,6.6875],"rotation":0,"texture":"#0","tintindex":0},"north":{"uv":[5.25,2.25,5.9375,4.4375],"rotation":0,"texture":"#0","tintindex":0},"west":{"uv":[5.25,0.0,5.9375,2.1875],"rotation":0,"texture":"#0","tintindex":0},"up":{"uv":[2.6875,10.9375,2.0,10.25],"rotation":90,"texture":"#0","tintindex":0},"down":{"uv":[3.4375,10.25,2.75,10.9375],"rotation":270,"texture":"#0","tintindex":0}}},{"from":[-9.966286,8.271714,12.308001],"to":[-7.0222855,10.111714,14.492001],"rotation":{"angle":0.0,"axis":"y","origin":[7.9737144,6.661714,14.4]},"faces":{"east":{"uv":[10.625,3.875,11.3125,4.4375],"rotation":0,"texture":"#0","tintindex":0},"south":{"uv":[9.5,0.0,10.4375,0.5625],"rotation":0,"texture":"#0","tintindex":0},"north":{"uv":[0.5,9.5,1.4375,10.0625],"rotation":0,"texture":"#0","tintindex":0},"west":{"uv":[10.75,5.125,11.4375,5.6875],"rotation":0,"texture":"#0","tintindex":0},"up":{"uv":[9.0625,4.0625,8.375,3.125],"rotation":90,"texture":"#0","tintindex":0},"down":{"uv":[4.4375,8.375,3.75,9.3125],"rotation":270,"texture":"#0","tintindex":0}}},{"from":[-4.078286,3.6717143,12.308001],"to":[-3.342286,9.375714,14.492001],"rotation":{"angle":0.0,"axis":"y","origin":[7.9737144,6.661714,14.4]},"faces":{"east":{"uv":[6.0,5.25,6.6875,7.0625],"rotation":0,"texture":"#0","tintindex":0},"south":{"uv":[4.25,10.25,4.5,12.0625],"rotation":0,"texture":"#0","tintindex":0},"north":{"uv":[10.375,2.625,10.625,4.4375],"rotation":0,"texture":"#0","tintindex":0},"west":{"uv":[0.0,6.125,0.6875,7.9375],"rotation":0,"texture":"#0","tintindex":0},"up":{"uv":[8.6875,6.0,8.0,5.75],"rotation":90,"texture":"#0","tintindex":0},"down":{"uv":[12.6875,4.75,12.0,5.0],"rotation":270,"texture":"#0","tintindex":0}}},{"from":[12.849714,4.0397143,12.308001],"to":[13.585714,9.191714,14.492001],