{"textures":{"0":"modelengine:entity/lr_arcadelogotext"},"elements":[{"from":[12.40128,13.516272,6.8340297],"to":[14.161793,15.276783,9.16597],"rotation":{"angle":0.0,"axis":"y","origin":[8.0,8.234735,7.714286]},"faces":{"east":{"uv":[9.0,6.75,9.5,7.125],"rotation":0,"texture":"#0","tintindex":0},"south":{"uv":[1.375,12.125,1.75,12.5],"rotation":0,"texture":"#0","tintindex":0},"north":{"uv":[9.75,12.125,10.125,12.5],"rotation":0,"texture":"#0","tintindex":0},"west":{"uv":[10.75,7.875,11.25,8.25],"rotation":0,"texture":"#0","tintindex":0},"up":{"uv":[2.75,12.125,2.25,11.75],"rotation":90,"texture":"#0","tintindex":0},"down":{"uv":[3.25,11.75,2.75,12.125],"rotation":270,"texture":"#0","tintindex":0}}},{"from":[1.8382077,13.516272,6.8340297],"to":[3.5987196,15.276783,9.16597],"rotation":{"angle":0.0,"axis":"y","origin":[8.0,8.234735,7.714286]},"faces":{"east":{"uv":[3.25,11.75,3.75,12.125],"rotation":0,"texture":"#0","tintindex":0},"south":{"uv":[12.25,0.375,12.625,0.75],"rotation":0,"texture":"#0","tintindex":0},"north":{"uv":[12.25,0.75,12.625,1.125],"rotation":0,"texture":"#0","tintindex":0},"west":{"uv":[3.75,11.75,4.25,12.125],"rotation":0,"texture":"#0","tintindex":0},"up":{"uv":[12.25,8.125,11.75,7.75],"rotation":90,"texture":"#0","tintindex":0},"down":{"uv":[12.25,8.125,11.75,8.5],"rotation":270,"texture":"#0","tintindex":0}}},{"from":[10.640768,9.995247,6.8340297],"to":[12.40128,13.516272,9.16597],"rotation":{"angle":0.0,"axis":"y","origin":[8.0,8.234735,7.714286]},"faces":{"east":{"uv":[10.5,10.875,11.0,11.625],"rotation":0,"texture":"#0","tintindex":0},"south":{"uv":[8.0,11.5,8.375,12.25],"rotation":0,"texture":"#0","tintindex":0},"north":{"uv":[8.375,11.5,8.75,12.25],"rotation":0,"texture":"#0","tintindex":0},"west":{"uv":[11.0,0.625,11.5,1.375],"rotation":0,"texture":"#0","tintindex":0},"up":{"uv":[10.25,12.125,9.75,11.75],"rotation":90,"texture":"#0","tintindex":0},"down":{"uv":[12.25,10.125,11.75,10.5],"rotation":270,"texture":"#0","tintindex":0}}},{"from":[3.5987196,9.995247,6.8340297],"to":[5.359232,13.516272,9.16597],"rotation":{"angle":0.0,"axis":"y","origin":[8.0,8.234735,7.714286]},"faces":{"east":{"uv":[1.25,11.0,1.75,11.75],"rotation":0,"texture":"#0","tintindex":0},"south":{"uv":[11.5,8.625,11.875,9.375],"rotation":0,"texture":"#0","tintindex":0},"north":{"uv":[9.0,11.5,9.375,12.25],"rotation":0,"texture":"#0","tintindex":0},"west":{"uv":[1.75,11.0,2.25,11.75],"rotation":0,"texture":"#0","tintindex":0},"up":{"uv":[12.25,10.875,11.75,10.5],"rotation":90,"texture":"#0","tintindex":0},"down":{"uv":[12.25,11.625,11.75,12.0],"rotation":270,"texture":"#0","tintindex":0}}},{"from":[12.40128,2.953199,6.8340297],"to":[14.161793,11.755759,9.16597],"rotation":{"angle":0.0,"axis":"y","origin":[8.0,8.234735,7.714286]},"faces":{"east":{"uv":[6.0,7.125,6.5,9.0625],"rotation":0,"texture":"#0","tintindex":0},"south":{"uv":[8.0,1.125,8.375,3.0625],"rotation":0,"texture":"#0","tintindex":0},"north":{"uv":[8.0,3.125,8.375,5.0625],"rotation":0,"texture":"#0","tintindex":0},"west":{"uv":[7.5,0.0,8.0,1.9375],"rotation":0,"texture":"#0","tintindex":0},"up":{"uv":[12.375,2.5,11.875,2.125],"rotation":90,"texture":"#0","tintindex":0},"down":{"uv":[12.375,2.5,11.875,2.875],"rotation":270,"texture":"#0","tintindex":0}}},{"from":[5.359232,4.713711,6.8340297],"to":[10.640768,11.755759,9.16597],"rotation":{"angle":0.0,"axis":"y","origin":[8.0,8.234735,7.714286]},"faces":{"east":{"uv":[1.25,7.875,1.75,9.4375],"rotation":0,"texture":"#0","tintindex":0},"south":{"uv":[0.0,0.0,1.125,1.5625],"rotation":0,"texture":"#0","tintindex":0},"north":{"uv":[1.125,0.0,2.25,1.5625],"rotation":0,"texture":"#0","tintindex":0},"west":{"uv":[1.75,7.875,2.25,9.4375],"rotation":0,"texture":"#0","tintindex":0},"up":{"uv":[8.0,10.0,7.5,8.875],"rotation":90,"texture":"#0","tintindex":0},"down":{"uv":[0.5,9.125,0.0,10.25],"rotation":270,"texture":"#0","tintindex":0}}},{"from":[1.8382077,2.953199,6.8340297],"to":[3.5987196,11.755759,9.16597],"rotation":{"angle":0.0,"axis":"y","origin":[8.0,8.234735,7.714286]},"faces":{"east":{"uv":[7.5,2.0,8.0,3.9375],"rotation":0,"texture":"#0","tintindex":0},"south":{"uv":[5.25,8.0,5.625,9.9375],"rotation":0,"texture":"#0","tintindex":0},"north":{"uv":[5.625,8.0,6.0,9.9375],"rotation":0,"texture":"#0","tintindex":0},"west":{"uv":[7.5,4.0,8.0,5.9375],"rotation":0,"texture":"#0","tintindex":0},"up":{"uv":[5.75,12.25,5.25,11.875],"rotation":90,"texture":"#0","tintindex":0},"down":{"uv":[7.75,11.875,7.25,12.25],"rotation":270,"texture":"#0","tintindex":0}}},{"from":[14.161793,6.474223,6.8340297],"to":[15.922304,9.995247,9.16597],"rotation":{"angle":0.0,"axis":"y","origin":[8.0,8.234735,7.714286]},"faces":{"east":{"uv":[2.25,11.0,2.75,11.75],"rotation":0,"texture":"#0","tintindex":0},"south":{"uv":[9.375,11.5,9.75,12.25],"rotation":0,"texture":"#0","tintindex":0},"north":{"uv":[11.5,9.375,11.875,10.125],"rotation":0,"texture":"#0","tintindex":0},"west":{"uv":[2.75,11.0,3.25,11.75],"rotation":0,"texture":"#0","tintindex":0},"up":{"uv":[12.375,8.875,11.875,8.5],"rotation":90,"texture":"#0","tintindex":0},"down":{"uv":[12.375,8.875,11.875,9.25],"rotation":270,"texture":"#0","tintindex":0}}},{"from":[0.07769585,6.474223,6.8340297],"to":[1.8382077,9.995247,9.16597],"rotation":{"angle":0.0,"axis":"y","origin":[8.0,8.234735,7.714286]},"faces":{"east":{"uv":[3.25,11.0,3.75,11.75],"rotation":0,"texture":"#0","tintindex":0},"south":{"uv":[11.5,10.875,11.875,11.625],"rotation":0,"texture":"#0","tintindex":0},"north":{"uv":[11.625,5.5,12.0,6.25],"rotation":0,"texture":"#0","tintindex":0},"west":{"uv":[3.75,11.0,4.25,11.75],"rotation":0,"texture":"#0","tintindex":0},"up":{"uv":[12.375,9.625,11.875,9.25],"rotation":90,"texture":"#0","tintindex":0},"down":{"uv":[12.375,9.625,11.875,10.0],"rotation":270,"texture":"#0","tintindex":0}}},{"from":[15.922304,2.953199,6.8340297],"to":[17.682816,8.234735,9.16597],"rotation":{"angle":0.0,"axis":"y","origin":[8.0,8.234735,7.714286]},"faces":{"east":{"uv":[9.125,1.625,9.625,2.75],"rotation":0,"texture":"#0","tintindex":0},"south":{"uv":[6.5,10.375,6.875,11.5],"rotation":0,"texture":"#0","tintindex":0},"north":{"uv":[6.875,10.375,7.25,11.5],"rotation":0,"texture":"#0","tintindex":0},"west":{"uv":[9.125,2.75,9.625,3.875],"rotation":0,"texture":"#0","tintindex":0},"up":{"uv":[12.375,11.25,11.875,10.875],"rotation":90,"texture":"#0","tintindex":0},"down":{"uv":[12.375,11.25,11.875,11.625],"rotation":270,"texture":"#0","tintindex":0}}},{"from":[10.640768,4.713711,6.8340297],"to":[12.40128,8.234735,9.16597],"rotation":{"angle":0.0,"axis":"y","origin":[8.0,8.234735,7.714286]},"faces":{"east":{"uv":[9.75,11.0,10.25,11.75],"rotation":0,"texture":"#0","tintindex":0},"south":{"uv":[10.25,11.625,10.625,12.375],"rotation":0,"texture":"#0","tintindex":0},"north":{"uv":[10.625,11.625,11.0,12.375],"rotation":0,"texture":"#0","tintindex":0},"west":{"uv":[11.0,10.875,11.5,11.625],"rotation":0,"texture":"#0","tintindex":0},"up":{"uv":[0.5,12.375,0.0,12.0],"rotation":90,"texture":"#0","tintindex":0},"down":{"uv":[12.5,0.0,12.0,0.375],"rotation":270,"texture":"#0","tintindex":0}}},{"from":[3.5987196,4.713711,6.8340297],"to":[5.359232,8.234735,9.16597],"rotation":{"angle":0.0,"axis":"y","origin":[8.0,8.234735,7.714286]},"faces":{"east":{"uv":[0.0,11.25,0.5,12.0],"rotation":0,"texture":"#0","tintindex":0},"south":{"uv":[11.0,11.625,11.375,12.375],"rotation":0,"texture":"#0","tintindex":0},"north":{"uv":[11.375,11.625,11.75,12.375],"rotation":0,"texture":"#0","tintindex":0},"west":{"uv":[11.25,1.375,11.75,2.125],"rotation":0,"texture":"#0","tintindex":0},"up":{"uv":[1.0,12.375,0.5,12.0],"rotation":90,"texture":"#0","tintindex":0},"down":{"uv":[12.5,4.375,12.0,4.75],"rotation":270,"texture":"#0","tintindex":0}}},{"from":[-1.6828156,2.953199,6.8340297],"to":[0.07769585,8.234735,9.16597],"rotation":{"angle":0.0,"axis":"y","origin":[8.0,8.234735,7.714286]},"faces":{"east":{"uv":[9.125,3.875,9.625,5.0],"rotation":0,"texture":"#0","tintindex":0},