{"textures":{"0":"modelengine:entity/md_crow_texture"},"elements":[{"from":[6.875,5.9264913,7.803402],"to":[7.625,8.926491,7.803402],"faces":{"south":{"uv":[12.0,6.0,12.5,8.0],"tintindex":0,"rotation":0,"texture":"#0"},"north":{"uv":[6.0,12.0,6.5,14.0],"tintindex":0,"rotation":0,"texture":"#0"}}},{"from":[8.375,5.9264913,7.053402],"to":[9.125,5.9264913,7.803402],"faces":{"up":{"uv":[0.5,13.5,0.0,13.0],"tintindex":0,"rotation":0,"texture":"#0"},"down":{"uv":[13.5,1.0,13.0,1.5],"tintindex":0,"rotation":0,"texture":"#0"}}},{"from":[6.875,5.9264913,7.053402],"to":[7.625,5.9264913,7.803402],"faces":{"up":{"uv":[0.5,13.5,0.0,13.0],"tintindex":0,"rotation":0,"texture":"#0"},"down":{"uv":[13.5,1.0,13.0,1.5],"tintindex":0,"rotation":0,"texture":"#0"}}},{"from":[8.375,5.9264913,7.803402],"to":[9.125,8.926491,7.803402],"faces":{"south":{"uv":[12.0,6.0,12.5,8.0],"tintindex":0,"rotation":0,"texture":"#0"},"north":{"uv":[6.0,12.0,6.5,14.0],"tintindex":0,"rotation":0,"texture":"#0"}}}]}