{"textures":{"0":"modelengine:entity/pumpkinmonster"},"elements":[{"from":[1.7142854,4.789533,1.1863542],"to":[4.0,5.93239,3.4720688],"rotation":{"angle":0.0,"axis":"y","origin":[8.0,-7.2104673,6.9006405]},"faces":{"east":{"uv":[7.125,11.375,7.625,11.625],"rotation":0,"texture":"#0","tintindex":0},"south":{"uv":[11.375,7.125,11.875,7.375],"rotation":0,"texture":"#0","tintindex":0},"north":{"uv":[11.375,6.875,11.875,7.125],"rotation":0,"texture":"#0","tintindex":0},"west":{"uv":[7.625,11.375,8.125,11.625],"rotation":0,"texture":"#0","tintindex":0},"up":{"uv":[7.125,11.375,6.625,10.875],"rotation":0,"texture":"#0","tintindex":0},"down":{"uv":[7.625,10.875,7.125,11.375],"rotation":0,"texture":"#0","tintindex":0}}},{"from":[6.285714,4.789533,1.1863542],"to":[9.714286,5.93239,2.2720685],"rotation":{"angle":0.0,"axis":"y","origin":[4.0,-7.2104673,6.9006405]},"faces":{"east":{"uv":[9.375,11.625,9.625,11.875],"rotation":0,"texture":"#0","tintindex":0},"south":{"uv":[11.125,4.875,11.875,5.125],"rotation":0,"texture":"#0","tintindex":0},"north":{"uv":[11.125,4.625,11.875,4.875],"rotation":0,"texture":"#0","tintindex":0},"west":{"uv":[9.625,11.625,9.875,11.875],"rotation":0,"texture":"#0","tintindex":0},"up":{"uv":[11.875,5.375,11.125,5.125],"rotation":0,"texture":"#0","tintindex":0},"down":{"uv":[11.875,5.375,11.125,5.625],"rotation":0,"texture":"#0","tintindex":0}}},{"from":[-6.242218,12.142858,4.614926],"to":[0.043497086,12.142858,13.186355],"rotation":{"angle":22.5,"axis":"z","origin":[-0.5279312,12.142858,12.614926]},"faces":{"east":{"uv":[0.0,0.0,1.875,0.0],"rotation":0,"texture":"#0","tintindex":0},"south":{"uv":[0.0,0.0,1.375,0.0],"rotation":0,"texture":"#0","tintindex":0},"north":{"uv":[0.0,0.0,1.375,0.0],"rotation":0,"texture":"#0","tintindex":0},"west":{"uv":[0.0,0.0,1.875,0.0],"rotation":0,"texture":"#0","tintindex":0},"up":{"uv":[4.125,8.75,2.75,6.875],"rotation":0,"texture":"#0","tintindex":0},"down":{"uv":[4.125,6.875,2.75,8.75],"rotation":0,"texture":"#0","tintindex":0}}},{"from":[1.7142854,3.646676,10.9006405],"to":[2.7999997,4.789533,11.472069],"rotation":{"angle":0.0,"axis":"y","origin":[-2.8571434,-8.353325,8.043497]},"faces":{"east":{"uv":[6.75,7.25,6.875,7.5],"rotation":0,"texture":"#0","tintindex":0},"south":{"uv":[11.625,11.75,11.875,12.0],"rotation":0,"texture":"#0","tintindex":0},"north":{"uv":[11.375,11.75,11.625,12.0],"rotation":0,"texture":"#0","tintindex":0},"west":{"uv":[6.625,8.25,6.75,8.5],"rotation":0,"texture":"#0","tintindex":0},"up":{"uv":[4.375,7.25,4.125,7.125],"rotation":0,"texture":"#0","tintindex":0},"down":{"uv":[4.625,7.125,4.375,7.25],"rotation":0,"texture":"#0","tintindex":0}}},{"from":[5.714286,12.789534,8.614926],"to":[9.714286,17.360962,12.043497],"rotation":{"angle":45.0,"axis":"x","origin":[7.714286,12.218105,9.472069]},"faces":{"east":{"uv":[9.75,9.5,10.5,10.5],"rotation":0,"texture":"#0","tintindex":0},"south":{"uv":[4.625,9.625,5.5,10.625],"rotation":0,"texture":"#0","tintindex":0},"north":{"uv":[3.75,9.625,4.625,10.625],"rotation":0,"texture":"#0","tintindex":0},"west":{"uv":[9.875,7.5,10.625,8.5],"rotation":0,"texture":"#0","tintindex":0},"up":{"uv":[10.75,9.25,9.875,8.5],"rotation":0,"texture":"#0","tintindex":0},"down":{"uv":[11.125,4.125,10.25,4.875],"rotation":0,"texture":"#0","tintindex":0}}},{"from":[12.628572,4.789533,5.1863546],"to":[13.714286,5.93239,8.614926],"rotation":{"angle":0.0,"axis":"y","origin":[8.0,-7.2104673,2.90064]},"faces":{"east":{"uv":[11.125,5.625,11.875,5.875],"rotation":0,"texture":"#0","tintindex":0},"south":{"uv":[0.25,11.75,0.5,12.0],"rotation":0,"texture":"#0","tintindex":0},"north":{"uv":[0.0,11.75,0.25,12.0],"rotation":0,"texture":"#0","tintindex":0},"west":{"uv":[11.125,5.875,11.875,6.125],"rotation":0,"texture":"#0","tintindex":0},"up":{"uv":[8.25,2.625,8.0,1.875],"rotation":0,"texture":"#0","tintindex":0},"down":{"uv":[6.625,8.25,6.375,9.0],"rotation":0,"texture":"#0","tintindex":0}}},{"from":[1.7142854,4.789533,10.329212],"to":[2.7999997,5.93239,11.472069],"rotation":{"angle":0.0,"axis":"y","origin":[-2.8571434,-7.2104673,8.043497]},"faces":{"east":{"uv":[11.75,7.875,12.0,8.125],"rotation":0,"texture":"#0","tintindex":0},"south":{"uv":[11.75,8.125,12.0,8.375],"rotation":0,"texture":"#0","tintindex":0},"north":{"uv":[11.75,7.625,12.0,7.875],"rotation":0,"texture":"#0","tintindex":0},"west":{"uv":[9.0,11.75,9.25,12.0],"rotation":0,"texture":"#0","tintindex":0},"up":{"uv":[11.375,12.0,11.125,11.75],"rotation":0,"texture":"#0","tintindex":0},"down":{"uv":[12.0,11.25,11.75,11.5],"rotation":0,"texture":"#0","tintindex":0}}},{"from":[12.628572,4.789533,10.329212],"to":[13.714286,5.93239,11.472069],"rotation":{"angle":0.0,"axis":"y","origin":[8.0,-7.2104673,8.043497]},"faces":{"east":{"uv":[1.25,11.75,1.5,12.0],"rotation":0,"texture":"#0","tintindex":0},"south":{"uv":[1.5,11.75,1.75,12.0],"rotation":0,"texture":"#0","tintindex":0},"north":{"uv":[1.0,11.75,1.25,12.0],"rotation":0,"texture":"#0","tintindex":0},"west":{"uv":[1.75,11.75,2.0,12.0],"rotation":0,"texture":"#0","tintindex":0},"up":{"uv":[2.25,12.0,2.0,11.75],"rotation":0,"texture":"#0","tintindex":0},"down":{"uv":[2.5,11.75,2.25,12.0],"rotation":0,"texture":"#0","tintindex":0}}},{"from":[12.628572,3.646676,5.757783],"to":[13.714286,4.789533,7.472069],"rotation":{"angle":0.0,"axis":"y","origin":[8.0,-8.353325,2.90064]},"faces":{"east":{"uv":[3.0,11.5,3.375,11.75],"rotation":0,"texture":"#0","tintindex":0},"south":{"uv":[0.75,11.75,1.0,12.0],"rotation":0,"texture":"#0","tintindex":0},"north":{"uv":[0.5,11.75,0.75,12.0],"rotation":0,"texture":"#0","tintindex":0},"west":{"uv":[5.375,11.5,5.75,11.75],"rotation":0,"texture":"#0","tintindex":0},"up":{"uv":[6.0,11.875,5.75,11.5],"rotation":0,"texture":"#0","tintindex":0},"down":{"uv":[6.25,11.5,6.0,11.875],"rotation":0,"texture":"#0","tintindex":0}}},{"from":[1.7142854,3.646676,5.757783],"to":[2.7999997,4.789533,7.472069],"rotation":{"angle":0.0,"axis":"y","origin":[-2.8571434,-8.353325,2.90064]},"faces":{"east":{"uv":[6.25,11.5,6.625,11.75],"rotation":0,"texture":"#0","tintindex":0},"south":{"uv":[5.25,11.75,5.5,12.0],"rotation":0,"texture":"#0","tintindex":0},"north":{"uv":[3.0,11.75,3.25,12.0],"rotation":0,"texture":"#0","tintindex":0},"west":{"uv":[11.5,7.375,11.875,7.625],"rotation":0,"texture":"#0","tintindex":0},"up":{"uv":[11.75,8.0,11.5,7.625],"rotation":0,"texture":"#0","tintindex":0},"down":{"uv":[11.75,8.0,11.5,8.375],"rotation":0,"texture":"#0","tintindex":0}}},{"from":[1.7142854,4.789533,5.1863546],"to":[2.7999997,5.93239,8.614926],"rotation":{"angle":0.0,"axis":"y","origin":[-2.8571434,-7.2104673,2.90064]},"faces":{"east":{"uv":[11.125,6.125,11.875,6.375],"rotation":0,"texture":"#0","tintindex":0},"south":{"uv":[6.25,11.75,6.5,12.0],"rotation":0,"texture":"#0","tintindex":0},"north":{"uv":[5.5,11.75,5.75,12.0],"rotation":0,"texture":"#0","tintindex":0},"west":{"uv":[8.625,11.125,9.375,11.375],"rotation":0,"texture":"#0","tintindex":0},"up":{"uv":[4.0,9.5,3.75,8.75],"rotation":0,"texture":"#0","tintindex":0},"down":{"uv":[6.375,9.625,6.125,10.375],"rotation":0,"texture":"#0","tintindex":0}}},{"from":[0.0,12.360962,4.614926],"to":[6.285714,12.360962,13.186355],"rotation":{"angle":0.0,"axis":"y","origin":[5.714286,12.360962,12.614926]},"faces":{"east":{"uv":[0.0,0.0,1.875,0.0],"rotation":0,"texture":"#0","tintindex":0},"south":{"uv":[0.0,0.0,1.375,0.0],"rotation":0,"texture":"#0","tintindex":0},"north":{"uv":[0.0,0.0,1.375,0.0],"rotation":0,"texture":"#0","tintindex":0},"west":{"uv":[0.0,0.0,1.875,0.0],"rotation":0,"texture":"#0","tintindex":0},"up":{"uv":[1.375,8.75,0.0,6.875],"rotation":0,"texture":"#0","tintindex":0},"down":{"uv":[1.375,6.875,0.0,8.75],"rotation":0,"texture":"#0","tintindex":0}}},{"from":[1.7142854,5.93239,1.1863542],"to":[13.714286,12.218105,13.757784],"rotation":{"angle":0.0,"axis":"y","origin":[7.428571,-0.9247532,6.9006405]},"faces":{"east":{"uv":[5.25,0.0,8.0,1.375],"rotation":0,"texture":"#0","tintindex":0},