{"textures":{"3":"modelengine:entity/cerberus4"},"elements":[{"from":[4.5714283,-8.60697,17.304836],"to":[4.5714283,-1.7498274,24.733406],"rotation":{"angle":-45.0,"axis":"x","origin":[4.0,-2.6069698,13.304835]},"faces":{"east":{"uv":[7.7375,0.5625,7.34375,0.9375],"rotation":0,"texture":"#3","tintindex":0},"south":{"uv":[0.0125,0.0125,0.0125,0.3625],"rotation":0,"texture":"#3","tintindex":0},"north":{"uv":[0.0125,0.0125,0.0125,0.3625],"rotation":0,"texture":"#3","tintindex":0},"west":{"uv":[7.34375,0.5625,7.7375,0.9375],"rotation":0,"texture":"#3","tintindex":0},"up":{"uv":[0.0125,0.40625,0.0125,0.0125],"rotation":0,"texture":"#3","tintindex":0},"down":{"uv":[0.0125,0.0125,0.0125,0.40625],"rotation":0,"texture":"#3","tintindex":0}}},{"from":[1.1428566,-2.017723,17.54232],"to":[1.1428566,12.267992,22.685177],"rotation":{"angle":-22.5,"axis":"x","origin":[16.0,7.6965632,7.828033]},"faces":{"east":{"uv":[6.71875,6.84375,6.4375,7.6125],"rotation":0,"texture":"#3","tintindex":0},"south":{"uv":[0.0125,0.0125,0.0125,0.78125],"rotation":0,"texture":"#3","tintindex":0},"north":{"uv":[0.0125,0.0125,0.0125,0.78125],"rotation":0,"texture":"#3","tintindex":0},"west":{"uv":[6.4375,6.84375,6.71875,7.6125],"rotation":0,"texture":"#3","tintindex":0},"up":{"uv":[0.0125,0.28125,0.0125,0.0125],"rotation":0,"texture":"#3","tintindex":0},"down":{"uv":[0.0125,0.0125,0.0125,0.28125],"rotation":0,"texture":"#3","tintindex":0}}},{"from":[1.1428566,-2.017723,3.828033],"to":[9.714286,12.267992,17.54232],"rotation":{"angle":-22.5,"axis":"x","origin":[16.0,7.6965632,7.828033]},"faces":{"east":{"uv":[4.78125,2.53125,5.53125,3.3125],"rotation":0,"texture":"#3","tintindex":0},"south":{"uv":[4.6375,5.8125,5.09375,6.59375],"rotation":0,"texture":"#3","tintindex":0},"north":{"uv":[5.65625,2.90625,6.1125,3.6875],"rotation":0,"texture":"#3","tintindex":0},"west":{"uv":[2.21875,4.8875,2.96875,5.65625],"rotation":0,"texture":"#3","tintindex":0},"up":{"uv":[6.0625,6.6125,5.59375,5.8875],"rotation":0,"texture":"#3","tintindex":0},"down":{"uv":[6.4375,2.0125,5.96875,2.7375],"rotation":0,"texture":"#3","tintindex":0}}},{"from":[1.7142854,-6.3212557,9.304835],"to":[8.0,1.1073151,17.304836],"rotation":{"angle":-45.0,"axis":"x","origin":[4.0,-2.6069698,13.304835]},"faces":{"east":{"uv":[7.2625,2.96875,7.6875,3.3625],"rotation":0,"texture":"#3","tintindex":0},"south":{"uv":[0.21875,7.4375,0.5625,7.84375],"rotation":0,"texture":"#3","tintindex":0},"north":{"uv":[7.40625,2.46875,7.7375,2.8625],"rotation":0,"texture":"#3","tintindex":0},"west":{"uv":[4.1875,7.2625,4.6125,7.65625],"rotation":0,"texture":"#3","tintindex":0},"up":{"uv":[1.9875,7.78125,1.65625,7.34375],"rotation":0,"texture":"#3","tintindex":0},"down":{"uv":[7.71875,3.3875,7.3875,3.8125],"rotation":0,"texture":"#3","tintindex":0}}}],"display":{"head":{"translation":[0.0,-6.4,0.0],"scale":[4.0,4.0,4.0]}}}