{"textures":{"3":"modelengine:entity/cerberus4"},"elements":[{"from":[4.5714283,3.4285712,2.8571424],"to":[11.428572,8.0,10.857143],"rotation":{"angle":0.0,"axis":"y","origin":[8.0,6.285714,6.285714]},"faces":{"east":{"uv":[8.09375,0.9375,7.65625,1.1875],"rotation":0,"texture":"#3","tintindex":0},"south":{"uv":[5.8625,7.7625,5.5125,7.9875],"rotation":0,"texture":"#3","tintindex":0},"north":{"uv":[4.1125,7.7625,3.7625,7.9875],"rotation":0,"texture":"#3","tintindex":0},"west":{"uv":[6.9875,5.53125,6.5625,5.78125],"rotation":0,"texture":"#3","tintindex":0},"up":{"uv":[5.5125,7.7375,5.8625,7.3125],"rotation":0,"texture":"#3","tintindex":0},"down":{"uv":[7.3125,7.1375,7.6875,7.5625],"rotation":0,"texture":"#3","tintindex":0}}},{"from":[4.0,3.4285712,-0.57142925],"to":[12.0,9.714286,4.5714283],"rotation":{"angle":22.5,"axis":"x","origin":[8.0,6.285714,2.2857141]},"faces":{"east":{"uv":[7.9875,3.3875,7.71875,3.71875],"rotation":0,"texture":"#3","tintindex":0},"south":{"uv":[1.1875,7.40625,0.7625,7.7375],"rotation":0,"texture":"#3","tintindex":0},"north":{"uv":[7.8125,4.46875,7.3875,4.8125],"rotation":0,"texture":"#3","tintindex":0},"west":{"uv":[1.46875,7.71875,1.1875,8.0625],"rotation":0,"texture":"#3","tintindex":0},"up":{"uv":[4.6375,7.84375,5.0625,7.5625],"rotation":0,"texture":"#3","tintindex":0},"down":{"uv":[7.09375,7.5625,7.53125,7.84375],"rotation":0,"texture":"#3","tintindex":0}}}],"display":{"head":{"translation":[0.0,-6.4,0.0],"scale":[4.0,4.0,4.0]}}}