{"textures":{"3":"modelengine:entity/cerberus4"},"elements":[{"from":[8.0,-4.5310993,9.14173],"to":[13.5,1.9689016,16.141731],"faces":{"east":{"uv":[4.6125,7.2625,4.1875,7.65625],"tintindex":0,"rotation":0,"texture":"#3"},"south":{"uv":[0.5625,7.4375,0.21875,7.84375],"tintindex":0,"rotation":0,"texture":"#3"},"north":{"uv":[7.7375,2.46875,7.40625,2.8625],"tintindex":0,"rotation":0,"texture":"#3"},"west":{"uv":[7.6875,2.96875,7.2625,3.3625],"tintindex":0,"rotation":0,"texture":"#3"},"up":{"uv":[1.65625,7.78125,1.9875,7.34375],"tintindex":0,"rotation":0,"texture":"#3"},"down":{"uv":[7.3875,3.3875,7.71875,3.8125],"tintindex":0,"rotation":0,"texture":"#3"}},"rotation":{"origin":[11.5,-1.2810984,12.64173],"angle":-45.0,"axis":"x"}},{"from":[14.0,-0.7655077,16.34953],"to":[14.0,11.734493,20.84953],"faces":{"east":{"uv":[6.71875,6.84375,6.4375,7.6125],"tintindex":0,"rotation":0,"texture":"#3"},"west":{"uv":[6.4375,6.84375,6.71875,7.6125],"tintindex":0,"rotation":0,"texture":"#3"}},"rotation":{"origin":[1.0,7.7344933,7.8495293],"angle":-22.5,"axis":"x"}},{"from":[11.0,-6.5310993,16.141731],"to":[11.0,-0.53109837,22.641731],"faces":{"east":{"uv":[7.7375,0.5625,7.34375,0.9375],"tintindex":0,"rotation":0,"texture":"#3"},"west":{"uv":[7.34375,0.5625,7.7375,0.9375],"tintindex":0,"rotation":0,"texture":"#3"}},"rotation":{"origin":[11.5,-1.2810984,12.64173],"angle":-45.0,"axis":"x"}},{"from":[6.5,-0.7655077,4.349529],"to":[14.0,11.734493,16.34953],"faces":{"east":{"uv":[2.96875,4.8875,2.21875,5.65625],"tintindex":0,"rotation":0,"texture":"#3"},"south":{"uv":[5.09375,5.8125,4.6375,6.59375],"tintindex":0,"rotation":0,"texture":"#3"},"north":{"uv":[6.1125,2.90625,5.65625,3.6875],"tintindex":0,"rotation":0,"texture":"#3"},"west":{"uv":[5.53125,2.53125,4.78125,3.3125],"tintindex":0,"rotation":0,"texture":"#3"},"up":{"uv":[5.59375,6.6125,6.0625,5.8875],"tintindex":0,"rotation":0,"texture":"#3"},"down":{"uv":[5.96875,2.0125,6.4375,2.7375],"tintindex":0,"rotation":0,"texture":"#3"}},"rotation":{"origin":[1.0,7.7344933,7.8495293],"angle":-22.5,"axis":"x"}}]}