{"textures":{"3":"modelengine:entity/cerberus4"},"elements":[{"from":[5.0,-5.0621967,-15.716537],"to":[12.0,3.9378023,8.283463],"faces":{"east":{"uv":[3.4375,7.03125,4.1875,7.3125],"tintindex":0,"rotation":0,"texture":"#3"},"south":{"uv":[1.71875,7.96875,1.9375,8.2375],"tintindex":0,"rotation":0,"texture":"#3"},"north":{"uv":[4.9375,4.03125,5.15625,4.3125],"tintindex":0,"rotation":0,"texture":"#3"},"west":{"uv":[1.2625,7.0625,1.9875,7.34375],"tintindex":0,"rotation":0,"texture":"#3"},"up":{"uv":[4.6125,6.59375,4.40625,5.84375],"tintindex":0,"rotation":0,"texture":"#3"},"down":{"uv":[5.4875,7.3125,5.28125,8.0625],"tintindex":0,"rotation":0,"texture":"#3"}},"rotation":{"origin":[8.0,10.437803,1.2834606],"angle":-45.0,"axis":"x"}}]}