{"textures":{"3":"modelengine:entity/cerberus4"},"elements":[{"from":[7.9822774,5.982277,7.142857],"to":[7.9822774,10.553706,14.571428],"rotation":{"angle":0.0,"axis":"y","origin":[7.9822774,8.267992,10.857143]},"faces":{"east":{"uv":[6.3125,7.6375,6.71875,7.8625],"rotation":0,"texture":"#3","tintindex":0},"south":{"uv":[0.0125,0.0125,0.0125,0.2375],"rotation":0,"texture":"#3","tintindex":0},"north":{"uv":[0.0125,0.0125,0.0125,0.2375],"rotation":0,"texture":"#3","tintindex":0},"west":{"uv":[6.3125,7.6375,6.71875,7.8625],"rotation":0,"texture":"#3","tintindex":0},"up":{"uv":[0.0125,0.40625,0.0125,0.0125],"rotation":0,"texture":"#3","tintindex":0},"down":{"uv":[0.0125,0.0125,0.0125,0.40625],"rotation":0,"texture":"#3","tintindex":0}}},{"from":[5.714286,8.0,12.285715],"to":[10.285714,8.0,19.714287],"rotation":{"angle":0.0,"axis":"y","origin":[8.0,8.0,38.285713]},"faces":{"east":{"uv":[0.0125,0.0125,0.40625,0.0125],"rotation":0,"texture":"#3","tintindex":0},"south":{"uv":[0.0125,0.0125,0.2375,0.0125],"rotation":0,"texture":"#3","tintindex":0},"north":{"uv":[0.0125,0.0125,0.2375,0.0125],"rotation":0,"texture":"#3","tintindex":0},"west":{"uv":[0.0125,0.0125,0.40625,0.0125],"rotation":0,"texture":"#3","tintindex":0},"up":{"uv":[6.71875,7.8625,6.3125,7.6375],"rotation":90,"texture":"#3","tintindex":0},"down":{"uv":[6.3125,7.8625,6.71875,7.6375],"rotation":90,"texture":"#3","tintindex":0}}}],"display":{"head":{"translation":[0.0,-6.4,0.0],"scale":[4.0,4.0,4.0]}}}