{"textures":{"3":"modelengine:entity/cerberus4"},"elements":[{"from":[2.6540504,-1.5952377,-4.8186255],"to":[13.511194,1.833333,4.8956604],"rotation":{"angle":0.0,"axis":"y","origin":[0.9397645,2.4047613,0.8956604]},"faces":{"east":{"uv":[2.2625,7.6875,2.78125,7.8625],"rotation":0,"texture":"#3","tintindex":0},"south":{"uv":[7.6375,6.0125,8.21875,6.1875],"rotation":0,"texture":"#3","tintindex":0},"north":{"uv":[7.6375,5.8125,8.21875,5.9875],"rotation":0,"texture":"#3","tintindex":0},"west":{"uv":[7.6875,2.8875,8.21875,3.0625],"rotation":0,"texture":"#3","tintindex":0},"up":{"uv":[6.4375,4.71875,5.84375,4.1875],"rotation":0,"texture":"#3","tintindex":0},"down":{"uv":[6.5625,5.2625,5.96875,5.78125],"rotation":0,"texture":"#3","tintindex":0}}},{"from":[1.5565858,2.97619,-4.1256886],"to":[2.6708717,6.404762,-0.69711685],"rotation":{"angle":-45.0,"axis":"x","origin":[1.8137288,4.6904764,-2.4114027]},"faces":{"east":{"uv":[0.34375,6.71875,0.53125,6.90625],"rotation":0,"texture":"#3","tintindex":0},"south":{"uv":[3.8875,1.6375,3.9375,1.8125],"rotation":0,"texture":"#3","tintindex":0},"north":{"uv":[3.8125,1.6375,3.8625,1.8125],"rotation":0,"texture":"#3","tintindex":0},"west":{"uv":[2.2625,7.0625,2.4375,7.2375],"rotation":0,"texture":"#3","tintindex":0},"up":{"uv":[3.4875,5.0625,3.4375,4.8875],"rotation":0,"texture":"#3","tintindex":0},"down":{"uv":[2.15625,6.15625,2.09375,6.34375],"rotation":0,"texture":"#3","tintindex":0}}},{"from":[1.5565858,2.97619,0.7230444],"to":[2.6708717,6.404762,4.151616],"rotation":{"angle":-45.0,"axis":"x","origin":[1.8137288,4.6904764,2.4373302]},"faces":{"east":{"uv":[8.0125,7.9375,8.1875,8.1125],"rotation":0,"texture":"#3","tintindex":0},"south":{"uv":[0.90625,6.21875,0.96875,6.40625],"rotation":0,"texture":"#3","tintindex":0},"north":{"uv":[2.15625,6.15625,2.21875,6.34375],"rotation":0,"texture":"#3","tintindex":0},"west":{"uv":[2.7625,8.03125,2.9375,8.21875],"rotation":0,"texture":"#3","tintindex":0},"up":{"uv":[2.15625,6.53125,2.09375,6.34375],"rotation":0,"texture":"#3","tintindex":0},"down":{"uv":[2.21875,6.34375,2.15625,6.53125],"rotation":0,"texture":"#3","tintindex":0}}},{"from":[1.5280142,-1.5952377,4.878518],"to":[4.956586,10.976191,11.164232],"rotation":{"angle":0.0,"axis":"y","origin":[8.385158,2.4047613,6.5928035]},"faces":{"east":{"uv":[5.5625,6.6375,5.90625,7.3125],"rotation":0,"texture":"#3","tintindex":0},"south":{"uv":[6.1375,7.46875,6.3125,8.15625],"rotation":0,"texture":"#3","tintindex":0},"north":{"uv":[0.5625,7.4375,0.7375,8.1125],"rotation":0,"texture":"#3","tintindex":0},"west":{"uv":[0.0125,6.71875,0.34375,7.40625],"rotation":0,"texture":"#3","tintindex":0},"up":{"uv":[5.40625,1.6125,5.21875,1.28125],"rotation":0,"texture":"#3","tintindex":0},"down":{"uv":[5.84375,3.6875,5.65625,4.03125],"rotation":0,"texture":"#3","tintindex":0}}},{"from":[3.3809524,2.97619,-5.921483],"to":[6.8095236,6.404762,-4.8071966],"rotation":{"angle":-45.0,"axis":"z","origin":[5.0952377,4.6904764,-5.675769]},"faces":{"east":{"uv":[5.96875,6.6375,6.03125,6.8125],"rotation":0,"texture":"#3","tintindex":0},"south":{"uv":[1.1875,8.0625,1.3625,8.2375],"rotation":0,"texture":"#3","tintindex":0},"north":{"uv":[0.0125,8.0625,0.1875,8.2375],"rotation":0,"texture":"#3","tintindex":0},"west":{"uv":[6.71875,2.96875,6.78125,3.15625],"rotation":0,"texture":"#3","tintindex":0},"up":{"uv":[6.53125,3.6875,6.34375,3.6375],"rotation":0,"texture":"#3","tintindex":0},"down":{"uv":[6.6125,4.65625,6.4375,4.71875],"rotation":0,"texture":"#3","tintindex":0}}},{"from":[1.5111933,-1.5952377,-5.961483],"to":[14.654051,4.6904764,-4.8186255],"rotation":{"angle":0.0,"axis":"y","origin":[0.9397645,2.4047613,0.8956604]},"faces":{"east":{"uv":[5.15625,4.71875,5.21875,5.0625],"rotation":0,"texture":"#3","tintindex":0},"south":{"uv":[4.15625,6.59375,4.8625,6.9375],"rotation":0,"texture":"#3","tintindex":0},"north":{"uv":[6.5625,5.1875,7.28125,5.53125],"rotation":0,"texture":"#3","tintindex":0},"west":{"uv":[5.21875,4.71875,5.28125,5.0625],"rotation":0,"texture":"#3","tintindex":0},"up":{"uv":[8.4375,6.4875,7.71875,6.4375],"rotation":0,"texture":"#3","tintindex":0},"down":{"uv":[8.46875,2.71875,7.7625,2.78125],"rotation":0,"texture":"#3","tintindex":0}}},{"from":[1.5280142,-1.5952377,-4.8357677],"to":[2.6708717,4.6904764,4.878518],"rotation":{"angle":0.0,"axis":"y","origin":[8.385158,2.4047613,6.5928035]},"faces":{"east":{"uv":[7.0625,6.5125,7.59375,6.84375],"rotation":0,"texture":"#3","tintindex":0},"south":{"uv":[2.21875,4.53125,2.28125,4.8625],"rotation":0,"texture":"#3","tintindex":0},"north":{"uv":[2.3125,3.96875,2.3625,4.3125],"rotation":0,"texture":"#3","tintindex":0},"west":{"uv":[7.1375,0.96875,7.65625,1.3125],"rotation":0,"texture":"#3","tintindex":0},"up":{"uv":[5.4875,2.53125,5.4375,2.0125],"rotation":0,"texture":"#3","tintindex":0},"down":{"uv":[6.6125,7.8875,6.5625,8.40625],"rotation":0,"texture":"#3","tintindex":0}}},{"from":[8.229685,2.97619,-5.921483],"to":[11.658257,6.404762,-4.8071966],"rotation":{"angle":-45.0,"axis":"z","origin":[9.943971,4.6904764,-5.675769]},"faces":{"east":{"uv":[0.90625,6.40625,0.96875,6.59375],"rotation":0,"texture":"#3","tintindex":0},"south":{"uv":[7.53125,8.03125,7.71875,8.21875],"rotation":0,"texture":"#3","tintindex":0},"north":{"uv":[7.34375,8.03125,7.53125,8.21875],"rotation":0,"texture":"#3","tintindex":0},"west":{"uv":[5.90625,6.6375,5.96875,6.8125],"rotation":0,"texture":"#3","tintindex":0},"up":{"uv":[6.40625,1.9875,6.21875,1.9375],"rotation":0,"texture":"#3","tintindex":0},"down":{"uv":[6.4875,5.1875,6.3125,5.2375],"rotation":0,"texture":"#3","tintindex":0}}},{"from":[13.528015,2.97619,-4.1256886],"to":[14.642302,6.404762,-0.69711685],"rotation":{"angle":-45.0,"axis":"x","origin":[14.385158,4.6904764,-2.4114027]},"faces":{"east":{"uv":[8.0625,3.96875,8.2375,4.15625],"rotation":0,"texture":"#3","tintindex":0},"south":{"uv":[5.96875,6.8125,6.03125,6.9875],"rotation":0,"texture":"#3","tintindex":0},"north":{"uv":[5.90625,6.8125,5.96875,6.9875],"rotation":0,"texture":"#3","tintindex":0},"west":{"uv":[8.0625,4.15625,8.2375,4.34375],"rotation":0,"texture":"#3","tintindex":0},"up":{"uv":[0.8125,7.09375,0.7625,6.90625],"rotation":0,"texture":"#3","tintindex":0},"down":{"uv":[0.8625,6.90625,0.8125,7.09375],"rotation":0,"texture":"#3","tintindex":0}}},{"from":[13.528015,2.97619,0.7230444],"to":[14.642302,6.404762,4.151616],"rotation":{"angle":-45.0,"axis":"x","origin":[14.385158,4.6904764,2.4373302]},"faces":{"east":{"uv":[4.1875,8.0625,4.3625,8.2375],"rotation":0,"texture":"#3","tintindex":0},"south":{"uv":[7.0125,5.53125,7.0625,5.71875],"rotation":0,"texture":"#3","tintindex":0},"north":{"uv":[6.9375,6.1875,6.9875,6.3625],"rotation":0,"texture":"#3","tintindex":0},"west":{"uv":[5.28125,8.0625,5.46875,8.2375],"rotation":0,"texture":"#3","tintindex":0},"up":{"uv":[7.0625,6.3625,7.0125,6.1875],"rotation":0,"texture":"#3","tintindex":0},"down":{"uv":[7.1125,5.53125,7.0625,5.71875],"rotation":0,"texture":"#3","tintindex":0}}},{"from":[13.528015,-1.5952377,-4.8357677],"to":[14.670872,4.6904764,4.878518],"rotation":{"angle":0.0,"axis":"y","origin":[7.8137293,2.4047613,6.5928035]},"faces":{"east":{"uv":[7.1375,4.1375,7.65625,4.46875],"rotation":0,"texture":"#3","tintindex":0},"south":{"uv":[5.59375,2.90625,5.65625,3.2375],"rotation":0,"texture":"#3","tintindex":0},"north":{"uv":[5.53125,2.90625,5.59375,3.2375],"rotation":0,"texture":"#3","tintindex":0},"west":{"uv":[5.90625,7.1375,6.4375,7.46875],"rotation":0,"texture":"#3","tintindex":0},"up":{"uv":[6.6875,8.40625,6.6375,7.8875],"rotation":0,"texture":"#3","tintindex":0},"down":{"uv":[6.03125,8.0125,5.96875,8.53125],"rotation":0,"texture":"#3","tintindex":0}}},{"from":[11.242301,-1.5952377,4.878518],"to":[14.670872,10.976191,11.164232],"rotation":{"angle":0.0,"axis":"y","origin":[7.8137293,2.4047613,6.5928035]},"faces":{"east":{"uv":[0.90625,6.71875,1.2375,7.40625],"rotation":0,"texture":"#3","tintindex":0},"south":{"uv":[6.90625,7.53125,7.09375,8.21875],"rotation":0,