{"textures":{"3":"modelengine:entity/cerberus4","4":"modelengine:entity/cerberus_bits"},"elements":[{"from":[-1.1428576,-3.4285717,0.5714283],"to":[9.142858,9.714286,13.714286],"rotation":{"angle":-45.0,"axis":"x","origin":[-0.57142925,7.428571,4.5714283]},"faces":{"east":{"uv":[4.9375,3.3125,5.65625,4.03125],"rotation":0,"texture":"#3","tintindex":0},"south":{"uv":[5.4375,1.28125,5.9875,1.9875],"rotation":0,"texture":"#3","tintindex":0},"north":{"uv":[1.09375,2.3125,1.65625,3.03125],"rotation":0,"texture":"#3","tintindex":0},"west":{"uv":[3.90625,5.1375,4.6125,5.84375],"rotation":0,"texture":"#3","tintindex":0},"up":{"uv":[2.21875,6.15625,1.65625,5.4375],"rotation":0,"texture":"#3","tintindex":0},"down":{"uv":[6.03125,0.0125,5.46875,0.71875],"rotation":0,"texture":"#3","tintindex":0}}},{"from":[-4.000001,-4.5714293,-0.57142925],"to":[2.8571424,2.8571424,14.857143],"rotation":{"angle":-45.0,"axis":"x","origin":[-0.57142925,7.428571,4.5714283]},"faces":{"east":{"uv":[11.8875,8.0125,15.2375,9.6125],"rotation":0,"texture":"#4","tintindex":0},"south":{"uv":[0.0125,13.7625,1.4875,15.3625],"rotation":0,"texture":"#4","tintindex":0},"north":{"uv":[4.8875,13.1375,6.3625,14.7375],"rotation":0,"texture":"#4","tintindex":0},"west":{"uv":[11.8875,9.6375,15.2375,11.2375],"rotation":0,"texture":"#4","tintindex":0},"up":{"uv":[6.3625,13.1125,4.8875,9.7625],"rotation":0,"texture":"#4","tintindex":0},"down":{"uv":[13.3625,11.2625,11.8875,14.6125],"rotation":0,"texture":"#4","tintindex":0}}},{"from":[-4.000001,-10.285715,2.8571424],"to":[-1.1428576,-4.5714293,10.857143],"rotation":{"angle":-45.0,"axis":"x","origin":[-0.57142925,7.428571,4.5714283]},"faces":{"east":{"uv":[1.5125,13.7625,3.2375,14.9875],"rotation":0,"texture":"#4","tintindex":0},"south":{"uv":[14.0125,0.0125,14.6125,1.2375],"rotation":0,"texture":"#4","tintindex":0},"north":{"uv":[3.8875,13.7625,4.4875,14.9875],"rotation":0,"texture":"#4","tintindex":0},"west":{"uv":[6.3875,13.7625,8.1125,14.9875],"rotation":0,"texture":"#4","tintindex":0},"up":{"uv":[6.9875,11.4875,6.3875,9.7625],"rotation":0,"texture":"#4","tintindex":0},"down":{"uv":[3.8625,13.7625,3.2625,15.4875],"rotation":0,"texture":"#4","tintindex":0}}},{"from":[3.4285712,-3.4285717,13.714286],"to":[3.4285712,9.714286,20.0],"rotation":{"angle":-45.0,"axis":"x","origin":[-0.57142925,7.428571,4.5714283]},"faces":{"east":{"uv":[5.21875,6.59375,4.8875,7.3125],"rotation":0,"texture":"#3","tintindex":0},"south":{"uv":[0.0125,0.0125,0.0125,0.71875],"rotation":0,"texture":"#3","tintindex":0},"north":{"uv":[0.0125,0.0125,0.0125,0.71875],"rotation":0,"texture":"#3","tintindex":0},"west":{"uv":[4.8875,6.59375,5.21875,7.3125],"rotation":0,"texture":"#3","tintindex":0},"up":{"uv":[0.0125,0.34375,0.0125,0.0125],"rotation":0,"texture":"#3","tintindex":0},"down":{"uv":[0.0125,0.0125,0.0125,0.34375],"rotation":0,"texture":"#3","tintindex":0}}},{"from":[1.7142854,-15.428572,10.285714],"to":[1.7142854,-3.4285717,15.428572],"rotation":{"angle":-45.0,"axis":"x","origin":[-0.57142925,7.428571,4.5714283]},"faces":{"east":{"uv":[7.3625,3.46875,7.09375,4.1125],"rotation":0,"texture":"#3","tintindex":0},"south":{"uv":[0.0125,0.0125,0.0125,0.65625],"rotation":0,"texture":"#3","tintindex":0},"north":{"uv":[0.0125,0.0125,0.0125,0.65625],"rotation":0,"texture":"#3","tintindex":0},"west":{"uv":[7.09375,3.46875,7.3625,4.1125],"rotation":0,"texture":"#3","tintindex":0},"up":{"uv":[0.0125,0.28125,0.0125,0.0125],"rotation":0,"texture":"#3","tintindex":0},"down":{"uv":[0.0125,0.0125,0.0125,0.28125],"rotation":0,"texture":"#3","tintindex":0}}},{"from":[-1.1428576,-10.857143,0.5714283],"to":[6.285714,-3.4285717,10.285714],"rotation":{"angle":-45.0,"axis":"x","origin":[-0.57142925,7.428571,4.5714283]},"faces":{"east":{"uv":[6.8125,0.5625,7.34375,0.96875],"rotation":0,"texture":"#3","tintindex":0},"south":{"uv":[2.65625,7.28125,3.0625,7.6875],"rotation":0,"texture":"#3","tintindex":0},"north":{"uv":[2.2625,7.28125,2.65625,7.6875],"rotation":0,"texture":"#3","tintindex":0},"west":{"uv":[6.71875,6.84375,7.2375,7.2375],"rotation":0,"texture":"#3","tintindex":0},"up":{"uv":[2.78125,3.6875,2.3875,3.15625],"rotation":0,"texture":"#3","tintindex":0},"down":{"uv":[0.7375,6.90625,0.34375,7.4375],"rotation":0,"texture":"#3","tintindex":0}}},{"from":[-0.57142925,-15.428572,4.5714283],"to":[5.142857,-10.857143,10.285714],"rotation":{"angle":-45.0,"axis":"x","origin":[-0.57142925,7.428571,4.5714283]},"faces":{"east":{"uv":[7.8125,3.71875,8.1125,3.96875],"rotation":0,"texture":"#3","tintindex":0},"south":{"uv":[0.21875,7.84375,0.53125,8.09375],"rotation":0,"texture":"#3","tintindex":0},"north":{"uv":[3.09375,6.0125,3.40625,6.2375],"rotation":0,"texture":"#3","tintindex":0},"west":{"uv":[1.9375,7.84375,2.2375,8.09375],"rotation":0,"texture":"#3","tintindex":0},"up":{"uv":[2.96875,5.96875,2.65625,5.65625],"rotation":0,"texture":"#3","tintindex":0},"down":{"uv":[7.9875,3.0625,7.6875,3.3625],"rotation":0,"texture":"#3","tintindex":0}}}],"display":{"head":{"translation":[0.0,-6.4,0.0],"scale":[4.0,4.0,4.0]}}}