{"textures":{"3":"modelengine:entity/cerberus4"},"elements":[{"from":[3.7936506,3.603294,8.05349],"to":[12.936508,12.746152,21.196346],"rotation":{"angle":0.0,"axis":"y","origin":[8.365079,15.603294,-5.375082]},"faces":{"east":{"uv":[3.9375,3.2625,4.65625,3.7375],"rotation":0,"texture":"#3","tintindex":0},"south":{"uv":[1.9375,6.5625,2.4375,7.0625],"rotation":0,"texture":"#3","tintindex":0},"north":{"uv":[1.4375,6.5625,1.9375,7.0625],"rotation":0,"texture":"#3","tintindex":0},"west":{"uv":[5.84375,3.6875,6.5625,4.1875],"rotation":0,"texture":"#3","tintindex":0},"up":{"uv":[4.40625,6.5625,3.90625,5.84375],"rotation":0,"texture":"#3","tintindex":0},"down":{"uv":[5.59375,5.8875,5.09375,6.59375],"rotation":0,"texture":"#3","tintindex":0}}},{"from":[1.7936506,1.8890085,21.196346],"to":[14.36508,14.460438,28.053492],"rotation":{"angle":0.0,"axis":"y","origin":[8.650794,15.603294,7.7677755]},"faces":{"east":{"uv":[6.4375,1.9375,6.8125,2.6125],"rotation":0,"texture":"#3","tintindex":0},"south":{"uv":[5.15625,4.03125,5.84375,4.71875],"rotation":0,"texture":"#3","tintindex":0},"north":{"uv":[4.6375,5.1375,5.3125,5.8125],"rotation":0,"texture":"#3","tintindex":0},"west":{"uv":[6.0625,6.4375,6.4375,7.1125],"rotation":0,"texture":"#3","tintindex":0},"up":{"uv":[7.1125,1.4875,6.4375,1.1375],"rotation":0,"texture":"#3","tintindex":0},"down":{"uv":[7.1125,4.1875,6.4375,4.5625],"rotation":0,"texture":"#3","tintindex":0}}},{"from":[-2.7777777,3.3353024,24.225456],"to":[1.7936506,8.47816,24.225456],"rotation":{"angle":0.0,"axis":"y","origin":[7.5079365,16.192446,-88.917404]},"faces":{"east":{"uv":[0.0125,0.0125,0.0125,0.28125],"rotation":0,"texture":"#3","tintindex":0},"south":{"uv":[7.8875,1.1875,8.1125,1.46875],"rotation":0,"texture":"#3","tintindex":0},"north":{"uv":[7.7625,7.84375,7.9875,8.1125],"rotation":0,"texture":"#3","tintindex":0},"west":{"uv":[0.0125,0.0125,0.0125,0.28125],"rotation":0,"texture":"#3","tintindex":0},"up":{"uv":[0.2375,0.0125,0.0125,0.0125],"rotation":0,"texture":"#3","tintindex":0},"down":{"uv":[0.2375,0.0125,0.0125,0.0125],"rotation":0,"texture":"#3","tintindex":0}}},{"from":[-2.7777777,5.763874,21.654028],"to":[1.7936506,5.763874,26.796886],"rotation":{"angle":0.0,"axis":"y","origin":[7.5079365,10.763874,-88.060265]},"faces":{"east":{"uv":[0.0125,0.0125,0.28125,0.0125],"rotation":0,"texture":"#3","tintindex":0},"south":{"uv":[0.0125,0.0125,0.2375,0.0125],"rotation":0,"texture":"#3","tintindex":0},"north":{"uv":[0.0125,0.0125,0.2375,0.0125],"rotation":0,"texture":"#3","tintindex":0},"west":{"uv":[0.0125,0.0125,0.28125,0.0125],"rotation":0,"texture":"#3","tintindex":0},"up":{"uv":[2.4875,8.15625,2.2625,7.8875],"rotation":0,"texture":"#3","tintindex":0},"down":{"uv":[2.7375,7.8875,2.5125,8.15625],"rotation":0,"texture":"#3","tintindex":0}}},{"from":[-2.7777777,10.906732,21.654028],"to":[1.7936506,10.906732,26.796886],"rotation":{"angle":0.0,"axis":"y","origin":[7.5079365,10.763874,-88.060265]},"faces":{"east":{"uv":[0.0125,0.0125,0.28125,0.0125],"rotation":0,"texture":"#3","tintindex":0},"south":{"uv":[0.0125,0.0125,0.2375,0.0125],"rotation":0,"texture":"#3","tintindex":0},"north":{"uv":[0.0125,0.0125,0.2375,0.0125],"rotation":0,"texture":"#3","tintindex":0},"west":{"uv":[0.0125,0.0125,0.28125,0.0125],"rotation":0,"texture":"#3","tintindex":0},"up":{"uv":[2.4875,8.15625,2.2625,7.8875],"rotation":0,"texture":"#3","tintindex":0},"down":{"uv":[2.7375,7.8875,2.5125,8.15625],"rotation":0,"texture":"#3","tintindex":0}}},{"from":[-2.7777777,8.47816,24.225456],"to":[1.7936506,13.621017,24.225456],"rotation":{"angle":0.0,"axis":"y","origin":[7.5079365,16.192446,-88.917404]},"faces":{"east":{"uv":[0.0125,0.0125,0.0125,0.28125],"rotation":0,"texture":"#3","tintindex":0},"south":{"uv":[7.8875,1.1875,8.1125,1.46875],"rotation":0,"texture":"#3","tintindex":0},"north":{"uv":[7.7625,7.84375,7.9875,8.1125],"rotation":0,"texture":"#3","tintindex":0},"west":{"uv":[0.0125,0.0125,0.0125,0.28125],"rotation":0,"texture":"#3","tintindex":0},"up":{"uv":[0.2375,0.0125,0.0125,0.0125],"rotation":0,"texture":"#3","tintindex":0},"down":{"uv":[0.2375,0.0125,0.0125,0.0125],"rotation":0,"texture":"#3","tintindex":0}}},{"from":[14.36508,10.906732,21.654028],"to":[18.936508,10.906732,26.796886],"rotation":{"angle":0.0,"axis":"y","origin":[10.36508,10.763874,-88.060265]},"faces":{"east":{"uv":[0.28125,0.0125,0.0125,0.0125],"rotation":0,"texture":"#3","tintindex":0},"south":{"uv":[0.2375,0.0125,0.0125,0.0125],"rotation":0,"texture":"#3","tintindex":0},"north":{"uv":[0.2375,0.0125,0.0125,0.0125],"rotation":0,"texture":"#3","tintindex":0},"west":{"uv":[0.28125,0.0125,0.0125,0.0125],"rotation":0,"texture":"#3","tintindex":0},"up":{"uv":[2.2625,8.15625,2.4875,7.8875],"rotation":0,"texture":"#3","tintindex":0},"down":{"uv":[2.5125,7.8875,2.7375,8.15625],"rotation":0,"texture":"#3","tintindex":0}}},{"from":[14.36508,8.47816,24.225456],"to":[18.936508,13.621017,24.225456],"rotation":{"angle":0.0,"axis":"y","origin":[10.36508,16.192446,-88.917404]},"faces":{"east":{"uv":[0.0125,0.0125,0.0125,0.28125],"rotation":0,"texture":"#3","tintindex":0},"south":{"uv":[8.1125,1.1875,7.8875,1.46875],"rotation":0,"texture":"#3","tintindex":0},"north":{"uv":[7.9875,7.84375,7.7625,8.1125],"rotation":0,"texture":"#3","tintindex":0},"west":{"uv":[0.0125,0.0125,0.0125,0.28125],"rotation":0,"texture":"#3","tintindex":0},"up":{"uv":[0.0125,0.0125,0.2375,0.0125],"rotation":0,"texture":"#3","tintindex":0},"down":{"uv":[0.0125,0.0125,0.2375,0.0125],"rotation":0,"texture":"#3","tintindex":0}}},{"from":[14.36508,3.3353024,24.225456],"to":[18.936508,8.47816,24.225456],"rotation":{"angle":0.0,"axis":"y","origin":[10.36508,16.192446,-88.917404]},"faces":{"east":{"uv":[0.0125,0.0125,0.0125,0.28125],"rotation":0,"texture":"#3","tintindex":0},"south":{"uv":[8.1125,1.1875,7.8875,1.46875],"rotation":0,"texture":"#3","tintindex":0},"north":{"uv":[7.9875,7.84375,7.7625,8.1125],"rotation":0,"texture":"#3","tintindex":0},"west":{"uv":[0.0125,0.0125,0.0125,0.28125],"rotation":0,"texture":"#3","tintindex":0},"up":{"uv":[0.0125,0.0125,0.2375,0.0125],"rotation":0,"texture":"#3","tintindex":0},"down":{"uv":[0.0125,0.0125,0.2375,0.0125],"rotation":0,"texture":"#3","tintindex":0}}},{"from":[14.36508,5.763874,21.654028],"to":[18.936508,5.763874,26.796886],"rotation":{"angle":0.0,"axis":"y","origin":[10.36508,10.763874,-88.060265]},"faces":{"east":{"uv":[0.28125,0.0125,0.0125,0.0125],"rotation":0,"texture":"#3","tintindex":0},"south":{"uv":[0.2375,0.0125,0.0125,0.0125],"rotation":0,"texture":"#3","tintindex":0},"north":{"uv":[0.2375,0.0125,0.0125,0.0125],"rotation":0,"texture":"#3","tintindex":0},"west":{"uv":[0.28125,0.0125,0.0125,0.0125],"rotation":0,"texture":"#3","tintindex":0},"up":{"uv":[2.2625,8.15625,2.4875,7.8875],"rotation":0,"texture":"#3","tintindex":0},"down":{"uv":[2.5125,7.8875,2.7375,8.15625],"rotation":0,"texture":"#3","tintindex":0}}},{"from":[2.6507936,14.47816,24.225456],"to":[7.7936506,19.049587,24.225456],"rotation":{"angle":0.0,"axis":"y","origin":[5.7936506,14.47816,-88.917404]},"faces":{"east":{"uv":[0.0125,0.0125,0.2375,0.0125],"rotation":270,"texture":"#3","tintindex":0},"south":{"uv":[8.1125,1.1875,7.8875,1.46875],"rotation":270,"texture":"#3","tintindex":0},"north":{"uv":[7.9875,7.84375,7.7625,8.1125],"rotation":90,"texture":"#3","tintindex":0},"west":{"uv":[0.0125,0.0125,0.2375,0.0125],"rotation":270,"texture":"#3","tintindex":0},"up":{"uv":[0.0125,0.0125,0.0125,0.28125],"rotation":270,"texture":"#3","tintindex":0},"down":{"uv":[0.0125,0.0125,0.0125,0.28125],"rotation":270,"texture":"#3","tintindex":0}}},{"from":[10.5079365,14.47816,21.654028],"to":[10.5079365,19.049587,26.796886],"rotation":{"angle":0.0,"axis":"y","origin":[11.222222,14.47816,-88.060265]},"faces":{"east":{"uv":[2.5125,7.8875,2.7375,8.15625],"rotation":270,"texture":"#3","tintindex":0},"south":{"uv":[0.2375,0.0125,0.0125,0.0125],"rotation":270,"texture":"#3","tintindex":0},"north":{"uv":[0.2375,0.0125,0.0125,0.0125],"rotation":90,