{"textures":{"3":"modelengine:entity/cerberus4"},"elements":[{"from":[1.9999995,3.7142854,-1.7142859],"to":[14.0,20.285715,6.285714],"rotation":{"angle":-22.5,"axis":"x","origin":[8.0,17.714287,-1.1428576]},"faces":{"east":{"uv":[2.65625,5.65625,2.21875,6.5625],"rotation":0,"texture":"#3","tintindex":0},"south":{"uv":[5.4375,1.6375,4.78125,2.53125],"rotation":0,"texture":"#3","tintindex":0},"north":{"uv":[2.21875,4.53125,1.5625,5.4375],"rotation":0,"texture":"#3","tintindex":0},"west":{"uv":[5.96875,2.0125,5.53125,2.90625],"rotation":0,"texture":"#3","tintindex":0},"up":{"uv":[6.0125,1.9375,6.65625,1.5125],"rotation":0,"texture":"#3","tintindex":0},"down":{"uv":[6.03125,0.0125,6.6875,0.4375],"rotation":0,"texture":"#3","tintindex":0}}},{"from":[0.28571415,6.0,-7.4285717],"to":[15.714286,11.142858,7.428571],"rotation":{"angle":-22.5,"axis":"x","origin":[8.0,17.714287,-1.1428576]},"faces":{"east":{"uv":[7.6125,0.28125,6.8125,0.5625],"rotation":0,"texture":"#3","tintindex":0},"south":{"uv":[7.53125,0.0125,6.6875,0.28125],"rotation":0,"texture":"#3","tintindex":0},"north":{"uv":[7.4875,1.5125,6.65625,1.78125],"rotation":0,"texture":"#3","tintindex":0},"west":{"uv":[7.4875,4.90625,6.6875,5.1875],"rotation":0,"texture":"#3","tintindex":0},"up":{"uv":[3.9375,2.4375,4.78125,1.6375],"rotation":0,"texture":"#3","tintindex":0},"down":{"uv":[3.9375,2.4375,4.78125,3.2375],"rotation":0,"texture":"#3","tintindex":0}}},{"from":[15.714286,6.0,-2.285715],"to":[20.285715,11.142858,-2.285715],"rotation":{"angle":-22.5,"axis":"x","origin":[8.0,17.714287,-1.1428576]},"faces":{"east":{"uv":[0.0125,0.0125,0.0125,0.28125],"rotation":0,"texture":"#3","tintindex":0},"south":{"uv":[6.5625,7.8875,6.3125,8.15625],"rotation":0,"texture":"#3","tintindex":0},"north":{"uv":[8.1125,4.78125,7.8875,5.0625],"rotation":0,"texture":"#3","tintindex":0},"west":{"uv":[0.0125,0.0125,0.0125,0.28125],"rotation":0,"texture":"#3","tintindex":0},"up":{"uv":[0.0125,0.0125,0.2375,0.0125],"rotation":0,"texture":"#3","tintindex":0},"down":{"uv":[0.0125,0.0125,0.2375,0.0125],"rotation":0,"texture":"#3","tintindex":0}}},{"from":[15.714286,8.428572,-2.8571434],"to":[20.285715,8.428572,2.2857141],"rotation":{"angle":-22.5,"axis":"x","origin":[8.0,12.285715,-0.2857151]},"faces":{"east":{"uv":[0.28125,0.0125,0.0125,0.0125],"rotation":0,"texture":"#3","tintindex":0},"south":{"uv":[0.2375,0.0125,0.0125,0.0125],"rotation":0,"texture":"#3","tintindex":0},"north":{"uv":[0.2375,0.0125,0.0125,0.0125],"rotation":0,"texture":"#3","tintindex":0},"west":{"uv":[0.28125,0.0125,0.0125,0.0125],"rotation":0,"texture":"#3","tintindex":0},"up":{"uv":[7.9375,5.34375,8.1875,5.0625],"rotation":0,"texture":"#3","tintindex":0},"down":{"uv":[7.9375,7.46875,8.1875,7.7375],"rotation":0,"texture":"#3","tintindex":0}}},{"from":[15.714286,6.0,4.0],"to":[20.285715,11.142858,4.0],"rotation":{"angle":-22.5,"axis":"x","origin":[8.0,17.714287,-1.1428576]},"faces":{"east":{"uv":[0.0125,0.0125,0.0125,0.28125],"rotation":0,"texture":"#3","tintindex":0},"south":{"uv":[8.1125,1.1875,7.8875,1.46875],"rotation":0,"texture":"#3","tintindex":0},"north":{"uv":[7.9875,7.84375,7.7625,8.1125],"rotation":0,"texture":"#3","tintindex":0},"west":{"uv":[0.0125,0.0125,0.0125,0.28125],"rotation":0,"texture":"#3","tintindex":0},"up":{"uv":[0.0125,0.0125,0.2375,0.0125],"rotation":0,"texture":"#3","tintindex":0},"down":{"uv":[0.0125,0.0125,0.2375,0.0125],"rotation":0,"texture":"#3","tintindex":0}}},{"from":[15.714286,8.428572,3.4285712],"to":[20.285715,8.428572,8.571428],"rotation":{"angle":-22.5,"axis":"x","origin":[8.0,12.285715,-0.2857151]},"faces":{"east":{"uv":[0.28125,0.0125,0.0125,0.0125],"rotation":0,"texture":"#3","tintindex":0},"south":{"uv":[0.2375,0.0125,0.0125,0.0125],"rotation":0,"texture":"#3","tintindex":0},"north":{"uv":[0.2375,0.0125,0.0125,0.0125],"rotation":0,"texture":"#3","tintindex":0},"west":{"uv":[0.28125,0.0125,0.0125,0.0125],"rotation":0,"texture":"#3","tintindex":0},"up":{"uv":[2.2625,8.15625,2.4875,7.8875],"rotation":0,"texture":"#3","tintindex":0},"down":{"uv":[2.5125,7.8875,2.7375,8.15625],"rotation":0,"texture":"#3","tintindex":0}}},{"from":[-4.285715,6.0,-2.285715],"to":[0.28571415,11.142858,-2.285715],"rotation":{"angle":-22.5,"axis":"x","origin":[5.142857,17.714287,-1.1428576]},"faces":{"east":{"uv":[0.0125,0.0125,0.0125,0.28125],"rotation":0,"texture":"#3","tintindex":0},"south":{"uv":[8.21875,1.84375,7.96875,2.1125],"rotation":0,"texture":"#3","tintindex":0},"north":{"uv":[1.71875,7.96875,1.46875,8.2375],"rotation":0,"texture":"#3","tintindex":0},"west":{"uv":[0.0125,0.0125,0.0125,0.28125],"rotation":0,"texture":"#3","tintindex":0},"up":{"uv":[0.0125,0.0125,0.2375,0.0125],"rotation":0,"texture":"#3","tintindex":0},"down":{"uv":[0.0125,0.0125,0.2375,0.0125],"rotation":0,"texture":"#3","tintindex":0}}},{"from":[-4.285715,8.428572,-2.8571434],"to":[0.28571415,8.428572,2.2857141],"rotation":{"angle":-22.5,"axis":"x","origin":[5.142857,12.285715,-0.2857151]},"faces":{"east":{"uv":[0.28125,0.0125,0.0125,0.0125],"rotation":0,"texture":"#3","tintindex":0},"south":{"uv":[0.2375,0.0125,0.0125,0.0125],"rotation":0,"texture":"#3","tintindex":0},"north":{"uv":[0.2375,0.0125,0.0125,0.0125],"rotation":0,"texture":"#3","tintindex":0},"west":{"uv":[0.28125,0.0125,0.0125,0.0125],"rotation":0,"texture":"#3","tintindex":0},"up":{"uv":[7.96875,0.28125,8.21875,0.0125],"rotation":0,"texture":"#3","tintindex":0},"down":{"uv":[7.96875,0.46875,8.21875,0.7375],"rotation":0,"texture":"#3","tintindex":0}}},{"from":[-4.285715,6.0,4.0],"to":[0.28571415,11.142858,4.0],"rotation":{"angle":-22.5,"axis":"x","origin":[5.142857,17.714287,-1.1428576]},"faces":{"east":{"uv":[0.0125,0.0125,0.0125,0.28125],"rotation":0,"texture":"#3","tintindex":0},"south":{"uv":[8.2375,3.34375,8.0125,3.6125],"rotation":0,"texture":"#3","tintindex":0},"north":{"uv":[8.2375,3.0625,8.0125,3.34375],"rotation":0,"texture":"#3","tintindex":0},"west":{"uv":[0.0125,0.0125,0.0125,0.28125],"rotation":0,"texture":"#3","tintindex":0},"up":{"uv":[0.0125,0.0125,0.2375,0.0125],"rotation":0,"texture":"#3","tintindex":0},"down":{"uv":[0.0125,0.0125,0.2375,0.0125],"rotation":0,"texture":"#3","tintindex":0}}},{"from":[7.714286,8.0,2.7142854],"to":[7.714286,22.285715,10.714286],"rotation":{"angle":-22.5,"axis":"x","origin":[-6.8571434,18.857143,-3.4285717]},"faces":{"east":{"uv":[3.09375,6.0125,2.65625,6.78125],"rotation":0,"texture":"#3","tintindex":0},"south":{"uv":[0.0125,0.0125,0.0125,0.78125],"rotation":0,"texture":"#3","tintindex":0},"north":{"uv":[0.0125,0.0125,0.0125,0.78125],"rotation":0,"texture":"#3","tintindex":0},"west":{"uv":[2.65625,6.0125,3.09375,6.78125],"rotation":0,"texture":"#3","tintindex":0},"up":{"uv":[0.0125,0.4375,0.0125,0.0125],"rotation":0,"texture":"#3","tintindex":0},"down":{"uv":[0.0125,0.0125,0.0125,0.4375],"rotation":0,"texture":"#3","tintindex":0}}},{"from":[-4.285715,8.428572,3.4285712],"to":[0.28571415,8.428572,8.571428],"rotation":{"angle":-22.5,"axis":"x","origin":[5.142857,12.285715,-0.2857151]},"faces":{"east":{"uv":[0.28125,0.0125,0.0125,0.0125],"rotation":0,"texture":"#3","tintindex":0},"south":{"uv":[0.2375,0.0125,0.0125,0.0125],"rotation":0,"texture":"#3","tintindex":0},"north":{"uv":[0.2375,0.0125,0.0125,0.0125],"rotation":0,"texture":"#3","tintindex":0},"west":{"uv":[0.28125,0.0125,0.0125,0.0125],"rotation":0,"texture":"#3","tintindex":0},"up":{"uv":[3.0625,8.2375,3.3125,7.96875],"rotation":0,"texture":"#3","tintindex":0},"down":{"uv":[7.96875,7.0125,8.21875,7.28125],"rotation":0,"texture":"#3","tintindex":0}}},{"from":[4.8571424,7.714286,-10.857143],"to":[6.0,9.428572,-7.4285717],"rotation":{"angle":-22.5,"axis":"x","origin":[8.0,17.714287,-1.1428576]},"faces":{"east":{"uv":[1.6125,6.0625,1.4375,6.15625],"rotation":0,"texture":"#3","tintindex":0},"south":{"uv":[6.03125,2.7625,5.96875,2.84375],"rotation":0,"texture":"#3","tintindex":0},"north":{"uv":[1.53125,5.28125,1.46875,5.3625],"rotation":0,"texture":"#3","tintindex":0},