{"textures":{"3":"modelengine:entity/cerberus4"},"elements":[{"from":[4.5714283,3.9674854,2.97933],"to":[11.428572,8.538914,10.97933],"rotation":{"angle":0.0,"axis":"y","origin":[8.0,6.824628,6.407902]},"faces":{"east":{"uv":[6.9375,6.1875,6.5125,6.4375],"rotation":0,"texture":"#3","tintindex":0},"south":{"uv":[8.1125,2.46875,7.7625,2.71875],"rotation":0,"texture":"#3","tintindex":0},"north":{"uv":[8.09375,6.1875,7.71875,6.4375],"rotation":0,"texture":"#3","tintindex":0},"west":{"uv":[3.8125,1.6375,3.3875,1.8625],"rotation":0,"texture":"#3","tintindex":0},"up":{"uv":[3.4375,7.7375,3.8125,7.3125],"rotation":0,"texture":"#3","tintindex":0},"down":{"uv":[3.8125,7.3125,4.1875,7.7375],"rotation":0,"texture":"#3","tintindex":0}}},{"from":[4.0,3.9674854,-0.44924164],"to":[12.0,10.2532,4.693616],"rotation":{"angle":22.5,"axis":"x","origin":[8.0,6.824628,2.4079013]},"faces":{"east":{"uv":[7.96875,7.1375,7.6875,7.46875],"rotation":0,"texture":"#3","tintindex":0},"south":{"uv":[7.78125,2.1375,7.34375,2.46875],"rotation":0,"texture":"#3","tintindex":0},"north":{"uv":[7.78125,1.78125,7.34375,2.1125],"rotation":0,"texture":"#3","tintindex":0},"west":{"uv":[3.0625,7.6875,2.78125,8.03125],"rotation":0,"texture":"#3","tintindex":0},"up":{"uv":[7.3875,4.09375,7.8125,3.8125],"rotation":0,"texture":"#3","tintindex":0},"down":{"uv":[7.53125,0.0125,7.96875,0.28125],"rotation":0,"texture":"#3","tintindex":0}}}],"display":{"head":{"translation":[0.0,-6.4,0.0],"scale":[4.0,4.0,4.0]}}}