{"textures":{"3":"modelengine:entity/cerberus4","4":"modelengine:entity/cerberus_bits"},"elements":[{"from":[4.0,-3.5,-11.0],"to":[12.0,1.5,-7.0],"faces":{"east":{"uv":[11.6125,13.2625,10.6375,14.4875],"tintindex":0,"rotation":0,"texture":"#4"},"south":{"uv":[15.3625,12.5125,13.3875,13.7375],"tintindex":0,"rotation":0,"texture":"#4"},"north":{"uv":[15.3625,11.2625,13.3875,12.4875],"tintindex":0,"rotation":0,"texture":"#4"},"west":{"uv":[11.6125,12.0125,10.6375,13.2375],"tintindex":0,"rotation":0,"texture":"#4"},"up":{"uv":[8.1375,14.7375,10.1125,13.7625],"tintindex":0,"rotation":0,"texture":"#4"},"down":{"uv":[13.3875,13.7625,15.3625,14.7375],"tintindex":0,"rotation":0,"texture":"#4"}},"rotation":{"origin":[10.5,19.5,-3.5],"angle":-45.0,"axis":"x"}},{"from":[5.0,-2.0,-14.5],"to":[11.0,3.5,-3.5],"faces":{"east":{"uv":[7.40625,2.6375,6.71875,2.96875],"tintindex":0,"rotation":0,"texture":"#3"},"south":{"uv":[7.8625,4.8125,7.5125,5.15625],"tintindex":0,"rotation":0,"texture":"#3"},"north":{"uv":[7.8625,1.3125,7.5125,1.65625],"tintindex":0,"rotation":0,"texture":"#3"},"west":{"uv":[7.3625,4.5625,6.6875,4.90625],"tintindex":0,"rotation":0,"texture":"#3"},"up":{"uv":[0.53125,6.90625,0.90625,6.21875],"tintindex":0,"rotation":0,"texture":"#3"},"down":{"uv":[6.4375,0.4375,6.8125,1.1125],"tintindex":0,"rotation":0,"texture":"#3"}},"rotation":{"origin":[10.5,19.5,-3.5],"angle":-45.0,"axis":"x"}}]}