{"textures":{"0":"modelengine:entity/stone_golem"},"elements":[{"from":[7.08331,10.553741,7.802568],"to":[10.511882,14.553741,7.802568],"rotation":{"angle":22.5,"axis":"z","origin":[13.8437605,4.171458,7.31534]},"faces":{"east":{"uv":[2.75,10.625,2.75,11.5],"rotation":0,"texture":"#0","tintindex":0},"south":{"uv":[7.5,10.0,6.75,10.875],"rotation":0,"texture":"#0","tintindex":0},"north":{"uv":[6.75,10.0,7.5,10.875],"rotation":0,"texture":"#0","tintindex":0},"west":{"uv":[2.875,10.625,2.875,11.5],"rotation":0,"texture":"#0","tintindex":0},"up":{"uv":[8.375,2.25,7.625,2.25],"rotation":0,"texture":"#0","tintindex":0},"down":{"uv":[8.375,2.375,7.625,2.375],"rotation":0,"texture":"#0","tintindex":0}}},{"from":[4.1294746,1.3024344,6.010007],"to":[8.129475,5.302434,10.010008],"rotation":{"angle":22.5,"axis":"x","origin":[13.8437605,4.171458,7.31534]},"faces":{"east":{"uv":[9.375,9.375,10.25,10.25],"rotation":0,"texture":"#0","tintindex":0},"south":{"uv":[0.0,9.5,0.875,10.375],"rotation":0,"texture":"#0","tintindex":0},"north":{"uv":[8.375,9.375,9.25,10.25],"rotation":0,"texture":"#0","tintindex":0},"west":{"uv":[5.75,9.5,6.625,10.375],"rotation":0,"texture":"#0","tintindex":0},"up":{"uv":[1.875,10.5,1.0,9.625],"rotation":0,"texture":"#0","tintindex":0},"down":{"uv":[2.875,9.625,2.0,10.5],"rotation":0,"texture":"#0","tintindex":0}}},{"from":[3.5580459,3.3054752,2.7807355],"to":[8.700903,6.162618,2.7807355],"rotation":{"angle":45.0,"axis":"x","origin":[13.8437605,4.171458,7.31534]},"faces":{"east":{"uv":[10.625,4.875,10.625,5.5],"rotation":0,"texture":"#0","tintindex":0},"south":{"uv":[5.25,9.875,4.125,10.5],"rotation":0,"texture":"#0","tintindex":0},"north":{"uv":[4.125,9.875,5.25,10.5],"rotation":0,"texture":"#0","tintindex":0},"west":{"uv":[5.125,10.625,5.125,11.25],"rotation":0,"texture":"#0","tintindex":0},"up":{"uv":[11.125,3.125,10.0,3.125],"rotation":0,"texture":"#0","tintindex":0},"down":{"uv":[11.5,10.125,10.375,10.125],"rotation":0,"texture":"#0","tintindex":0}}},{"from":[6.9764013,14.706867,5.516854],"to":[9.833545,14.706867,10.659711],"rotation":{"angle":45.0,"axis":"z","origin":[13.8437605,4.171458,7.31534]},"faces":{"east":{"uv":[10.375,10.25,11.5,10.25],"rotation":0,"texture":"#0","tintindex":0},"south":{"uv":[5.875,4.25,6.5,4.25],"rotation":0,"texture":"#0","tintindex":0},"north":{"uv":[5.875,4.125,6.5,4.125],"rotation":0,"texture":"#0","tintindex":0},"west":{"uv":[10.5,1.75,11.625,1.75],"rotation":0,"texture":"#0","tintindex":0},"up":{"uv":[10.5,6.0,9.875,4.875],"rotation":0,"texture":"#0","tintindex":0},"down":{"uv":[10.5,4.875,9.875,6.0],"rotation":0,"texture":"#0","tintindex":0}}},{"from":[3.5580459,2.2123694,12.942478],"to":[8.700903,5.0695124,12.942478],"rotation":{"angle":-45.0,"axis":"x","origin":[13.8437605,4.171458,7.31534]},"faces":{"east":{"uv":[5.25,10.625,5.25,11.25],"rotation":0,"texture":"#0","tintindex":0},"south":{"uv":[10.0,6.125,11.125,6.75],"rotation":0,"texture":"#0","tintindex":0},"north":{"uv":[11.125,6.125,10.0,6.75],"rotation":0,"texture":"#0","tintindex":0},"west":{"uv":[10.75,1.875,10.75,2.5],"rotation":0,"texture":"#0","tintindex":0},"up":{"uv":[11.75,5.625,10.625,5.625],"rotation":0,"texture":"#0","tintindex":0},"down":{"uv":[11.75,5.75,10.625,5.75],"rotation":0,"texture":"#0","tintindex":0}}},{"from":[3.5580459,4.214442,5.516854],"to":[8.700903,8.785871,10.659711],"rotation":{"angle":0.0,"axis":"y","origin":[13.8437605,4.171458,7.31534]},"faces":{"east":{"uv":[0.0,8.375,1.125,9.375],"rotation":0,"texture":"#0","tintindex":0},"south":{"uv":[1.25,8.5,2.375,9.5],"rotation":0,"texture":"#0","tintindex":0},"north":{"uv":[7.5,8.0,8.625,9.0],"rotation":0,"texture":"#0","tintindex":0},"west":{"uv":[2.5,8.5,3.625,9.5],"rotation":0,"texture":"#0","tintindex":0},"up":{"uv":[8.625,3.625,7.5,2.5],"rotation":0,"texture":"#0","tintindex":0},"down":{"uv":[8.625,5.375,7.5,6.5],"rotation":0,"texture":"#0","tintindex":0}}}],"display":{"head":{"translation":[0.0,-6.4,0.0],"scale":[4.0,4.0,4.0]}}}