{"textures":{"0":"modelengine:entity/nocsy_drakonin_shadowspell"},"elements":[{"from":[5.428571,1.7142854,9.333333],"to":[10.571428,6.857143,14.476191],"rotation":{"angle":0.0,"axis":"y","origin":[8.0,4.285714,11.904762]},"faces":{"east":{"uv":[6.375,2.5,5.25,3.625],"rotation":90,"texture":"#0","tintindex":0},"south":{"uv":[5.25,3.625,6.375,2.5],"rotation":270,"texture":"#0","tintindex":0},"north":{"uv":[5.25,2.5,6.375,3.625],"rotation":270,"texture":"#0","tintindex":0},"west":{"uv":[5.25,2.5,6.375,3.625],"rotation":270,"texture":"#0","tintindex":0},"up":{"uv":[5.25,1.25,6.375,2.375],"rotation":0,"texture":"#0","tintindex":0},"down":{"uv":[5.25,3.75,6.375,4.875],"rotation":180,"texture":"#0","tintindex":0}}},{"from":[8.0,-1.7142859,4.7619047],"to":[8.0,21.714287,19.047619],"rotation":{"angle":0.0,"axis":"y","origin":[10.571428,4.285714,11.904762]},"faces":{"east":{"uv":[5.125,3.25,0.0,6.375],"rotation":90,"texture":"#0","tintindex":0},"south":{"uv":[11.625,3.375,6.5,3.375],"rotation":270,"texture":"#0","tintindex":0},"north":{"uv":[11.625,3.25,6.5,3.25],"rotation":270,"texture":"#0","tintindex":0},"west":{"uv":[0.0,3.25,5.125,6.375],"rotation":270,"texture":"#0","tintindex":0},"up":{"uv":[0.0,6.5,0.0,9.625],"rotation":0,"texture":"#0","tintindex":0},"down":{"uv":[6.5,0.0,6.5,3.125],"rotation":180,"texture":"#0","tintindex":0}}},{"from":[0.85714245,-1.7142859,11.619048],"to":[15.142858,21.714287,11.619048],"rotation":{"angle":0.0,"axis":"y","origin":[8.0,4.285714,11.904762]},"faces":{"east":{"uv":[11.625,3.375,6.5,3.375],"rotation":270,"texture":"#0","tintindex":0},"south":{"uv":[0.0,3.25,5.125,6.375],"rotation":270,"texture":"#0","tintindex":0},"north":{"uv":[5.125,3.25,0.0,6.375],"rotation":90,"texture":"#0","tintindex":0},"west":{"uv":[11.625,3.25,6.5,3.25],"rotation":270,"texture":"#0","tintindex":0},"up":{"uv":[0.0,6.5,0.0,9.625],"rotation":270,"texture":"#0","tintindex":0},"down":{"uv":[6.5,0.0,6.5,3.125],"rotation":270,"texture":"#0","tintindex":0}}}],"display":{"head":{"translation":[0.0,-6.4,0.0],"scale":[4.0,4.0,4.0]}}}