{"textures":{"0":"modelengine:entity/turkeybot"},"elements":[{"from":[7.714286,9.714286,2.5714283],"to":[8.857143,10.285714,3.7142854],"rotation":{"angle":0.0,"axis":"y","origin":[7.714286,-17.714287,13.428572]},"faces":{"east":{"uv":[9.0,8.375,9.25,8.5],"rotation":0,"texture":"#0","tintindex":0},"south":{"uv":[9.25,8.375,9.5,8.5],"rotation":0,"texture":"#0","tintindex":0},"north":{"uv":[8.875,3.875,9.125,4.0],"rotation":0,"texture":"#0","tintindex":0},"west":{"uv":[9.5,8.375,9.75,8.5],"rotation":0,"texture":"#0","tintindex":0},"up":{"uv":[5.625,12.125,5.375,11.875],"rotation":0,"texture":"#0","tintindex":0},"down":{"uv":[13.0,7.25,12.75,7.5],"rotation":0,"texture":"#0","tintindex":0}}},{"from":[5.428571,8.0,3.7142854],"to":[10.571428,12.0,9.428572],"rotation":{"angle":0.0,"axis":"y","origin":[7.714286,-15.428572,13.428572]},"faces":{"east":{"uv":[11.25,8.375,12.5,9.25],"rotation":0,"texture":"#0","tintindex":0},"south":{"uv":[11.375,3.75,12.5,4.625],"rotation":0,"texture":"#0","tintindex":0},"north":{"uv":[2.125,11.375,3.25,12.25],"rotation":0,"texture":"#0","tintindex":0},"west":{"uv":[0.875,11.375,2.125,12.25],"rotation":0,"texture":"#0","tintindex":0},"up":{"uv":[11.5,2.5,10.375,1.25],"rotation":0,"texture":"#0","tintindex":0},"down":{"uv":[4.625,10.625,3.5,11.875],"rotation":0,"texture":"#0","tintindex":0}}},{"from":[6.5714283,4.5714283,3.142857],"to":[9.428572,8.0,5.428571],"rotation":{"angle":0.0,"axis":"y","origin":[7.714286,-15.428572,13.428572]},"faces":{"east":{"uv":[0.0,12.5,0.5,13.25],"rotation":0,"texture":"#0","tintindex":0},"south":{"uv":[2.25,12.25,2.875,13.0],"rotation":0,"texture":"#0","tintindex":0},"north":{"uv":[1.625,12.25,2.25,13.0],"rotation":0,"texture":"#0","tintindex":0},"west":{"uv":[12.5,1.25,13.0,2.0],"rotation":0,"texture":"#0","tintindex":0},"up":{"uv":[11.0,5.875,10.375,5.375],"rotation":0,"texture":"#0","tintindex":0},"down":{"uv":[6.25,10.625,5.625,11.125],"rotation":0,"texture":"#0","tintindex":0}}},{"from":[8.857143,6.285714,2.5714283],"to":[10.0,10.285714,3.7142854],"rotation":{"angle":0.0,"axis":"y","origin":[7.714286,-15.428572,13.428572]},"faces":{"east":{"uv":[12.5,5.375,12.75,6.25],"rotation":0,"texture":"#0","tintindex":0},"south":{"uv":[12.5,8.375,12.75,9.25],"rotation":0,"texture":"#0","tintindex":0},"north":{"uv":[0.5,12.5,0.75,13.375],"rotation":0,"texture":"#0","tintindex":0},"west":{"uv":[12.5,12.0,12.75,12.875],"rotation":0,"texture":"#0","tintindex":0},"up":{"uv":[13.0,7.75,12.75,7.5],"rotation":0,"texture":"#0","tintindex":0},"down":{"uv":[13.0,7.75,12.75,8.0],"rotation":0,"texture":"#0","tintindex":0}}},{"from":[6.5714283,8.0,0.28571415],"to":[9.428572,9.714286,3.7142854],"rotation":{"angle":0.0,"axis":"y","origin":[7.714286,-15.428572,13.428572]},"faces":{"east":{"uv":[12.5,3.75,13.25,4.125],"rotation":0,"texture":"#0","tintindex":0},"south":{"uv":[12.5,5.0,13.125,5.375],"rotation":0,"texture":"#0","tintindex":0},"north":{"uv":[11.5,2.125,12.125,2.5],"rotation":0,"texture":"#0","tintindex":0},"west":{"uv":[12.5,4.125,13.25,4.5],"rotation":0,"texture":"#0","tintindex":0},"up":{"uv":[13.0,10.0,12.375,9.25],"rotation":0,"texture":"#0","tintindex":0},"down":{"uv":[13.0,10.0,12.375,10.75],"rotation":0,"texture":"#0","tintindex":0}}},{"from":[5.428571,9.714286,1.9999995],"to":[7.142857,11.428572,3.142857],"rotation":{"angle":0.0,"axis":"y","origin":[7.714286,-15.428572,13.428572]},"faces":{"east":{"uv":[12.75,5.75,13.0,6.125],"rotation":0,"texture":"#0","tintindex":0},"south":{"uv":[4.625,12.75,5.0,13.125],"rotation":0,"texture":"#0","tintindex":0},"north":{"uv":[4.25,12.75,4.625,13.125],"rotation":0,"texture":"#0","tintindex":0},"west":{"uv":[12.75,6.625,13.0,7.0],"rotation":0,"texture":"#0","tintindex":0},"up":{"uv":[8.625,6.625,8.25,6.375],"rotation":0,"texture":"#0","tintindex":0},"down":{"uv":[13.125,7.0,12.75,7.25],"rotation":0,"texture":"#0","tintindex":0}}},{"from":[6.0,10.285714,-11.714287],"to":[6.5714283,10.857143,1.9999995],"rotation":{"angle":0.0,"axis":"y","origin":[7.714286,-15.428572,13.428572]},"faces":{"east":{"uv":[15.375,11.5,12.375,11.625],"rotation":0,"texture":"#0","tintindex":0},"south":{"uv":[1.375,9.75,1.5,9.875],"rotation":0,"texture":"#0","tintindex":0},"north":{"uv":[1.25,9.75,1.375,9.875],"rotation":0,"texture":"#0","tintindex":0},"west":{"uv":[12.375,11.5,15.375,11.625],"rotation":0,"texture":"#0","tintindex":0},"up":{"uv":[12.375,11.625,15.375,11.5],"rotation":90,"texture":"#0","tintindex":0},"down":{"uv":[15.375,11.625,12.375,11.5],"rotation":90,"texture":"#0","tintindex":0}}},{"from":[4.8571424,9.142858,3.142857],"to":[8.285714,12.571428,6.5714283],"rotation":{"angle":0.0,"axis":"y","origin":[7.714286,-15.428572,13.428572]},"faces":{"east":{"uv":[11.375,4.625,12.125,5.375],"rotation":0,"texture":"#0","tintindex":0},"south":{"uv":[12.125,3.0,12.875,3.75],"rotation":0,"texture":"#0","tintindex":0},"north":{"uv":[3.5,9.875,4.25,10.625],"rotation":0,"texture":"#0","tintindex":0},"west":{"uv":[5.375,12.125,6.125,12.875],"rotation":0,"texture":"#0","tintindex":0},"up":{"uv":[9.375,12.875,8.625,12.125],"rotation":0,"texture":"#0","tintindex":0},"down":{"uv":[1.625,12.25,0.875,13.0],"rotation":0,"texture":"#0","tintindex":0}}}],"display":{"head":{"translation":[0.0,-6.4,0.0],"scale":[4.0,4.0,4.0]}}}