{"textures":{"0":"modelengine:entity/turkeybot"},"elements":[{"from":[5.428571,6.857143,5.714286],"to":[10.571428,13.714286,10.285714],"rotation":{"angle":0.0,"axis":"y","origin":[7.714286,-1.7142859,13.714286]},"faces":{"east":{"uv":[10.375,3.875,11.375,5.375],"rotation":0,"texture":"#0","tintindex":0},"south":{"uv":[2.375,9.875,3.5,11.375],"rotation":0,"texture":"#0","tintindex":0},"north":{"uv":[1.25,9.875,2.375,11.375],"rotation":0,"texture":"#0","tintindex":0},"west":{"uv":[10.375,9.625,11.375,11.125],"rotation":0,"texture":"#0","tintindex":0},"up":{"uv":[6.75,12.125,5.625,11.125],"rotation":0,"texture":"#0","tintindex":0},"down":{"uv":[9.875,11.125,8.75,12.125],"rotation":0,"texture":"#0","tintindex":0}}}],"display":{"head":{"translation":[0.0,-6.4,0.0],"scale":[4.0,4.0,4.0]}}}