{"textures":{"0":"modelengine:entity/elephant","1":"modelengine:entity/elephantsaddle1"},"elements":[{"from":[6.4830475,10.51724,7.593053],"to":[9.253333,11.47724,8.635339],"rotation":{"angle":-45.0,"axis":"x","origin":[7.9070477,6.2941294,13.979999]},"faces":{"east":{"uv":[2.675,0.21875,2.4375,0.0],"rotation":0,"texture":"#0","tintindex":0},"south":{"uv":[4.3125,2.375,2.4375,0.0],"rotation":0,"texture":"#0","tintindex":0},"north":{"uv":[3.06875,0.21875,2.4375,0.0],"rotation":0,"texture":"#0","tintindex":0},"west":{"uv":[2.675,0.21875,2.4375,0.0],"rotation":0,"texture":"#0","tintindex":0},"up":{"uv":[4.3125,2.375,2.4375,0.0],"rotation":0,"texture":"#0","tintindex":0},"down":{"uv":[3.06875,0.2375,2.4375,0.0],"rotation":0,"texture":"#0","tintindex":0}}},{"from":[6.4830475,4.504421,6.2300096],"to":[9.253333,7.2198496,8.095153],"rotation":{"angle":0.0,"axis":"y","origin":[7.9070477,6.2941294,13.979999]},"faces":{"east":{"uv":[2.8625,0.61875,2.4375,0.0],"rotation":0,"texture":"#0","tintindex":0},"south":{"uv":[4.3125,2.375,2.4375,0.0],"rotation":0,"texture":"#0","tintindex":0},"north":{"uv":[4.3125,2.375,2.4375,0.0],"rotation":0,"texture":"#0","tintindex":0},"west":{"uv":[2.8625,0.61875,2.4375,0.0],"rotation":0,"texture":"#0","tintindex":0},"up":{"uv":[4.3125,2.375,2.4375,0.0],"rotation":0,"texture":"#0","tintindex":0},"down":{"uv":[3.06875,0.425,2.4375,0.0],"rotation":0,"texture":"#0","tintindex":0}}},{"from":[6.702476,10.51724,7.0444813],"to":[9.006476,11.47724,7.593053],"rotation":{"angle":-45.0,"axis":"x","origin":[7.9070477,6.2941294,13.979999]},"faces":{"east":{"uv":[2.5625,0.21875,2.4375,0.0],"rotation":0,"texture":"#0","tintindex":0},"south":{"uv":[4.3125,2.375,2.4375,0.0],"rotation":0,"texture":"#0","tintindex":0},"north":{"uv":[2.9625,0.21875,2.4375,0.0],"rotation":0,"texture":"#0","tintindex":0},"west":{"uv":[2.5625,0.21875,2.4375,0.0],"rotation":0,"texture":"#0","tintindex":0},"up":{"uv":[2.9535713,0.125,2.4285715,0.0],"rotation":0,"texture":"#0","tintindex":0},"down":{"uv":[2.9625,0.125,2.4375,0.0],"rotation":0,"texture":"#0","tintindex":0}}},{"from":[6.3985677,9.221036,7.598913],"to":[9.466728,11.025836,8.9654045],"rotation":{"angle":0.0,"axis":"y","origin":[7.90152,7.453636,6.658865]},"faces":{"east":{"uv":[8.5,2.75,8.83125,3.1875],"rotation":0,"texture":"#0","tintindex":0},"south":{"uv":[10.375,5.6875,11.125,6.125],"rotation":0,"texture":"#0","tintindex":0},"north":{"uv":[10.375,5.25,11.125,5.6875],"rotation":0,"texture":"#0","tintindex":0},"west":{"uv":[10.25,0.875,10.58125,1.3125],"rotation":0,"texture":"#0","tintindex":0},"up":{"uv":[11.99375,4.64375,11.25,4.3125],"rotation":0,"texture":"#0","tintindex":0},"down":{"uv":[12.0,5.9375,11.25,6.25],"rotation":0,"texture":"#0","tintindex":0}}},{"from":[6.7595277,6.609096,5.2776775],"to":[9.079985,9.62569,7.185609],"rotation":{"angle":-22.5,"axis":"x","origin":[7.90152,7.453636,6.658865]},"faces":{"east":{"uv":[2.9,0.73125,2.4375,0.0],"rotation":0,"texture":"#0","tintindex":0},"south":{"uv":[4.3125,2.375,2.4375,0.0],"rotation":0,"texture":"#0","tintindex":0},"north":{"uv":[3.0,0.73125,2.4375,0.0],"rotation":0,"texture":"#0","tintindex":0},"west":{"uv":[2.9,0.73125,2.4375,0.0],"rotation":0,"texture":"#0","tintindex":0},"up":{"uv":[3.0,0.4625,2.4375,0.0],"rotation":0,"texture":"#0","tintindex":0},"down":{"uv":[4.3125,2.375,2.4375,0.0],"rotation":0,"texture":"#0","tintindex":0}}},{"from":[6.0633903,8.374367,4.330818],"to":[9.801905,9.560379,5.233218],"rotation":{"angle":45.0,"axis":"x","origin":[7.90152,7.453636,6.658865]},"faces":{"east":{"uv":[2.65625,0.2875,2.4375,0.0],"rotation":0,"texture":"#0","tintindex":0},"south":{"uv":[4.3125,2.375,2.4375,0.0],"rotation":0,"texture":"#0","tintindex":0},"north":{"uv":[3.34375,0.2875,2.4375,0.0],"rotation":0,"texture":"#0","tintindex":0},"west":{"uv":[2.65625,0.2875,2.4375,0.0],"rotation":0,"texture":"#0","tintindex":0},"up":{"uv":[2.8464,0.0987,2.4375,0.0],"rotation":0,"texture":"#0","tintindex":0},"down":{"uv":[4.3125,2.375,2.4375,0.0],"rotation":0,"texture":"#0","tintindex":0}}},{"from":[6.2438703,8.583167,7.7496333],"to":[9.621425,10.310618,8.935645],"rotation":{"angle":-22.5,"axis":"x","origin":[7.90152,7.453636,6.658865]},"faces":{"east":{"uv":[2.85625,0.2875,2.4375,0.0],"rotation":270,"texture":"#0","tintindex":0},"south":{"uv":[4.3125,2.375,2.4375,0.0],"rotation":0,"texture":"#0","tintindex":0},"north":{"uv":[4.3125,2.375,2.4375,0.0],"rotation":180,"texture":"#0","tintindex":0},"west":{"uv":[2.85625,0.2875,2.4375,0.0],"rotation":90,"texture":"#0","tintindex":0},"up":{"uv":[3.25625,0.2875,2.4375,0.0],"rotation":180,"texture":"#0","tintindex":0},"down":{"uv":[4.3125,2.375,2.4375,0.0],"rotation":0,"texture":"#0","tintindex":0}}},{"from":[5.8829103,7.621121,4.3204527],"to":[9.9308195,8.626653,6.7440414],"rotation":{"angle":45.0,"axis":"x","origin":[7.90152,7.453636,6.658865]},"faces":{"east":{"uv":[3.025,0.24375,2.4375,0.0],"rotation":0,"texture":"#0","tintindex":0},"south":{"uv":[4.3125,2.375,2.4375,0.0],"rotation":0,"texture":"#0","tintindex":0},"north":{"uv":[3.41875,0.24375,2.4375,0.0],"rotation":0,"texture":"#0","tintindex":0},"west":{"uv":[3.025,0.24375,2.4375,0.0],"rotation":0,"texture":"#0","tintindex":0},"up":{"uv":[4.3125,2.375,2.4375,0.0],"rotation":0,"texture":"#0","tintindex":0},"down":{"uv":[3.41875,0.5875,2.4375,0.0],"rotation":0,"texture":"#0","tintindex":0}}},{"from":[6.0633903,7.952159,5.6302924],"to":[9.801905,10.117919,8.157013],"rotation":{"angle":22.5,"axis":"x","origin":[7.90152,7.453636,6.658865]},"faces":{"east":{"uv":[3.05,0.525,2.4375,0.0],"rotation":0,"texture":"#0","tintindex":0},"south":{"uv":[4.3125,2.375,2.4375,0.0],"rotation":0,"texture":"#0","tintindex":0},"north":{"uv":[3.34375,0.525,2.4375,0.0],"rotation":0,"texture":"#0","tintindex":0},"west":{"uv":[3.05,0.525,2.4375,0.0],"rotation":0,"texture":"#0","tintindex":0},"up":{"uv":[4.3125,2.375,2.4375,0.0],"rotation":0,"texture":"#0","tintindex":0},"down":{"uv":[3.34375,0.6125,2.4375,0.0],"rotation":0,"texture":"#0","tintindex":0}}},{"from":[5.934476,7.462998,8.129389],"to":[9.879253,9.138884,8.980224],"rotation":{"angle":0.0,"axis":"y","origin":[7.90152,7.453636,6.658865]},"faces":{"east":{"uv":[2.64375,0.40625,2.4375,0.0],"rotation":0,"texture":"#0","tintindex":0},"south":{"uv":[4.3125,2.375,2.4375,0.0],"rotation":0,"texture":"#0","tintindex":0},"north":{"uv":[3.39375,0.40625,2.4375,0.0],"rotation":0,"texture":"#0","tintindex":0},"west":{"uv":[2.64375,0.40625,2.4375,0.0],"rotation":0,"texture":"#0","tintindex":0},"up":{"uv":[4.3125,2.375,2.4375,0.0],"rotation":0,"texture":"#0","tintindex":0},"down":{"uv":[4.3125,2.375,2.4375,0.0],"rotation":0,"texture":"#0","tintindex":0}}},{"from":[5.4915853,8.2570095,8.129389],"to":[6.187722,9.649284,8.954441],"rotation":{"angle":-22.5,"axis":"z","origin":[7.90152,7.453636,6.658865]},"faces":{"east":{"uv":[4.3125,2.375,2.4375,0.0],"rotation":0,"texture":"#0","tintindex":0},"south":{"uv":[4.3125,2.375,2.4375,0.0],"rotation":0,"texture":"#0","tintindex":0},"north":{"uv":[2.60625,0.3375,2.4375,0.0],"rotation":0,"texture":"#0","tintindex":0},"west":{"uv":[2.6375,0.3375,2.4375,0.0],"rotation":0,"texture":"#0","tintindex":0},"up":{"uv":[4.3125,2.375,2.4375,0.0],"rotation":0,"texture":"#0","tintindex":0},"down":{"uv":[4.3125,2.375,2.4375,0.0],"rotation":0,"texture":"#0","tintindex":0}}},{"from":[9.6490135,8.2430525,8.129389],"to":[10.345151,9.635326,8.954441],"rotation":{"angle":22.5,"axis":"z","origin":[7.90152,7.453636,6.658865]},"faces":{"east":{"uv":[10.5,0.3125,10.7,0.65],"rotation":0,"texture":"#0","tintindex":0},"south":{"uv":[0.875,12.3125,1.0625,12.625],"rotation":0,"texture":"#0","tintindex":0},"north":{"uv":[12.25,11.0625,12.4375,11.375],"rotation":0,"texture":"#0","tintindex":0},"west":{"uv":[1.0625,12.3125,1.25,12.625],"rotation":0,"texture":"#0","tintindex":0},"up":{"uv":[2.75,12.625,2.5625,12.4375],"rotation":0,"texture":"#0","tintindex":0},"down":{"uv":[2.9375,12.4375,2.75,12.625],"rotation":0,"texture":"#0",