{"textures":{"0":"modelengine:entity/elephant"},"elements":[{"from":[2.644,4.4106503,3.274629],"to":[8.74,10.65065,9.466629],"faces":{"east":{"uv":[3.24375,0.8125,2.4375,0.0],"tintindex":0,"rotation":0,"texture":"#0"},"south":{"uv":[3.23125,0.8125,2.4375,0.0],"tintindex":0,"rotation":0,"texture":"#0"},"north":{"uv":[3.23125,0.8125,2.4375,0.0],"tintindex":0,"rotation":0,"texture":"#0"},"west":{"uv":[3.24375,0.8125,2.4375,0.0],"tintindex":0,"rotation":0,"texture":"#0"},"up":{"uv":[3.23125,0.80625,2.4375,0.0],"tintindex":0,"rotation":0,"texture":"#0"},"down":{"uv":[3.23125,0.80625,2.4375,0.0],"tintindex":0,"rotation":0,"texture":"#0"}},"rotation":{"origin":[5.62,4.0126076,7.2041235],"angle":22.5,"axis":"x"}},{"from":[2.692,1.8800011,4.24],"to":[8.692,5.8640013,9.472],"faces":{"east":{"uv":[3.11875,0.51875,2.4375,0.0],"tintindex":0,"rotation":0,"texture":"#0"},"south":{"uv":[3.21875,0.51875,2.4375,0.0],"tintindex":0,"rotation":0,"texture":"#0"},"north":{"uv":[3.21875,0.51875,2.4375,0.0],"tintindex":0,"rotation":0,"texture":"#0"},"west":{"uv":[3.11875,0.51875,2.4375,0.0],"tintindex":0,"rotation":0,"texture":"#0"},"up":{"uv":[4.3125,2.375,2.4375,0.0],"tintindex":0,"rotation":0,"texture":"#0"},"down":{"uv":[4.3125,2.375,2.4375,0.0],"tintindex":0,"rotation":0,"texture":"#0"}},"rotation":{"origin":[5.62,4.0126076,7.2041235],"angle":0.0,"axis":"x"}},{"from":[2.836,-1.1919994,4.528],"to":[8.116,2.3600006,9.424],"faces":{"east":{"uv":[3.075,0.4625,2.4375,0.0],"tintindex":0,"rotation":0,"texture":"#0"},"south":{"uv":[3.125,0.4625,2.4375,0.0],"tintindex":0,"rotation":0,"texture":"#0"},"north":{"uv":[3.125,0.4625,2.4375,0.0],"tintindex":0,"rotation":0,"texture":"#0"},"west":{"uv":[3.075,0.4625,2.4375,0.0],"tintindex":0,"rotation":0,"texture":"#0"},"up":{"uv":[4.3125,2.375,2.4375,0.0],"tintindex":0,"rotation":0,"texture":"#0"},"down":{"uv":[3.125,0.6375,2.4375,0.0],"tintindex":0,"rotation":0,"texture":"#0"}}}]}