{"textures":{"0":"modelengine:entity/elephant"},"elements":[{"from":[4.9394283,5.948942,5.299788],"to":[8.422857,9.514656,8.838074],"rotation":{"angle":22.5,"axis":"x","origin":[6.64,5.721489,7.5452137]},"faces":{"east":{"uv":[3.24375,0.8125,2.4375,0.0],"rotation":0,"texture":"#0","tintindex":0},"south":{"uv":[3.23125,0.8125,2.4375,0.0],"rotation":0,"texture":"#0","tintindex":0},"north":{"uv":[3.23125,0.8125,2.4375,0.0],"rotation":0,"texture":"#0","tintindex":0},"west":{"uv":[3.24375,0.8125,2.4375,0.0],"rotation":0,"texture":"#0","tintindex":0},"up":{"uv":[3.23125,0.80625,2.4375,0.0],"rotation":0,"texture":"#0","tintindex":0},"down":{"uv":[3.23125,0.80625,2.4375,0.0],"rotation":0,"texture":"#0","tintindex":0}}},{"from":[5.049143,2.747428,6.016],"to":[8.066286,4.7771425,8.813714],"rotation":{"angle":0.0,"axis":"y","origin":[6.64,5.721489,7.5452137]},"faces":{"east":{"uv":[3.075,0.4625,2.4375,0.0],"rotation":0,"texture":"#0","tintindex":0},"south":{"uv":[3.125,0.4625,2.4375,0.0],"rotation":0,"texture":"#0","tintindex":0},"north":{"uv":[3.125,0.4625,2.4375,0.0],"rotation":0,"texture":"#0","tintindex":0},"west":{"uv":[3.075,0.4625,2.4375,0.0],"rotation":0,"texture":"#0","tintindex":0},"up":{"uv":[4.3125,2.375,2.4375,0.0],"rotation":0,"texture":"#0","tintindex":0},"down":{"uv":[3.125,0.6375,2.4375,0.0],"rotation":0,"texture":"#0","tintindex":0}}},{"from":[4.966857,4.502857,5.8514285],"to":[8.395429,6.7794285,8.841143],"rotation":{"angle":0.0,"axis":"x","origin":[6.64,5.721489,7.5452137]},"faces":{"east":{"uv":[3.11875,0.51875,2.4375,0.0],"rotation":0,"texture":"#0","tintindex":0},"south":{"uv":[3.21875,0.51875,2.4375,0.0],"rotation":0,"texture":"#0","tintindex":0},"north":{"uv":[3.21875,0.51875,2.4375,0.0],"rotation":0,"texture":"#0","tintindex":0},"west":{"uv":[3.11875,0.51875,2.4375,0.0],"rotation":0,"texture":"#0","tintindex":0},"up":{"uv":[4.3125,2.375,2.4375,0.0],"rotation":0,"texture":"#0","tintindex":0},"down":{"uv":[4.3125,2.375,2.4375,0.0],"rotation":0,"texture":"#0","tintindex":0}}}],"display":{"head":{"translation":[0.0,-6.4,0.0],"scale":[4.0,4.0,4.0]}}}