{"textures":{"0":"modelengine:entity/elephant"},"elements":[{"from":[8.147845,-0.2880001,4.3443136],"to":[9.587845,1.4879999,4.9683137],"faces":{"east":{"uv":[9.428572,5.142857,10.0,5.714286],"tintindex":0,"rotation":0,"texture":"#0"},"south":{"uv":[9.428572,5.142857,10.0,5.714286],"tintindex":0,"rotation":0,"texture":"#0"},"north":{"uv":[9.428572,5.142857,10.0,5.714286],"tintindex":0,"rotation":0,"texture":"#0"},"west":{"uv":[9.428572,5.142857,10.0,5.714286],"tintindex":0,"rotation":0,"texture":"#0"},"up":{"uv":[9.428572,5.142857,10.0,5.714286],"tintindex":0,"rotation":0,"texture":"#0"},"down":{"uv":[9.428572,5.142857,10.0,5.714286],"tintindex":0,"rotation":0,"texture":"#0"}},"rotation":{"origin":[7.5984,1.4496002,6.2576],"angle":-22.5,"axis":"y"}},{"from":[5.6266937,-0.2880001,4.3516607],"to":[7.066694,1.4879999,4.9756613],"faces":{"east":{"uv":[9.428572,5.142857,10.0,5.714286],"tintindex":0,"rotation":0,"texture":"#0"},"south":{"uv":[9.428572,5.142857,10.0,5.714286],"tintindex":0,"rotation":0,"texture":"#0"},"north":{"uv":[9.428572,5.142857,10.0,5.714286],"tintindex":0,"rotation":0,"texture":"#0"},"west":{"uv":[9.428572,5.142857,10.0,5.714286],"tintindex":0,"rotation":0,"texture":"#0"},"up":{"uv":[9.428572,5.142857,10.0,5.714286],"tintindex":0,"rotation":0,"texture":"#0"},"down":{"uv":[9.428572,5.142857,10.0,5.714286],"tintindex":0,"rotation":0,"texture":"#0"}},"rotation":{"origin":[7.5984,1.4496002,6.2576],"angle":22.5,"axis":"y"}},{"from":[6.84,-0.2880001,4.6639996],"to":[8.280001,1.4879999,5.288],"faces":{"east":{"uv":[9.428572,5.142857,10.0,5.714286],"tintindex":0,"rotation":0,"texture":"#0"},"south":{"uv":[9.428572,5.142857,10.0,5.714286],"tintindex":0,"rotation":0,"texture":"#0"},"north":{"uv":[9.428572,5.142857,10.0,5.714286],"tintindex":0,"rotation":0,"texture":"#0"},"west":{"uv":[9.428572,5.142857,10.0,5.714286],"tintindex":0,"rotation":0,"texture":"#0"},"up":{"uv":[9.428572,5.142857,10.0,5.714286],"tintindex":0,"rotation":0,"texture":"#0"},"down":{"uv":[9.428572,5.142857,10.0,5.714286],"tintindex":0,"rotation":0,"texture":"#0"}}},{"from":[5.1120005,-0.2880001,5.288],"to":[10.104,2.112,10.328],"faces":{"east":{"uv":[3.09375,0.3125,2.4375,0.0],"tintindex":0,"rotation":0,"texture":"#0"},"south":{"uv":[3.0875,0.3125,2.4375,0.0],"tintindex":0,"rotation":0,"texture":"#0"},"north":{"uv":[3.0875,0.3125,2.4375,0.0],"tintindex":0,"rotation":0,"texture":"#0"},"west":{"uv":[3.09375,0.3125,2.4375,0.0],"tintindex":0,"rotation":0,"texture":"#0"},"up":{"uv":[3.0875,0.65625,2.4375,0.0],"tintindex":0,"rotation":0,"texture":"#0"},"down":{"uv":[12.275,4.28125,11.625,3.625],"tintindex":0,"rotation":0,"texture":"#0"}}},{"from":[5.448,0.33599997,5.9119997],"to":[9.768,8.736,10.04],"faces":{"east":{"uv":[2.975,1.09375,2.4375,0.0],"tintindex":0,"rotation":0,"texture":"#0"},"south":{"uv":[3.0,1.09375,2.4375,0.0],"tintindex":0,"rotation":0,"texture":"#0"},"north":{"uv":[3.0,1.09375,2.4375,0.0],"tintindex":0,"rotation":0,"texture":"#0"},"west":{"uv":[2.975,1.09375,2.4375,0.0],"tintindex":0,"rotation":0,"texture":"#0"},"up":{"uv":[4.3125,2.375,2.4375,0.0],"tintindex":0,"rotation":0,"texture":"#0"},"down":{"uv":[4.3125,2.375,2.4375,0.0],"tintindex":0,"rotation":0,"texture":"#0"}}}]}