{"textures":{"0":"modelengine:entity/elephant"},"elements":[{"from":[5.3782854,3.6982856,6.477714],"to":[8.230857,5.0697145,9.357715],"rotation":{"angle":0.0,"axis":"y","origin":[6.7990856,4.7186284,7.037257]},"faces":{"east":{"uv":[3.09375,0.3125,2.4375,0.0],"rotation":0,"texture":"#0","tintindex":0},"south":{"uv":[3.0875,0.3125,2.4375,0.0],"rotation":0,"texture":"#0","tintindex":0},"north":{"uv":[3.0875,0.3125,2.4375,0.0],"rotation":0,"texture":"#0","tintindex":0},"west":{"uv":[3.09375,0.3125,2.4375,0.0],"rotation":0,"texture":"#0","tintindex":0},"up":{"uv":[3.0875,0.65625,2.4375,0.0],"rotation":0,"texture":"#0","tintindex":0},"down":{"uv":[12.275,4.28125,11.625,3.625],"rotation":0,"texture":"#0","tintindex":0}}},{"from":[5.570286,4.4662857,6.8617144],"to":[8.038857,8.717714,9.2205715],"rotation":{"angle":0.0,"axis":"y","origin":[6.7990856,4.7186284,7.037257]},"faces":{"east":{"uv":[2.975,0.96875,2.4375,0.0],"rotation":0,"texture":"#0","tintindex":0},"south":{"uv":[3.0,0.96875,2.4375,0.0],"rotation":0,"texture":"#0","tintindex":0},"north":{"uv":[3.0,0.96875,2.4375,0.0],"rotation":0,"texture":"#0","tintindex":0},"west":{"uv":[2.975,0.96875,2.4375,0.0],"rotation":0,"texture":"#0","tintindex":0},"up":{"uv":[4.3125,2.375,2.4375,0.0],"rotation":0,"texture":"#0","tintindex":0},"down":{"uv":[4.3125,2.375,2.4375,0.0],"rotation":0,"texture":"#0","tintindex":0}}},{"from":[5.674495,3.6982856,5.943081],"to":[6.4973526,4.713143,6.2996526],"rotation":{"angle":22.5,"axis":"y","origin":[6.7990856,4.7186284,7.037257]},"faces":{"east":{"uv":[9.428572,5.142857,10.0,5.714286],"rotation":0,"texture":"#0","tintindex":0},"south":{"uv":[9.428572,5.142857,10.0,5.714286],"rotation":0,"texture":"#0","tintindex":0},"north":{"uv":[9.428572,5.142857,10.0,5.714286],"rotation":0,"texture":"#0","tintindex":0},"west":{"uv":[9.428572,5.142857,10.0,5.714286],"rotation":0,"texture":"#0","tintindex":0},"up":{"uv":[9.428572,5.142857,10.0,5.714286],"rotation":0,"texture":"#0","tintindex":0},"down":{"uv":[9.428572,5.142857,10.0,5.714286],"rotation":0,"texture":"#0","tintindex":0}}},{"from":[6.365714,3.6982856,6.121143],"to":[7.1885715,4.713143,6.477714],"rotation":{"angle":0.0,"axis":"y","origin":[6.7990856,4.7186284,7.037257]},"faces":{"east":{"uv":[9.428572,5.142857,10.0,5.714286],"rotation":0,"texture":"#0","tintindex":0},"south":{"uv":[9.428572,5.142857,10.0,5.714286],"rotation":0,"texture":"#0","tintindex":0},"north":{"uv":[9.428572,5.142857,10.0,5.714286],"rotation":0,"texture":"#0","tintindex":0},"west":{"uv":[9.428572,5.142857,10.0,5.714286],"rotation":0,"texture":"#0","tintindex":0},"up":{"uv":[9.428572,5.142857,10.0,5.714286],"rotation":0,"texture":"#0","tintindex":0},"down":{"uv":[9.428572,5.142857,10.0,5.714286],"rotation":0,"texture":"#0","tintindex":0}}},{"from":[7.110955,3.6982856,5.9388824],"to":[7.933812,4.713143,6.295454],"rotation":{"angle":-22.5,"axis":"y","origin":[6.7990856,4.7186284,7.037257]},"faces":{"east":{"uv":[9.428572,5.142857,10.0,5.714286],"rotation":0,"texture":"#0","tintindex":0},"south":{"uv":[9.428572,5.142857,10.0,5.714286],"rotation":0,"texture":"#0","tintindex":0},"north":{"uv":[9.428572,5.142857,10.0,5.714286],"rotation":0,"texture":"#0","tintindex":0},"west":{"uv":[9.428572,5.142857,10.0,5.714286],"rotation":0,"texture":"#0","tintindex":0},"up":{"uv":[9.428572,5.142857,10.0,5.714286],"rotation":0,"texture":"#0","tintindex":0},"down":{"uv":[9.428572,5.142857,10.0,5.714286],"rotation":0,"texture":"#0","tintindex":0}}}],"display":{"head":{"translation":[0.0,-6.4,0.0],"scale":[4.0,4.0,4.0]}}}