{"textures":{"0":"modelengine:entity/elephant"},"elements":[{"from":[7.355063,4.613123,8.776979],"to":[8.515291,4.9998655,9.524683],"rotation":{"angle":-22.5,"axis":"x","origin":[7.9454904,5.7769737,8.900944]},"faces":{"east":{"uv":[2.61875,0.09375,2.4375,0.0],"rotation":0,"texture":"#0","tintindex":0},"south":{"uv":[2.71875,0.09375,2.4375,0.0],"rotation":0,"texture":"#0","tintindex":0},"north":{"uv":[4.3125,2.375,2.4375,0.0],"rotation":0,"texture":"#0","tintindex":0},"west":{"uv":[2.61875,0.09375,2.4375,0.0],"rotation":0,"texture":"#0","tintindex":0},"up":{"uv":[2.71875,0.18125,2.4375,0.0],"rotation":0,"texture":"#0","tintindex":0},"down":{"uv":[2.71875,0.18125,2.4375,0.0],"rotation":0,"texture":"#0","tintindex":0}}},{"from":[7.355063,5.0977507,8.486176],"to":[8.515291,5.4844933,9.233878],"rotation":{"angle":-45.0,"axis":"x","origin":[7.9454904,5.7769737,8.900944]},"faces":{"east":{"uv":[2.61875,0.09375,2.4375,0.0],"rotation":0,"texture":"#0","tintindex":0},"south":{"uv":[2.71875,0.09375,2.4375,0.0],"rotation":0,"texture":"#0","tintindex":0},"north":{"uv":[4.3125,2.375,2.4375,0.0],"rotation":0,"texture":"#0","tintindex":0},"west":{"uv":[2.61875,0.09375,2.4375,0.0],"rotation":0,"texture":"#0","tintindex":0},"up":{"uv":[2.71875,0.18125,2.4375,0.0],"rotation":0,"texture":"#0","tintindex":0},"down":{"uv":[2.71875,0.18125,2.4375,0.0],"rotation":0,"texture":"#0","tintindex":0}}},{"from":[7.32928,4.7625732,7.996301],"to":[8.541075,5.690756,9.001833],"rotation":{"angle":-45.0,"axis":"x","origin":[7.9454904,5.7769737,8.900944]},"faces":{"east":{"uv":[2.68125,0.225,2.4375,0.0],"rotation":0,"texture":"#0","tintindex":0},"south":{"uv":[2.73125,0.225,2.4375,0.0],"rotation":0,"texture":"#0","tintindex":0},"north":{"uv":[2.73125,0.225,2.4375,0.0],"rotation":0,"texture":"#0","tintindex":0},"west":{"uv":[2.68125,0.225,2.4375,0.0],"rotation":0,"texture":"#0","tintindex":0},"up":{"uv":[4.3125,2.375,2.4375,0.0],"rotation":0,"texture":"#0","tintindex":0},"down":{"uv":[2.73125,0.24375,2.4375,0.0],"rotation":0,"texture":"#0","tintindex":0}}},{"from":[7.4581943,5.335043,8.106626],"to":[8.463726,6.7015343,9.112157],"rotation":{"angle":-22.5,"axis":"x","origin":[7.9454904,5.7769737,8.900944]},"faces":{"east":{"uv":[2.68125,0.33125,2.4375,0.0],"rotation":0,"texture":"#0","tintindex":0},"south":{"uv":[2.68125,0.33125,2.4375,0.0],"rotation":0,"texture":"#0","tintindex":0},"north":{"uv":[2.68125,0.33125,2.4375,0.0],"rotation":0,"texture":"#0","tintindex":0},"west":{"uv":[2.68125,0.33125,2.4375,0.0],"rotation":0,"texture":"#0","tintindex":0},"up":{"uv":[4.3125,2.375,2.4375,0.0],"rotation":0,"texture":"#0","tintindex":0},"down":{"uv":[4.3125,2.375,2.4375,0.0],"rotation":0,"texture":"#0","tintindex":0}}},{"from":[7.355063,6.3263454,7.660708],"to":[8.566857,8.698369,8.820936],"rotation":{"angle":0.0,"axis":"y","origin":[7.9454904,5.7769737,8.900944]},"faces":{"east":{"uv":[2.71875,0.575,2.4375,0.0],"rotation":0,"texture":"#0","tintindex":0},"south":{"uv":[2.73125,0.575,2.4375,0.0],"rotation":0,"texture":"#0","tintindex":0},"north":{"uv":[2.73125,0.575,2.4375,0.0],"rotation":0,"texture":"#0","tintindex":0},"west":{"uv":[2.71875,0.575,2.4375,0.0],"rotation":0,"texture":"#0","tintindex":0},"up":{"uv":[4.3125,2.375,2.4375,0.0],"rotation":0,"texture":"#0","tintindex":0},"down":{"uv":[4.3125,2.375,2.4375,0.0],"rotation":0,"texture":"#0","tintindex":0}}}],"display":{"head":{"translation":[0.0,-6.4,0.0],"scale":[4.0,4.0,4.0]}}}