{"textures":{"0":"modelengine:entity/elephant"},"elements":[{"from":[6.42992,5.2350445,7.016527],"to":[9.5432,8.483685,9.994446],"faces":{"east":{"uv":[2.85,0.4375,2.4375,0.0],"tintindex":0,"rotation":0,"texture":"#0"},"south":{"uv":[2.63208,0.20304,2.4375,0.0],"tintindex":0,"rotation":0,"texture":"#0"},"north":{"uv":[2.86875,0.4375,2.4375,0.0],"tintindex":0,"rotation":0,"texture":"#0"},"west":{"uv":[2.85,0.4375,2.4375,0.0],"tintindex":0,"rotation":0,"texture":"#0"},"up":{"uv":[4.3125,2.375,2.4375,0.0],"tintindex":0,"rotation":0,"texture":"#0"},"down":{"uv":[2.63208,0.18612,2.4375,0.0],"tintindex":0,"rotation":0,"texture":"#0"}}},{"from":[6.74576,2.0383196,7.323822],"to":[9.3176,5.9637594,9.805422],"faces":{"east":{"uv":[2.78125,0.54375,2.4375,0.0],"tintindex":0,"rotation":0,"texture":"#0"},"south":{"uv":[2.79375,0.54375,2.4375,0.0],"tintindex":0,"rotation":0,"texture":"#0"},"north":{"uv":[2.79375,0.54375,2.4375,0.0],"tintindex":0,"rotation":0,"texture":"#0"},"west":{"uv":[2.78125,0.54375,2.4375,0.0],"tintindex":0,"rotation":0,"texture":"#0"},"up":{"uv":[4.3125,2.375,2.4375,0.0],"tintindex":0,"rotation":0,"texture":"#0"},"down":{"uv":[4.3125,2.375,2.4375,0.0],"tintindex":0,"rotation":0,"texture":"#0"}},"rotation":{"origin":[8.00912,5.436084,8.819332],"angle":-22.5,"axis":"x"}}]}