{"textures":{"0":"modelengine:entity/nocsy_drakonin_tornado"},"elements":[{"from":[1.1428566,7.0372577,0.34188223],"to":[14.857143,9.894401,0.34188223],"rotation":{"angle":-22.5,"axis":"x","origin":[8.571428,13.837258,8.056168]},"faces":{"east":{"uv":[3.75,9.5,3.75,10.125],"rotation":0,"texture":"#0","tintindex":0},"south":{"uv":[6.5,6.25,9.5,6.875],"rotation":0,"texture":"#0","tintindex":0},"north":{"uv":[6.375,4.75,9.375,5.375],"rotation":0,"texture":"#0","tintindex":0},"west":{"uv":[3.875,9.5,3.875,10.125],"rotation":0,"texture":"#0","tintindex":0},"up":{"uv":[12.5,4.125,9.5,4.125],"rotation":0,"texture":"#0","tintindex":0},"down":{"uv":[12.5,4.25,9.5,4.25],"rotation":0,"texture":"#0","tintindex":0}}},{"from":[14.857143,7.0372577,0.34188223],"to":[14.857143,9.894401,11.199025],"rotation":{"angle":-22.5,"axis":"x","origin":[8.571428,13.837258,8.056168]},"faces":{"east":{"uv":[6.75,1.5,9.125,2.125],"rotation":0,"texture":"#0","tintindex":0},"south":{"uv":[4.125,9.5,4.125,10.125],"rotation":0,"texture":"#0","tintindex":0},"north":{"uv":[4.0,9.5,4.0,10.125],"rotation":0,"texture":"#0","tintindex":0},"west":{"uv":[2.75,7.0,5.125,7.625],"rotation":0,"texture":"#0","tintindex":0},"up":{"uv":[4.25,11.875,4.25,9.5],"rotation":0,"texture":"#0","tintindex":0},"down":{"uv":[4.375,9.625,4.375,12.0],"rotation":0,"texture":"#0","tintindex":0}}},{"from":[1.1428566,7.0372577,0.34188223],"to":[1.1428566,9.894401,11.199025],"rotation":{"angle":-22.5,"axis":"x","origin":[8.571428,13.837258,8.056168]},"faces":{"east":{"uv":[5.25,7.0,7.625,7.625],"rotation":0,"texture":"#0","tintindex":0},"south":{"uv":[9.625,4.375,9.625,5.0],"rotation":0,"texture":"#0","tintindex":0},"north":{"uv":[9.5,4.375,9.5,5.0],"rotation":0,"texture":"#0","tintindex":0},"west":{"uv":[2.75,7.75,5.125,8.375],"rotation":0,"texture":"#0","tintindex":0},"up":{"uv":[4.5,12.0,4.5,9.625],"rotation":0,"texture":"#0","tintindex":0},"down":{"uv":[4.625,9.625,4.625,12.0],"rotation":0,"texture":"#0","tintindex":0}}},{"from":[1.1428566,7.0372577,11.199025],"to":[14.857143,9.894401,11.199025],"rotation":{"angle":-22.5,"axis":"x","origin":[8.571428,13.837258,8.056168]},"faces":{"east":{"uv":[4.75,9.625,4.75,10.25],"rotation":0,"texture":"#0","tintindex":0},"south":{"uv":[6.75,0.75,9.75,1.375],"rotation":0,"texture":"#0","tintindex":0},"north":{"uv":[6.75,0.0,9.75,0.625],"rotation":0,"texture":"#0","tintindex":0},"west":{"uv":[4.875,9.625,4.875,10.25],"rotation":0,"texture":"#0","tintindex":0},"up":{"uv":[12.5,5.125,9.5,5.125],"rotation":0,"texture":"#0","tintindex":0},"down":{"uv":[12.5,5.25,9.5,5.25],"rotation":0,"texture":"#0","tintindex":0}}}],"display":{"head":{"translation":[0.0,-6.4,0.0],"scale":[4.0,4.0,4.0]}}}