{"textures":{"1":"modelengine:entity/hotairballoon_white"},"elements":[{"from":[7.054088,6.73726,10.487013],"to":[21.339802,20.451546,24.772728],"rotation":{"angle":0.0,"axis":"y","origin":[8.196945,-30.405598,10.487013]},"faces":{"east":{"uv":[3.125,4.125,4.6875,5.625],"rotation":0,"texture":"#1","tintindex":0},"south":{"uv":[4.6875,4.125,3.125,5.625],"rotation":0,"texture":"#1","tintindex":0},"north":{"uv":[0.0,4.125,1.5625,5.625],"rotation":0,"texture":"#1","tintindex":0},"west":{"uv":[6.25,3.125,7.8125,4.625],"rotation":0,"texture":"#1","tintindex":0},"up":{"uv":[7.8125,7.8125,6.25,6.25],"rotation":0,"texture":"#1","tintindex":0},"down":{"uv":[1.5625,7.25,0.0,8.8125],"rotation":0,"texture":"#1","tintindex":0}}},{"from":[-7.2316265,6.73726,10.487013],"to":[7.054088,20.451546,24.772728],"rotation":{"angle":0.0,"axis":"y","origin":[5.911231,-30.405598,10.487013]},"faces":{"east":{"uv":[7.8125,3.125,6.25,4.625],"rotation":0,"texture":"#1","tintindex":0},"south":{"uv":[3.125,4.125,4.6875,5.625],"rotation":0,"texture":"#1","tintindex":0},"north":{"uv":[1.5625,4.125,0.0,5.625],"rotation":0,"texture":"#1","tintindex":0},"west":{"uv":[4.6875,4.125,3.125,5.625],"rotation":0,"texture":"#1","tintindex":0},"up":{"uv":[6.25,7.8125,7.8125,6.25],"rotation":0,"texture":"#1","tintindex":0},"down":{"uv":[0.0,7.25,1.5625,8.8125],"rotation":0,"texture":"#1","tintindex":0}}},{"from":[-7.2316265,6.73726,-3.7987022],"to":[7.054088,20.451546,10.487013],"rotation":{"angle":0.0,"axis":"y","origin":[5.911231,-30.405598,10.487013]},"faces":{"east":{"uv":[6.25,3.125,7.8125,4.625],"rotation":0,"texture":"#1","tintindex":0},"south":{"uv":[0.0,4.125,1.5625,5.625],"rotation":0,"texture":"#1","tintindex":0},"north":{"uv":[4.6875,4.125,3.125,5.625],"rotation":0,"texture":"#1","tintindex":0},"west":{"uv":[3.125,4.125,4.6875,5.625],"rotation":0,"texture":"#1","tintindex":0},"up":{"uv":[6.25,6.25,7.8125,7.8125],"rotation":0,"texture":"#1","tintindex":0},"down":{"uv":[0.0,8.8125,1.5625,7.25],"rotation":0,"texture":"#1","tintindex":0}}},{"from":[7.054088,6.73726,-3.7987022],"to":[21.339802,20.451546,10.487013],"rotation":{"angle":0.0,"axis":"y","origin":[8.196945,-30.405598,10.487013]},"faces":{"east":{"uv":[4.6875,4.125,3.125,5.625],"rotation":0,"texture":"#1","tintindex":0},"south":{"uv":[1.5625,4.125,0.0,5.625],"rotation":0,"texture":"#1","tintindex":0},"north":{"uv":[3.125,4.125,4.6875,5.625],"rotation":0,"texture":"#1","tintindex":0},"west":{"uv":[7.8125,3.125,6.25,4.625],"rotation":0,"texture":"#1","tintindex":0},"up":{"uv":[7.8125,6.25,6.25,7.8125],"rotation":0,"texture":"#1","tintindex":0},"down":{"uv":[1.5625,8.8125,0.0,7.25],"rotation":0,"texture":"#1","tintindex":0}}},{"from":[-7.2316265,1.4144506,-5.7667885],"to":[7.054088,11.700166,-5.7667885],"rotation":{"angle":22.5,"axis":"x","origin":[7.054088,6.557308,-5.7667885]},"faces":{"east":{"uv":[0.0,0.0,0.0,1.125],"rotation":0,"texture":"#1","tintindex":0},"south":{"uv":[9.375,6.5625,10.9375,7.6875],"rotation":0,"texture":"#1","tintindex":0},"north":{"uv":[10.9375,6.5625,9.375,7.6875],"rotation":0,"texture":"#1","tintindex":0},"west":{"uv":[0.0,0.0,0.0,1.125],"rotation":0,"texture":"#1","tintindex":0},"up":{"uv":[0.0,0.0,0.0,3.125],"rotation":90,"texture":"#1","tintindex":0},"down":{"uv":[0.0,3.125,0.0,0.0],"rotation":270,"texture":"#1","tintindex":0}}},{"from":[7.054088,1.4144506,-5.7667885],"to":[21.339802,11.700166,-5.7667885],"rotation":{"angle":22.5,"axis":"x","origin":[7.054088,6.557308,-5.7667885]},"faces":{"east":{"uv":[0.0,0.0,0.0,1.125],"rotation":0,"texture":"#1","tintindex":0},"south":{"uv":[10.9375,6.5625,9.375,7.6875],"rotation":0,"texture":"#1","tintindex":0},"north":{"uv":[9.375,6.5625,10.9375,7.6875],"rotation":0,"texture":"#1","tintindex":0},"west":{"uv":[0.0,0.0,0.0,1.125],"rotation":0,"texture":"#1","tintindex":0},"up":{"uv":[0.0,3.125,0.0,0.0],"rotation":90,"texture":"#1","tintindex":0},"down":{"uv":[0.0,0.0,0.0,3.125],"rotation":270,"texture":"#1","tintindex":0}}},{"from":[7.054088,1.4144506,26.740814],"to":[21.339802,11.700166,26.740814],"rotation":{"angle":-22.5,"axis":"x","origin":[7.054088,6.557308,26.740814]},"faces":{"east":{"uv":[0.0,0.0,0.0,1.125],"rotation":0,"texture":"#1","tintindex":0},"south":{"uv":[10.9375,6.5625,9.375,7.6875],"rotation":0,"texture":"#1","tintindex":0},"north":{"uv":[9.375,6.5625,10.9375,7.6875],"rotation":0,"texture":"#1","tintindex":0},"west":{"uv":[0.0,0.0,0.0,1.125],"rotation":0,"texture":"#1","tintindex":0},"up":{"uv":[0.0,3.125,0.0,0.0],"rotation":90,"texture":"#1","tintindex":0},"down":{"uv":[0.0,0.0,0.0,3.125],"rotation":270,"texture":"#1","tintindex":0}}},{"from":[-7.2316265,1.4144506,26.740814],"to":[7.054088,11.700166,26.740814],"rotation":{"angle":-22.5,"axis":"x","origin":[7.054088,6.557308,26.740814]},"faces":{"east":{"uv":[0.0,0.0,0.0,1.125],"rotation":0,"texture":"#1","tintindex":0},"south":{"uv":[9.375,6.5625,10.9375,7.6875],"rotation":0,"texture":"#1","tintindex":0},"north":{"uv":[10.9375,6.5625,9.375,7.6875],"rotation":0,"texture":"#1","tintindex":0},"west":{"uv":[0.0,0.0,0.0,1.125],"rotation":0,"texture":"#1","tintindex":0},"up":{"uv":[0.0,0.0,0.0,3.125],"rotation":90,"texture":"#1","tintindex":0},"down":{"uv":[0.0,3.125,0.0,0.0],"rotation":270,"texture":"#1","tintindex":0}}},{"from":[-9.199713,1.4144506,10.487013],"to":[-9.199713,11.700166,24.772728],"rotation":{"angle":-22.5,"axis":"z","origin":[-9.199713,6.557308,10.487013]},"faces":{"east":{"uv":[9.375,6.5625,10.9375,7.6875],"rotation":0,"texture":"#1","tintindex":0},"south":{"uv":[0.0,0.0,0.0,1.125],"rotation":0,"texture":"#1","tintindex":0},"north":{"uv":[0.0,0.0,0.0,1.125],"rotation":0,"texture":"#1","tintindex":0},"west":{"uv":[10.9375,6.5625,9.375,7.6875],"rotation":0,"texture":"#1","tintindex":0},"up":{"uv":[0.0,0.0,0.0,3.125],"rotation":0,"texture":"#1","tintindex":0},"down":{"uv":[0.0,3.125,0.0,0.0],"rotation":0,"texture":"#1","tintindex":0}}},{"from":[-9.199713,1.4144506,-3.7987022],"to":[-9.199713,11.700166,10.487013],"rotation":{"angle":-22.5,"axis":"z","origin":[-9.199713,6.557308,10.487013]},"faces":{"east":{"uv":[10.9375,6.5625,9.375,7.6875],"rotation":0,"texture":"#1","tintindex":0},"south":{"uv":[0.0,0.0,0.0,1.125],"rotation":0,"texture":"#1","tintindex":0},"north":{"uv":[0.0,0.0,0.0,1.125],"rotation":0,"texture":"#1","tintindex":0},"west":{"uv":[9.375,6.5625,10.9375,7.6875],"rotation":0,"texture":"#1","tintindex":0},"up":{"uv":[0.0,3.125,0.0,0.0],"rotation":0,"texture":"#1","tintindex":0},"down":{"uv":[0.0,0.0,0.0,3.125],"rotation":0,"texture":"#1","tintindex":0}}},{"from":[23.307888,1.4144506,-3.7987022],"to":[23.307888,11.700166,10.487013],"rotation":{"angle":22.5,"axis":"z","origin":[23.307888,6.557308,10.487013]},"faces":{"east":{"uv":[10.9375,6.5625,9.375,7.6875],"rotation":0,"texture":"#1","tintindex":0},"south":{"uv":[0.0,0.0,0.0,1.125],"rotation":0,"texture":"#1","tintindex":0},"north":{"uv":[0.0,0.0,0.0,1.125],"rotation":0,"texture":"#1","tintindex":0},"west":{"uv":[9.375,6.5625,10.9375,7.6875],"rotation":0,"texture":"#1","tintindex":0},"up":{"uv":[0.0,3.125,0.0,0.0],"rotation":0,"texture":"#1","tintindex":0},"down":{"uv":[0.0,0.0,0.0,3.125],"rotation":0,"texture":"#1","tintindex":0}}},{"from":[23.307888,1.4144506,10.487013],"to":[23.307888,11.700166,24.772728],"rotation":{"angle":22.5,"axis":"z","origin":[23.307888,6.557308,10.487013]},"faces":{"east":{"uv":[9.375,6.5625,10.9375,7.6875],"rotation":0,"texture":"#1","tintindex":0},"south":{"uv":[0.0,0.0,0.0,1.125],"rotation":0,"texture":"#1","tintindex":0},"north":{"uv":[0.0,0.0,0.0,1.125],"rotation":0,"texture":"#1","tintindex":0},"west":{"uv":[10.9375,6.5625,9.375,7.6875],"rotation":0,"texture":"#1","tintindex":0},"up":{"uv":[0.0,0.0,0.0,3.125],"rotation":0,"texture":"#1","tintindex":0},"down":{"uv":[0.0,3.125,0.0,0.0],"rotation":0,"texture":"#1","tintindex":0}}}],"display":{"head":{"translation":[0.0,-6.4,0.0],"scale":[4.0,4.0,4.0]}}}