{"textures":{"0":"modelengine:entity/giraffe"},"elements":[{"from":[6.7810106,1.8706837,9.357454],"to":[7.884294,6.664952,10.579364],"rotation":{"angle":0.0,"axis":"y","origin":[9.172874,9.495786,2.6957917]},"faces":{"east":{"uv":[0.25,5.625,0.5,6.6875],"rotation":0,"texture":"#0","tintindex":0},"south":{"uv":[1.5625,5.6875,1.8125,6.75],"rotation":0,"texture":"#0","tintindex":0},"north":{"uv":[0.0,5.625,0.25,6.6875],"rotation":0,"texture":"#0","tintindex":0},"west":{"uv":[5.6875,5.3125,5.9375,6.375],"rotation":0,"texture":"#0","tintindex":0},"up":{"uv":[0.75,5.1875,0.5,4.9375],"rotation":0,"texture":"#0","tintindex":0},"down":{"uv":[6.5625,2.875,6.3125,3.125],"rotation":0,"texture":"#0","tintindex":0}}},{"from":[6.62913,2.7006874,2.8302445],"to":[8.063603,5.9599786,4.394492],"rotation":{"angle":-45.0,"axis":"x","origin":[9.172874,12.512928,2.490077]},"faces":{"east":{"uv":[4.875,2.5,5.25,3.25],"rotation":0,"texture":"#0","tintindex":0},"south":{"uv":[2.25,6.0625,2.5625,6.8125],"rotation":0,"texture":"#0","tintindex":0},"north":{"uv":[0.4375,4.1875,0.75,4.9375],"rotation":0,"texture":"#0","tintindex":0},"west":{"uv":[4.8125,5.0,5.1875,5.75],"rotation":0,"texture":"#0","tintindex":0},"up":{"uv":[4.75,3.625,4.4375,3.25],"rotation":0,"texture":"#0","tintindex":0},"down":{"uv":[7.25,1.4375,6.9375,1.8125],"rotation":0,"texture":"#0","tintindex":0}}},{"from":[6.62913,0.9741378,8.920377],"to":[8.063603,1.8706837,10.175541],"rotation":{"angle":0.0,"axis":"y","origin":[9.172874,9.495786,2.4712772]},"faces":{"east":{"uv":[7.1875,3.9375,7.5,4.125],"rotation":0,"texture":"#0","tintindex":0},"south":{"uv":[7.4375,1.1875,7.75,1.375],"rotation":0,"texture":"#0","tintindex":0},"north":{"uv":[4.0625,1.1875,4.375,1.375],"rotation":0,"texture":"#0","tintindex":0},"west":{"uv":[7.4375,1.375,7.75,1.5625],"rotation":0,"texture":"#0","tintindex":0},"up":{"uv":[7.4375,0.3125,7.125,0.0],"rotation":0,"texture":"#0","tintindex":0},"down":{"uv":[2.125,7.125,1.8125,7.4375],"rotation":0,"texture":"#0","tintindex":0}}}],"display":{"head":{"translation":[0.0,-6.4,0.0],"scale":[4.0,4.0,4.0]}}}