{"textures":{"0":"modelengine:entity/giraffe"},"elements":[{"from":[6.6318936,2.1439447,5.5288363],"to":[9.465326,8.6783905,8.922342],"faces":{"east":{"uv":[0.0,4.1875,0.4375,5.0625],"tintindex":0,"rotation":0,"texture":"#0"},"south":{"uv":[4.8125,3.25,5.1875,4.125],"tintindex":0,"rotation":0,"texture":"#0"},"north":{"uv":[3.875,4.75,4.25,5.625],"tintindex":0,"rotation":0,"texture":"#0"},"west":{"uv":[4.375,3.625,4.8125,4.5],"tintindex":0,"rotation":0,"texture":"#0"},"up":{"uv":[2.5,4.5,2.125,4.0625],"tintindex":0,"rotation":0,"texture":"#0"},"down":{"uv":[7.0625,6.1875,6.6875,6.625],"tintindex":0,"rotation":0,"texture":"#0"}},"rotation":{"origin":[10.769655,9.514679,9.942545],"angle":-22.5,"axis":"x"}},{"from":[6.4749985,5.8687,6.9374332],"to":[9.78843,9.597296,11.152311],"faces":{"east":{"uv":[5.1875,3.8125,5.75,4.3125],"tintindex":0,"rotation":0,"texture":"#0"},"south":{"uv":[6.25,6.3125,6.6875,6.8125],"tintindex":0,"rotation":0,"texture":"#0"},"north":{"uv":[6.3125,0.0,6.75,0.5],"tintindex":0,"rotation":0,"texture":"#0"},"west":{"uv":[5.1875,4.3125,5.75,4.8125],"tintindex":0,"rotation":0,"texture":"#0"},"up":{"uv":[6.4375,1.5625,6.0,1.0],"tintindex":0,"rotation":0,"texture":"#0"},"down":{"uv":[5.1875,4.3125,5.75,4.8125],"tintindex":0,"rotation":0,"texture":"#0"}},"rotation":{"origin":[10.769655,9.514679,9.942545],"angle":22.5,"axis":"x"}}]}