{"textures":{"0":"modelengine:entity/giraffe"},"elements":[{"from":[8.472278,1.8706837,9.928883],"to":[9.575561,6.664952,11.150792],"rotation":{"angle":0.0,"axis":"y","origin":[7.1836967,9.495786,3.2672205]},"faces":{"east":{"uv":[5.9375,5.3125,5.6875,6.375],"rotation":0,"texture":"#0","tintindex":0},"south":{"uv":[1.8125,5.6875,1.5625,6.75],"rotation":0,"texture":"#0","tintindex":0},"north":{"uv":[0.25,5.625,0.0,6.6875],"rotation":0,"texture":"#0","tintindex":0},"west":{"uv":[0.5,5.625,0.25,6.6875],"rotation":0,"texture":"#0","tintindex":0},"up":{"uv":[0.5,5.1875,0.75,4.9375],"rotation":0,"texture":"#0","tintindex":0},"down":{"uv":[6.3125,2.875,6.5625,3.125],"rotation":0,"texture":"#0","tintindex":0}}},{"from":[8.292969,0.9741378,9.491805],"to":[9.727442,1.8706837,10.746969],"rotation":{"angle":0.0,"axis":"y","origin":[7.1836967,9.495786,3.042706]},"faces":{"east":{"uv":[7.75,1.375,7.4375,1.5625],"rotation":0,"texture":"#0","tintindex":0},"south":{"uv":[7.75,1.1875,7.4375,1.375],"rotation":0,"texture":"#0","tintindex":0},"north":{"uv":[4.375,1.1875,4.0625,1.375],"rotation":0,"texture":"#0","tintindex":0},"west":{"uv":[7.5,3.9375,7.1875,4.125],"rotation":0,"texture":"#0","tintindex":0},"up":{"uv":[7.125,0.3125,7.4375,0.0],"rotation":0,"texture":"#0","tintindex":0},"down":{"uv":[1.8125,7.125,2.125,7.4375],"rotation":0,"texture":"#0","tintindex":0}}},{"from":[8.292969,2.7006874,3.4016733],"to":[9.727442,5.9599786,4.9659204],"rotation":{"angle":-45.0,"axis":"x","origin":[7.1836967,12.512928,3.0615058]},"faces":{"east":{"uv":[5.1875,5.0,4.8125,5.75],"rotation":0,"texture":"#0","tintindex":0},"south":{"uv":[2.5625,6.0625,2.25,6.8125],"rotation":0,"texture":"#0","tintindex":0},"north":{"uv":[0.75,4.1875,0.4375,4.9375],"rotation":0,"texture":"#0","tintindex":0},"west":{"uv":[5.25,2.5,4.875,3.25],"rotation":0,"texture":"#0","tintindex":0},"up":{"uv":[4.4375,3.625,4.75,3.25],"rotation":0,"texture":"#0","tintindex":0},"down":{"uv":[6.9375,1.4375,7.25,1.8125],"rotation":0,"texture":"#0","tintindex":0}}}],"display":{"head":{"translation":[0.0,-6.4,0.0],"scale":[4.0,4.0,4.0]}}}