{"textures":{"0":"modelengine:entity/giraffe"},"elements":[{"from":[7.063611,6.260593,6.6053896],"to":[8.22912,8.182796,8.262094],"rotation":{"angle":0.0,"axis":"y","origin":[5.9543395,10.837023,7.37834]},"faces":{"east":{"uv":[1.75,6.75,1.375,7.1875],"rotation":0,"texture":"#0","tintindex":0},"south":{"uv":[3.5,6.9375,3.25,7.375],"rotation":0,"texture":"#0","tintindex":0},"north":{"uv":[2.125,4.875,1.875,5.3125],"rotation":0,"texture":"#0","tintindex":0},"west":{"uv":[1.375,6.75,1.0,7.1875],"rotation":0,"texture":"#0","tintindex":0},"up":{"uv":[0.1875,7.5,0.4375,7.125],"rotation":0,"texture":"#0","tintindex":0},"down":{"uv":[1.3125,7.1875,1.5625,7.5625],"rotation":0,"texture":"#0","tintindex":0}}},{"from":[7.1344657,1.5506573,6.784699],"to":[8.158266,6.3502474,7.9954133],"rotation":{"angle":0.0,"axis":"y","origin":[5.9543395,9.315195,7.584054]},"faces":{"east":{"uv":[6.0,1.5625,5.75,2.625],"rotation":0,"texture":"#0","tintindex":0},"south":{"uv":[1.0,5.75,0.75,6.8125],"rotation":0,"texture":"#0","tintindex":0},"north":{"uv":[0.75,5.75,0.5,6.8125],"rotation":0,"texture":"#0","tintindex":0},"west":{"uv":[6.0,0.5,5.75,1.5625],"rotation":0,"texture":"#0","tintindex":0},"up":{"uv":[7.3125,3.1875,7.5625,2.9375],"rotation":0,"texture":"#0","tintindex":0},"down":{"uv":[3.25,7.375,3.5,7.625],"rotation":0,"texture":"#0","tintindex":0}}},{"from":[6.9739566,0.99720955,6.4111466],"to":[8.318775,1.8937554,7.666311],"rotation":{"angle":0.0,"axis":"y","origin":[5.9543395,9.315195,7.584054]},"faces":{"east":{"uv":[7.75,3.375,7.4375,3.5625],"rotation":0,"texture":"#0","tintindex":0},"south":{"uv":[7.75,3.1875,7.4375,3.375],"rotation":0,"texture":"#0","tintindex":0},"north":{"uv":[7.75,1.5625,7.4375,1.75],"rotation":0,"texture":"#0","tintindex":0},"west":{"uv":[2.125,7.4375,1.8125,7.625],"rotation":0,"texture":"#0","tintindex":0},"up":{"uv":[7.125,3.5625,7.4375,3.25],"rotation":0,"texture":"#0","tintindex":0},"down":{"uv":[7.125,4.625,7.4375,4.9375],"rotation":0,"texture":"#0","tintindex":0}}}],"display":{"head":{"translation":[0.0,-6.4,0.0],"scale":[4.0,4.0,4.0]}}}