{"textures":{"0":"modelengine:entity/giraffe"},"elements":[{"from":[6.204424,-4.254882,5.2195067],"to":[8.557857,-2.6859274,7.4160438],"faces":{"east":{"uv":[7.75,3.375,7.4375,3.5625],"tintindex":0,"rotation":0,"texture":"#0"},"south":{"uv":[7.75,3.1875,7.4375,3.375],"tintindex":0,"rotation":0,"texture":"#0"},"north":{"uv":[7.75,1.5625,7.4375,1.75],"tintindex":0,"rotation":0,"texture":"#0"},"west":{"uv":[2.125,7.4375,1.8125,7.625],"tintindex":0,"rotation":0,"texture":"#0"},"up":{"uv":[7.125,3.5625,7.4375,3.25],"tintindex":0,"rotation":0,"texture":"#0"},"down":{"uv":[7.125,4.625,7.4375,4.9375],"tintindex":0,"rotation":0,"texture":"#0"}}},{"from":[6.4853153,-3.2863493,5.8732233],"to":[8.276965,5.112933,7.9919734],"faces":{"east":{"uv":[6.0,1.5625,5.75,2.625],"tintindex":0,"rotation":0,"texture":"#0"},"south":{"uv":[1.0,5.75,0.75,6.8125],"tintindex":0,"rotation":0,"texture":"#0"},"north":{"uv":[0.75,5.75,0.5,6.8125],"tintindex":0,"rotation":0,"texture":"#0"},"west":{"uv":[6.0,0.5,5.75,1.5625],"tintindex":0,"rotation":0,"texture":"#0"},"up":{"uv":[7.3125,3.1875,7.5625,2.9375],"tintindex":0,"rotation":0,"texture":"#0"},"down":{"uv":[3.25,7.375,3.5,7.625],"tintindex":0,"rotation":0,"texture":"#0"}}},{"from":[6.3613195,4.9560375,5.559432],"to":[8.400961,8.319893,8.458664],"faces":{"east":{"uv":[1.75,6.75,1.375,7.1875],"tintindex":0,"rotation":0,"texture":"#0"},"south":{"uv":[3.5,6.9375,3.25,7.375],"tintindex":0,"rotation":0,"texture":"#0"},"north":{"uv":[2.125,4.875,1.875,5.3125],"tintindex":0,"rotation":0,"texture":"#0"},"west":{"uv":[1.375,6.75,1.0,7.1875],"tintindex":0,"rotation":0,"texture":"#0"},"up":{"uv":[0.1875,7.5,0.4375,7.125],"tintindex":0,"rotation":0,"texture":"#0"},"down":{"uv":[1.3125,7.1875,1.5625,7.5625],"tintindex":0,"rotation":0,"texture":"#0"}}}]}