{"textures":{"0":"modelengine:entity/giraffe"},"elements":[{"from":[7.5192423,4.6536818,6.587907],"to":[9.138347,8.387651,8.527052],"rotation":{"angle":-22.5,"axis":"x","origin":[6.773911,8.86553,9.110026]},"faces":{"east":{"uv":[4.8125,3.625,4.375,4.5],"rotation":0,"texture":"#0","tintindex":0},"south":{"uv":[5.1875,3.25,4.8125,4.125],"rotation":0,"texture":"#0","tintindex":0},"north":{"uv":[4.25,4.75,3.875,5.625],"rotation":0,"texture":"#0","tintindex":0},"west":{"uv":[0.4375,4.1875,0.0,5.0625],"rotation":0,"texture":"#0","tintindex":0},"up":{"uv":[2.125,4.5,2.5,4.0625],"rotation":0,"texture":"#0","tintindex":0},"down":{"uv":[6.6875,6.1875,7.0625,6.625],"rotation":0,"texture":"#0","tintindex":0}}},{"from":[7.334611,6.7821136,7.392819],"to":[9.228001,8.91274,9.801321],"rotation":{"angle":22.5,"axis":"x","origin":[6.773911,8.86553,9.110026]},"faces":{"east":{"uv":[5.75,4.3125,5.1875,4.8125],"rotation":0,"texture":"#0","tintindex":0},"south":{"uv":[6.6875,6.3125,6.25,6.8125],"rotation":0,"texture":"#0","tintindex":0},"north":{"uv":[6.75,0.0,6.3125,0.5],"rotation":0,"texture":"#0","tintindex":0},"west":{"uv":[5.75,3.8125,5.1875,4.3125],"rotation":0,"texture":"#0","tintindex":0},"up":{"uv":[6.0,1.5625,6.4375,1.0],"rotation":0,"texture":"#0","tintindex":0},"down":{"uv":[5.75,4.3125,5.1875,4.8125],"rotation":0,"texture":"#0","tintindex":0}}}],"display":{"head":{"translation":[0.0,-6.4,0.0],"scale":[4.0,4.0,4.0]}}}