{"textures":{"0":"modelengine:entity/giraffe"},"elements":[{"from":[7.9832835,-1.3515081,4.6176167],"to":[10.807403,4.9243116,8.067608],"faces":{"east":{"uv":[2.5625,4.5,2.125,5.3125],"tintindex":0,"rotation":0,"texture":"#0"},"south":{"uv":[1.5,4.875,1.125,5.6875],"tintindex":0,"rotation":0,"texture":"#0"},"north":{"uv":[5.25,0.875,4.875,1.6875],"tintindex":0,"rotation":0,"texture":"#0"},"west":{"uv":[4.875,2.4375,4.4375,3.25],"tintindex":0,"rotation":0,"texture":"#0"},"up":{"uv":[6.6875,7.0625,7.0625,6.625],"tintindex":0,"rotation":0,"texture":"#0"},"down":{"uv":[6.75,0.0,7.125,0.4375],"tintindex":0,"rotation":0,"texture":"#0"}},"rotation":{"origin":[6.198954,9.722006,-0.01859951],"angle":-22.5,"axis":"x"}},{"from":[6.885015,6.185869,6.087215],"to":[10.964298,10.422047,10.164788],"faces":{"east":{"uv":[5.6875,3.25,5.1875,3.8125],"tintindex":0,"rotation":0,"texture":"#0"},"south":{"uv":[1.0,5.1875,0.5,5.75],"tintindex":0,"rotation":0,"texture":"#0"},"north":{"uv":[1.375,2.8125,0.875,3.375],"tintindex":0,"rotation":0,"texture":"#0"},"west":{"uv":[5.75,4.3125,5.1875,4.8125],"tintindex":0,"rotation":0,"texture":"#0"},"up":{"uv":[5.75,5.3125,6.25,4.8125],"tintindex":0,"rotation":0,"texture":"#0"},"down":{"uv":[5.75,4.3125,5.1875,4.8125],"tintindex":0,"rotation":0,"texture":"#0"}}}]}