{"textures":{"0":"modelengine:entity/giraffe"},"elements":[{"from":[8.512694,-1.273797,-0.047071457],"to":[11.023022,4.429963,2.690361],"faces":{"east":{"uv":[5.1875,5.0,4.8125,5.75],"tintindex":0,"rotation":0,"texture":"#0"},"south":{"uv":[2.5625,6.0625,2.25,6.8125],"tintindex":0,"rotation":0,"texture":"#0"},"north":{"uv":[0.75,4.1875,0.4375,4.9375],"tintindex":0,"rotation":0,"texture":"#0"},"west":{"uv":[5.25,2.5,4.875,3.25],"tintindex":0,"rotation":0,"texture":"#0"},"up":{"uv":[4.4375,3.625,4.75,3.25],"tintindex":0,"rotation":0,"texture":"#0"},"down":{"uv":[6.9375,1.4375,7.25,1.8125],"tintindex":0,"rotation":0,"texture":"#0"}},"rotation":{"origin":[6.5714693,15.897624,-0.6423645],"angle":-45.0,"axis":"x"}},{"from":[8.826486,-2.726303,11.3755455],"to":[10.757231,5.663666,13.513886],"faces":{"east":{"uv":[5.9375,5.3125,5.6875,6.375],"tintindex":0,"rotation":0,"texture":"#0"},"south":{"uv":[1.8125,5.6875,1.5625,6.75],"tintindex":0,"rotation":0,"texture":"#0"},"north":{"uv":[0.25,5.625,0.0,6.6875],"tintindex":0,"rotation":0,"texture":"#0"},"west":{"uv":[0.5,5.625,0.25,6.6875],"tintindex":0,"rotation":0,"texture":"#0"},"up":{"uv":[0.5,5.1875,0.75,4.9375],"tintindex":0,"rotation":0,"texture":"#0"},"down":{"uv":[6.3125,2.875,6.5625,3.125],"tintindex":0,"rotation":0,"texture":"#0"}}},{"from":[8.512694,-4.2952585,10.610659],"to":[11.023022,-2.726303,12.807196],"faces":{"east":{"uv":[7.75,1.375,7.4375,1.5625],"tintindex":0,"rotation":0,"texture":"#0"},"south":{"uv":[7.75,1.1875,7.4375,1.375],"tintindex":0,"rotation":0,"texture":"#0"},"north":{"uv":[4.375,1.1875,4.0625,1.375],"tintindex":0,"rotation":0,"texture":"#0"},"west":{"uv":[7.5,3.9375,7.1875,4.125],"tintindex":0,"rotation":0,"texture":"#0"},"up":{"uv":[7.125,0.3125,7.4375,0.0],"tintindex":0,"rotation":0,"texture":"#0"},"down":{"uv":[1.8125,7.125,2.125,7.4375],"tintindex":0,"rotation":0,"texture":"#0"}}}]}