{"textures":{"0":"modelengine:entity/giraffe"},"elements":[{"from":[7.4611697,0.9886818,7.6662183],"to":[9.043943,4.843094,9.000133],"faces":{"east":{"uv":[1.5625,7.1875,1.75,7.6875],"tintindex":0,"rotation":0,"texture":"#0"},"south":{"uv":[3.75,7.1875,3.9375,7.6875],"tintindex":0,"rotation":0,"texture":"#0"},"north":{"uv":[5.5,5.875,5.6875,6.375],"tintindex":0,"rotation":0,"texture":"#0"},"west":{"uv":[5.0,7.1875,5.1875,7.6875],"tintindex":0,"rotation":0,"texture":"#0"},"up":{"uv":[6.3125,7.75,6.125,7.5625],"tintindex":0,"rotation":0,"texture":"#0"},"down":{"uv":[6.5,7.5625,6.3125,7.75],"tintindex":0,"rotation":0,"texture":"#0"}},"rotation":{"origin":[8.252557,5.623087,7.1547756],"angle":22.5,"axis":"x"}},{"from":[7.3475075,-2.1222582,5.3532414],"to":[9.145123,1.1320572,7.0842605],"faces":{"east":{"uv":[7.0625,6.25,7.3125,6.6875],"tintindex":0,"rotation":0,"texture":"#0"},"south":{"uv":[6.625,7.0625,6.875,7.5],"tintindex":0,"rotation":0,"texture":"#0"},"north":{"uv":[5.875,7.0625,6.125,7.5],"tintindex":0,"rotation":0,"texture":"#0"},"west":{"uv":[7.0625,6.6875,7.3125,7.125],"tintindex":0,"rotation":0,"texture":"#0"},"up":{"uv":[7.6875,0.25,7.4375,0.0],"tintindex":0,"rotation":0,"texture":"#0"},"down":{"uv":[7.6875,0.9375,7.4375,1.1875],"tintindex":0,"rotation":0,"texture":"#0"}},"rotation":{"origin":[8.246315,0.70489883,6.477951],"angle":45.0,"axis":"x"}},{"from":[7.34117,4.132681,7.253418],"to":[9.163944,8.558294,8.707333],"faces":{"east":{"uv":[0.8125,6.8125,1.0,7.375],"tintindex":0,"rotation":0,"texture":"#0"},"south":{"uv":[6.875,7.0625,7.0625,7.625],"tintindex":0,"rotation":0,"texture":"#0"},"north":{"uv":[4.6875,0.0,4.875,0.5625],"tintindex":0,"rotation":0,"texture":"#0"},"west":{"uv":[0.0,7.125,0.1875,7.6875],"tintindex":0,"rotation":0,"texture":"#0"},"up":{"uv":[7.75,3.125,7.5625,2.9375],"tintindex":0,"rotation":0,"texture":"#0"},"down":{"uv":[3.6875,7.5625,3.5,7.75],"tintindex":0,"rotation":0,"texture":"#0"}}}]}