{"textures":{"0":"modelengine:entity/giraffe"},"elements":[{"from":[6.2442737,6.914728,7.2142596],"to":[9.740802,9.378937,10.979752],"rotation":{"angle":0.0,"axis":"y","origin":[7.992538,8.059461,9.097006]},"faces":{"east":{"uv":[0.0,2.8125,0.875,3.5],"rotation":0,"texture":"#0","tintindex":0},"south":{"uv":[5.1875,4.3125,5.75,4.8125],"rotation":0,"texture":"#0","tintindex":0},"north":{"uv":[0.875,3.375,1.6875,4.0625],"rotation":0,"texture":"#0","tintindex":0},"west":{"uv":[3.0625,0.0,3.9375,0.6875],"rotation":0,"texture":"#0","tintindex":0},"up":{"uv":[0.8125,1.9375,0.0,1.0625],"rotation":0,"texture":"#0","tintindex":0},"down":{"uv":[1.625,1.0625,0.8125,1.9375],"rotation":0,"texture":"#0","tintindex":0}}},{"from":[6.154619,6.541144,4.3417234],"to":[9.830457,9.647901,7.572878],"rotation":{"angle":0.0,"axis":"y","origin":[7.891473,9.165433,5.0699477]},"faces":{"east":{"uv":[1.625,1.75,2.375,2.625],"rotation":0,"texture":"#0","tintindex":0},"south":{"uv":[1.625,0.875,2.4375,1.75],"rotation":0,"texture":"#0","tintindex":0},"north":{"uv":[3.125,1.75,4.0,2.4375],"rotation":180,"texture":"#0","tintindex":0},"west":{"uv":[0.0,1.9375,0.75,2.8125],"rotation":0,"texture":"#0","tintindex":0},"up":{"uv":[2.3125,3.375,1.5,2.625],"rotation":0,"texture":"#0","tintindex":0},"down":{"uv":[3.125,2.625,2.3125,3.375],"rotation":0,"texture":"#0","tintindex":0}}},{"from":[6.381417,7.848188,4.3213453],"to":[9.603659,12.575254,5.53598],"rotation":{"angle":22.5,"axis":"x","origin":[7.992538,10.486007,4.5446625]},"faces":{"east":{"uv":[3.75,1.8125,4.0,2.4375],"rotation":0,"texture":"#0","tintindex":0},"south":{"uv":[0.75,0.0,1.5,1.0625],"rotation":0,"texture":"#0","tintindex":0},"north":{"uv":[3.125,1.75,4.0,2.4375],"rotation":180,"texture":"#0","tintindex":0},"west":{"uv":[3.75,1.8125,4.0,2.4375],"rotation":0,"texture":"#0","tintindex":0},"up":{"uv":[7.4375,4.375,6.6875,4.125],"rotation":0,"texture":"#0","tintindex":0},"down":{"uv":[3.125,1.75,4.0,2.4375],"rotation":0,"texture":"#0","tintindex":0}}},{"from":[6.291762,8.710868,4.123788],"to":[9.693314,11.845053,7.8623705],"rotation":{"angle":45.0,"axis":"x","origin":[7.992538,9.331675,5.492508]},"faces":{"east":{"uv":[3.125,1.75,4.0,2.4375],"rotation":0,"texture":"#0","tintindex":0},"south":{"uv":[2.5,3.8125,3.25,4.5],"rotation":0,"texture":"#0","tintindex":0},"north":{"uv":[3.125,2.4375,4.0,3.125],"rotation":0,"texture":"#0","tintindex":0},"west":{"uv":[3.125,2.4375,4.0,3.125],"rotation":0,"texture":"#0","tintindex":0},"up":{"uv":[1.5,2.8125,0.75,1.9375],"rotation":0,"texture":"#0","tintindex":0},"down":{"uv":[3.0625,0.0,2.3125,0.875],"rotation":0,"texture":"#0","tintindex":0}}},{"from":[6.381417,7.6004424,6.1171165],"to":[9.603659,10.681794,9.882608],"rotation":{"angle":22.5,"axis":"x","origin":[7.992538,7.8121057,7.527153]},"faces":{"east":{"uv":[3.125,3.125,4.0,3.8125],"rotation":0,"texture":"#0","tintindex":0},"south":{"uv":[5.1875,4.3125,5.75,4.8125],"rotation":0,"texture":"#0","tintindex":0},"north":{"uv":[3.25,3.8125,4.0,4.5],"rotation":0,"texture":"#0","tintindex":0},"west":{"uv":[3.1875,0.6875,4.0625,1.375],"rotation":0,"texture":"#0","tintindex":0},"up":{"uv":[3.125,2.625,2.375,1.75],"rotation":0,"texture":"#0","tintindex":0},"down":{"uv":[3.1875,0.875,2.4375,1.75],"rotation":0,"texture":"#0","tintindex":0}}}],"display":{"head":{"translation":[0.0,-6.4,0.0],"scale":[4.0,4.0,4.0]}}}