{"textures":{"0":"modelengine:entity/lr_xmastree"},"elements":[{"from":[-7.8632946,5.6262054,-0.52667046],"to":[7.3599997,5.6262054,6.577535],"faces":{"up":{"uv":[3.75,1.75,0.0,0.0],"tintindex":0,"rotation":0,"texture":"#0"},"down":{"uv":[3.75,1.75,0.0,3.5],"tintindex":0,"rotation":0,"texture":"#0"}},"rotation":{"origin":[2.285565,7.25023,7.250225],"angle":-22.5,"axis":"x"}},{"from":[-7.8632946,5.6262054,7.92292],"to":[7.3599997,5.6262054,15.027125],"faces":{"up":{"uv":[3.75,0.0,0.0,1.75],"tintindex":0,"rotation":0,"texture":"#0"},"down":{"uv":[3.75,3.5,0.0,1.75],"tintindex":0,"rotation":0,"texture":"#0"}},"rotation":{"origin":[2.285565,7.25023,7.250225],"angle":22.5,"axis":"x"}}]}