{"textures":{"0":"modelengine:entity/lr_xmastree"},"elements":[{"from":[9.271635,9.298214,7.98622],"to":[21.145805,9.298214,13.5275],"faces":{"up":{"uv":[0.0,0.0,3.75,1.75],"tintindex":0,"rotation":0,"texture":"#0"},"down":{"uv":[0.0,3.5,3.75,1.75],"tintindex":0,"rotation":0,"texture":"#0"}},"rotation":{"origin":[12.901279,10.822624,7.250225],"angle":22.5,"axis":"x"}},{"from":[9.271635,9.224274,1.1514549],"to":[21.145805,9.224274,6.6927347],"faces":{"up":{"uv":[0.0,1.75,3.75,0.0],"tintindex":0,"rotation":0,"texture":"#0"},"down":{"uv":[0.0,1.75,3.75,3.5],"tintindex":0,"rotation":0,"texture":"#0"}},"rotation":{"origin":[12.901279,10.822624,7.250225],"angle":-22.5,"axis":"x"}}]}