{"textures":{"1":"modelengine:entity/witch"},"elements":[{"from":[6.682133,6.604179,6.5259657],"to":[7.8249903,8.318464,9.383109],"rotation":{"angle":0.0,"axis":"y","origin":[10.110704,2.6041784,6.5259657]},"faces":{"east":{"uv":[2.375,10.75,1.75,11.125],"rotation":0,"texture":"#1","tintindex":0},"south":{"uv":[11.25,8.75,11.0,9.125],"rotation":0,"texture":"#1","tintindex":0},"north":{"uv":[11.25,8.375,11.0,8.75],"rotation":0,"texture":"#1","tintindex":0},"west":{"uv":[11.375,1.625,10.75,2.0],"rotation":0,"texture":"#1","tintindex":0},"up":{"uv":[4.75,11.5,5.0,10.875],"rotation":0,"texture":"#1","tintindex":0},"down":{"uv":[5.0,10.875,5.25,11.5],"rotation":0,"texture":"#1","tintindex":0}}},{"from":[7.8249903,4.8898935,7.0973945],"to":[8.967848,8.318464,10.525967],"rotation":{"angle":0.0,"axis":"y","origin":[10.110704,1.4613214,6.5259657]},"faces":{"east":{"uv":[11.125,5.625,10.375,6.375],"rotation":0,"texture":"#1","tintindex":0},"south":{"uv":[8.625,10.75,8.375,11.5],"rotation":0,"texture":"#1","tintindex":0},"north":{"uv":[1.25,10.625,1.0,11.375],"rotation":0,"texture":"#1","tintindex":0},"west":{"uv":[11.125,4.375,10.375,5.125],"rotation":0,"texture":"#1","tintindex":0},"up":{"uv":[8.625,11.5,8.875,10.75],"rotation":0,"texture":"#1","tintindex":0},"down":{"uv":[8.875,10.75,9.125,11.5],"rotation":0,"texture":"#1","tintindex":0}}},{"from":[6.1107044,4.8898935,7.0973945],"to":[7.8249903,7.1756077,10.525967],"rotation":{"angle":0.0,"axis":"y","origin":[10.110704,1.4613214,6.5259657]},"faces":{"east":{"uv":[4.5,8.75,3.75,9.25],"rotation":0,"texture":"#1","tintindex":0},"south":{"uv":[9.875,10.75,9.5,11.25],"rotation":0,"texture":"#1","tintindex":0},"north":{"uv":[9.5,10.75,9.125,11.25],"rotation":0,"texture":"#1","tintindex":0},"west":{"uv":[7.25,8.0,6.5,8.5],"rotation":0,"texture":"#1","tintindex":0},"up":{"uv":[8.0,11.375,8.375,10.625],"rotation":0,"texture":"#1","tintindex":0},"down":{"uv":[10.0,10.625,10.375,11.375],"rotation":0,"texture":"#1","tintindex":0}}}],"display":{"head":{"translation":[0.0,-6.4,0.0],"scale":[4.0,4.0,4.0]}}}