{"textures":{"0":"modelengine:entity/nocsy_drakonin6"},"elements":[{"from":[10.17941,5.8754835,5.3885746],"to":[10.17941,8.161198,9.960003],"rotation":{"angle":22.5,"axis":"z","origin":[10.407981,7.646912,7.6742887]},"faces":{"east":{"uv":[0.5,8.25,1.0,8.5],"rotation":0,"texture":"#0","tintindex":0},"south":{"uv":[3.125,9.0,3.125,9.25],"rotation":0,"texture":"#0","tintindex":0},"north":{"uv":[3.0625,9.0,3.0625,9.25],"rotation":0,"texture":"#0","tintindex":0},"west":{"uv":[1.0625,8.25,1.5625,8.5],"rotation":0,"texture":"#0","tintindex":0},"up":{"uv":[4.25,10.75,4.25,10.25],"rotation":0,"texture":"#0","tintindex":0},"down":{"uv":[1.8125,10.3125,1.8125,10.8125],"rotation":0,"texture":"#0","tintindex":0}}},{"from":[6.0,8.03458,5.3885746],"to":[10.0,11.463152,10.531432],"rotation":{"angle":0.0,"axis":"y","origin":[8.0,9.548865,7.734985]},"faces":{"east":{"uv":[7.1875,1.125,7.75,1.5],"rotation":0,"texture":"#0","tintindex":0},"south":{"uv":[7.375,7.75,7.8125,8.125],"rotation":0,"texture":"#0","tintindex":0},"north":{"uv":[7.6875,3.75,8.125,4.125],"rotation":0,"texture":"#0","tintindex":0},"west":{"uv":[7.3125,1.5625,7.875,1.9375],"rotation":0,"texture":"#0","tintindex":0},"up":{"uv":[6.8125,6.9375,6.375,6.375],"rotation":0,"texture":"#0","tintindex":0},"down":{"uv":[7.125,1.125,6.6875,1.6875],"rotation":0,"texture":"#0","tintindex":0}}},{"from":[5.714286,7.691723,5.560003],"to":[10.285714,9.406009,8.417146],"rotation":{"angle":0.0,"axis":"y","origin":[8.285714,9.548865,7.734985]},"faces":{"east":{"uv":[4.8125,9.8125,5.125,10.0],"rotation":0,"texture":"#0","tintindex":0},"south":{"uv":[8.9375,8.8125,9.4375,9.0],"rotation":0,"texture":"#0","tintindex":0},"north":{"uv":[8.9375,8.5625,9.4375,8.75],"rotation":0,"texture":"#0","tintindex":0},"west":{"uv":[5.1875,9.8125,5.5,10.0],"rotation":0,"texture":"#0","tintindex":0},"up":{"uv":[1.0,8.1875,0.5,7.875],"rotation":0,"texture":"#0","tintindex":0},"down":{"uv":[1.5625,7.875,1.0625,8.1875],"rotation":0,"texture":"#0","tintindex":0}}},{"from":[8.0,11.063151,4.4268694],"to":[8.0,16.206009,11.855441],"rotation":{"angle":0.0,"axis":"y","origin":[9.314285,14.03458,9.855441]},"faces":{"east":{"uv":[5.5,2.625,6.3125,3.1875],"rotation":0,"texture":"#0","tintindex":0},"south":{"uv":[5.125,10.3125,5.125,10.875],"rotation":0,"texture":"#0","tintindex":0},"north":{"uv":[5.0625,10.3125,5.0625,10.875],"rotation":0,"texture":"#0","tintindex":0},"west":{"uv":[5.5,3.25,6.3125,3.8125],"rotation":0,"texture":"#0","tintindex":0},"up":{"uv":[5.1875,11.125,5.1875,10.3125],"rotation":0,"texture":"#0","tintindex":0},"down":{"uv":[5.25,10.3125,5.25,11.125],"rotation":0,"texture":"#0","tintindex":0}}},{"from":[6.857143,10.491723,5.569726],"to":[6.857143,15.634581,12.998299],"rotation":{"angle":-22.5,"axis":"y","origin":[8.0,13.634581,8.141155]},"faces":{"east":{"uv":[5.5,3.875,6.3125,4.4375],"rotation":0,"texture":"#0","tintindex":0},"south":{"uv":[5.375,10.3125,5.375,10.875],"rotation":0,"texture":"#0","tintindex":0},"north":{"uv":[5.3125,10.3125,5.3125,10.875],"rotation":0,"texture":"#0","tintindex":0},"west":{"uv":[5.5,4.5,6.3125,5.0625],"rotation":0,"texture":"#0","tintindex":0},"up":{"uv":[5.5625,11.125,5.5625,10.3125],"rotation":0,"texture":"#0","tintindex":0},"down":{"uv":[5.625,10.3125,5.625,11.125],"rotation":0,"texture":"#0","tintindex":0}}},{"from":[9.142858,10.491723,5.569726],"to":[9.142858,15.634581,12.998299],"rotation":{"angle":22.5,"axis":"y","origin":[8.0,13.634581,8.141155]},"faces":{"east":{"uv":[5.875,5.125,6.6875,5.6875],"rotation":0,"texture":"#0","tintindex":0},"south":{"uv":[5.75,10.3125,5.75,10.875],"rotation":0,"texture":"#0","tintindex":0},"north":{"uv":[5.6875,10.3125,5.6875,10.875],"rotation":0,"texture":"#0","tintindex":0},"west":{"uv":[5.875,5.75,6.6875,6.3125],"rotation":0,"texture":"#0","tintindex":0},"up":{"uv":[5.8125,11.125,5.8125,10.3125],"rotation":0,"texture":"#0","tintindex":0},"down":{"uv":[5.875,10.3125,5.875,11.125],"rotation":0,"texture":"#0","tintindex":0}}},{"from":[5.7085714,11.358207,5.6627827],"to":[10.291429,12.512493,7.959926],"rotation":{"angle":-22.5,"axis":"x","origin":[8.285714,9.478207,8.468497]},"faces":{"east":{"uv":[10.125,3.0,10.375,3.125],"rotation":0,"texture":"#0","tintindex":0},"south":{"uv":[9.5625,0.625,10.0625,0.75],"rotation":0,"texture":"#0","tintindex":0},"north":{"uv":[9.5,3.1875,10.0,3.3125],"rotation":0,"texture":"#0","tintindex":0},"west":{"uv":[10.1875,1.25,10.4375,1.375],"rotation":0,"texture":"#0","tintindex":0},"up":{"uv":[5.125,8.5625,4.625,8.3125],"rotation":0,"texture":"#0","tintindex":0},"down":{"uv":[8.0,8.3125,7.5,8.5625],"rotation":0,"texture":"#0","tintindex":0}}},{"from":[5.714286,10.564469,6.419366],"to":[10.285714,11.707327,8.70508],"rotation":{"angle":22.5,"axis":"x","origin":[8.0,10.8501835,7.562223]},"faces":{"east":{"uv":[10.25,4.0,10.5,4.125],"rotation":0,"texture":"#0","tintindex":0},"south":{"uv":[9.5625,8.25,10.0625,8.375],"rotation":0,"texture":"#0","tintindex":0},"north":{"uv":[9.5625,3.8125,10.0625,3.9375],"rotation":0,"texture":"#0","tintindex":0},"west":{"uv":[10.25,7.625,10.5,7.75],"rotation":0,"texture":"#0","tintindex":0},"up":{"uv":[8.8125,8.125,8.3125,7.875],"rotation":0,"texture":"#0","tintindex":0},"down":{"uv":[8.5625,8.3125,8.0625,8.5625],"rotation":0,"texture":"#0","tintindex":0}}},{"from":[5.9714284,8.320294,5.3457174],"to":[7.1142855,12.320294,5.3457174],"rotation":{"angle":0.0,"axis":"y","origin":[7.9714284,9.548865,7.6921277]},"faces":{"east":{"uv":[5.9375,10.3125,5.9375,10.75],"rotation":0,"texture":"#0","tintindex":0},"south":{"uv":[0.3125,9.8125,0.4375,10.25],"rotation":0,"texture":"#0","tintindex":0},"north":{"uv":[7.5,9.375,7.625,9.8125],"rotation":0,"texture":"#0","tintindex":0},"west":{"uv":[6.0,10.3125,6.0,10.75],"rotation":0,"texture":"#0","tintindex":0},"up":{"uv":[5.625,5.125,5.5,5.125],"rotation":0,"texture":"#0","tintindex":0},"down":{"uv":[5.625,5.1875,5.5,5.1875],"rotation":0,"texture":"#0","tintindex":0}}},{"from":[6.142857,8.548865,5.2885747],"to":[6.4857144,10.777437,5.2885747],"rotation":{"angle":0.0,"axis":"y","origin":[7.9714284,9.548865,7.6921277]},"faces":{"east":{"uv":[8.25,9.3125,8.25,9.5625],"rotation":0,"texture":"#0","tintindex":0},"south":{"uv":[2.375,8.125,2.4375,8.375],"rotation":0,"texture":"#0","tintindex":0},"north":{"uv":[5.875,7.5625,5.9375,7.8125],"rotation":0,"texture":"#0","tintindex":0},"west":{"uv":[10.3125,4.9375,10.3125,5.1875],"rotation":0,"texture":"#0","tintindex":0},"up":{"uv":[5.75,5.125,5.6875,5.125],"rotation":0,"texture":"#0","tintindex":0},"down":{"uv":[5.75,5.1875,5.6875,5.1875],"rotation":0,"texture":"#0","tintindex":0}}},{"from":[9.514286,8.548865,5.2885747],"to":[9.857143,10.777437,5.2885747],"rotation":{"angle":0.0,"axis":"y","origin":[8.028571,9.548865,7.6921277]},"faces":{"east":{"uv":[10.3125,4.9375,10.3125,5.1875],"rotation":0,"texture":"#0","tintindex":0},"south":{"uv":[2.4375,8.125,2.375,8.375],"rotation":0,"texture":"#0","tintindex":0},"north":{"uv":[5.9375,7.5625,5.875,7.8125],"rotation":0,"texture":"#0","tintindex":0},"west":{"uv":[8.25,9.3125,8.25,9.5625],"rotation":0,"texture":"#0","tintindex":0},"up":{"uv":[5.6875,5.125,5.75,5.125],"rotation":0,"texture":"#0","tintindex":0},"down":{"uv":[5.6875,5.1875,5.75,5.1875],"rotation":0,"texture":"#0","tintindex":0}}},{"from":[5.9714284,8.320294,5.3457174],"to":[5.9714284,12.320294,7.0600033],"rotation":{"angle":0.0,"axis":"y","origin":[8.0,9.548865,7.734985]},"faces":{"east":{"uv":[9.3125,3.5,9.5,3.9375],"rotation":0,"texture":"#0","tintindex":0},"south":{"uv":[6.25,10.3125,6.25,10.75],"rotation":0,"texture":"#0","tintindex":0},"north":{"uv":[6.1875,10.3125,6.1875,10.75],"rotation":0,"texture":"#0","tintindex":0},"west":{"uv":[3.5625,9.3125,3.75,9.75],"rotation":0,"texture":"#0","tintindex":0},"up":{"uv":[5.8125,6.3125,5.8125,6.125],"rotation":0,"texture":"#0","tintindex":0},"down":{"uv":[6.125,8.5,6.125,8.6875],"rotation":0,"texture":"#0","tintindex":0}}},{"from":[10.028572,8.320294,5.3457174],