{"textures":{"0":"modelengine:entity/nocsy_drakonin6"},"elements":[{"from":[6.463288,6.857143,6.0199566],"to":[8.749002,9.142858,8.8771],"rotation":{"angle":0.0,"axis":"y","origin":[7.034716,8.0,7.162814]},"faces":{"east":{"uv":[7.125,9.375,7.4375,9.625],"rotation":0,"texture":"#0","tintindex":0},"south":{"uv":[9.8125,4.75,10.0625,5.0],"rotation":0,"texture":"#0","tintindex":0},"north":{"uv":[3.625,9.8125,3.875,10.0625],"rotation":0,"texture":"#0","tintindex":0},"west":{"uv":[9.4375,0.0,9.75,0.25],"rotation":0,"texture":"#0","tintindex":0},"up":{"uv":[0.25,9.6875,0.0,9.375],"rotation":0,"texture":"#0","tintindex":0},"down":{"uv":[9.75,1.5625,9.5,1.875],"rotation":0,"texture":"#0","tintindex":0}}},{"from":[5.949002,7.0857143,6.5913854],"to":[7.6632876,8.8,10.591386],"rotation":{"angle":-22.5,"axis":"z","origin":[7.3775735,7.714286,8.591385]},"faces":{"east":{"uv":[2.0625,9.3125,2.5,9.5],"rotation":0,"texture":"#0","tintindex":0},"south":{"uv":[10.125,6.875,10.3125,7.0625],"rotation":0,"texture":"#0","tintindex":0},"north":{"uv":[10.125,6.625,10.3125,6.8125],"rotation":0,"texture":"#0","tintindex":0},"west":{"uv":[2.5625,9.3125,3.0,9.5],"rotation":0,"texture":"#0","tintindex":0},"up":{"uv":[3.25,9.75,3.0625,9.3125],"rotation":0,"texture":"#0","tintindex":0},"down":{"uv":[3.5,9.3125,3.3125,9.75],"rotation":0,"texture":"#0","tintindex":0}}},{"from":[6.940489,6.8142495,10.548966],"to":[6.940489,10.81425,14.548967],"rotation":{"angle":-22.5,"axis":"x","origin":[6.910382,7.4342875,11.977538]},"faces":{"east":{"uv":[6.875,7.375,7.3125,7.8125],"rotation":0,"texture":"#0","tintindex":0},"south":{"uv":[4.875,10.3125,4.875,10.75],"rotation":0,"texture":"#0","tintindex":0},"north":{"uv":[4.8125,10.3125,4.8125,10.75],"rotation":0,"texture":"#0","tintindex":0},"west":{"uv":[7.375,7.25,7.8125,7.6875],"rotation":0,"texture":"#0","tintindex":0},"up":{"uv":[4.9375,10.75,4.9375,10.3125],"rotation":0,"texture":"#0","tintindex":0},"down":{"uv":[5.0,10.3125,5.0,10.75],"rotation":0,"texture":"#0","tintindex":0}}},{"from":[4.8802752,8.797183,10.548966],"to":[8.880276,8.797183,14.548967],"rotation":{"angle":-22.5,"axis":"x","origin":[6.910382,7.4342875,11.977538]},"faces":{"east":{"uv":[9.1875,4.125,9.625,4.125],"rotation":0,"texture":"#0","tintindex":0},"south":{"uv":[9.3125,5.5,9.75,5.5],"rotation":0,"texture":"#0","tintindex":0},"north":{"uv":[8.9375,5.6875,9.375,5.6875],"rotation":0,"texture":"#0","tintindex":0},"west":{"uv":[9.4375,5.6875,9.875,5.6875],"rotation":0,"texture":"#0","tintindex":0},"up":{"uv":[7.875,0.4375,7.4375,0.0],"rotation":0,"texture":"#0","tintindex":0},"down":{"uv":[7.875,0.5,7.4375,0.9375],"rotation":0,"texture":"#0","tintindex":0}}}],"display":{"head":{"translation":[0.0,-6.4,0.0],"scale":[4.0,4.0,4.0]}}}