{"textures":{"0":"modelengine:entity/nocsy_drakonin6"},"elements":[{"from":[6.857143,4.7771745,6.7942166],"to":[8.571428,8.777175,9.079931],"rotation":{"angle":22.5,"axis":"x","origin":[8.285714,8.662889,7.594217]},"faces":{"east":{"uv":[6.125,8.75,6.375,9.1875],"rotation":0,"texture":"#0","tintindex":0},"south":{"uv":[5.875,9.3125,6.0625,9.75],"rotation":0,"texture":"#0","tintindex":0},"north":{"uv":[5.625,9.3125,5.8125,9.75],"rotation":0,"texture":"#0","tintindex":0},"west":{"uv":[8.75,6.375,9.0,6.8125],"rotation":0,"texture":"#0","tintindex":0},"up":{"uv":[8.125,10.0625,7.9375,9.8125],"rotation":0,"texture":"#0","tintindex":0},"down":{"uv":[9.6875,9.8125,9.5,10.0625],"rotation":0,"texture":"#0","tintindex":0}}}],"display":{"head":{"translation":[0.0,-6.4,0.0],"scale":[4.0,4.0,4.0]}}}