{"textures":{"0":"modelengine:entity/nocsy_drakonin6"},"elements":[{"from":[7.081559,6.3689003,6.5714283],"to":[9.938702,9.226044,9.428572],"rotation":{"angle":0.0,"axis":"y","origin":[7.6529875,6.555906,6.7388253]},"faces":{"east":{"uv":[9.1875,2.0625,8.875,2.375],"rotation":0,"texture":"#0","tintindex":0},"south":{"uv":[9.0,0.5,8.6875,0.8125],"rotation":0,"texture":"#0","tintindex":0},"north":{"uv":[6.6875,4.75,6.375,5.0625],"rotation":0,"texture":"#0","tintindex":0},"west":{"uv":[6.8125,7.5,6.5,7.8125],"rotation":0,"texture":"#0","tintindex":0},"up":{"uv":[8.875,2.75,9.1875,2.4375],"rotation":0,"texture":"#0","tintindex":0},"down":{"uv":[8.875,2.8125,9.1875,3.125],"rotation":0,"texture":"#0","tintindex":0}}},{"from":[9.367273,6.9403286,7.0857143],"to":[16.795845,8.654614,8.8],"rotation":{"angle":0.0,"axis":"y","origin":[7.6529875,6.555906,6.7388253]},"faces":{"east":{"uv":[4.875,10.0625,4.6875,10.25],"rotation":0,"texture":"#0","tintindex":0},"south":{"uv":[8.6875,6.375,7.875,6.5625],"rotation":0,"texture":"#0","tintindex":0},"north":{"uv":[2.4375,7.875,1.625,8.0625],"rotation":0,"texture":"#0","tintindex":0},"west":{"uv":[6.875,2.25,6.6875,2.4375],"rotation":0,"texture":"#0","tintindex":0},"up":{"uv":[6.5,8.0625,7.3125,7.875],"rotation":0,"texture":"#0","tintindex":0},"down":{"uv":[7.875,6.625,8.6875,6.8125],"rotation":0,"texture":"#0","tintindex":0}}},{"from":[16.613888,6.946043,2.8344297],"to":[18.316744,8.6489,6.8230014],"rotation":{"angle":-45.0,"axis":"y","origin":[15.179602,7.797472,5.971573]},"faces":{"east":{"uv":[9.5,7.625,9.0625,7.8125],"rotation":0,"texture":"#0","tintindex":0},"south":{"uv":[5.375,10.0625,5.1875,10.25],"rotation":0,"texture":"#0","tintindex":0},"north":{"uv":[5.125,10.0625,4.9375,10.25],"rotation":0,"texture":"#0","tintindex":0},"west":{"uv":[9.5,0.625,9.0625,0.8125],"rotation":0,"texture":"#0","tintindex":0},"up":{"uv":[5.0,6.75,5.1875,6.3125],"rotation":0,"texture":"#0","tintindex":0},"down":{"uv":[8.625,9.0625,8.8125,9.5],"rotation":0,"texture":"#0","tintindex":0}}},{"from":[18.7406,6.9403286,1.7957988],"to":[20.454885,8.654614,5.7957993],"rotation":{"angle":-22.5,"axis":"y","origin":[19.597744,7.797472,3.7957993]},"faces":{"east":{"uv":[9.3125,9.0625,8.875,9.25],"rotation":0,"texture":"#0","tintindex":0},"south":{"uv":[6.6875,10.0625,6.5,10.25],"rotation":0,"texture":"#0","tintindex":0},"north":{"uv":[6.4375,10.0625,6.25,10.25],"rotation":0,"texture":"#0","tintindex":0},"west":{"uv":[9.5,8.1875,9.0625,8.375],"rotation":0,"texture":"#0","tintindex":0},"up":{"uv":[8.3125,9.5625,8.5,9.125],"rotation":0,"texture":"#0","tintindex":0},"down":{"uv":[9.25,1.875,9.4375,2.3125],"rotation":0,"texture":"#0","tintindex":0}}},{"from":[8.324392,7.8546147,2.4518275],"to":[20.324394,7.9689,25.8804],"rotation":{"angle":0.0,"axis":"y","origin":[21.181538,7.797472,4.451828]},"faces":{"east":{"uv":[10.25,4.3125,7.6875,4.375],"rotation":0,"texture":"#0","tintindex":0},"south":{"uv":[10.25,5.5625,8.9375,5.625],"rotation":0,"texture":"#0","tintindex":0},"north":{"uv":[9.625,1.25,8.3125,1.3125],"rotation":0,"texture":"#0","tintindex":0},"west":{"uv":[10.25,4.1875,7.6875,4.25],"rotation":0,"texture":"#0","tintindex":0},"up":{"uv":[4.125,2.5625,5.4375,0.0],"rotation":0,"texture":"#0","tintindex":0},"down":{"uv":[4.125,2.625,5.4375,5.1875],"rotation":0,"texture":"#0","tintindex":0}}}],"display":{"head":{"translation":[0.0,-6.4,0.0],"scale":[4.0,4.0,4.0]}}}