{"textures":{"0":"modelengine:entity/nocsy_drakonin6"},"elements":[{"from":[6.0,6.5714283,6.857143],"to":[9.428572,9.428572,9.714286],"rotation":{"angle":0.0,"axis":"y","origin":[7.257143,8.0,9.542857]},"faces":{"east":{"uv":[4.5625,8.875,4.25,9.1875],"rotation":0,"texture":"#0","tintindex":0},"south":{"uv":[8.875,4.6875,8.5,5.0],"rotation":0,"texture":"#0","tintindex":0},"north":{"uv":[3.5625,8.4375,3.1875,8.75],"rotation":0,"texture":"#0","tintindex":0},"west":{"uv":[9.1875,3.1875,8.875,3.5],"rotation":0,"texture":"#0","tintindex":0},"up":{"uv":[8.5,5.375,8.875,5.0625],"rotation":0,"texture":"#0","tintindex":0},"down":{"uv":[5.6875,8.5,6.0625,8.8125],"rotation":0,"texture":"#0","tintindex":0}}},{"from":[7.640336,6.5657144,6.035991],"to":[9.937479,8.862857,8.333134],"rotation":{"angle":-22.5,"axis":"y","origin":[8.788907,8.0,7.1845627]},"faces":{"east":{"uv":[2.625,9.5625,2.375,9.8125],"rotation":0,"texture":"#0","tintindex":0},"south":{"uv":[2.3125,9.5625,2.0625,9.8125],"rotation":0,"texture":"#0","tintindex":0},"north":{"uv":[8.625,0.5625,8.375,0.8125],"rotation":0,"texture":"#0","tintindex":0},"west":{"uv":[1.4375,9.5625,1.1875,9.8125],"rotation":0,"texture":"#0","tintindex":0},"up":{"uv":[2.6875,9.8125,2.9375,9.5625],"rotation":0,"texture":"#0","tintindex":0},"down":{"uv":[9.5625,3.5,9.8125,3.75],"rotation":0,"texture":"#0","tintindex":0}}},{"from":[3.1527505,6.5657144,16.778849],"to":[5.449894,8.862857,19.075993],"rotation":{"angle":22.5,"axis":"y","origin":[-20.898678,8.0,7.1845627]},"faces":{"east":{"uv":[8.5,9.625,8.25,9.875],"rotation":0,"texture":"#0","tintindex":0},"south":{"uv":[8.8125,9.5625,8.5625,9.8125],"rotation":0,"texture":"#0","tintindex":0},"north":{"uv":[9.8125,4.4375,9.5625,4.6875],"rotation":0,"texture":"#0","tintindex":0},"west":{"uv":[4.75,9.5625,4.5,9.8125],"rotation":0,"texture":"#0","tintindex":0},"up":{"uv":[9.6875,5.4375,9.9375,5.1875],"rotation":0,"texture":"#0","tintindex":0},"down":{"uv":[6.875,9.6875,7.125,9.9375],"rotation":0,"texture":"#0","tintindex":0}}},{"from":[4.3013225,6.5714283,13.355991],"to":[4.3013225,9.428572,19.641705],"rotation":{"angle":22.5,"axis":"y","origin":[-20.898678,8.0,7.1845627]},"faces":{"east":{"uv":[7.625,2.625,6.9375,2.9375],"rotation":0,"texture":"#0","tintindex":0},"south":{"uv":[8.5625,9.125,8.5625,9.4375],"rotation":0,"texture":"#0","tintindex":0},"north":{"uv":[8.375,1.5625,8.375,1.875],"rotation":0,"texture":"#0","tintindex":0},"west":{"uv":[7.625,2.25,6.9375,2.5625],"rotation":0,"texture":"#0","tintindex":0},"up":{"uv":[5.4375,10.75,5.4375,10.0625],"rotation":0,"texture":"#0","tintindex":0},"down":{"uv":[5.5,10.0625,5.5,10.75],"rotation":0,"texture":"#0","tintindex":0}}},{"from":[8.731765,6.5714283,3.0702767],"to":[8.731765,9.428572,9.355991],"rotation":{"angle":-22.5,"axis":"y","origin":[8.788907,8.0,7.1845627]},"faces":{"east":{"uv":[7.625,3.375,6.9375,3.6875],"rotation":0,"texture":"#0","tintindex":0},"south":{"uv":[6.75,10.0625,6.75,10.375],"rotation":0,"texture":"#0","tintindex":0},"north":{"uv":[7.6875,9.375,7.6875,9.6875],"rotation":0,"texture":"#0","tintindex":0},"west":{"uv":[7.625,3.0,6.9375,3.3125],"rotation":0,"texture":"#0","tintindex":0},"up":{"uv":[6.8125,10.75,6.8125,10.0625],"rotation":0,"texture":"#0","tintindex":0},"down":{"uv":[1.6875,10.125,1.6875,10.8125],"rotation":0,"texture":"#0","tintindex":0}}}],"display":{"head":{"translation":[0.0,-6.4,0.0],"scale":[4.0,4.0,4.0]}}}