{"textures":{"0":"modelengine:entity/nocsy_drakonin6"},"elements":[{"from":[6.5714283,5.7632623,7.1870265],"to":[9.428572,9.1918335,11.187027],"rotation":{"angle":22.5,"axis":"x","origin":[7.714286,6.7367954,10.716557]},"faces":{"east":{"uv":[7.8125,1.0,8.25,1.375],"rotation":0,"texture":"#0","tintindex":0},"south":{"uv":[7.5,8.625,7.8125,9.0],"rotation":0,"texture":"#0","tintindex":0},"north":{"uv":[5.0625,8.625,5.375,9.0],"rotation":0,"texture":"#0","tintindex":0},"west":{"uv":[0.0,7.875,0.4375,8.25],"rotation":0,"texture":"#0","tintindex":0},"up":{"uv":[3.5625,8.375,3.25,7.9375],"rotation":0,"texture":"#0","tintindex":0},"down":{"uv":[6.1875,8.0,5.875,8.4375],"rotation":0,"texture":"#0","tintindex":0}}},{"from":[4.2285714,7.648977,8.329884],"to":[6.5142856,7.648977,12.901312],"rotation":{"angle":22.5,"axis":"z","origin":[5.428571,8.048977,10.615598]},"faces":{"east":{"uv":[9.6875,4.125,10.1875,4.125],"rotation":0,"texture":"#0","tintindex":0},"south":{"uv":[8.0625,4.6875,8.3125,4.6875],"rotation":0,"texture":"#0","tintindex":0},"north":{"uv":[7.6875,4.4375,7.9375,4.4375],"rotation":0,"texture":"#0","tintindex":0},"west":{"uv":[9.8125,5.5,10.3125,5.5],"rotation":0,"texture":"#0","tintindex":0},"up":{"uv":[3.875,8.875,3.625,8.375],"rotation":0,"texture":"#0","tintindex":0},"down":{"uv":[4.1875,8.375,3.9375,8.875],"rotation":0,"texture":"#0","tintindex":0}}},{"from":[9.485714,7.648977,8.329884],"to":[11.771429,7.648977,12.901312],"rotation":{"angle":-22.5,"axis":"z","origin":[10.571428,8.048977,10.615598]},"faces":{"east":{"uv":[9.9375,5.6875,10.4375,5.6875],"rotation":0,"texture":"#0","tintindex":0},"south":{"uv":[7.5,8.25,7.75,8.25],"rotation":0,"texture":"#0","tintindex":0},"north":{"uv":[7.5,8.1875,7.75,8.1875],"rotation":0,"texture":"#0","tintindex":0},"west":{"uv":[10.125,2.0625,10.625,2.0625],"rotation":0,"texture":"#0","tintindex":0},"up":{"uv":[6.75,8.875,6.5,8.375],"rotation":0,"texture":"#0","tintindex":0},"down":{"uv":[7.0625,8.375,6.8125,8.875],"rotation":0,"texture":"#0","tintindex":0}}}],"display":{"head":{"translation":[0.0,-6.4,0.0],"scale":[4.0,4.0,4.0]}}}