{"textures":{"0":"modelengine:entity/nocsy_drakonin6"},"elements":[{"from":[3.771428,7.3431034,8.313452],"to":[6.0571427,7.3431034,12.88488],"rotation":{"angle":22.5,"axis":"z","origin":[5.142857,8.885961,7.1705947]},"faces":{"east":{"uv":[10.125,2.125,10.625,2.125],"rotation":0,"texture":"#0","tintindex":0},"south":{"uv":[8.3125,8.25,8.5625,8.25],"rotation":0,"texture":"#0","tintindex":0},"north":{"uv":[8.3125,8.1875,8.5625,8.1875],"rotation":0,"texture":"#0","tintindex":0},"west":{"uv":[10.3125,4.1875,10.8125,4.1875],"rotation":0,"texture":"#0","tintindex":0},"up":{"uv":[8.6875,2.0625,8.4375,1.5625],"rotation":0,"texture":"#0","tintindex":0},"down":{"uv":[2.5,8.4375,2.25,8.9375],"rotation":0,"texture":"#0","tintindex":0}}},{"from":[9.3714285,7.3431034,8.313452],"to":[11.657143,7.3431034,12.88488],"rotation":{"angle":-22.5,"axis":"z","origin":[10.285714,8.885961,7.1705947]},"faces":{"east":{"uv":[10.3125,4.25,10.8125,4.25],"rotation":0,"texture":"#0","tintindex":0},"south":{"uv":[8.4375,2.1875,8.6875,2.1875],"rotation":0,"texture":"#0","tintindex":0},"north":{"uv":[8.4375,2.125,8.6875,2.125],"rotation":0,"texture":"#0","tintindex":0},"west":{"uv":[10.3125,4.3125,10.8125,4.3125],"rotation":0,"texture":"#0","tintindex":0},"up":{"uv":[2.8125,8.9375,2.5625,8.4375],"rotation":0,"texture":"#0","tintindex":0},"down":{"uv":[3.125,8.4375,2.875,8.9375],"rotation":0,"texture":"#0","tintindex":0}}},{"from":[6.5714283,6.7228823,6.9336557],"to":[8.857143,9.580025,10.362227],"rotation":{"angle":0.0,"axis":"y","origin":[8.0,8.0,9.3714285]},"faces":{"east":{"uv":[7.875,8.625,8.25,8.9375],"rotation":0,"texture":"#0","tintindex":0},"south":{"uv":[0.875,9.5625,1.125,9.875],"rotation":0,"texture":"#0","tintindex":0},"north":{"uv":[0.5625,9.5625,0.8125,9.875],"rotation":0,"texture":"#0","tintindex":0},"west":{"uv":[8.625,8.1875,9.0,8.5],"rotation":0,"texture":"#0","tintindex":0},"up":{"uv":[6.0625,9.25,5.8125,8.875],"rotation":0,"texture":"#0","tintindex":0},"down":{"uv":[5.3125,9.0625,5.0625,9.4375],"rotation":0,"texture":"#0","tintindex":0}}},{"from":[6.857143,7.0085964,10.362227],"to":[8.571428,9.294311,12.076513],"rotation":{"angle":0.0,"axis":"y","origin":[8.285714,8.0,9.3714285]},"faces":{"east":{"uv":[7.125,10.0,7.3125,10.25],"rotation":0,"texture":"#0","tintindex":0},"south":{"uv":[7.375,10.0,7.5625,10.25],"rotation":0,"texture":"#0","tintindex":0},"north":{"uv":[6.875,10.0,7.0625,10.25],"rotation":0,"texture":"#0","tintindex":0},"west":{"uv":[10.0,7.5625,10.1875,7.8125],"rotation":0,"texture":"#0","tintindex":0},"up":{"uv":[0.6875,10.4375,0.5,10.25],"rotation":0,"texture":"#0","tintindex":0},"down":{"uv":[0.9375,10.25,0.75,10.4375],"rotation":0,"texture":"#0","tintindex":0}}},{"from":[6.9714284,7.2794766,11.731037],"to":[8.457143,9.336619,13.216752],"rotation":{"angle":-22.5,"axis":"x","origin":[7.714286,7.955305,12.297401]},"faces":{"east":{"uv":[8.875,10.0,9.0625,10.25],"rotation":0,"texture":"#0","tintindex":0},"south":{"uv":[9.125,10.0,9.3125,10.25],"rotation":0,"texture":"#0","tintindex":0},"north":{"uv":[10.0,7.875,10.1875,8.125],"rotation":0,"texture":"#0","tintindex":0},"west":{"uv":[0.0,10.0625,0.1875,10.3125],"rotation":0,"texture":"#0","tintindex":0},"up":{"uv":[4.0625,10.4375,3.875,10.25],"rotation":0,"texture":"#0","tintindex":0},"down":{"uv":[10.4375,7.375,10.25,7.5625],"rotation":0,"texture":"#0","tintindex":0}}},{"from":[7.714286,7.051936,9.777648],"to":[7.714286,16.194794,20.634792],"rotation":{"angle":-22.5,"axis":"x","origin":[7.714286,11.223365,16.577648]},"faces":{"east":{"uv":[2.75,5.25,3.9375,6.25],"rotation":0,"texture":"#0","tintindex":0},"south":{"uv":[2.1875,10.375,2.1875,11.375],"rotation":0,"texture":"#0","tintindex":0},"north":{"uv":[2.125,10.375,2.125,11.375],"rotation":0,"texture":"#0","tintindex":0},"west":{"uv":[4.0,5.25,5.1875,6.25],"rotation":0,"texture":"#0","tintindex":0},"up":{"uv":[2.25,11.5625,2.25,10.375],"rotation":0,"texture":"#0","tintindex":0},"down":{"uv":[2.3125,10.375,2.3125,11.5625],"rotation":0,"texture":"#0","tintindex":0}}}],"display":{"head":{"translation":[0.0,-6.4,0.0],"scale":[4.0,4.0,4.0]}}}