{"textures":{"5":"modelengine:entity/bowxmas"},"elements":[{"from":[-2.989005,-0.939332,-1.0971966],"to":[4.9149947,0.8846679,0.20566082],"rotation":{"angle":22.5,"axis":"z","origin":[3.9883356,2.6036887,-0.39767456]},"faces":{"east":{"uv":[1.0,7.75,0.75,8.0],"rotation":0,"texture":"#5","tintindex":0},"south":{"uv":[0.5,3.875,1.625,4.125],"rotation":0,"texture":"#5","tintindex":0},"north":{"uv":[1.625,3.875,0.5,4.125],"rotation":0,"texture":"#5","tintindex":0},"west":{"uv":[0.625,7.75,0.375,8.0],"rotation":0,"texture":"#5","tintindex":0},"up":{"uv":[2.0,3.875,1.75,5.0],"rotation":90,"texture":"#5","tintindex":0},"down":{"uv":[2.375,5.0,2.125,3.875],"rotation":270,"texture":"#5","tintindex":0}}},{"from":[0.3333521,-6.709465,-1.0963278],"to":[2.5030437,-1.4129162,0.20479298],"rotation":{"angle":0.0,"axis":"y","origin":[3.9883356,2.6036887,-0.39767456]},"faces":{"east":{"uv":[6.125,1.75,5.875,2.5],"rotation":0,"texture":"#5","tintindex":0},"south":{"uv":[3.0,3.875,3.375,4.625],"rotation":0,"texture":"#5","tintindex":0},"north":{"uv":[3.375,3.875,3.0,4.625],"rotation":0,"texture":"#5","tintindex":0},"west":{"uv":[2.0,5.875,1.75,6.625],"rotation":0,"texture":"#5","tintindex":0},"up":{"uv":[2.75,7.25,2.5,7.625],"rotation":90,"texture":"#5","tintindex":0},"down":{"uv":[3.125,7.625,2.875,7.25],"rotation":270,"texture":"#5","tintindex":0}}},{"from":[-0.10626984,-4.4810553,-1.0963278],"to":[2.0634212,0.8154936,0.20479298],"rotation":{"angle":45.0,"axis":"z","origin":[3.9883356,2.6036887,-0.39767456]},"faces":{"east":{"uv":[6.125,2.625,5.875,3.375],"rotation":0,"texture":"#5","tintindex":0},"south":{"uv":[4.0,3.0,4.375,3.75],"rotation":0,"texture":"#5","tintindex":0},"north":{"uv":[4.375,3.0,4.0,3.75],"rotation":0,"texture":"#5","tintindex":0},"west":{"uv":[2.375,5.875,2.125,6.625],"rotation":0,"texture":"#5","tintindex":0},"up":{"uv":[4.25,7.25,4.0,7.625],"rotation":90,"texture":"#5","tintindex":0},"down":{"uv":[4.625,7.625,4.375,7.25],"rotation":270,"texture":"#5","tintindex":0}}},{"from":[-3.244999,4.032858,-1.0971966],"to":[4.6590014,5.856858,0.20566082],"rotation":{"angle":-22.5,"axis":"z","origin":[3.9883356,2.6036887,-0.39767456]},"faces":{"east":{"uv":[2.25,7.75,2.0,8.0],"rotation":0,"texture":"#5","tintindex":0},"south":{"uv":[4.25,2.5,5.375,2.75],"rotation":0,"texture":"#5","tintindex":0},"north":{"uv":[5.375,2.5,4.25,2.75],"rotation":0,"texture":"#5","tintindex":0},"west":{"uv":[1.875,7.75,1.625,8.0],"rotation":0,"texture":"#5","tintindex":0},"up":{"uv":[1.25,4.25,1.0,5.375],"rotation":90,"texture":"#5","tintindex":0},"down":{"uv":[1.625,5.375,1.375,4.25],"rotation":270,"texture":"#5","tintindex":0}}},{"from":[-0.23185635,4.026131,-1.0963278],"to":[1.9378352,9.3226795,0.20479298],"rotation":{"angle":-45.0,"axis":"z","origin":[3.9883356,2.6036887,-0.39767456]},"faces":{"east":{"uv":[6.375,4.375,6.125,5.125],"rotation":0,"texture":"#5","tintindex":0},"south":{"uv":[0.5,4.25,0.875,5.0],"rotation":0,"texture":"#5","tintindex":0},"north":{"uv":[0.875,4.25,0.5,5.0],"rotation":0,"texture":"#5","tintindex":0},"west":{"uv":[6.25,0.0,6.0,0.75],"rotation":0,"texture":"#5","tintindex":0},"up":{"uv":[6.375,7.25,6.125,7.625],"rotation":90,"texture":"#5","tintindex":0},"down":{"uv":[6.75,7.625,6.5,7.25],"rotation":270,"texture":"#5","tintindex":0}}},{"from":[-0.014076233,6.45047,-1.0963278],"to":[2.1556149,11.747019,0.20479298],"rotation":{"angle":0.0,"axis":"y","origin":[3.9883356,2.6036887,-0.39767456]},"faces":{"east":{"uv":[6.0,5.875,5.75,6.625],"rotation":0,"texture":"#5","tintindex":0},"south":{"uv":[4.125,0.0,4.5,0.75],"rotation":0,"texture":"#5","tintindex":0},"north":{"uv":[4.5,0.0,4.125,0.75],"rotation":0,"texture":"#5","tintindex":0},"west":{"uv":[6.125,3.5,5.875,4.25],"rotation":0,"texture":"#5","tintindex":0},"up":{"uv":[5.0,7.25,4.75,7.625],"rotation":90,"texture":"#5","tintindex":0},"down":{"uv":[5.375,7.625,5.125,7.25],"rotation":270,"texture":"#5","tintindex":0}}}],"display":{"head":{"translation":[0.0,-6.4,0.0],"scale":[4.0,4.0,4.0]}}}