{"textures":{"4":"modelengine:entity/swordxmas"},"elements":[{"from":[7.3442373,10.802982,7.241046],"to":[10.100809,13.559553,8.775583],"rotation":{"angle":-45.0,"axis":"z","origin":[7.904283,13.000543,8.026235]},"faces":{"east":{"uv":[2.0,4.125,2.375,4.75],"rotation":0,"texture":"#4","tintindex":0},"south":{"uv":[1.5,3.0,2.125,3.625],"rotation":0,"texture":"#4","tintindex":0},"north":{"uv":[2.25,3.0,2.875,3.625],"rotation":0,"texture":"#4","tintindex":0},"west":{"uv":[2.5,4.125,2.875,4.75],"rotation":0,"texture":"#4","tintindex":0},"up":{"uv":[4.5,4.0,4.125,3.375],"rotation":90,"texture":"#4","tintindex":0},"down":{"uv":[4.5,4.125,4.125,4.75],"rotation":270,"texture":"#4","tintindex":0}}},{"from":[7.428123,5.264365,7.533617],"to":[8.378981,11.367222,8.483011],"rotation":{"angle":0.0,"axis":"y","origin":[7.904283,13.000543,8.026235]},"faces":{"east":{"uv":[3.5,0.0,3.75,1.375],"rotation":0,"texture":"#4","tintindex":0},"south":{"uv":[3.5,1.5,3.75,2.875],"rotation":0,"texture":"#4","tintindex":0},"north":{"uv":[1.625,3.75,1.875,5.125],"rotation":0,"texture":"#4","tintindex":0},"west":{"uv":[1.25,3.75,1.5,5.125],"rotation":0,"texture":"#4","tintindex":0},"up":{"uv":[5.75,2.125,5.5,1.875],"rotation":90,"texture":"#4","tintindex":0},"down":{"uv":[5.75,2.25,5.5,2.5],"rotation":270,"texture":"#4","tintindex":0}}},{"from":[11.757004,6.225645,7.3866],"to":[12.9638605,7.4325023,8.630029],"rotation":{"angle":-45.0,"axis":"z","origin":[7.904283,11.286257,8.026235]},"faces":{"east":{"uv":[5.5,2.625,5.75,2.875],"rotation":0,"texture":"#4","tintindex":0},"south":{"uv":[5.5,3.0,5.75,3.25],"rotation":0,"texture":"#4","tintindex":0},"north":{"uv":[3.625,5.5,3.875,5.75],"rotation":0,"texture":"#4","tintindex":0},"west":{"uv":[3.25,5.5,3.5,5.75],"rotation":0,"texture":"#4","tintindex":0},"up":{"uv":[5.5,5.75,5.25,5.5],"rotation":90,"texture":"#4","tintindex":0},"down":{"uv":[0.25,5.625,0.0,5.875],"rotation":270,"texture":"#4","tintindex":0}}},{"from":[10.89986,5.368502,7.9443145],"to":[13.821003,8.289645,7.9443145],"rotation":{"angle":-45.0,"axis":"z","origin":[7.904283,11.286257,8.026235]},"faces":{"east":{"uv":[3.625,3.75,3.625,4.375],"rotation":0,"texture":"#4","tintindex":0},"south":{"uv":[3.0,3.0,3.625,3.625],"rotation":0,"texture":"#4","tintindex":0},"north":{"uv":[0.0,3.125,0.625,3.75],"rotation":0,"texture":"#4","tintindex":0},"west":{"uv":[1.125,6.625,1.125,7.25],"rotation":0,"texture":"#4","tintindex":0},"up":{"uv":[3.625,7.25,3.625,6.625],"rotation":90,"texture":"#4","tintindex":0},"down":{"uv":[5.0,6.625,5.0,7.25],"rotation":270,"texture":"#4","tintindex":0}}},{"from":[7.2818375,6.0689363,7.3873315],"to":[8.525266,6.873508,8.629297],"rotation":{"angle":0.0,"axis":"y","origin":[7.904283,11.286257,8.026235]},"faces":{"east":{"uv":[4.375,2.375,4.625,2.5],"rotation":0,"texture":"#4","tintindex":0},"south":{"uv":[5.125,1.625,5.375,1.75],"rotation":0,"texture":"#4","tintindex":0},"north":{"uv":[6.125,4.75,6.375,4.875],"rotation":0,"texture":"#4","tintindex":0},"west":{"uv":[3.875,6.125,4.125,6.25],"rotation":0,"texture":"#4","tintindex":0},"up":{"uv":[1.5,5.875,1.25,5.625],"rotation":90,"texture":"#4","tintindex":0},"down":{"uv":[1.875,5.625,1.625,5.875],"rotation":270,"texture":"#4","tintindex":0}}},{"from":[7.2818375,9.099793,7.3873315],"to":[8.525266,9.904366,8.629297],"rotation":{"angle":0.0,"axis":"y","origin":[7.904283,13.000543,8.026235]},"faces":{"east":{"uv":[6.125,5.0,6.375,5.125],"rotation":0,"texture":"#4","tintindex":0},"south":{"uv":[6.125,5.875,6.375,6.0],"rotation":0,"texture":"#4","tintindex":0},"north":{"uv":[3.125,6.25,3.375,6.375],"rotation":0,"texture":"#4","tintindex":0},"west":{"uv":[6.125,6.125,6.375,6.25],"rotation":0,"texture":"#4","tintindex":0},"up":{"uv":[2.25,5.875,2.0,5.625],"rotation":90,"texture":"#4","tintindex":0},"down":{"uv":[2.625,5.625,2.375,5.875],"rotation":270,"texture":"#4","tintindex":0}}},{"from":[5.9652658,11.367222,7.3873315],"to":[9.841838,12.244937,8.629297],"rotation":{"angle":0.0,"axis":"y","origin":[7.904283,13.000543,8.026235]},"faces":{"east":{"uv":[5.625,3.375,5.875,3.625],"rotation":0,"texture":"#4","tintindex":0},"south":{"uv":[3.875,2.625,4.75,2.875],"rotation":0,"texture":"#4","tintindex":0},"north":{"uv":[4.375,0.0,5.25,0.25],"rotation":0,"texture":"#4","tintindex":0},"west":{"uv":[5.625,3.75,5.875,4.0],"rotation":0,"texture":"#4","tintindex":0},"up":{"uv":[4.625,1.25,4.375,0.375],"rotation":90,"texture":"#4","tintindex":0},"down":{"uv":[4.625,1.375,4.375,2.25],"rotation":270,"texture":"#4","tintindex":0}}},{"from":[6.573883,12.359777,7.60676],"to":[7.52474,13.237491,8.409868],"rotation":{"angle":-22.5,"axis":"z","origin":[7.904283,13.000543,8.026235]},"faces":{"east":{"uv":[1.75,5.25,1.875,5.5],"rotation":0,"texture":"#4","tintindex":0},"south":{"uv":[5.625,4.125,5.875,4.375],"rotation":0,"texture":"#4","tintindex":0},"north":{"uv":[4.5,5.625,4.75,5.875],"rotation":0,"texture":"#4","tintindex":0},"west":{"uv":[3.5,6.25,3.625,6.5],"rotation":0,"texture":"#4","tintindex":0},"up":{"uv":[5.875,6.5,5.75,6.25],"rotation":90,"texture":"#4","tintindex":0},"down":{"uv":[0.125,6.375,0.0,6.625],"rotation":270,"texture":"#4","tintindex":0}}},{"from":[7.8031173,12.609709,7.533617],"to":[10.376832,13.487423,8.483011],"rotation":{"angle":-22.5,"axis":"z","origin":[7.904283,13.000543,8.026235]},"faces":{"east":{"uv":[5.625,4.5,5.875,4.75],"rotation":0,"texture":"#4","tintindex":0},"south":{"uv":[4.75,0.375,5.375,0.625],"rotation":0,"texture":"#4","tintindex":0},"north":{"uv":[4.75,0.75,5.375,1.0],"rotation":0,"texture":"#4","tintindex":0},"west":{"uv":[4.875,5.625,5.125,5.875],"rotation":0,"texture":"#4","tintindex":0},"up":{"uv":[0.625,5.375,0.375,4.75],"rotation":90,"texture":"#4","tintindex":0},"down":{"uv":[5.0,1.125,4.75,1.75],"rotation":270,"texture":"#4","tintindex":0}}},{"from":[8.283826,12.359777,7.60676],"to":[9.234683,13.237491,8.409868],"rotation":{"angle":22.5,"axis":"z","origin":[7.904283,13.000543,8.026235]},"faces":{"east":{"uv":[6.375,0.25,6.5,0.5],"rotation":0,"texture":"#4","tintindex":0},"south":{"uv":[5.625,5.5,5.875,5.75],"rotation":0,"texture":"#4","tintindex":0},"north":{"uv":[2.75,5.75,3.0,6.0],"rotation":0,"texture":"#4","tintindex":0},"west":{"uv":[6.375,0.625,6.5,0.875],"rotation":0,"texture":"#4","tintindex":0},"up":{"uv":[6.5,1.25,6.375,1.0],"rotation":90,"texture":"#4","tintindex":0},"down":{"uv":[1.375,6.375,1.25,6.625],"rotation":270,"texture":"#4","tintindex":0}}},{"from":[9.112735,9.534223,7.60676],"to":[9.990449,11.641651,8.409868],"rotation":{"angle":22.5,"axis":"z","origin":[7.904283,12.585102,8.026235]},"faces":{"east":{"uv":[0.625,4.375,0.5,3.875],"rotation":180,"texture":"#4","tintindex":0},"south":{"uv":[5.5,3.625,5.0,3.875],"rotation":270,"texture":"#4","tintindex":0},"north":{"uv":[5.5,4.0,5.0,4.25],"rotation":90,"texture":"#4","tintindex":0},"west":{"uv":[1.375,3.125,1.25,3.625],"rotation":0,"texture":"#4","tintindex":0},"up":{"uv":[1.75,6.625,1.875,6.375],"rotation":90,"texture":"#4","tintindex":0},"down":{"uv":[1.5,6.625,1.625,6.375],"rotation":90,"texture":"#4","tintindex":0}}},{"from":[9.131978,8.573479,7.60676],"to":[10.56055,9.53805,8.409868],"rotation":{"angle":22.5,"axis":"z","origin":[7.923527,12.538645,8.026235]},"faces":{"east":{"uv":[6.5,3.0,6.375,2.75],"rotation":180,"texture":"#4","tintindex":0},"south":{"uv":[4.25,5.75,4.0,6.0],"rotation":270,"texture":"#4","tintindex":0},"north":{"uv":[6.0,4.875,5.75,5.125],"rotation":90,"texture":"#4","tintindex":0},"west":{"uv":[2.625,6.375,2.5,6.625],"rotation":0,"texture":"#4","tintindex":0},"up":{"uv":[2.25,6.625,2.375,6.375],"rotation":90,"texture":"#4","tintindex":0},"down":{"uv":[2.0,6.625,2.125,6.375],"rotation":90,"texture":"#4","tintindex":0}}},{"from":[10.68925,8.712743,7.60676],"to":[11.546393,10.998457,8.409868],"rotation":{"angle":22.5,"axis":"z","origin":[8.337941,12.284766,8.026235]},"faces":{"east":{"uv":[0.5,6.375,0.375,5.875],"rotation":180,"texture":"#4","tintindex":0},