{"textures":{"0":"modelengine:entity/sleigh1"},"elements":[{"from":[7.6057143,7.6257143,-1.9754286],"to":[8.394286,8.808572,7.960572],"rotation":{"angle":0.0,"axis":"y","origin":[5.24,8.217143,-6.4702864]},"faces":{"east":{"uv":[9.46875,0.0,10.0,0.0625],"rotation":0,"texture":"#0","tintindex":0},"south":{"uv":[7.09375,9.71875,7.125,9.78125],"rotation":0,"texture":"#0","tintindex":0},"north":{"uv":[4.34375,9.71875,4.375,9.78125],"rotation":0,"texture":"#0","tintindex":0},"west":{"uv":[6.9375,6.34375,7.46875,6.40625],"rotation":0,"texture":"#0","tintindex":0},"up":{"uv":[4.375,10.65625,4.34375,10.125],"rotation":0,"texture":"#0","tintindex":0},"down":{"uv":[9.6875,10.125,9.65625,10.65625],"rotation":0,"texture":"#0","tintindex":0}}},{"from":[7.6057143,7.6257143,-9.545715],"to":[8.394286,8.808572,-1.9754295],"rotation":{"angle":0.0,"axis":"y","origin":[5.24,8.217143,-6.1548576]},"faces":{"east":{"uv":[9.8125,3.0625,10.21875,3.125],"rotation":0,"texture":"#0","tintindex":0},"south":{"uv":[0.625,9.8125,0.65625,9.875],"rotation":0,"texture":"#0","tintindex":0},"north":{"uv":[2.875,9.75,2.90625,9.8125],"rotation":0,"texture":"#0","tintindex":0},"west":{"uv":[9.8125,4.4375,10.21875,4.5],"rotation":0,"texture":"#0","tintindex":0},"up":{"uv":[1.5625,10.96875,1.53125,10.5625],"rotation":0,"texture":"#0","tintindex":0},"down":{"uv":[9.09375,10.5625,9.0625,10.96875],"rotation":0,"texture":"#0","tintindex":0}}}],"display":{"head":{"translation":[0.0,-6.4,0.0],"scale":[4.0,4.0,4.0]}}}