{"textures":{"5":"modelengine:entity/1santo"},"elements":[{"from":[-4.839469,-5.464802,-5.5845356],"to":[21.760532,1.5351982,20.815464],"faces":{"east":{"uv":[9.1875,0.5,7.5625,0.9375],"tintindex":0,"rotation":0,"texture":"#5"},"south":{"uv":[9.0625,1.0,7.375,1.4375],"tintindex":0,"rotation":0,"texture":"#5"},"north":{"uv":[7.375,1.0,9.0625,1.4375],"tintindex":0,"rotation":0,"texture":"#5"},"west":{"uv":[7.5625,0.5,9.1875,0.9375],"tintindex":0,"rotation":0,"texture":"#5"},"up":{"uv":[3.6875,1.625,2.0,0.0],"tintindex":0,"rotation":0,"texture":"#5"},"down":{"uv":[3.6875,1.6875,2.0,3.3125],"tintindex":0,"rotation":0,"texture":"#5"}}},{"from":[-7.039469,-13.464802,-6.184536],"to":[23.960531,-5.464802,21.415464],"faces":{"east":{"uv":[7.8125,7.0,6.0625,7.5],"tintindex":0,"rotation":0,"texture":"#5"},"south":{"uv":[8.1875,3.5625,6.25,4.0625],"tintindex":0,"rotation":0,"texture":"#5"},"north":{"uv":[6.25,3.5625,8.1875,4.0625],"tintindex":0,"rotation":0,"texture":"#5"},"west":{"uv":[6.0625,7.0,7.8125,7.5],"tintindex":0,"rotation":0,"texture":"#5"},"up":{"uv":[3.6875,1.625,2.0,0.0],"tintindex":0,"rotation":0,"texture":"#5"},"down":{"uv":[3.6875,1.625,2.0,0.0],"tintindex":0,"rotation":0,"texture":"#5"}}}]}