{"textures":{"0":"modelengine:entity/sleigh1"},"elements":[{"from":[8.0,7.027542,-2.1849136],"to":[9.38,9.097542,6.923086],"faces":{"east":{"uv":[10.25,6.0,10.53125,6.0625],"tintindex":0,"rotation":0,"texture":"#0"},"south":{"uv":[7.09375,9.625,7.125,9.6875],"tintindex":0,"rotation":0,"texture":"#0"},"north":{"uv":[9.5,2.21875,9.53125,2.28125],"tintindex":0,"rotation":0,"texture":"#0"},"west":{"uv":[6.9375,6.34375,7.46875,6.40625],"tintindex":0,"rotation":0,"texture":"#0"},"up":{"uv":[8.9375,11.0,8.90625,10.71875],"tintindex":0,"rotation":0,"texture":"#0"},"down":{"uv":[0.53125,10.75,0.5,11.03125],"tintindex":0,"rotation":0,"texture":"#0"}},"rotation":{"origin":[8.0,8.062542,4.439087],"angle":-45.0,"axis":"x"}},{"from":[8.0,0.03313446,-12.65279],"to":[9.38,2.1031342,0.595211],"faces":{"east":{"uv":[8.96875,9.78125,9.375,9.84375],"tintindex":0,"rotation":0,"texture":"#0"},"south":{"uv":[3.34375,9.6875,3.375,9.75],"tintindex":0,"rotation":0,"texture":"#0"},"north":{"uv":[9.6875,0.3125,9.71875,0.375],"tintindex":0,"rotation":0,"texture":"#0"},"west":{"uv":[6.9375,6.34375,7.46875,6.40625],"tintindex":0,"rotation":0,"texture":"#0"},"up":{"uv":[8.78125,10.90625,8.75,10.5],"tintindex":0,"rotation":0,"texture":"#0"},"down":{"uv":[0.59375,10.5625,0.5625,10.96875],"tintindex":0,"rotation":0,"texture":"#0"}},"rotation":{"origin":[8.0,1.0681343,-6.0287895],"angle":-22.5,"axis":"x"}},{"from":[8.0,7.345001,4.826],"to":[9.38,9.415001,16.694],"faces":{"east":{"uv":[10.0,0.1875,10.375,0.25],"tintindex":0,"rotation":0,"texture":"#0"},"south":{"uv":[3.6875,9.46875,3.71875,9.53125],"tintindex":0,"rotation":0,"texture":"#0"},"north":{"uv":[8.59375,9.375,8.625,9.4375],"tintindex":0,"rotation":0,"texture":"#0"},"west":{"uv":[6.9375,6.34375,7.46875,6.40625],"tintindex":0,"rotation":0,"texture":"#0"},"up":{"uv":[6.40625,11.0,6.375,10.625],"tintindex":0,"rotation":0,"texture":"#0"},"down":{"uv":[3.3125,10.65625,3.28125,11.03125],"tintindex":0,"rotation":0,"texture":"#0"}},"rotation":{"origin":[8.0,8.380001,8.0],"angle":22.5,"axis":"x"}}]}