{"textures":{"5":"modelengine:entity/1santo"},"elements":[{"from":[4.426895,3.2944908,5.485714],"to":[11.284039,6.3230624,10.514286],"rotation":{"angle":0.0,"axis":"y","origin":[9.11261,9.408777,10.971429]},"faces":{"east":{"uv":[6.5625,11.5,6.0,11.8125],"rotation":0,"texture":"#5","tintindex":0},"south":{"uv":[11.625,5.0,10.875,5.3125],"rotation":0,"texture":"#5","tintindex":0},"north":{"uv":[10.875,5.0,11.625,5.3125],"rotation":0,"texture":"#5","tintindex":0},"west":{"uv":[6.0,11.5,6.5625,11.8125],"rotation":0,"texture":"#5","tintindex":0},"up":{"uv":[9.4375,10.0,8.6875,9.4375],"rotation":0,"texture":"#5","tintindex":0},"down":{"uv":[10.25,2.5,9.5,3.0625],"rotation":0,"texture":"#5","tintindex":0}}},{"from":[5.286255,4.6187716,5.6],"to":[10.029112,7.647343,10.4],"rotation":{"angle":22.5,"axis":"z","origin":[8.341181,4.8087764,11.428572]},"faces":{"east":{"uv":[11.6875,9.75,12.1875,10.0625],"rotation":0,"texture":"#5","tintindex":0},"south":{"uv":[11.6875,10.875,12.1875,11.1875],"rotation":0,"texture":"#5","tintindex":0},"north":{"uv":[5.4375,11.6875,5.9375,12.0],"rotation":0,"texture":"#5","tintindex":0},"west":{"uv":[11.75,0.0,12.25,0.3125],"rotation":0,"texture":"#5","tintindex":0},"up":{"uv":[10.25,11.4375,9.75,10.9375],"rotation":0,"texture":"#5","tintindex":0},"down":{"uv":[11.4375,10.5,10.9375,11.0],"rotation":0,"texture":"#5","tintindex":0}}},{"from":[5.6678996,4.988323,5.542857],"to":[9.382186,7.959752,10.457143],"rotation":{"angle":-45.0,"axis":"z","origin":[8.341181,4.8087764,11.428572]},"faces":{"east":{"uv":[10.125,11.5,10.6875,11.8125],"rotation":0,"texture":"#5","tintindex":0},"south":{"uv":[5.0625,11.8125,4.6875,12.125],"rotation":0,"texture":"#5","tintindex":0},"north":{"uv":[4.6875,11.8125,5.0625,12.125],"rotation":0,"texture":"#5","tintindex":0},"west":{"uv":[11.5,10.5,12.0625,10.8125],"rotation":0,"texture":"#5","tintindex":0},"up":{"uv":[11.625,2.25,11.25,1.6875],"rotation":0,"texture":"#5","tintindex":0},"down":{"uv":[9.4375,11.25,9.0625,11.8125],"rotation":0,"texture":"#5","tintindex":0}}}],"display":{"head":{"translation":[0.0,-6.4,0.0],"scale":[4.0,4.0,4.0]}}}