{"textures":{"5":"modelengine:entity/1santo"},"elements":[{"from":[2.7257361,1.7597456,-0.96687317],"to":[16.725737,6.2597466,12.633126],"faces":{"east":{"uv":[6.25,4.125,7.125,4.4375],"tintindex":0,"rotation":0,"texture":"#5"},"south":{"uv":[6.125,4.5,5.25,4.8125],"tintindex":0,"rotation":0,"texture":"#5"},"north":{"uv":[5.25,4.5,6.125,4.8125],"tintindex":0,"rotation":0,"texture":"#5"},"west":{"uv":[10.5625,6.0625,11.4375,6.375],"tintindex":0,"rotation":0,"texture":"#5"},"up":{"uv":[8.125,5.9375,7.25,5.0625],"tintindex":0,"rotation":0,"texture":"#5"},"down":{"uv":[8.125,6.0,7.25,6.875],"tintindex":0,"rotation":0,"texture":"#5"}}},{"from":[4.7257366,3.7597466,0.83312607],"to":[14.725737,7.7597466,10.833126],"faces":{"east":{"uv":[0.0,11.6875,0.625,11.9375],"tintindex":0,"rotation":0,"texture":"#5"},"south":{"uv":[0.0,11.6875,0.625,11.9375],"tintindex":0,"rotation":0,"texture":"#5"},"north":{"uv":[0.0,11.6875,0.625,11.9375],"tintindex":0,"rotation":0,"texture":"#5"},"west":{"uv":[0.0,11.6875,0.625,11.9375],"tintindex":0,"rotation":0,"texture":"#5"},"up":{"uv":[10.5625,1.3125,9.9375,0.6875],"tintindex":0,"rotation":0,"texture":"#5"},"down":{"uv":[1.75,10.0,1.125,10.625],"tintindex":0,"rotation":0,"texture":"#5"}}},{"from":[7.787241,6.4703484,2.5331268],"to":[13.987241,10.970348,9.133126],"faces":{"east":{"uv":[10.5625,6.0,10.99375,6.25],"tintindex":0,"rotation":0,"texture":"#5"},"south":{"uv":[10.99375,6.0,10.5625,6.25],"tintindex":0,"rotation":0,"texture":"#5"},"north":{"uv":[10.5625,6.0,10.99375,6.25],"tintindex":0,"rotation":0,"texture":"#5"},"west":{"uv":[10.5625,6.0,10.99375,6.25],"tintindex":0,"rotation":0,"texture":"#5"},"up":{"uv":[11.9375,9.1875,11.5625,8.75],"tintindex":0,"rotation":0,"texture":"#5"},"down":{"uv":[11.9375,9.25,11.5625,9.6875],"tintindex":0,"rotation":0,"texture":"#5"}},"rotation":{"origin":[9.725737,10.229218,6.716074],"angle":-22.5,"axis":"z"}}]}