{"textures":{"5":"modelengine:entity/1santo"},"elements":[{"from":[2.5341287,3.4014745,3.5],"to":[8.634129,8.601475,12.1],"faces":{"east":{"uv":[11.5,6.625,12.0625,6.9375],"tintindex":0,"rotation":0,"texture":"#5"},"south":{"uv":[5.0625,11.8125,4.6875,12.125],"tintindex":0,"rotation":0,"texture":"#5"},"north":{"uv":[4.6875,11.8125,5.0625,12.125],"tintindex":0,"rotation":0,"texture":"#5"},"west":{"uv":[9.5,11.5,10.0625,11.8125],"tintindex":0,"rotation":0,"texture":"#5"},"up":{"uv":[4.375,11.4375,4.0,10.875],"tintindex":0,"rotation":0,"texture":"#5"},"down":{"uv":[1.5625,11.25,1.1875,11.8125],"tintindex":0,"rotation":0,"texture":"#5"}},"rotation":{"origin":[6.462523,3.2811909,3.8000002],"angle":-45.0,"axis":"z"}},{"from":[0.31252337,0.63119125,3.4],"to":[12.412523,5.9311914,12.2],"faces":{"east":{"uv":[6.0,11.5,6.5625,11.8125],"tintindex":0,"rotation":0,"texture":"#5"},"south":{"uv":[11.625,5.0,10.875,5.3125],"tintindex":0,"rotation":0,"texture":"#5"},"north":{"uv":[10.875,5.0,11.625,5.3125],"tintindex":0,"rotation":0,"texture":"#5"},"west":{"uv":[6.5625,11.5,6.0,11.8125],"tintindex":0,"rotation":0,"texture":"#5"},"up":{"uv":[10.25,3.6875,9.5,3.125],"tintindex":0,"rotation":0,"texture":"#5"},"down":{"uv":[10.25,3.75,9.5,4.3125],"tintindex":0,"rotation":0,"texture":"#5"}}},{"from":[1.86625,2.7547588,3.6],"to":[9.766251,8.054759,12.0],"faces":{"east":{"uv":[11.6875,1.875,12.1875,2.1875],"tintindex":0,"rotation":0,"texture":"#5"},"south":{"uv":[11.6875,3.5,12.1875,3.8125],"tintindex":0,"rotation":0,"texture":"#5"},"north":{"uv":[11.6875,1.5,12.1875,1.8125],"tintindex":0,"rotation":0,"texture":"#5"},"west":{"uv":[11.6875,4.9375,12.1875,5.25],"tintindex":0,"rotation":0,"texture":"#5"},"up":{"uv":[10.25,11.4375,9.75,10.9375],"tintindex":0,"rotation":0,"texture":"#5"},"down":{"uv":[11.4375,6.4375,10.9375,6.9375],"tintindex":0,"rotation":0,"texture":"#5"}},"rotation":{"origin":[6.462523,3.2811909,3.8000002],"angle":22.5,"axis":"z"}}]}