{"textures":{"0":"modelengine:entity/sleigh1"},"elements":[{"from":[8.0,3.4475045,-3.8015947],"to":[8.788571,4.6303616,3.7686915],"rotation":{"angle":-22.5,"axis":"x","origin":[8.0,4.038933,-0.016451836]},"faces":{"east":{"uv":[9.625,7.59375,10.03125,7.65625],"rotation":0,"texture":"#0","tintindex":0},"south":{"uv":[6.5,9.03125,6.53125,9.09375],"rotation":0,"texture":"#0","tintindex":0},"north":{"uv":[5.3125,8.90625,5.34375,8.96875],"rotation":0,"texture":"#0","tintindex":0},"west":{"uv":[6.9375,6.34375,7.46875,6.40625],"rotation":0,"texture":"#0","tintindex":0},"up":{"uv":[0.40625,9.8125,0.375,9.40625],"rotation":0,"texture":"#0","tintindex":0},"down":{"uv":[9.625,10.4375,9.59375,10.84375],"rotation":0,"texture":"#0","tintindex":0}}},{"from":[8.0,7.4443107,2.180049],"to":[8.788571,8.627168,7.3846207],"rotation":{"angle":-45.0,"axis":"x","origin":[8.0,8.035739,5.965192]},"faces":{"east":{"uv":[10.15625,7.15625,10.4375,7.21875],"rotation":0,"texture":"#0","tintindex":0},"south":{"uv":[0.84375,9.34375,0.875,9.40625],"rotation":0,"texture":"#0","tintindex":0},"north":{"uv":[5.53125,9.25,5.5625,9.3125],"rotation":0,"texture":"#0","tintindex":0},"west":{"uv":[6.9375,6.34375,7.46875,6.40625],"rotation":0,"texture":"#0","tintindex":0},"up":{"uv":[6.40625,6.875,6.375,6.59375],"rotation":0,"texture":"#0","tintindex":0},"down":{"uv":[10.0625,10.6875,10.03125,10.96875],"rotation":0,"texture":"#0","tintindex":0}}},{"from":[8.0,7.6257143,6.1862855],"to":[8.788571,8.808572,12.968],"rotation":{"angle":22.5,"axis":"x","origin":[8.0,8.217143,8.0]},"faces":{"east":{"uv":[7.71875,6.78125,8.09375,6.84375],"rotation":0,"texture":"#0","tintindex":0},"south":{"uv":[1.6875,9.375,1.71875,9.4375],"rotation":0,"texture":"#0","tintindex":0},"north":{"uv":[5.53125,9.34375,5.5625,9.40625],"rotation":0,"texture":"#0","tintindex":0},"west":{"uv":[6.9375,6.34375,7.46875,6.40625],"rotation":0,"texture":"#0","tintindex":0},"up":{"uv":[4.6875,10.96875,4.65625,10.59375],"rotation":0,"texture":"#0","tintindex":0},"down":{"uv":[0.25,10.625,0.21875,11.0],"rotation":0,"texture":"#0","tintindex":0}}}],"display":{"head":{"translation":[0.0,-6.4,0.0],"scale":[4.0,4.0,4.0]}}}