{"textures":{"5":"modelengine:entity/1santo"},"elements":[{"from":[7.7714286,4.1714287,5.542857],"to":[12.514286,7.885714,10.057143],"rotation":{"angle":0.0,"axis":"y","origin":[9.942858,5.2571425,4.9714284]},"faces":{"east":{"uv":[9.0,11.5625,8.5,11.125],"rotation":0,"texture":"#5","tintindex":0},"south":{"uv":[11.1875,5.375,11.6875,5.8125],"rotation":0,"texture":"#5","tintindex":0},"north":{"uv":[11.1875,0.0,11.6875,0.4375],"rotation":0,"texture":"#5","tintindex":0},"west":{"uv":[9.0,11.125,8.5,11.5625],"rotation":0,"texture":"#5","tintindex":0},"up":{"uv":[2.8125,11.375,2.3125,10.875],"rotation":0,"texture":"#5","tintindex":0},"down":{"uv":[3.375,10.875,2.875,11.375],"rotation":0,"texture":"#5","tintindex":0}}}],"display":{"head":{"translation":[0.0,-6.4,0.0],"scale":[4.0,4.0,4.0]}}}