{"textures":{"5":"modelengine:entity/1santo"},"elements":[{"from":[5.3142858,4.742857,5.3714285],"to":[11.257143,7.885714,10.971429],"rotation":{"angle":0.0,"axis":"y","origin":[8.0,-2.742857,11.428572]},"faces":{"east":{"uv":[11.75,7.0,11.125,7.375],"rotation":0,"texture":"#5","tintindex":0},"south":{"uv":[10.3125,11.0625,10.9375,11.4375],"rotation":0,"texture":"#5","tintindex":0},"north":{"uv":[10.3125,11.0625,10.9375,11.4375],"rotation":0,"texture":"#5","tintindex":0},"west":{"uv":[11.125,7.0,11.75,7.375],"rotation":0,"texture":"#5","tintindex":0},"up":{"uv":[10.5,8.5625,9.875,7.9375],"rotation":0,"texture":"#5","tintindex":0},"down":{"uv":[10.5,8.625,9.875,9.25],"rotation":0,"texture":"#5","tintindex":0}}},{"from":[5.542857,-0.11428642,5.6],"to":[11.028572,4.342857,11.142858],"rotation":{"angle":0.0,"axis":"y","origin":[8.0,-2.742857,11.428572]},"faces":{"east":{"uv":[6.6875,10.5,6.0625,11.0],"rotation":0,"texture":"#5","tintindex":0},"south":{"uv":[10.5,0.0,11.125,0.5],"rotation":0,"texture":"#5","tintindex":0},"north":{"uv":[10.3125,9.9375,10.9375,10.4375],"rotation":0,"texture":"#5","tintindex":0},"west":{"uv":[6.0625,10.5,6.6875,11.0],"rotation":0,"texture":"#5","tintindex":0},"up":{"uv":[3.875,10.25,3.25,9.625],"rotation":0,"texture":"#5","tintindex":0},"down":{"uv":[10.375,7.25,9.75,7.875],"rotation":0,"texture":"#5","tintindex":0}}},{"from":[5.8285713,0.91428566,5.942857],"to":[10.742857,9.942858,10.857143],"rotation":{"angle":0.0,"axis":"y","origin":[8.0,-2.742857,11.428572]},"faces":{"east":{"uv":[8.1875,5.875,8.75,6.875],"rotation":0,"texture":"#5","tintindex":0},"south":{"uv":[8.25,2.8125,8.8125,3.8125],"rotation":0,"texture":"#5","tintindex":0},"north":{"uv":[1.0,5.1875,1.5625,6.1875],"rotation":0,"texture":"#5","tintindex":0},"west":{"uv":[8.25,3.875,8.8125,4.875],"rotation":0,"texture":"#5","tintindex":0},"up":{"uv":[10.75,9.875,10.1875,9.3125],"rotation":0,"texture":"#5","tintindex":0},"down":{"uv":[3.125,10.25,2.5625,10.8125],"rotation":0,"texture":"#5","tintindex":0}}}],"display":{"head":{"translation":[0.0,-6.4,0.0],"scale":[4.0,4.0,4.0]}}}