{"textures":{"5":"modelengine:entity/1santo"},"elements":[{"from":[3.3000002,2.2999992,3.3999996],"to":[13.7,7.799999,13.2],"faces":{"east":{"uv":[11.75,7.0,11.125,7.375],"tintindex":0,"rotation":0,"texture":"#5"},"south":{"uv":[10.3125,11.0625,10.9375,11.4375],"tintindex":0,"rotation":0,"texture":"#5"},"north":{"uv":[10.3125,11.0625,10.9375,11.4375],"tintindex":0,"rotation":0,"texture":"#5"},"west":{"uv":[11.125,7.0,11.75,7.375],"tintindex":0,"rotation":0,"texture":"#5"},"up":{"uv":[10.5,8.5625,9.875,7.9375],"tintindex":0,"rotation":0,"texture":"#5"},"down":{"uv":[10.5,8.625,9.875,9.25],"tintindex":0,"rotation":0,"texture":"#5"}}},{"from":[4.2,-4.4000006,4.3999996],"to":[12.8,11.4,13.0],"faces":{"east":{"uv":[8.1875,5.875,8.75,6.875],"tintindex":0,"rotation":0,"texture":"#5"},"south":{"uv":[8.25,2.8125,8.8125,3.8125],"tintindex":0,"rotation":0,"texture":"#5"},"north":{"uv":[1.0,5.1875,1.5625,6.1875],"tintindex":0,"rotation":0,"texture":"#5"},"west":{"uv":[8.25,3.875,8.8125,4.875],"tintindex":0,"rotation":0,"texture":"#5"},"up":{"uv":[10.75,9.875,10.1875,9.3125],"tintindex":0,"rotation":0,"texture":"#5"},"down":{"uv":[3.125,10.25,2.5625,10.8125],"tintindex":0,"rotation":0,"texture":"#5"}}},{"from":[3.6999998,-6.200001,3.8000002],"to":[13.3,1.5999994,13.5],"faces":{"east":{"uv":[6.6875,10.5,6.0625,11.0],"tintindex":0,"rotation":0,"texture":"#5"},"south":{"uv":[10.5,0.0,11.125,0.5],"tintindex":0,"rotation":0,"texture":"#5"},"north":{"uv":[10.3125,9.9375,10.9375,10.4375],"tintindex":0,"rotation":0,"texture":"#5"},"west":{"uv":[6.0625,10.5,6.6875,11.0],"tintindex":0,"rotation":0,"texture":"#5"},"up":{"uv":[3.875,10.25,3.25,9.625],"tintindex":0,"rotation":0,"texture":"#5"},"down":{"uv":[10.375,7.25,9.75,7.875],"tintindex":0,"rotation":0,"texture":"#5"}}}]}