{"textures":{"5":"modelengine:entity/1santo"},"elements":[{"from":[7.142889,6.542942,3.4170327],"to":[8.842889,8.6429405,7.017033],"faces":{"east":{"uv":[4.8125,7.5,5.0625,7.625],"tintindex":0,"rotation":0,"texture":"#5"},"south":{"uv":[11.5,10.875,11.625,11.0],"tintindex":0,"rotation":0,"texture":"#5"},"north":{"uv":[11.4375,1.5,11.5625,1.625],"tintindex":0,"rotation":0,"texture":"#5"},"west":{"uv":[9.0,2.5,9.25,2.625],"tintindex":0,"rotation":0,"texture":"#5"},"up":{"uv":[5.1875,3.3125,5.0625,3.0625],"tintindex":0,"rotation":0,"texture":"#5"},"down":{"uv":[6.0,7.6875,5.875,7.9375],"tintindex":0,"rotation":0,"texture":"#5"}},"rotation":{"origin":[7.992889,7.2591324,6.159674],"angle":-22.5,"axis":"x"}},{"from":[7.1452594,6.640896,6.649105],"to":[9.245259,9.340893,9.749105],"faces":{"east":{"uv":[1.625,4.625,1.8125,4.8125],"tintindex":0,"rotation":0,"texture":"#5"},"south":{"uv":[9.3125,2.5,9.4375,2.6875],"tintindex":0,"rotation":0,"texture":"#5"},"north":{"uv":[8.875,4.8125,9.0,5.0],"tintindex":0,"rotation":0,"texture":"#5"},"west":{"uv":[7.375,2.0,7.5625,2.1875],"tintindex":0,"rotation":0,"texture":"#5"},"up":{"uv":[10.6875,9.125,10.5625,8.9375],"tintindex":0,"rotation":0,"texture":"#5"},"down":{"uv":[2.4375,10.625,2.3125,10.8125],"tintindex":0,"rotation":0,"texture":"#5"}}}]}