{"textures":{"0":"modelengine:entity/sleigh1"},"elements":[{"from":[6.1862855,6.4034286,3.5997715],"to":[9.813714,10.030857,12.4002285],"rotation":{"angle":0.0,"axis":"y","origin":[8.749143,-16.756916,-8.504801]},"faces":{"east":{"uv":[8.4375,5.25,8.90625,5.4375],"rotation":0,"texture":"#0","tintindex":0},"south":{"uv":[9.40625,7.46875,9.59375,7.65625],"rotation":0,"texture":"#0","tintindex":0},"north":{"uv":[6.90625,9.40625,7.09375,9.59375],"rotation":0,"texture":"#0","tintindex":0},"west":{"uv":[8.46875,0.0,8.9375,0.1875],"rotation":0,"texture":"#0","tintindex":0},"up":{"uv":[0.84375,7.0625,0.65625,6.59375],"rotation":0,"texture":"#0","tintindex":0},"down":{"uv":[4.3125,6.59375,4.125,7.0625],"rotation":0,"texture":"#0","tintindex":0}}},{"from":[6.028571,7.744,3.2843423],"to":[9.971429,8.690286,12.715658],"rotation":{"angle":0.0,"axis":"y","origin":[8.749143,-16.756916,-8.504801]},"faces":{"east":{"uv":[9.46875,1.6875,10.0,1.75],"rotation":0,"texture":"#0","tintindex":0},"south":{"uv":[9.53125,3.21875,9.75,3.28125],"rotation":0,"texture":"#0","tintindex":0},"north":{"uv":[10.15625,5.65625,10.46875,5.71875],"rotation":0,"texture":"#0","tintindex":0},"west":{"uv":[9.46875,1.78125,10.0,1.84375],"rotation":0,"texture":"#0","tintindex":0},"up":{"uv":[3.34375,8.28125,3.125,7.75],"rotation":0,"texture":"#0","tintindex":0},"down":{"uv":[5.34375,8.0,5.125,8.53125],"rotation":0,"texture":"#0","tintindex":0}}},{"from":[7.6057143,6.1668572,3.3631997],"to":[8.394286,10.267428,12.636801],"rotation":{"angle":0.0,"axis":"y","origin":[8.749143,-16.756916,-8.504801]},"faces":{"east":{"uv":[2.5,8.21875,3.0,8.4375],"rotation":0,"texture":"#0","tintindex":0},"south":{"uv":[2.375,9.25,2.40625,9.46875],"rotation":0,"texture":"#0","tintindex":0},"north":{"uv":[10.0,10.15625,10.0625,10.46875],"rotation":0,"texture":"#0","tintindex":0},"west":{"uv":[0.0,8.3125,0.5,8.53125],"rotation":0,"texture":"#0","tintindex":0},"up":{"uv":[8.75,10.0,8.6875,9.46875],"rotation":0,"texture":"#0","tintindex":0},"down":{"uv":[1.6875,10.34375,1.65625,10.84375],"rotation":0,"texture":"#0","tintindex":0}}}],"display":{"head":{"translation":[0.0,-6.4,0.0],"scale":[4.0,4.0,4.0]}}}