{"textures":{"0":"modelengine:entity/sleigh1"},"elements":[{"from":[5.3519773,5.56912,1.575666],"to":[10.648023,10.865166,10.481477],"rotation":{"angle":0.0,"axis":"y","origin":[9.093748,-28.24498,-16.09701]},"faces":{"east":{"uv":[3.5,7.34375,4.0,7.625],"rotation":0,"texture":"#0","tintindex":0},"south":{"uv":[6.09375,8.53125,6.375,8.8125],"rotation":0,"texture":"#0","tintindex":0},"north":{"uv":[2.78125,7.53125,3.0625,7.8125],"rotation":0,"texture":"#0","tintindex":0},"west":{"uv":[5.78125,7.34375,6.28125,7.625],"rotation":0,"texture":"#0","tintindex":0},"up":{"uv":[6.59375,7.84375,6.3125,7.34375],"rotation":0,"texture":"#0","tintindex":0},"down":{"uv":[6.90625,7.34375,6.625,7.84375],"rotation":0,"texture":"#0","tintindex":0}}},{"from":[7.4243426,5.2237253,1.2302718],"to":[8.575657,11.21056,10.826871],"rotation":{"angle":0.0,"axis":"y","origin":[9.093748,-28.24498,-16.09701]},"faces":{"east":{"uv":[6.65625,3.0625,7.1875,3.375],"rotation":0,"texture":"#0","tintindex":0},"south":{"uv":[10.0,10.15625,10.0625,10.46875],"rotation":0,"texture":"#0","tintindex":0},"north":{"uv":[8.71875,10.15625,8.78125,10.46875],"rotation":0,"texture":"#0","tintindex":0},"west":{"uv":[6.65625,3.40625,7.1875,3.71875],"rotation":0,"texture":"#0","tintindex":0},"up":{"uv":[8.75,10.0,8.6875,9.46875],"rotation":0,"texture":"#0","tintindex":0},"down":{"uv":[9.53125,8.6875,9.46875,9.21875],"rotation":0,"texture":"#0","tintindex":0}}}],"display":{"head":{"translation":[0.0,-6.4,0.0],"scale":[4.0,4.0,4.0]}}}