{"textures":{"0":"modelengine:entity/sleigh1"},"elements":[{"from":[7.9309998,9.346001,-0.2524004],"to":[10.139,14.866001,16.2524],"faces":{"east":{"uv":[8.375,0.75,8.90625,0.9375],"tintindex":0,"rotation":0,"texture":"#0"},"south":{"uv":[10.71875,6.78125,10.78125,6.96875],"tintindex":0,"rotation":0,"texture":"#0"},"north":{"uv":[1.0625,10.71875,1.125,10.90625],"tintindex":0,"rotation":0,"texture":"#0"},"west":{"uv":[8.375,2.4375,8.90625,2.625],"tintindex":0,"rotation":0,"texture":"#0"},"up":{"uv":[8.84375,10.0,8.78125,9.46875],"tintindex":0,"rotation":0,"texture":"#0"},"down":{"uv":[8.9375,9.46875,8.875,10.0],"tintindex":0,"rotation":0,"texture":"#0"}}},{"from":[7.9309998,1.894001,-0.2524004],"to":[10.139,7.4140015,16.2524],"faces":{"east":{"uv":[3.03125,8.375,3.5625,8.5625],"tintindex":0,"rotation":0,"texture":"#0"},"south":{"uv":[7.1875,10.71875,7.25,10.90625],"tintindex":0,"rotation":0,"texture":"#0"},"north":{"uv":[7.09375,10.71875,7.15625,10.90625],"tintindex":0,"rotation":0,"texture":"#0"},"west":{"uv":[3.59375,8.375,4.125,8.5625],"tintindex":0,"rotation":0,"texture":"#0"},"up":{"uv":[0.90625,10.03125,0.84375,9.5],"tintindex":0,"rotation":0,"texture":"#0"},"down":{"uv":[1.0,9.5,0.9375,10.03125],"tintindex":0,"rotation":0,"texture":"#0"}}},{"from":[1.0309997,2.4459991,0.29959965],"to":[12.899,14.313999,15.700399],"faces":{"east":{"uv":[6.5,0.4375,6.96875,0.8125],"tintindex":0,"rotation":0,"texture":"#0"},"south":{"uv":[7.34375,7.34375,7.71875,7.71875],"tintindex":0,"rotation":0,"texture":"#0"},"north":{"uv":[6.9375,7.34375,7.3125,7.71875],"tintindex":0,"rotation":0,"texture":"#0"},"west":{"uv":[4.6875,6.59375,5.15625,6.96875],"tintindex":0,"rotation":0,"texture":"#0"},"up":{"uv":[5.5625,7.0625,5.1875,6.59375],"tintindex":0,"rotation":0,"texture":"#0"},"down":{"uv":[5.96875,6.59375,5.59375,7.0625],"tintindex":0,"rotation":0,"texture":"#0"}}},{"from":[0.4789996,7.4140015,-0.2524004],"to":[13.451,9.346001,16.2524],"faces":{"east":{"uv":[9.46875,7.34375,10.0,7.40625],"tintindex":0,"rotation":0,"texture":"#0"},"south":{"uv":[9.8125,6.40625,10.21875,6.46875],"tintindex":0,"rotation":0,"texture":"#0"},"north":{"uv":[9.8125,6.3125,10.21875,6.375],"tintindex":0,"rotation":0,"texture":"#0"},"west":{"uv":[9.46875,7.6875,10.0,7.75],"tintindex":0,"rotation":0,"texture":"#0"},"up":{"uv":[5.96875,6.5625,5.5625,6.03125],"tintindex":0,"rotation":0,"texture":"#0"},"down":{"uv":[6.40625,6.03125,6.0,6.5625],"tintindex":0,"rotation":0,"texture":"#0"}}}]}