{"textures":{"0":"modelengine:entity/sleigh1"},"elements":[{"from":[4.6548796,5.368823,4.3038077],"to":[10.351521,11.065463,11.696192],"rotation":{"angle":0.0,"axis":"y","origin":[0.18367958,-14.085867,-5.8640327]},"faces":{"east":{"uv":[3.84375,7.65625,4.25,7.96875],"rotation":0,"texture":"#0","tintindex":0},"south":{"uv":[7.34375,8.375,7.65625,8.6875],"rotation":0,"texture":"#0","tintindex":0},"north":{"uv":[6.09375,8.53125,6.375,8.8125],"rotation":0,"texture":"#0","tintindex":0},"west":{"uv":[5.34375,7.65625,5.75,7.96875],"rotation":0,"texture":"#0","tintindex":0},"up":{"uv":[6.59375,7.84375,6.3125,7.34375],"rotation":0,"texture":"#0","tintindex":0},"down":{"uv":[1.8125,7.6875,1.5,8.09375],"rotation":0,"texture":"#0","tintindex":0}}},{"from":[4.38992,7.753463,4.038848],"to":[10.61648,8.680823,11.961152],"rotation":{"angle":0.0,"axis":"y","origin":[0.18367958,-14.085867,-5.8640327]},"faces":{"east":{"uv":[7.21875,3.65625,7.65625,3.71875],"rotation":0,"texture":"#0","tintindex":0},"south":{"uv":[10.03125,0.53125,10.375,0.59375],"rotation":0,"texture":"#0","tintindex":0},"north":{"uv":[10.0,6.90625,10.34375,6.96875],"rotation":0,"texture":"#0","tintindex":0},"west":{"uv":[9.5625,4.65625,10.0,4.71875],"rotation":0,"texture":"#0","tintindex":0},"up":{"uv":[1.9375,7.65625,1.59375,7.21875],"rotation":0,"texture":"#0","tintindex":0},"down":{"uv":[0.65625,7.25,0.3125,7.6875],"rotation":0,"texture":"#0","tintindex":0}}},{"from":[7.96688,8.680823,4.038848],"to":[9.02672,11.330423,11.961152],"rotation":{"angle":0.0,"axis":"y","origin":[0.18367958,-14.085867,-5.8640327]},"faces":{"east":{"uv":[8.90625,5.5625,9.34375,5.71875],"rotation":0,"texture":"#0","tintindex":0},"south":{"uv":[0.625,10.78125,0.6875,10.9375],"rotation":0,"texture":"#0","tintindex":0},"north":{"uv":[0.09375,10.78125,0.15625,10.9375],"rotation":0,"texture":"#0","tintindex":0},"west":{"uv":[0.0,8.9375,0.4375,9.09375],"rotation":0,"texture":"#0","tintindex":0},"up":{"uv":[8.75,10.0,8.6875,9.46875],"rotation":0,"texture":"#0","tintindex":0},"down":{"uv":[3.5625,9.78125,3.5,10.21875],"rotation":0,"texture":"#0","tintindex":0}}},{"from":[7.96688,5.103863,4.038848],"to":[9.02672,7.753463,11.961152],"rotation":{"angle":0.0,"axis":"y","origin":[0.18367958,-14.085867,-5.8640327]},"faces":{"east":{"uv":[8.9375,0.75,9.375,0.90625],"rotation":0,"texture":"#0","tintindex":0},"south":{"uv":[1.71875,10.78125,1.78125,10.9375],"rotation":0,"texture":"#0","tintindex":0},"north":{"uv":[10.78125,1.59375,10.84375,1.75],"rotation":0,"texture":"#0","tintindex":0},"west":{"uv":[8.9375,2.4375,9.375,2.59375],"rotation":0,"texture":"#0","tintindex":0},"up":{"uv":[5.0625,10.21875,5.0,9.78125],"rotation":0,"texture":"#0","tintindex":0},"down":{"uv":[6.90625,9.78125,6.84375,10.21875],"rotation":0,"texture":"#0","tintindex":0}}}],"display":{"head":{"translation":[0.0,-6.4,0.0],"scale":[4.0,4.0,4.0]}}}