{"textures":{"0":"modelengine:entity/sleigh1"},"elements":[{"from":[4.38992,7.753463,4.038848],"to":[10.61648,8.680823,11.961152],"rotation":{"angle":0.0,"axis":"y","origin":[0.18367958,-14.085867,-5.8640327]},"faces":{"east":{"uv":[6.375,6.9375,6.8125,7.0],"rotation":0,"texture":"#0","tintindex":0},"south":{"uv":[4.934265,9.0,4.59375,9.050715],"rotation":0,"texture":"#0","tintindex":0},"north":{"uv":[4.59375,9.0,4.934265,9.050715],"rotation":0,"texture":"#0","tintindex":0},"west":{"uv":[4.6875,7.0,5.125,7.0625],"rotation":0,"texture":"#0","tintindex":0},"up":{"uv":[2.3125,4.21875,1.96875,3.78125],"rotation":0,"texture":"#0","tintindex":0},"down":{"uv":[4.46875,7.1875,4.125,7.625],"rotation":0,"texture":"#0","tintindex":0}}},{"from":[7.96688,5.103863,4.038848],"to":[9.02672,7.753463,11.961152],"rotation":{"angle":0.0,"axis":"y","origin":[0.18367958,-14.085867,-5.8640327]},"faces":{"east":{"uv":[8.90625,1.0625,9.34375,1.21875],"rotation":0,"texture":"#0","tintindex":0},"south":{"uv":[4.87046,9.15625,4.8125,9.30115],"rotation":0,"texture":"#0","tintindex":0},"north":{"uv":[4.8125,9.15625,4.87046,9.30115],"rotation":0,"texture":"#0","tintindex":0},"west":{"uv":[1.28125,8.90625,1.71875,9.0625],"rotation":0,"texture":"#0","tintindex":0},"up":{"uv":[8.4375,10.0,8.375,9.5625],"rotation":0,"texture":"#0","tintindex":0},"down":{"uv":[3.90625,9.59375,3.84375,10.03125],"rotation":0,"texture":"#0","tintindex":0}}}],"display":{"head":{"translation":[0.0,-6.4,0.0],"scale":[4.0,4.0,4.0]}}}