{"textures":{"0":"modelengine:entity/sleigh1"},"elements":[{"from":[1.6823602,7.5685577,1.0679836],"to":[12.57884,9.191437,14.932014],"faces":{"east":{"uv":[6.375,6.9375,6.8125,7.0],"tintindex":0,"rotation":0,"texture":"#0"},"south":{"uv":[4.934265,9.0,4.59375,9.050715],"tintindex":0,"rotation":0,"texture":"#0"},"north":{"uv":[4.59375,9.0,4.934265,9.050715],"tintindex":0,"rotation":0,"texture":"#0"},"west":{"uv":[4.6875,7.0,5.125,7.0625],"tintindex":0,"rotation":0,"texture":"#0"},"up":{"uv":[2.3125,4.21875,1.96875,3.78125],"tintindex":0,"rotation":0,"texture":"#0"},"down":{"uv":[4.46875,7.1875,4.125,7.625],"tintindex":0,"rotation":0,"texture":"#0"}}},{"from":[7.94204,2.9317589,1.0679836],"to":[9.79676,7.5685577,14.932014],"faces":{"east":{"uv":[8.90625,1.0625,9.34375,1.21875],"tintindex":0,"rotation":0,"texture":"#0"},"south":{"uv":[4.87046,9.15625,4.8125,9.30115],"tintindex":0,"rotation":0,"texture":"#0"},"north":{"uv":[4.8125,9.15625,4.87046,9.30115],"tintindex":0,"rotation":0,"texture":"#0"},"west":{"uv":[1.28125,8.90625,1.71875,9.0625],"tintindex":0,"rotation":0,"texture":"#0"},"up":{"uv":[8.4375,10.0,8.375,9.5625],"tintindex":0,"rotation":0,"texture":"#0"},"down":{"uv":[3.90625,9.59375,3.84375,10.03125],"tintindex":0,"rotation":0,"texture":"#0"}}}]}