{"textures":{"5":"modelengine:entity/1santo"},"elements":[{"from":[1.7883382,9.490967,5.3142858],"to":[5.61691,15.433825,9.542857],"rotation":{"angle":-45.0,"axis":"z","origin":[2.2207694,3.5683794,8.0]},"faces":{"east":{"uv":[1.8125,10.625,2.25,11.25],"rotation":0,"texture":"#5","tintindex":0},"south":{"uv":[4.4375,10.625,4.875,11.25],"rotation":0,"texture":"#5","tintindex":0},"north":{"uv":[10.625,0.5625,11.0625,1.1875],"rotation":0,"texture":"#5","tintindex":0},"west":{"uv":[4.9375,10.625,5.375,11.25],"rotation":0,"texture":"#5","tintindex":0},"up":{"uv":[2.0625,11.75,1.625,11.3125],"rotation":0,"texture":"#5","tintindex":0},"down":{"uv":[4.875,11.3125,4.4375,11.75],"rotation":0,"texture":"#5","tintindex":0}}}],"display":{"head":{"translation":[0.0,-6.4,0.0],"scale":[4.0,4.0,4.0]}}}