{"textures":{"2":"modelengine:entity/banadeer","3":"modelengine:entity/cafeori"},"elements":[{"from":[3.3840113,-3.3520422,-0.3677969],"to":[12.615989,6.8031325,7.756344],"rotation":{"angle":0.0,"axis":"y","origin":[11.323512,-14.802984,8.0]},"faces":{"east":{"uv":[2.0,0.75,2.5625,1.4375],"rotation":0,"texture":"#2","tintindex":0},"south":{"uv":[0.75,1.75,1.375,2.4375],"rotation":0,"texture":"#2","tintindex":0},"north":{"uv":[0.0,1.75,0.625,2.4375],"rotation":0,"texture":"#2","tintindex":0},"west":{"uv":[2.5625,0.75,2.0,1.4375],"rotation":0,"texture":"#2","tintindex":0},"up":{"uv":[2.125,3.0625,1.5,2.5],"rotation":0,"texture":"#2","tintindex":0},"down":{"uv":[2.875,2.5,2.25,3.0625],"rotation":0,"texture":"#2","tintindex":0}}},{"from":[3.3148003,1.2205286,-2.6523685],"to":[12.658777,6.8019896,1.4694867],"rotation":{"angle":-45.0,"axis":"x","origin":[7.8153605,1.7255449,3.6942735]},"faces":{"east":{"uv":[6.125,6.375,7.125,7.625],"rotation":0,"texture":"#3","tintindex":0},"south":{"uv":[4.75,1.375,6.875,2.625],"rotation":0,"texture":"#3","tintindex":0},"north":{"uv":[4.75,0.0,6.875,1.25],"rotation":0,"texture":"#3","tintindex":0},"west":{"uv":[7.125,6.375,6.125,7.625],"rotation":0,"texture":"#3","tintindex":0},"up":{"uv":[8.0,4.875,5.875,3.875],"rotation":0,"texture":"#3","tintindex":0},"down":{"uv":[3.25,6.0,1.125,7.0],"rotation":0,"texture":"#3","tintindex":0}}},{"from":[3.2850857,0.5979767,-1.5555897],"to":[12.688492,7.57926,4.028157],"rotation":{"angle":22.5,"axis":"x","origin":[7.8439317,4.0886183,1.2362843]},"faces":{"east":{"uv":[3.375,6.0,4.625,7.5],"rotation":0,"texture":"#3","tintindex":0},"south":{"uv":[2.5,1.625,4.625,3.125],"rotation":0,"texture":"#3","tintindex":0},"north":{"uv":[2.5,0.0,4.625,1.5],"rotation":0,"texture":"#3","tintindex":0},"west":{"uv":[4.625,6.0,3.375,7.5],"rotation":0,"texture":"#3","tintindex":0},"up":{"uv":[4.625,4.5,2.5,3.25],"rotation":0,"texture":"#3","tintindex":0},"down":{"uv":[4.625,4.625,2.5,5.875],"rotation":0,"texture":"#3","tintindex":0}}}],"display":{"head":{"translation":[0.0,-6.4,0.0],"scale":[4.0,4.0,4.0]}}}