{"textures":{"2":"modelengine:entity/banadeer"},"elements":[{"from":[5.2534866,-0.5626583,7.51532],"to":[10.746513,8.16156,14.300819],"faces":{"east":{"uv":[0.375,5.125,0.625,5.4375],"tintindex":0,"rotation":0,"texture":"#2"},"south":{"uv":[0.375,5.125,0.625,5.4375],"tintindex":0,"rotation":0,"texture":"#2"},"north":{"uv":[0.625,5.125,0.375,5.4375],"tintindex":0,"rotation":0,"texture":"#2"},"west":{"uv":[0.625,5.125,0.375,5.4375],"tintindex":0,"rotation":0,"texture":"#2"},"up":{"uv":[0.375,5.125,0.625,5.4375],"tintindex":0,"rotation":0,"texture":"#2"},"down":{"uv":[0.375,5.125,0.625,5.4375],"tintindex":0,"rotation":0,"texture":"#2"}}}]}