{"textures":{"2":"modelengine:entity/banadeer"},"elements":[{"from":[5.253486,-7.0286493,1.2525063],"to":[10.746513,-1.8587418,3.8374596],"faces":{"east":{"uv":[5.0,6.75,5.125,6.9375],"tintindex":0,"rotation":0,"texture":"#2"},"south":{"uv":[0.375,6.5,0.5625,6.6875],"tintindex":0,"rotation":0,"texture":"#2"},"north":{"uv":[6.5,0.0,6.6875,0.1875],"tintindex":0,"rotation":0,"texture":"#2"},"west":{"uv":[6.75,5.5,6.875,5.6875],"tintindex":0,"rotation":0,"texture":"#2"},"up":{"uv":[6.4375,6.875,6.25,6.75],"tintindex":0,"rotation":0,"texture":"#2"},"down":{"uv":[0.1875,6.875,0.0,7.0],"tintindex":0,"rotation":0,"texture":"#2"}},"rotation":{"origin":[7.9999995,-4.766815,4.3221397],"angle":22.5,"axis":"x"}},{"from":[5.5766063,-1.4512367,3.0724335],"to":[10.423394,7.91922,7.91922],"faces":{"east":{"uv":[5.125,5.125,5.3125,5.5],"tintindex":0,"rotation":0,"texture":"#2"},"south":{"uv":[5.125,5.125,5.3125,5.5],"tintindex":0,"rotation":0,"texture":"#2"},"north":{"uv":[5.125,5.125,5.3125,5.5],"tintindex":0,"rotation":0,"texture":"#2"},"west":{"uv":[5.125,5.125,5.3125,5.5],"tintindex":0,"rotation":0,"texture":"#2"},"up":{"uv":[5.125,5.125,5.3125,5.5],"tintindex":0,"rotation":0,"texture":"#2"},"down":{"uv":[5.125,5.125,5.3125,5.5],"tintindex":0,"rotation":0,"texture":"#2"}}},{"from":[4.930368,-6.6211433,2.7493134],"to":[11.069633,-0.8049984,8.24234],"faces":{"east":{"uv":[5.875,5.375,6.0625,5.625],"tintindex":0,"rotation":0,"texture":"#2"},"south":{"uv":[4.5,5.5,4.75,5.75],"tintindex":0,"rotation":0,"texture":"#2"},"north":{"uv":[5.5,4.25,5.75,4.5],"tintindex":0,"rotation":0,"texture":"#2"},"west":{"uv":[5.625,5.875,5.8125,6.125],"tintindex":0,"rotation":0,"texture":"#2"},"up":{"uv":[6.25,2.0625,6.0,1.875],"tintindex":0,"rotation":0,"texture":"#2"},"down":{"uv":[5.875,5.375,6.0625,5.625],"tintindex":0,"rotation":0,"texture":"#2"}}}]}