{"textures":{"5":"modelengine:entity/1santo"},"elements":[{"from":[-2.2119322,9.745895,4.2],"to":[4.488068,14.745892,9.8],"faces":{"east":{"uv":[8.625,11.625,9.0,11.9375],"tintindex":0,"rotation":0,"texture":"#5"},"south":{"uv":[3.25,11.75,3.6875,12.0625],"tintindex":0,"rotation":0,"texture":"#5"},"north":{"uv":[0.6875,11.6875,1.125,12.0],"tintindex":0,"rotation":0,"texture":"#5"},"west":{"uv":[1.625,11.8125,2.0,12.125],"tintindex":0,"rotation":0,"texture":"#5"},"up":{"uv":[11.1875,11.875,10.75,11.5],"tintindex":0,"rotation":0,"texture":"#5"},"down":{"uv":[11.6875,11.5,11.25,11.875],"tintindex":0,"rotation":0,"texture":"#5"}},"rotation":{"origin":[-1.4551773,-0.6186333,8.0],"angle":-45.0,"axis":"z"}},{"from":[-2.6877832,12.3619,3.6999998],"to":[4.8122163,17.861897,10.3],"faces":{"east":{"uv":[12.1875,11.25,11.75,11.5625],"tintindex":0,"rotation":0,"texture":"#5"},"south":{"uv":[11.75,5.3125,12.1875,5.625],"tintindex":0,"rotation":0,"texture":"#5"},"north":{"uv":[12.1875,5.3125,11.75,5.625],"tintindex":0,"rotation":0,"texture":"#5"},"west":{"uv":[11.75,11.25,12.1875,11.5625],"tintindex":0,"rotation":0,"texture":"#5"},"up":{"uv":[5.375,11.75,4.9375,11.3125],"tintindex":0,"rotation":0,"texture":"#5"},"down":{"uv":[11.875,1.0,11.4375,1.4375],"tintindex":0,"rotation":0,"texture":"#5"}},"rotation":{"origin":[0.4621153,-1.5236168,8.0],"angle":-45.0,"axis":"z"}}]}