{"textures":{"0":"modelengine:entity/kobold_warrior"},"elements":[{"from":[8.00625,6.0,-11.845972],"to":[8.00625,10.0,-4.845971],"faces":{"east":{"uv":[3.375,4.5,3.875,3.625],"tintindex":0,"rotation":270,"texture":"#0"},"west":{"uv":[3.375,3.625,3.875,4.5],"tintindex":0,"rotation":270,"texture":"#0"}}},{"from":[7.9812503,6.5,-14.462088],"to":[7.9812503,9.5,-11.462088],"faces":{"east":{"uv":[1.0,7.5,1.375,7.125],"tintindex":0,"rotation":270,"texture":"#0"},"west":{"uv":[1.0,7.125,1.375,7.5],"tintindex":0,"rotation":270,"texture":"#0"}},"rotation":{"origin":[7.9812503,8.0,-12.962088],"angle":-45.0,"axis":"x"}},{"from":[7.25625,7.25,-4.845971],"to":[8.75625,8.75,22.15403],"faces":{"east":{"uv":[1.125,4.25,1.25,7.0],"tintindex":0,"rotation":90,"texture":"#0"},"south":{"uv":[6.25,3.375,6.125,3.5],"tintindex":0,"rotation":0,"texture":"#0"},"north":{"uv":[6.0,4.625,5.875,4.5],"tintindex":0,"rotation":180,"texture":"#0"},"west":{"uv":[1.625,4.25,1.75,7.0],"tintindex":0,"rotation":270,"texture":"#0"},"up":{"uv":[1.375,4.25,1.5,7.0],"tintindex":0,"rotation":0,"texture":"#0"},"down":{"uv":[0.875,4.25,1.0,7.0],"tintindex":0,"rotation":180,"texture":"#0"}}},{"from":[8.00625,6.5,22.15403],"to":[8.00625,9.5,27.154028],"faces":{"east":{"uv":[4.375,7.125,4.75,6.5],"tintindex":0,"rotation":270,"texture":"#0"},"west":{"uv":[4.375,6.5,4.75,7.125],"tintindex":0,"rotation":270,"texture":"#0"}}}]}