{"textures":{"0":"modelengine:entity/kobold_warrior"},"elements":[{"from":[7.575,7.5714283,0.6594448],"to":[8.432143,8.428572,16.088017],"rotation":{"angle":0.0,"axis":"y","origin":[8.0035715,8.0,8.373731]},"faces":{"east":{"uv":[1.125,4.25,1.25,7.0],"rotation":90,"texture":"#0","tintindex":0},"south":{"uv":[6.25,3.375,6.125,3.5],"rotation":0,"texture":"#0","tintindex":0},"north":{"uv":[6.0,4.625,5.875,4.5],"rotation":180,"texture":"#0","tintindex":0},"west":{"uv":[1.625,4.25,1.75,7.0],"rotation":270,"texture":"#0","tintindex":0},"up":{"uv":[1.375,4.25,1.5,7.0],"rotation":0,"texture":"#0","tintindex":0},"down":{"uv":[0.875,4.25,1.0,7.0],"rotation":180,"texture":"#0","tintindex":0}}},{"from":[8.0035715,6.857143,-3.3405552],"to":[8.0035715,9.142858,0.6594448],"rotation":{"angle":0.0,"axis":"y","origin":[8.0035715,8.0,-1.3405552]},"faces":{"east":{"uv":[3.375,4.5,3.875,3.625],"rotation":270,"texture":"#0","tintindex":0},"south":{"uv":[8.0,1.25,8.0,1.75],"rotation":0,"texture":"#0","tintindex":0},"north":{"uv":[0.625,8.5,0.625,8.0],"rotation":180,"texture":"#0","tintindex":0},"west":{"uv":[3.375,3.625,3.875,4.5],"rotation":270,"texture":"#0","tintindex":0},"up":{"uv":[0.5,8.0,0.5,8.875],"rotation":0,"texture":"#0","tintindex":0},"down":{"uv":[0.375,8.0,0.375,8.875],"rotation":180,"texture":"#0","tintindex":0}}},{"from":[7.989286,7.142857,-4.835479],"to":[7.989286,8.857143,-3.121194],"rotation":{"angle":-45.0,"axis":"x","origin":[7.989286,8.0,-3.9783363]},"faces":{"east":{"uv":[1.0,7.5,1.375,7.125],"rotation":270,"texture":"#0","tintindex":0},"south":{"uv":[8.0,2.875,8.0,3.25],"rotation":0,"texture":"#0","tintindex":0},"north":{"uv":[2.75,8.375,2.75,8.0],"rotation":180,"texture":"#0","tintindex":0},"west":{"uv":[1.0,7.125,1.375,7.5],"rotation":270,"texture":"#0","tintindex":0},"up":{"uv":[2.625,8.0,2.625,8.375],"rotation":0,"texture":"#0","tintindex":0},"down":{"uv":[2.5,8.0,2.5,8.375],"rotation":180,"texture":"#0","tintindex":0}}},{"from":[8.0035715,7.142857,16.088017],"to":[8.0035715,8.857143,18.94516],"rotation":{"angle":0.0,"axis":"y","origin":[8.0035715,8.0,17.51659]},"faces":{"east":{"uv":[4.375,7.125,4.75,6.5],"rotation":270,"texture":"#0","tintindex":0},"south":{"uv":[4.375,8.0,4.375,8.375],"rotation":0,"texture":"#0","tintindex":0},"north":{"uv":[4.25,8.375,4.25,8.0],"rotation":180,"texture":"#0","tintindex":0},"west":{"uv":[4.375,6.5,4.75,7.125],"rotation":270,"texture":"#0","tintindex":0},"up":{"uv":[4.125,8.0,4.125,8.625],"rotation":0,"texture":"#0","tintindex":0},"down":{"uv":[8.0,3.875,8.0,4.5],"rotation":180,"texture":"#0","tintindex":0}}}],"display":{"head":{"translation":[0.0,-6.4,0.0],"scale":[4.0,4.0,4.0]}}}