{"textures":{"0":"modelengine:entity/grinch"},"elements":[{"from":[6.8444457,3.9399438,7.422279],"to":[7.9895897,8.52052,8.671527],"rotation":{"angle":0.0,"axis":"y","origin":[10.383982,-9.489473,6.485343]},"faces":{"east":{"uv":[6.0,6.625,6.1875,7.3125],"rotation":0,"texture":"#0","tintindex":0},"south":{"uv":[6.1875,6.625,6.375,7.3125],"rotation":0,"texture":"#0","tintindex":0},"north":{"uv":[5.8125,6.625,6.0,7.3125],"rotation":0,"texture":"#0","tintindex":0},"west":{"uv":[2.25,6.6875,2.4375,7.375],"rotation":0,"texture":"#0","tintindex":0},"up":{"uv":[4.0625,7.5625,3.875,7.375],"rotation":0,"texture":"#0","tintindex":0},"down":{"uv":[7.5625,4.0625,7.375,4.25],"rotation":0,"texture":"#0","tintindex":0}}}],"display":{"head":{"translation":[0.0,-6.4,0.0],"scale":[4.0,4.0,4.0]}}}