{"textures":{"0":"modelengine:entity/grinch"},"elements":[{"from":[7.1255264,7.111481,12.543926],"to":[8.895294,8.777145,12.960341],"rotation":{"angle":0.0,"axis":"y","origin":[8.01041,7.944313,9.78517]},"faces":{"east":{"uv":[7.0625,7.875,7.125,8.125],"rotation":0,"texture":"#0","tintindex":0},"south":{"uv":[7.0625,6.75,7.3125,7.0],"rotation":0,"texture":"#0","tintindex":0},"north":{"uv":[7.0625,2.75,7.3125,3.0],"rotation":0,"texture":"#0","tintindex":0},"west":{"uv":[7.125,7.875,7.1875,8.125],"rotation":0,"texture":"#0","tintindex":0},"up":{"uv":[0.25,8.0,0.0,7.9375],"rotation":0,"texture":"#0","tintindex":0},"down":{"uv":[0.5,7.9375,0.25,8.0],"rotation":0,"texture":"#0","tintindex":0}}},{"from":[7.4378386,7.5906367,7.6422434],"to":[8.478878,8.527573,8.57918],"rotation":{"angle":0.0,"axis":"y","origin":[10.248647,-0.21716309,6.6012034]},"faces":{"east":{"uv":[6.8125,7.875,6.9375,8.0],"rotation":0,"texture":"#0","tintindex":0},"south":{"uv":[7.875,0.75,8.0625,0.875],"rotation":0,"texture":"#0","tintindex":0},"north":{"uv":[7.75,7.8125,7.9375,7.9375],"rotation":0,"texture":"#0","tintindex":0},"west":{"uv":[6.9375,7.875,7.0625,8.0],"rotation":0,"texture":"#0","tintindex":0},"up":{"uv":[8.0625,1.1875,7.875,1.0625],"rotation":0,"texture":"#0","tintindex":0},"down":{"uv":[8.0625,1.1875,7.875,1.3125],"rotation":0,"texture":"#0","tintindex":0}}},{"from":[6.7091103,6.695065,10.461845],"to":[9.31171,9.193562,12.543926],"rotation":{"angle":0.0,"axis":"y","origin":[8.01041,7.944313,9.78517]},"faces":{"east":{"uv":[6.6875,5.0625,7.0,5.4375],"rotation":0,"texture":"#0","tintindex":0},"south":{"uv":[6.25,5.0625,6.6875,5.4375],"rotation":0,"texture":"#0","tintindex":0},"north":{"uv":[2.75,6.25,3.1875,6.625],"rotation":0,"texture":"#0","tintindex":0},"west":{"uv":[6.6875,5.75,7.0,6.125],"rotation":0,"texture":"#0","tintindex":0},"up":{"uv":[7.0,5.0625,6.5625,4.75],"rotation":0,"texture":"#0","tintindex":0},"down":{"uv":[5.8125,6.625,5.375,6.9375],"rotation":0,"texture":"#0","tintindex":0}}},{"from":[7.3337345,7.1920285,8.394089],"to":[8.687086,8.649485,9.539233],"rotation":{"angle":22.5,"axis":"x","origin":[7.802202,8.02486,9.435129]},"faces":{"east":{"uv":[0.9375,7.3125,1.125,7.5625],"rotation":0,"texture":"#0","tintindex":0},"south":{"uv":[1.125,7.3125,1.3125,7.5625],"rotation":0,"texture":"#0","tintindex":0},"north":{"uv":[7.3125,0.75,7.5,1.0],"rotation":0,"texture":"#0","tintindex":0},"west":{"uv":[7.3125,1.25,7.5,1.5],"rotation":0,"texture":"#0","tintindex":0},"up":{"uv":[5.0,7.5625,4.8125,7.375],"rotation":0,"texture":"#0","tintindex":0},"down":{"uv":[7.5625,4.8125,7.375,5.0],"rotation":0,"texture":"#0","tintindex":0}}},{"from":[7.0214224,7.007377,9.212598],"to":[8.999398,8.881249,10.461845],"rotation":{"angle":0.0,"axis":"y","origin":[8.01041,7.944313,9.78517]},"faces":{"east":{"uv":[4.0625,7.1875,4.25,7.5],"rotation":0,"texture":"#0","tintindex":0},"south":{"uv":[6.6875,6.4375,7.0,6.75],"rotation":0,"texture":"#0","tintindex":0},"north":{"uv":[6.6875,6.125,7.0,6.4375],"rotation":0,"texture":"#0","tintindex":0},"west":{"uv":[7.1875,4.0625,7.375,4.375],"rotation":0,"texture":"#0","tintindex":0},"up":{"uv":[7.5,5.625,7.1875,5.4375],"rotation":0,"texture":"#0","tintindex":0},"down":{"uv":[7.5625,1.875,7.25,2.0625],"rotation":0,"texture":"#0","tintindex":0}}}],"display":{"head":{"translation":[0.0,-6.4,0.0],"scale":[4.0,4.0,4.0]}}}