{"textures":{"0":"modelengine:entity/grinch"},"elements":[{"from":[6.334336,8.062129,7.4660444],"to":[9.665664,9.311378,9.339916],"rotation":{"angle":0.0,"axis":"y","origin":[8.728728,-3.2852068,6.945524]},"faces":{"east":{"uv":[7.125,1.0625,7.4375,1.25],"rotation":0,"texture":"#0","tintindex":0},"south":{"uv":[6.75,2.0625,7.25,2.25],"rotation":0,"texture":"#0","tintindex":0},"north":{"uv":[6.75,1.875,7.25,2.0625],"rotation":0,"texture":"#0","tintindex":0},"west":{"uv":[7.1875,3.875,7.5,4.0625],"rotation":0,"texture":"#0","tintindex":0},"up":{"uv":[6.75,5.75,6.25,5.4375],"rotation":0,"texture":"#0","tintindex":0},"down":{"uv":[5.1875,6.375,4.6875,6.6875],"rotation":0,"texture":"#0","tintindex":0}}},{"from":[7.896312,7.6461296,6.5295243],"to":[8.6242075,9.415065,6.632796],"rotation":{"angle":0.0,"axis":"y","origin":[8.728728,-3.2852068,6.945524]},"faces":{"east":{"uv":[6.4375,3.625,6.5,3.875],"rotation":0,"texture":"#0","tintindex":0},"south":{"uv":[7.5,7.6875,7.625,7.9375],"rotation":0,"texture":"#0","tintindex":0},"north":{"uv":[4.125,7.6875,4.25,7.9375],"rotation":0,"texture":"#0","tintindex":0},"west":{"uv":[4.0625,7.875,4.125,8.125],"rotation":0,"texture":"#0","tintindex":0},"up":{"uv":[0.75,8.0625,0.625,8.0],"rotation":0,"texture":"#0","tintindex":0},"down":{"uv":[8.125,0.625,8.0,0.6875],"rotation":0,"texture":"#0","tintindex":0}}},{"from":[7.50229,7.7668066,6.529941],"to":[8.228519,8.701244,6.6315465],"rotation":{"angle":-45.0,"axis":"z","origin":[7.8654046,8.234026,6.580744]},"faces":{"east":{"uv":[0.75,8.0,0.8125,8.125],"rotation":0,"texture":"#0","tintindex":0},"south":{"uv":[4.8125,7.875,4.9375,8.0],"rotation":0,"texture":"#0","tintindex":0},"north":{"uv":[4.6875,7.875,4.8125,8.0],"rotation":0,"texture":"#0","tintindex":0},"west":{"uv":[0.8125,8.0,0.875,8.125],"rotation":0,"texture":"#0","tintindex":0},"up":{"uv":[8.125,0.75,8.0,0.6875],"rotation":0,"texture":"#0","tintindex":0},"down":{"uv":[1.0,8.0,0.875,8.0625],"rotation":0,"texture":"#0","tintindex":0}}},{"from":[7.50229,7.246287,6.529941],"to":[8.228519,7.7643085,6.6315465],"rotation":{"angle":-45.0,"axis":"z","origin":[7.8654046,8.234026,6.580744]},"faces":{"east":{"uv":[2.375,8.0,2.4375,8.0625],"rotation":0,"texture":"#0","tintindex":0},"south":{"uv":[1.0,8.0,1.125,8.0625],"rotation":0,"texture":"#0","tintindex":0},"north":{"uv":[8.0,0.9375,8.125,1.0],"rotation":0,"texture":"#0","tintindex":0},"west":{"uv":[2.4375,8.0,2.5,8.0625],"rotation":0,"texture":"#0","tintindex":0},"up":{"uv":[8.125,1.0625,8.0,1.0],"rotation":0,"texture":"#0","tintindex":0},"down":{"uv":[1.25,8.0,1.125,8.0625],"rotation":0,"texture":"#0","tintindex":0}}},{"from":[7.50229,7.038079,6.529941],"to":[7.8121033,7.2437882,6.6315465],"rotation":{"angle":-45.0,"axis":"z","origin":[7.8654046,8.234026,6.580744]},"faces":{"east":{"uv":[2.5625,8.0,2.625,8.0625],"rotation":0,"texture":"#0","tintindex":0},"south":{"uv":[2.625,8.0,2.6875,8.0625],"rotation":0,"texture":"#0","tintindex":0},"north":{"uv":[2.5,8.0,2.5625,8.0625],"rotation":0,"texture":"#0","tintindex":0},"west":{"uv":[2.6875,8.0,2.75,8.0625],"rotation":0,"texture":"#0","tintindex":0},"up":{"uv":[2.8125,8.0625,2.75,8.0],"rotation":0,"texture":"#0","tintindex":0},"down":{"uv":[2.875,8.0,2.8125,8.0625],"rotation":0,"texture":"#0","tintindex":0}}},{"from":[6.334336,7.6457133,6.633212],"to":[6.334336,8.062129,9.339916],"rotation":{"angle":0.0,"axis":"y","origin":[8.728728,-3.2852068,6.945524]},"faces":{"east":{"uv":[2.125,7.75,2.5625,7.8125],"rotation":0,"texture":"#0","tintindex":0},"south":{"uv":[0.0,0.0,0.0,0.0625],"rotation":0,"texture":"#0","tintindex":0},"north":{"uv":[0.0,0.0,0.0,0.0625],"rotation":0,"texture":"#0","tintindex":0},"west":{"uv":[7.75,2.1875,8.1875,2.25],"rotation":0,"texture":"#0","tintindex":0},"up":{"uv":[0.0,0.4375,0.0,0.0],"rotation":0,"texture":"#0","tintindex":0},"down":{"uv":[0.0,0.0,0.0,0.4375],"rotation":0,"texture":"#0","tintindex":0}}},{"from":[9.665664,7.6457133,6.633212],"to":[9.665664,8.062129,9.339916],"rotation":{"angle":0.0,"axis":"y","origin":[7.2712717,-3.2852068,6.945524]},"faces":{"east":{"uv":[7.75,2.25,8.1875,2.3125],"rotation":0,"texture":"#0","tintindex":0},"south":{"uv":[0.0,0.0,0.0,0.0625],"rotation":0,"texture":"#0","tintindex":0},"north":{"uv":[0.0,0.0,0.0,0.0625],"rotation":0,"texture":"#0","tintindex":0},"west":{"uv":[2.5625,7.75,3.0,7.8125],"rotation":0,"texture":"#0","tintindex":0},"up":{"uv":[0.0,0.4375,0.0,0.0],"rotation":0,"texture":"#0","tintindex":0},"down":{"uv":[0.0,0.0,0.0,0.4375],"rotation":0,"texture":"#0","tintindex":0}}},{"from":[8.0,7.6457133,6.633212],"to":[9.665664,8.062129,6.633212],"rotation":{"angle":0.0,"axis":"y","origin":[7.2712717,-3.2852068,6.945524]},"faces":{"east":{"uv":[0.0,0.0,0.0,0.0625],"rotation":0,"texture":"#0","tintindex":0},"south":{"uv":[7.0625,3.0625,7.3125,3.125],"rotation":0,"texture":"#0","tintindex":0},"north":{"uv":[2.375,6.1875,2.625,6.25],"rotation":0,"texture":"#0","tintindex":0},"west":{"uv":[0.0,0.0,0.0,0.0625],"rotation":0,"texture":"#0","tintindex":0},"up":{"uv":[0.25,0.0,0.0,0.0],"rotation":0,"texture":"#0","tintindex":0},"down":{"uv":[0.25,0.0,0.0,0.0],"rotation":0,"texture":"#0","tintindex":0}}},{"from":[6.334336,7.6457133,6.633212],"to":[7.791792,8.062129,6.633212],"rotation":{"angle":0.0,"axis":"y","origin":[8.728728,-3.2852068,6.945524]},"faces":{"east":{"uv":[0.0,0.0,0.0,0.0625],"rotation":0,"texture":"#0","tintindex":0},"south":{"uv":[1.875,7.875,2.125,7.9375],"rotation":0,"texture":"#0","tintindex":0},"north":{"uv":[7.875,0.875,8.125,0.9375],"rotation":0,"texture":"#0","tintindex":0},"west":{"uv":[0.0,0.0,0.0,0.0625],"rotation":0,"texture":"#0","tintindex":0},"up":{"uv":[0.25,0.0,0.0,0.0],"rotation":0,"texture":"#0","tintindex":0},"down":{"uv":[0.25,0.0,0.0,0.0],"rotation":0,"texture":"#0","tintindex":0}}},{"from":[6.230232,7.229297,6.529108],"to":[7.791792,7.6457133,6.633212],"rotation":{"angle":0.0,"axis":"y","origin":[8.728728,-3.2852068,6.945524]},"faces":{"east":{"uv":[8.0,1.9375,8.0625,2.0],"rotation":0,"texture":"#0","tintindex":0},"south":{"uv":[7.875,2.375,8.125,2.4375],"rotation":0,"texture":"#0","tintindex":0},"north":{"uv":[7.875,2.3125,8.125,2.375],"rotation":0,"texture":"#0","tintindex":0},"west":{"uv":[2.0,8.0,2.0625,8.0625],"rotation":0,"texture":"#0","tintindex":0},"up":{"uv":[8.125,2.5,7.875,2.4375],"rotation":0,"texture":"#0","tintindex":0},"down":{"uv":[8.125,3.0625,7.875,3.125],"rotation":0,"texture":"#0","tintindex":0}}},{"from":[6.230232,7.229297,6.633212],"to":[6.334336,7.6457133,9.44402],"rotation":{"angle":0.0,"axis":"y","origin":[8.728728,-3.2852068,6.945524]},"faces":{"east":{"uv":[3.0,7.75,3.4375,7.8125],"rotation":0,"texture":"#0","tintindex":0},"south":{"uv":[1.9375,8.0,2.0,8.0625],"rotation":0,"texture":"#0","tintindex":0},"north":{"uv":[1.875,8.0,1.9375,8.0625],"rotation":0,"texture":"#0","tintindex":0},"west":{"uv":[3.4375,7.75,3.875,7.8125],"rotation":0,"texture":"#0","tintindex":0},"up":{"uv":[2.875,3.9375,2.8125,3.5],"rotation":0,"texture":"#0","tintindex":0},"down":{"uv":[3.5,5.5625,3.4375,6.0],"rotation":0,"texture":"#0","tintindex":0}}},{"from":[9.665664,7.229297,6.633212],"to":[9.769768,7.6457133,9.44402],"rotation":{"angle":0.0,"axis":"y","origin":[7.2712717,-3.2852068,6.945524]},"faces":{"east":{"uv":[7.75,3.9375,8.1875,4.0],"rotation":0,"texture":"#0","tintindex":0},"south":{"uv":[2.1875,8.0,2.25,8.0625],"rotation":0,"texture":"#0","tintindex":0},"north":{"uv":[8.0,2.125,8.0625,2.1875],"rotation":0,"texture":"#0","tintindex":0},"west":{"uv":[7.75,4.0,8.1875,4.0625],"rotation":0,"texture":"#0","tintindex":0},"up":{"uv":[3.9375,8.1875,3.875,7.75],"rotation":0,"texture":"#0","tintindex":0},"down":{"uv":[7.8125,4.0625,7.75,4.5],"rotation":0,"texture":"#0","tintindex":0}}},{"from":[8.0,7.229297,6.529108],"to":[9.769768,7.6457133,6.633212],"rotation":{"angle":0.0,"axis":"y","origin":[7.2712717,-3.2852068,6.945524]},"faces":{"east":{"uv":[8.0,2.0625,8.0625,2.125],"rotation":0,"texture":"#0","tintindex":0},