{"textures":{"0":"modelengine:entity/grinch"},"elements":[{"from":[7.3753757,7.634782,7.440653],"to":[8.624624,8.051198,8.6899],"rotation":{"angle":0.0,"axis":"y","origin":[6.542544,6.697846,7.0242367]},"faces":{"east":{"uv":[5.1875,7.9375,5.375,8.0],"rotation":0,"texture":"#0","tintindex":0},"south":{"uv":[7.9375,5.4375,8.125,5.5],"rotation":0,"texture":"#0","tintindex":0},"north":{"uv":[5.0,7.9375,5.1875,8.0],"rotation":0,"texture":"#0","tintindex":0},"west":{"uv":[7.9375,5.5,8.125,5.5625],"rotation":0,"texture":"#0","tintindex":0},"up":{"uv":[2.9375,7.5625,2.75,7.375],"rotation":0,"texture":"#0","tintindex":0},"down":{"uv":[3.125,7.375,2.9375,7.5625],"rotation":0,"texture":"#0","tintindex":0}}},{"from":[7.3753757,6.697846,5.358573],"to":[8.624624,7.530678,6.6078205],"rotation":{"angle":0.0,"axis":"y","origin":[6.542544,6.697846,7.0242367]},"faces":{"east":{"uv":[0.5625,7.8125,0.75,7.9375],"rotation":0,"texture":"#0","tintindex":0},"south":{"uv":[7.8125,0.625,8.0,0.75],"rotation":0,"texture":"#0","tintindex":0},"north":{"uv":[7.8125,0.5,8.0,0.625],"rotation":0,"texture":"#0","tintindex":0},"west":{"uv":[7.8125,0.9375,8.0,1.0625],"rotation":0,"texture":"#0","tintindex":0},"up":{"uv":[3.3125,7.5625,3.125,7.375],"rotation":0,"texture":"#0","tintindex":0},"down":{"uv":[3.5,7.375,3.3125,7.5625],"rotation":0,"texture":"#0","tintindex":0}}},{"from":[7.583584,7.1133895,4.5244346],"to":[8.416416,7.7380133,5.5654745],"rotation":{"angle":22.5,"axis":"x","origin":[8.0,7.3215976,4.9408507]},"faces":{"east":{"uv":[7.8125,1.375,8.0,1.5],"rotation":0,"texture":"#0","tintindex":0},"south":{"uv":[1.75,7.875,1.875,8.0],"rotation":0,"texture":"#0","tintindex":0},"north":{"uv":[7.5625,5.0625,7.6875,5.1875],"rotation":0,"texture":"#0","tintindex":0},"west":{"uv":[7.8125,1.5,8.0,1.625],"rotation":0,"texture":"#0","tintindex":0},"up":{"uv":[2.25,8.0,2.125,7.8125],"rotation":0,"texture":"#0","tintindex":0},"down":{"uv":[2.375,7.8125,2.25,8.0],"rotation":0,"texture":"#0","tintindex":0}}},{"from":[7.3753757,6.697846,6.6078205],"to":[8.624624,7.634782,8.6899],"rotation":{"angle":0.0,"axis":"y","origin":[6.542544,6.697846,7.0242367]},"faces":{"east":{"uv":[7.3125,1.625,7.625,1.75],"rotation":0,"texture":"#0","tintindex":0},"south":{"uv":[2.375,7.8125,2.5625,7.9375],"rotation":0,"texture":"#0","tintindex":0},"north":{"uv":[7.8125,1.625,8.0,1.75],"rotation":0,"texture":"#0","tintindex":0},"west":{"uv":[7.3125,2.75,7.625,2.875],"rotation":0,"texture":"#0","tintindex":0},"up":{"uv":[7.3125,1.0625,7.125,0.75],"rotation":0,"texture":"#0","tintindex":0},"down":{"uv":[5.375,7.125,5.1875,7.4375],"rotation":0,"texture":"#0","tintindex":0}}}],"display":{"head":{"translation":[0.0,-6.4,0.0],"scale":[4.0,4.0,4.0]}}}