{"textures":{"0":"modelengine:entity/grinch"},"elements":[{"from":[7.895896,7.843844,6.5373945],"to":[14.350344,8.156156,9.556411],"rotation":{"angle":0.0,"axis":"y","origin":[10.706704,0.036043644,5.9127707]},"faces":{"east":{"uv":[7.6875,6.875,8.1875,6.9375],"rotation":0,"texture":"#0","tintindex":0},"south":{"uv":[7.0625,3.0,8.0625,3.0625],"rotation":0,"texture":"#0","tintindex":0},"north":{"uv":[4.9375,4.625,5.9375,4.6875],"rotation":0,"texture":"#0","tintindex":0},"west":{"uv":[7.75,1.75,8.25,1.8125],"rotation":0,"texture":"#0","tintindex":0},"up":{"uv":[6.6875,4.375,5.6875,3.875],"rotation":0,"texture":"#0","tintindex":0},"down":{"uv":[6.8125,1.375,5.8125,1.875],"rotation":0,"texture":"#0","tintindex":0}}}],"display":{"head":{"translation":[0.0,-6.4,0.0],"scale":[4.0,4.0,4.0]}}}