{"textures":{"0":"modelengine:entity/grinch"},"elements":[{"from":[7.47948,3.03714,7.590684],"to":[8.52052,8.034132,8.631724],"rotation":{"angle":0.0,"axis":"y","origin":[6.542544,1.6837873,7.070164]},"faces":{"east":{"uv":[2.0625,6.625,2.25,7.375],"rotation":0,"texture":"#0","tintindex":0},"south":{"uv":[2.75,6.625,2.9375,7.375],"rotation":0,"texture":"#0","tintindex":0},"north":{"uv":[1.875,6.625,2.0625,7.375],"rotation":0,"texture":"#0","tintindex":0},"west":{"uv":[2.9375,6.625,3.125,7.375],"rotation":0,"texture":"#0","tintindex":0},"up":{"uv":[2.4375,7.5625,2.25,7.375],"rotation":0,"texture":"#0","tintindex":0},"down":{"uv":[2.625,7.375,2.4375,7.5625],"rotation":0,"texture":"#0","tintindex":0}}},{"from":[7.47948,5.535636,8.631724],"to":[8.52052,8.034132,9.048141],"rotation":{"angle":0.0,"axis":"y","origin":[6.542544,1.6837873,7.070164]},"faces":{"east":{"uv":[3.1875,6.25,3.25,6.625],"rotation":0,"texture":"#0","tintindex":0},"south":{"uv":[3.875,7.0,4.0625,7.375],"rotation":0,"texture":"#0","tintindex":0},"north":{"uv":[3.6875,7.0,3.875,7.375],"rotation":0,"texture":"#0","tintindex":0},"west":{"uv":[5.75,6.9375,5.8125,7.3125],"rotation":0,"texture":"#0","tintindex":0},"up":{"uv":[8.125,4.9375,7.9375,4.875],"rotation":0,"texture":"#0","tintindex":0},"down":{"uv":[8.125,4.9375,7.9375,5.0],"rotation":0,"texture":"#0","tintindex":0}}}],"display":{"head":{"translation":[0.0,-6.4,0.0],"scale":[4.0,4.0,4.0]}}}