{"textures":{"0":"modelengine:entity/grinch"},"elements":[{"from":[7.47948,3.03714,7.590684],"to":[8.52052,8.034132,8.631724],"rotation":{"angle":0.0,"axis":"y","origin":[9.457457,1.6837873,7.070164]},"faces":{"east":{"uv":[1.3125,6.125,1.5,6.875],"rotation":0,"texture":"#0","tintindex":0},"south":{"uv":[5.1875,6.375,5.375,7.125],"rotation":0,"texture":"#0","tintindex":0},"north":{"uv":[2.625,3.5,2.8125,4.25],"rotation":0,"texture":"#0","tintindex":0},"west":{"uv":[6.5,2.75,6.6875,3.5],"rotation":0,"texture":"#0","tintindex":0},"up":{"uv":[5.9375,7.5,5.75,7.3125],"rotation":0,"texture":"#0","tintindex":0},"down":{"uv":[6.125,7.3125,5.9375,7.5],"rotation":0,"texture":"#0","tintindex":0}}},{"from":[7.47948,5.535636,8.631724],"to":[8.52052,8.034132,9.048141],"rotation":{"angle":0.0,"axis":"y","origin":[9.457457,1.6837873,7.070164]},"faces":{"east":{"uv":[4.875,3.25,4.9375,3.625],"rotation":0,"texture":"#0","tintindex":0},"south":{"uv":[3.25,5.5625,3.4375,5.9375],"rotation":0,"texture":"#0","tintindex":0},"north":{"uv":[4.6875,3.25,4.875,3.625],"rotation":0,"texture":"#0","tintindex":0},"west":{"uv":[4.6875,6.0,4.75,6.375],"rotation":0,"texture":"#0","tintindex":0},"up":{"uv":[3.5625,8.0,3.375,7.9375],"rotation":0,"texture":"#0","tintindex":0},"down":{"uv":[3.75,7.9375,3.5625,8.0],"rotation":0,"texture":"#0","tintindex":0}}}],"display":{"head":{"translation":[0.0,-6.4,0.0],"scale":[4.0,4.0,4.0]}}}