{"textures":{"0":"modelengine:entity/grinch"},"elements":[{"from":[7.3753757,4.418481,8.298897],"to":[8.624624,5.6677284,8.715313],"rotation":{"angle":0.0,"axis":"y","origin":[6.542544,-3.1811113,6.7373366]},"faces":{"east":{"uv":[4.375,7.9375,4.4375,8.125],"rotation":0,"texture":"#0","tintindex":0},"south":{"uv":[1.6875,7.375,1.875,7.5625],"rotation":0,"texture":"#0","tintindex":0},"north":{"uv":[1.5,7.375,1.6875,7.5625],"rotation":0,"texture":"#0","tintindex":0},"west":{"uv":[7.9375,4.5625,8.0,4.75],"rotation":0,"texture":"#0","tintindex":0},"up":{"uv":[8.125,4.8125,7.9375,4.75],"rotation":0,"texture":"#0","tintindex":0},"down":{"uv":[8.125,4.8125,7.9375,4.875],"rotation":0,"texture":"#0","tintindex":0}}},{"from":[7.3753757,5.6677284,8.298897],"to":[8.624624,8.1662245,8.923521],"rotation":{"angle":0.0,"axis":"y","origin":[6.542544,-3.1811113,6.7373366]},"faces":{"east":{"uv":[6.375,7.0,6.5,7.375],"rotation":0,"texture":"#0","tintindex":0},"south":{"uv":[3.5,7.0,3.6875,7.375],"rotation":0,"texture":"#0","tintindex":0},"north":{"uv":[3.3125,7.0,3.5,7.375],"rotation":0,"texture":"#0","tintindex":0},"west":{"uv":[2.625,7.0625,2.75,7.4375],"rotation":0,"texture":"#0","tintindex":0},"up":{"uv":[8.0,0.125,7.8125,0.0],"rotation":0,"texture":"#0","tintindex":0},"down":{"uv":[8.0,0.125,7.8125,0.25],"rotation":0,"texture":"#0","tintindex":0}}},{"from":[7.3753757,3.1692328,7.257857],"to":[8.624624,8.1662245,8.298897],"rotation":{"angle":0.0,"axis":"y","origin":[6.542544,-3.1811113,6.7373366]},"faces":{"east":{"uv":[6.5625,1.875,6.75,2.625],"rotation":0,"texture":"#0","tintindex":0},"south":{"uv":[1.5,6.625,1.6875,7.375],"rotation":0,"texture":"#0","tintindex":0},"north":{"uv":[1.125,6.5625,1.3125,7.3125],"rotation":0,"texture":"#0","tintindex":0},"west":{"uv":[1.6875,6.625,1.875,7.375],"rotation":0,"texture":"#0","tintindex":0},"up":{"uv":[2.0625,7.5625,1.875,7.375],"rotation":0,"texture":"#0","tintindex":0},"down":{"uv":[2.25,7.375,2.0625,7.5625],"rotation":0,"texture":"#0","tintindex":0}}},{"from":[7.4798965,2.753233,7.050065],"to":[8.520103,3.5852323,7.7779603],"rotation":{"angle":0.0,"axis":"y","origin":[6.542544,-3.1811113,6.7373366]},"faces":{"east":{"uv":[7.5625,2.3125,7.6875,2.4375],"rotation":0,"texture":"#0","tintindex":0},"south":{"uv":[7.8125,0.25,8.0,0.375],"rotation":0,"texture":"#0","tintindex":0},"north":{"uv":[0.1875,7.8125,0.375,7.9375],"rotation":0,"texture":"#0","tintindex":0},"west":{"uv":[3.9375,7.5625,4.0625,7.6875],"rotation":0,"texture":"#0","tintindex":0},"up":{"uv":[0.5625,7.9375,0.375,7.8125],"rotation":0,"texture":"#0","tintindex":0},"down":{"uv":[8.0,0.375,7.8125,0.5],"rotation":0,"texture":"#0","tintindex":0}}}],"display":{"head":{"translation":[0.0,-6.4,0.0],"scale":[4.0,4.0,4.0]}}}