{"textures":{"0":"modelengine:entity/grinch"},"elements":[{"from":[6.802804,6.750752,-10.705566],"to":[9.197196,9.2492485,15.528643],"rotation":{"angle":0.0,"axis":"y","origin":[7.323324,-3.3473368,13.342459]},"faces":{"east":{"uv":[3.5,0.0,7.625,0.375],"rotation":0,"texture":"#0","tintindex":0},"south":{"uv":[4.25,6.625,4.625,7.0],"rotation":0,"texture":"#0","tintindex":0},"north":{"uv":[3.875,6.625,4.25,7.0],"rotation":0,"texture":"#0","tintindex":0},"west":{"uv":[3.5,0.375,7.625,0.75],"rotation":0,"texture":"#0","tintindex":0},"up":{"uv":[0.375,7.625,0.0,3.5],"rotation":0,"texture":"#0","tintindex":0},"down":{"uv":[0.75,3.5,0.375,7.625],"rotation":0,"texture":"#0","tintindex":0}}},{"from":[2.2268038,2.1747518,3.4800348],"to":[13.315596,14.282848,7.291843],"rotation":{"angle":0.0,"axis":"y","origin":[7.323324,-3.3473368,13.342459]},"faces":{"east":{"uv":[0.75,3.5,1.375,5.375],"rotation":0,"texture":"#0","tintindex":0},"south":{"uv":[1.75,0.0,3.5,1.875],"rotation":0,"texture":"#0","tintindex":0},"north":{"uv":[0.0,0.0,1.75,1.875],"rotation":0,"texture":"#0","tintindex":0},"west":{"uv":[1.375,3.5,2.0,5.375],"rotation":0,"texture":"#0","tintindex":0},"up":{"uv":[5.25,1.375,3.5,0.75],"rotation":0,"texture":"#0","tintindex":0},"down":{"uv":[5.8125,1.375,4.0625,2.0],"rotation":0,"texture":"#0","tintindex":0}}},{"from":[12.857996,1.7171521,4.395235],"to":[14.230797,3.089952,5.768035],"rotation":{"angle":0.0,"axis":"y","origin":[7.323324,-3.3473368,13.342459]},"faces":{"east":{"uv":[7.375,5.625,7.5625,5.8125],"rotation":0,"texture":"#0","tintindex":0},"south":{"uv":[7.375,5.8125,7.5625,6.0],"rotation":0,"texture":"#0","tintindex":0},"north":{"uv":[7.375,5.0,7.5625,5.1875],"rotation":0,"texture":"#0","tintindex":0},"west":{"uv":[7.375,6.0,7.5625,6.1875],"rotation":0,"texture":"#0","tintindex":0},"up":{"uv":[7.5625,6.375,7.375,6.1875],"rotation":0,"texture":"#0","tintindex":0},"down":{"uv":[6.5,7.375,6.3125,7.5625],"rotation":0,"texture":"#0","tintindex":0}}},{"from":[12.857996,11.5555525,2.7936344],"to":[14.230797,12.928352,4.1664352],"rotation":{"angle":0.0,"axis":"y","origin":[7.323324,-3.3473368,13.342459]},"faces":{"east":{"uv":[1.6875,7.5625,1.875,7.75],"rotation":0,"texture":"#0","tintindex":0},"south":{"uv":[7.5625,1.75,7.75,1.9375],"rotation":0,"texture":"#0","tintindex":0},"north":{"uv":[1.5,7.5625,1.6875,7.75],"rotation":0,"texture":"#0","tintindex":0},"west":{"uv":[1.875,7.5625,2.0625,7.75],"rotation":0,"texture":"#0","tintindex":0},"up":{"uv":[7.75,2.125,7.5625,1.9375],"rotation":0,"texture":"#0","tintindex":0},"down":{"uv":[2.25,7.5625,2.0625,7.75],"rotation":0,"texture":"#0","tintindex":0}}},{"from":[8.739596,13.385952,2.7936344],"to":[10.112396,14.758753,4.1664352],"rotation":{"angle":0.0,"axis":"y","origin":[7.323324,-3.3473368,13.342459]},"faces":{"east":{"uv":[2.25,7.5625,2.4375,7.75],"rotation":0,"texture":"#0","tintindex":0},"south":{"uv":[2.4375,7.5625,2.625,7.75],"rotation":0,"texture":"#0","tintindex":0},"north":{"uv":[7.5625,2.125,7.75,2.3125],"rotation":0,"texture":"#0","tintindex":0},"west":{"uv":[2.625,7.5625,2.8125,7.75],"rotation":0,"texture":"#0","tintindex":0},"up":{"uv":[3.0,7.75,2.8125,7.5625],"rotation":0,"texture":"#0","tintindex":0},"down":{"uv":[3.1875,7.5625,3.0,7.75],"rotation":0,"texture":"#0","tintindex":0}}},{"from":[10.112396,13.385952,5.539235],"to":[11.485196,14.758753,6.912035],"rotation":{"angle":0.0,"axis":"y","origin":[7.323324,-3.3473368,13.342459]},"faces":{"east":{"uv":[3.375,7.5625,3.5625,7.75],"rotation":0,"texture":"#0","tintindex":0},"south":{"uv":[3.5625,7.5625,3.75,7.75],"rotation":0,"texture":"#0","tintindex":0},"north":{"uv":[3.1875,7.5625,3.375,7.75],"rotation":0,"texture":"#0","tintindex":0},"west":{"uv":[3.75,7.5625,3.9375,7.75],"rotation":0,"texture":"#0","tintindex":0},"up":{"uv":[7.75,4.125,7.5625,3.9375],"rotation":0,"texture":"#0","tintindex":0},"down":{"uv":[7.75,4.125,7.5625,4.3125],"rotation":0,"texture":"#0","tintindex":0}}},{"from":[5.536396,12.013152,-1.7823658],"to":[6.909196,13.385952,-0.40956497],"rotation":{"angle":0.0,"axis":"y","origin":[7.323324,-3.3473368,13.342459]},"faces":{"east":{"uv":[7.625,0.9375,7.8125,1.125],"rotation":0,"texture":"#0","tintindex":0},"south":{"uv":[7.625,1.375,7.8125,1.5625],"rotation":0,"texture":"#0","tintindex":0},"north":{"uv":[7.625,0.5625,7.8125,0.75],"rotation":0,"texture":"#0","tintindex":0},"west":{"uv":[7.625,1.5625,7.8125,1.75],"rotation":0,"texture":"#0","tintindex":0},"up":{"uv":[7.8125,2.8125,7.625,2.625],"rotation":0,"texture":"#0","tintindex":0},"down":{"uv":[7.8125,2.8125,7.625,3.0],"rotation":0,"texture":"#0","tintindex":0}}},{"from":[10.112396,12.470753,0.048034668],"to":[11.485196,13.843553,1.4208345],"rotation":{"angle":0.0,"axis":"y","origin":[7.323324,-3.3473368,13.342459]},"faces":{"east":{"uv":[0.1875,7.625,0.375,7.8125],"rotation":0,"texture":"#0","tintindex":0},"south":{"uv":[7.625,0.1875,7.8125,0.375],"rotation":0,"texture":"#0","tintindex":0},"north":{"uv":[7.625,0.0,7.8125,0.1875],"rotation":0,"texture":"#0","tintindex":0},"west":{"uv":[0.375,7.625,0.5625,7.8125],"rotation":0,"texture":"#0","tintindex":0},"up":{"uv":[7.8125,0.5625,7.625,0.375],"rotation":0,"texture":"#0","tintindex":0},"down":{"uv":[0.75,7.625,0.5625,7.8125],"rotation":0,"texture":"#0","tintindex":0}}},{"from":[11.485196,10.640352,-2.697565],"to":[12.857996,12.013152,-1.3247652],"rotation":{"angle":0.0,"axis":"y","origin":[7.323324,-3.3473368,13.342459]},"faces":{"east":{"uv":[7.5625,5.75,7.75,5.9375],"rotation":0,"texture":"#0","tintindex":0},"south":{"uv":[7.5625,5.9375,7.75,6.125],"rotation":0,"texture":"#0","tintindex":0},"north":{"uv":[7.5625,5.5625,7.75,5.75],"rotation":0,"texture":"#0","tintindex":0},"west":{"uv":[7.5625,6.125,7.75,6.3125],"rotation":0,"texture":"#0","tintindex":0},"up":{"uv":[6.5,7.75,6.3125,7.5625],"rotation":0,"texture":"#0","tintindex":0},"down":{"uv":[0.1875,7.625,0.0,7.8125],"rotation":0,"texture":"#0","tintindex":0}}},{"from":[10.112396,10.640352,-6.358366],"to":[11.485196,12.013152,-4.985565],"rotation":{"angle":0.0,"axis":"y","origin":[7.323324,-3.3473368,13.342459]},"faces":{"east":{"uv":[7.6875,6.5,7.875,6.6875],"rotation":0,"texture":"#0","tintindex":0},"south":{"uv":[6.6875,7.6875,6.875,7.875],"rotation":0,"texture":"#0","tintindex":0},"north":{"uv":[7.6875,6.3125,7.875,6.5],"rotation":0,"texture":"#0","tintindex":0},"west":{"uv":[7.6875,6.6875,7.875,6.875],"rotation":0,"texture":"#0","tintindex":0},"up":{"uv":[7.0625,7.875,6.875,7.6875],"rotation":0,"texture":"#0","tintindex":0},"down":{"uv":[7.25,7.6875,7.0625,7.875],"rotation":0,"texture":"#0","tintindex":0}}},{"from":[11.141996,7.894752,-1.3247652],"to":[12.514796,9.267552,0.048034668],"rotation":{"angle":0.0,"axis":"y","origin":[7.323324,-3.3473368,13.342459]},"faces":{"east":{"uv":[5.0,7.625,5.1875,7.8125],"rotation":0,"texture":"#0","tintindex":0},"south":{"uv":[5.1875,7.625,5.375,7.8125],"rotation":0,"texture":"#0","tintindex":0},"north":{"uv":[4.25,7.625,4.4375,7.8125],"rotation":0,"texture":"#0","tintindex":0},"west":{"uv":[5.375,7.625,5.5625,7.8125],"rotation":0,"texture":"#0","tintindex":0},"up":{"uv":[6.6875,7.8125,6.5,7.625],"rotation":0,"texture":"#0","tintindex":0},"down":{"uv":[7.8125,6.9375,7.625,7.125],"rotation":0,"texture":"#0","tintindex":0}}},{"from":[1.875596,13.385952,5.539235],"to":[3.248396,14.758753,6.912035],"rotation":{"angle":0.0,"axis":"y","origin":[7.323324,-3.3473368,13.342459]},"faces":{"east":{"uv":[7.5625,4.5,7.75,4.6875],"rotation":0,"texture":"#0","tintindex":0},"south":{"uv":[4.625,7.5625,4.8125,7.75],"rotation":0,"texture":"#0","tintindex":0},"north":{"uv":[7.5625,4.3125,7.75,4.5],"rotation":0,"texture":"#0","tintindex":0},"west":{"uv":[7.5625,4.6875,7.75,4.875],"rotation":0,"texture":"#0","tintindex":0},"up":{"uv":[5.0,7.75,4.8125,7.5625],"rotation":0,"texture":"#0","tintindex":0},"down":{"uv":[7.75,4.875,7.5625,5.0625],"rotation":0,"texture":"#0","tintindex":0}}},{"from":[8.281996,1.7171521,3.0224342],