{"textures":{"0":"modelengine:entity/nocsy_drakonin_baby7"},"elements":[{"from":[6.659805,6.441965,9.237208],"to":[7.802662,7.356251,10.722923],"rotation":{"angle":-45.0,"axis":"x","origin":[7.745519,6.899108,9.122923]},"faces":{"east":{"uv":[2.25,12.125,1.875,12.375],"rotation":0,"texture":"#0","tintindex":0},"south":{"uv":[12.75,8.875,12.5,9.125],"rotation":0,"texture":"#0","tintindex":0},"north":{"uv":[12.75,6.5,12.5,6.75],"rotation":0,"texture":"#0","tintindex":0},"west":{"uv":[12.375,11.75,12.0,12.0],"rotation":0,"texture":"#0","tintindex":0},"up":{"uv":[11.25,12.375,11.5,12.0],"rotation":0,"texture":"#0","tintindex":0},"down":{"uv":[12.125,4.625,12.375,5.0],"rotation":0,"texture":"#0","tintindex":0}}},{"from":[7.1340265,7.82102,9.8780155],"to":[7.1340265,10.106734,11.420872],"rotation":{"angle":22.5,"axis":"x","origin":[7.4288945,8.792449,10.288835]},"faces":{"east":{"uv":[7.875,10.375,8.25,10.875],"rotation":0,"texture":"#0","tintindex":0},"south":{"uv":[0.375,12.875,0.375,13.375],"rotation":0,"texture":"#0","tintindex":0},"north":{"uv":[0.25,12.875,0.25,13.375],"rotation":0,"texture":"#0","tintindex":0},"west":{"uv":[8.25,10.375,7.875,10.875],"rotation":0,"texture":"#0","tintindex":0},"up":{"uv":[0.5,13.25,0.5,12.875],"rotation":0,"texture":"#0","tintindex":0},"down":{"uv":[0.625,12.875,0.625,13.25],"rotation":0,"texture":"#0","tintindex":0}}},{"from":[6.1809053,7.935306,10.842511],"to":[7.7809057,9.992449,10.842511],"rotation":{"angle":22.5,"axis":"x","origin":[7.4288945,8.792449,10.288835]},"faces":{"east":{"uv":[9.375,10.375,9.75,10.875],"rotation":0,"texture":"#0","tintindex":0},"south":{"uv":[9.75,10.375,9.375,10.875],"rotation":0,"texture":"#0","tintindex":0},"north":{"uv":[9.375,10.375,9.75,10.875],"rotation":0,"texture":"#0","tintindex":0},"west":{"uv":[1.5,12.875,1.5,13.375],"rotation":0,"texture":"#0","tintindex":0},"up":{"uv":[12.875,2.5,13.25,2.5],"rotation":0,"texture":"#0","tintindex":0},"down":{"uv":[12.875,2.625,13.25,2.625],"rotation":0,"texture":"#0","tintindex":0}}},{"from":[6.7740903,6.6705365,7.3514943],"to":[8.145519,8.0419655,9.86578],"rotation":{"angle":22.5,"axis":"z","origin":[7.682576,7.514231,9.191969]},"faces":{"east":{"uv":[12.125,10.25,11.625,10.5],"rotation":0,"texture":"#0","tintindex":0},"south":{"uv":[12.75,11.75,12.5,12.0],"rotation":0,"texture":"#0","tintindex":0},"north":{"uv":[11.375,12.5,11.125,12.75],"rotation":0,"texture":"#0","tintindex":0},"west":{"uv":[12.125,9.25,11.625,9.5],"rotation":0,"texture":"#0","tintindex":0},"up":{"uv":[5.5,11.875,5.75,11.375],"rotation":0,"texture":"#0","tintindex":0},"down":{"uv":[3.125,11.625,3.375,12.125],"rotation":0,"texture":"#0","tintindex":0}}}],"display":{"head":{"translation":[0.0,-6.4,0.0],"scale":[4.0,4.0,4.0]}}}