{"textures":{"0":"modelengine:entity/nocsy_drakonin_baby7"},"elements":[{"from":[5.172887,7.5342283,6.4201617],"to":[8.944316,8.448514,7.3344474],"rotation":{"angle":22.5,"axis":"y","origin":[7.3443155,7.9913716,8.020162]},"faces":{"east":{"uv":[12.625,10.625,12.375,10.875],"rotation":0,"texture":"#0","tintindex":0},"south":{"uv":[10.0,0.75,10.875,1.0],"rotation":0,"texture":"#0","tintindex":0},"north":{"uv":[10.875,0.75,10.0,1.0],"rotation":0,"texture":"#0","tintindex":0},"west":{"uv":[10.0,12.375,9.75,12.625],"rotation":0,"texture":"#0","tintindex":0},"up":{"uv":[10.0,1.75,10.875,1.5],"rotation":0,"texture":"#0","tintindex":0},"down":{"uv":[10.0,1.5,10.875,1.75],"rotation":0,"texture":"#0","tintindex":0}}},{"from":[7.858601,7.1342287,6.077305],"to":[9.344316,8.619943,7.563019],"rotation":{"angle":22.5,"axis":"y","origin":[7.3443155,7.9913716,8.020162]},"faces":{"east":{"uv":[8.5,11.0,8.125,11.375],"rotation":0,"texture":"#0","tintindex":0},"south":{"uv":[8.0,11.0,7.625,11.375],"rotation":0,"texture":"#0","tintindex":0},"north":{"uv":[7.0,11.0,6.625,11.375],"rotation":0,"texture":"#0","tintindex":0},"west":{"uv":[7.5,11.0,7.125,11.375],"rotation":0,"texture":"#0","tintindex":0},"up":{"uv":[8.625,11.375,9.0,11.0],"rotation":0,"texture":"#0","tintindex":0},"down":{"uv":[11.0,8.75,11.375,9.125],"rotation":0,"texture":"#0","tintindex":0}}},{"from":[5.3443155,8.1628,1.6201615],"to":[9.915744,8.1628,6.1915903],"rotation":{"angle":-22.5,"axis":"y","origin":[7.2871723,7.705657,4.248733]},"faces":{"east":{"uv":[13.75,6.25,12.75,6.25],"rotation":0,"texture":"#0","tintindex":0},"south":{"uv":[13.75,6.125,12.75,6.125],"rotation":0,"texture":"#0","tintindex":0},"north":{"uv":[13.75,5.875,12.75,5.875],"rotation":0,"texture":"#0","tintindex":0},"west":{"uv":[13.75,6.0,12.75,6.0],"rotation":0,"texture":"#0","tintindex":0},"up":{"uv":[7.5,1.0,8.5,0.0],"rotation":0,"texture":"#0","tintindex":0},"down":{"uv":[7.5,1.125,8.5,2.125],"rotation":0,"texture":"#0","tintindex":0}}},{"from":[0.001458168,7.9342284,6.8773046],"to":[8.001458,7.9913716,17.734447],"rotation":{"angle":0.0,"axis":"y","origin":[7.3443155,7.9913716,8.020162]},"faces":{"east":{"uv":[11.625,6.25,9.25,6.375],"rotation":0,"texture":"#0","tintindex":0},"south":{"uv":[11.75,3.125,10.0,3.25],"rotation":0,"texture":"#0","tintindex":0},"north":{"uv":[11.75,2.875,10.0,3.0],"rotation":0,"texture":"#0","tintindex":0},"west":{"uv":[11.625,6.0,9.25,6.125],"rotation":0,"texture":"#0","tintindex":0},"up":{"uv":[3.75,7.375,5.5,5.0],"rotation":0,"texture":"#0","tintindex":0},"down":{"uv":[5.625,0.0,7.375,2.375],"rotation":0,"texture":"#0","tintindex":0}}},{"from":[0.001458168,7.819943,3.4487329],"to":[8.001458,8.048514,17.734447],"rotation":{"angle":0.0,"axis":"y","origin":[7.3443155,7.9913716,8.020162]},"faces":{"east":{"uv":[11.75,0.5,8.625,0.625],"rotation":0,"texture":"#0","tintindex":0},"south":{"uv":[11.75,3.625,10.0,3.75],"rotation":0,"texture":"#0","tintindex":0},"north":{"uv":[11.75,3.375,10.0,3.5],"rotation":0,"texture":"#0","tintindex":0},"west":{"uv":[11.75,0.25,8.625,0.375],"rotation":0,"texture":"#0","tintindex":0},"up":{"uv":[0.0,6.375,1.75,3.25],"rotation":0,"texture":"#0","tintindex":0},"down":{"uv":[1.875,3.25,3.625,6.375],"rotation":0,"texture":"#0","tintindex":0}}},{"from":[2.6094384,7.5913715,8.740897],"to":[5.6951528,8.391372,9.540897],"rotation":{"angle":45.0,"axis":"y","origin":[3.5808668,7.9913716,9.140898]},"faces":{"east":{"uv":[1.75,12.5,1.5,12.75],"rotation":0,"texture":"#0","tintindex":0},"south":{"uv":[8.75,10.0,9.5,10.25],"rotation":0,"texture":"#0","tintindex":0},"north":{"uv":[9.5,10.0,8.75,10.25],"rotation":0,"texture":"#0","tintindex":0},"west":{"uv":[11.875,12.375,11.625,12.625],"rotation":0,"texture":"#0","tintindex":0},"up":{"uv":[9.625,10.25,10.375,10.0],"rotation":0,"texture":"#0","tintindex":0},"down":{"uv":[9.625,10.0,10.375,10.25],"rotation":0,"texture":"#0","tintindex":0}}},{"from":[2.9522953,7.6485143,9.712326],"to":[3.63801,8.3342285,12.112327],"rotation":{"angle":-22.5,"axis":"y","origin":[3.5808668,7.9913716,9.140898]},"faces":{"east":{"uv":[12.875,3.5,12.375,3.625],"rotation":0,"texture":"#0","tintindex":0},"south":{"uv":[5.25,9.5,5.125,9.625],"rotation":0,"texture":"#0","tintindex":0},"north":{"uv":[5.25,9.25,5.125,9.375],"rotation":0,"texture":"#0","tintindex":0},"west":{"uv":[12.75,8.375,12.25,8.5],"rotation":0,"texture":"#0","tintindex":0},"up":{"uv":[10.125,12.875,10.25,12.375],"rotation":0,"texture":"#0","tintindex":0},"down":{"uv":[1.875,12.5,2.0,13.0],"rotation":0,"texture":"#0","tintindex":0}}}],"display":{"head":{"translation":[0.0,-6.4,0.0],"scale":[4.0,4.0,4.0]}}}