{"textures":{"0":"modelengine:entity/nocsy_drakonin_baby7"},"elements":[{"from":[7.6685715,6.299968,7.12048],"to":[8.811429,8.585682,8.263337],"rotation":{"angle":22.5,"axis":"x","origin":[7.8342857,8.222254,7.5844803]},"faces":{"east":{"uv":[3.875,11.875,4.125,12.375],"rotation":0,"texture":"#0","tintindex":0},"south":{"uv":[4.25,11.875,4.5,12.375],"rotation":0,"texture":"#0","tintindex":0},"north":{"uv":[11.875,2.75,12.125,3.25],"rotation":0,"texture":"#0","tintindex":0},"west":{"uv":[4.625,11.875,4.875,12.375],"rotation":0,"texture":"#0","tintindex":0},"up":{"uv":[12.875,7.5,12.625,7.25],"rotation":0,"texture":"#0","tintindex":0},"down":{"uv":[12.875,7.625,12.625,7.875],"rotation":0,"texture":"#0","tintindex":0}}}],"display":{"head":{"translation":[0.0,-6.4,0.0],"scale":[4.0,4.0,4.0]}}}