{"textures":{"0":"modelengine:entity/nocsy_drakonin_baby7"},"elements":[{"from":[6.8755527,7.448248,7.337143],"to":[8.589839,8.591105,8.48],"rotation":{"angle":0.0,"axis":"y","origin":[8.201267,7.162425,7.268519]},"faces":{"east":{"uv":[6.0,12.375,5.75,12.625],"rotation":0,"texture":"#0","tintindex":0},"south":{"uv":[12.375,8.875,12.0,9.125],"rotation":0,"texture":"#0","tintindex":0},"north":{"uv":[9.25,12.0,8.875,12.25],"rotation":0,"texture":"#0","tintindex":0},"west":{"uv":[3.625,12.375,3.375,12.625],"rotation":0,"texture":"#0","tintindex":0},"up":{"uv":[9.375,12.25,9.75,12.0],"rotation":0,"texture":"#0","tintindex":0},"down":{"uv":[9.375,12.0,9.75,12.25],"rotation":0,"texture":"#0","tintindex":0}}},{"from":[5.389838,7.5625334,7.4514284],"to":[7.4469814,8.476819,8.365714],"rotation":{"angle":0.0,"axis":"y","origin":[8.772696,7.162425,7.268519]},"faces":{"east":{"uv":[8.875,12.375,8.625,12.625],"rotation":0,"texture":"#0","tintindex":0},"south":{"uv":[12.125,7.5,11.625,7.75],"rotation":0,"texture":"#0","tintindex":0},"north":{"uv":[12.125,4.25,11.625,4.5],"rotation":0,"texture":"#0","tintindex":0},"west":{"uv":[6.875,12.375,6.625,12.625],"rotation":0,"texture":"#0","tintindex":0},"up":{"uv":[11.625,8.125,12.125,7.875],"rotation":0,"texture":"#0","tintindex":0},"down":{"uv":[11.625,7.875,12.125,8.125],"rotation":0,"texture":"#0","tintindex":0}}},{"from":[3.391492,7.568248,6.863727],"to":[6.0086346,8.471106,7.7665844],"rotation":{"angle":-45.0,"axis":"y","origin":[4.9857774,8.019676,7.3151555]},"faces":{"east":{"uv":[9.625,12.375,9.375,12.625],"rotation":0,"texture":"#0","tintindex":0},"south":{"uv":[6.5,10.875,5.875,11.125],"rotation":0,"texture":"#0","tintindex":0},"north":{"uv":[4.125,10.875,3.5,11.125],"rotation":0,"texture":"#0","tintindex":0},"west":{"uv":[9.25,12.375,9.0,12.625],"rotation":0,"texture":"#0","tintindex":0},"up":{"uv":[10.875,7.75,11.5,7.5],"rotation":0,"texture":"#0","tintindex":0},"down":{"uv":[10.875,7.5,11.5,7.75],"rotation":0,"texture":"#0","tintindex":0}}},{"from":[3.9688845,7.9625335,6.8081794],"to":[7.397456,8.019676,17.665323],"rotation":{"angle":0.0,"axis":"y","origin":[3.3117418,8.019676,7.9510365]},"faces":{"east":{"uv":[11.625,5.75,9.25,5.875],"rotation":0,"texture":"#0","tintindex":0},"south":{"uv":[12.75,11.0,12.0,11.125],"rotation":0,"texture":"#0","tintindex":0},"north":{"uv":[11.125,12.0,10.375,12.125],"rotation":0,"texture":"#0","tintindex":0},"west":{"uv":[11.625,5.5,9.25,5.625],"rotation":0,"texture":"#0","tintindex":0},"up":{"uv":[2.625,8.875,3.375,6.5],"rotation":0,"texture":"#0","tintindex":0},"down":{"uv":[6.5,5.0,7.25,7.375],"rotation":0,"texture":"#0","tintindex":0}}},{"from":[3.9688845,7.848248,3.3796082],"to":[7.397456,8.076819,17.665323],"rotation":{"angle":0.0,"axis":"y","origin":[3.3117418,8.019676,7.9510365]},"faces":{"east":{"uv":[11.75,0.0,8.625,0.125],"rotation":0,"texture":"#0","tintindex":0},"south":{"uv":[12.75,11.5,12.0,11.625],"rotation":0,"texture":"#0","tintindex":0},"north":{"uv":[12.75,11.25,12.0,11.375],"rotation":0,"texture":"#0","tintindex":0},"west":{"uv":[11.625,7.25,8.5,7.375],"rotation":0,"texture":"#0","tintindex":0},"up":{"uv":[0.0,9.625,0.75,6.5],"rotation":0,"texture":"#0","tintindex":0},"down":{"uv":[0.875,6.5,1.625,9.625],"rotation":0,"texture":"#0","tintindex":0}}}],"display":{"head":{"translation":[0.0,-6.4,0.0],"scale":[4.0,4.0,4.0]}}}