{"textures":{"0":"modelengine:entity/nocsy_drakonin_baby7"},"elements":[{"from":[7.2022147,6.4026194,6.895768],"to":[8.9165,8.116905,8.610054],"rotation":{"angle":0.0,"axis":"y","origin":[7.551929,9.319191,7.938054]},"faces":{"east":{"uv":[5.0,11.375,5.375,11.75],"rotation":0,"texture":"#0","tintindex":0},"south":{"uv":[11.375,10.625,11.75,11.0],"rotation":0,"texture":"#0","tintindex":0},"north":{"uv":[4.5,11.375,4.875,11.75],"rotation":0,"texture":"#0","tintindex":0},"west":{"uv":[11.5,0.75,11.875,1.125],"rotation":0,"texture":"#0","tintindex":0},"up":{"uv":[11.875,1.625,11.5,1.25],"rotation":0,"texture":"#0","tintindex":0},"down":{"uv":[11.875,2.25,11.5,2.625],"rotation":0,"texture":"#0","tintindex":0}}},{"from":[7.2079287,6.52668,6.6157684],"to":[8.910786,7.0866804,7.1757684],"rotation":{"angle":45.0,"axis":"x","origin":[8.059358,6.80668,6.895768]},"faces":{"east":{"uv":[11.75,2.0,11.875,2.125],"rotation":0,"texture":"#0","tintindex":0},"south":{"uv":[0.75,12.75,1.125,12.875],"rotation":0,"texture":"#0","tintindex":0},"north":{"uv":[12.75,0.5,13.125,0.625],"rotation":0,"texture":"#0","tintindex":0},"west":{"uv":[2.875,12.0,3.0,12.125],"rotation":0,"texture":"#0","tintindex":0},"up":{"uv":[13.125,0.875,12.75,0.75],"rotation":0,"texture":"#0","tintindex":0},"down":{"uv":[13.125,1.0,12.75,1.125],"rotation":0,"texture":"#0","tintindex":0}}}],"display":{"head":{"translation":[0.0,-6.4,0.0],"scale":[4.0,4.0,4.0]}}}