{"textures":{"0":"modelengine:entity/nocsy_drakonin_baby7"},"elements":[{"from":[7.0556846,7.5342283,6.4201617],"to":[10.827113,8.448514,7.3344474],"rotation":{"angle":-22.5,"axis":"y","origin":[8.655684,7.9913716,8.020162]},"faces":{"east":{"uv":[9.75,12.375,10.0,12.625],"rotation":0,"texture":"#0","tintindex":0},"south":{"uv":[10.875,0.75,10.0,1.0],"rotation":0,"texture":"#0","tintindex":0},"north":{"uv":[10.0,0.75,10.875,1.0],"rotation":0,"texture":"#0","tintindex":0},"west":{"uv":[12.375,10.625,12.625,10.875],"rotation":0,"texture":"#0","tintindex":0},"up":{"uv":[10.875,1.75,10.0,1.5],"rotation":0,"texture":"#0","tintindex":0},"down":{"uv":[10.875,1.5,10.0,1.75],"rotation":0,"texture":"#0","tintindex":0}}},{"from":[6.6556845,7.1342287,6.077305],"to":[8.141398,8.619943,7.563019],"rotation":{"angle":-22.5,"axis":"y","origin":[8.655684,7.9913716,8.020162]},"faces":{"east":{"uv":[7.125,11.0,7.5,11.375],"rotation":0,"texture":"#0","tintindex":0},"south":{"uv":[7.625,11.0,8.0,11.375],"rotation":0,"texture":"#0","tintindex":0},"north":{"uv":[6.625,11.0,7.0,11.375],"rotation":0,"texture":"#0","tintindex":0},"west":{"uv":[8.125,11.0,8.5,11.375],"rotation":0,"texture":"#0","tintindex":0},"up":{"uv":[9.0,11.375,8.625,11.0],"rotation":0,"texture":"#0","tintindex":0},"down":{"uv":[11.375,8.75,11.0,9.125],"rotation":0,"texture":"#0","tintindex":0}}},{"from":[6.0842557,8.1628,1.6201615],"to":[10.655684,8.1628,6.1915903],"rotation":{"angle":22.5,"axis":"y","origin":[8.712828,7.705657,4.248733]},"faces":{"east":{"uv":[12.75,6.0,13.75,6.0],"rotation":0,"texture":"#0","tintindex":0},"south":{"uv":[12.75,6.125,13.75,6.125],"rotation":0,"texture":"#0","tintindex":0},"north":{"uv":[12.75,5.875,13.75,5.875],"rotation":0,"texture":"#0","tintindex":0},"west":{"uv":[12.75,6.25,13.75,6.25],"rotation":0,"texture":"#0","tintindex":0},"up":{"uv":[8.5,1.0,7.5,0.0],"rotation":0,"texture":"#0","tintindex":0},"down":{"uv":[8.5,1.125,7.5,2.125],"rotation":0,"texture":"#0","tintindex":0}}},{"from":[7.998542,7.9342284,6.8773046],"to":[15.998542,7.9913716,17.734447],"rotation":{"angle":0.0,"axis":"y","origin":[8.655684,7.9913716,8.020162]},"faces":{"east":{"uv":[9.25,6.0,11.625,6.125],"rotation":0,"texture":"#0","tintindex":0},"south":{"uv":[10.0,3.125,11.75,3.25],"rotation":0,"texture":"#0","tintindex":0},"north":{"uv":[10.0,2.875,11.75,3.0],"rotation":0,"texture":"#0","tintindex":0},"west":{"uv":[9.25,6.25,11.625,6.375],"rotation":0,"texture":"#0","tintindex":0},"up":{"uv":[5.5,7.375,3.75,5.0],"rotation":0,"texture":"#0","tintindex":0},"down":{"uv":[7.375,0.0,5.625,2.375],"rotation":0,"texture":"#0","tintindex":0}}},{"from":[7.998542,7.819943,3.4487329],"to":[15.998542,8.048514,17.734447],"rotation":{"angle":0.0,"axis":"y","origin":[8.655684,7.9913716,8.020162]},"faces":{"east":{"uv":[8.625,0.25,11.75,0.375],"rotation":0,"texture":"#0","tintindex":0},"south":{"uv":[10.0,3.625,11.75,3.75],"rotation":0,"texture":"#0","tintindex":0},"north":{"uv":[10.0,3.375,11.75,3.5],"rotation":0,"texture":"#0","tintindex":0},"west":{"uv":[8.625,0.5,11.75,0.625],"rotation":0,"texture":"#0","tintindex":0},"up":{"uv":[1.75,6.375,0.0,3.25],"rotation":0,"texture":"#0","tintindex":0},"down":{"uv":[3.625,3.25,1.875,6.375],"rotation":0,"texture":"#0","tintindex":0}}},{"from":[10.304848,7.5913715,8.740897],"to":[13.390562,8.391372,9.540897],"rotation":{"angle":-45.0,"axis":"y","origin":[12.419133,7.9913716,9.140898]},"faces":{"east":{"uv":[11.625,12.375,11.875,12.625],"rotation":0,"texture":"#0","tintindex":0},"south":{"uv":[9.5,10.0,8.75,10.25],"rotation":0,"texture":"#0","tintindex":0},"north":{"uv":[8.75,10.0,9.5,10.25],"rotation":0,"texture":"#0","tintindex":0},"west":{"uv":[1.5,12.5,1.75,12.75],"rotation":0,"texture":"#0","tintindex":0},"up":{"uv":[10.375,10.25,9.625,10.0],"rotation":0,"texture":"#0","tintindex":0},"down":{"uv":[10.375,10.0,9.625,10.25],"rotation":0,"texture":"#0","tintindex":0}}},{"from":[12.36199,7.6485143,9.712326],"to":[13.047705,8.3342285,12.112327],"rotation":{"angle":22.5,"axis":"y","origin":[12.419133,7.9913716,9.140898]},"faces":{"east":{"uv":[12.25,8.375,12.75,8.5],"rotation":0,"texture":"#0","tintindex":0},"south":{"uv":[5.125,9.5,5.25,9.625],"rotation":0,"texture":"#0","tintindex":0},"north":{"uv":[5.125,9.25,5.25,9.375],"rotation":0,"texture":"#0","tintindex":0},"west":{"uv":[12.375,3.5,12.875,3.625],"rotation":0,"texture":"#0","tintindex":0},"up":{"uv":[10.25,12.875,10.125,12.375],"rotation":0,"texture":"#0","tintindex":0},"down":{"uv":[2.0,12.5,1.875,13.0],"rotation":0,"texture":"#0","tintindex":0}}}],"display":{"head":{"translation":[0.0,-6.4,0.0],"scale":[4.0,4.0,4.0]}}}