{"textures":{"0":"modelengine:entity/nocsy_drakonin_baby7"},"elements":[{"from":[7.086462,6.3602586,7.147766],"to":[8.800748,8.074544,8.862052],"rotation":{"angle":0.0,"axis":"y","origin":[8.451034,9.27683,8.190052]},"faces":{"east":{"uv":[11.25,1.75,11.625,2.125],"rotation":0,"texture":"#0","tintindex":0},"south":{"uv":[3.5,11.25,3.875,11.625],"rotation":0,"texture":"#0","tintindex":0},"north":{"uv":[1.0,11.25,1.375,11.625],"rotation":0,"texture":"#0","tintindex":0},"west":{"uv":[5.875,11.25,6.25,11.625],"rotation":0,"texture":"#0","tintindex":0},"up":{"uv":[1.875,11.75,1.5,11.375],"rotation":0,"texture":"#0","tintindex":0},"down":{"uv":[4.375,11.375,4.0,11.75],"rotation":0,"texture":"#0","tintindex":0}}},{"from":[7.092176,6.3702927,6.5836687],"to":[8.795033,6.930293,7.143669],"rotation":{"angle":45.0,"axis":"x","origin":[8.519655,6.3643703,7.1433597]},"faces":{"east":{"uv":[11.625,9.625,11.75,9.75],"rotation":0,"texture":"#0","tintindex":0},"south":{"uv":[12.625,10.375,13.0,10.5],"rotation":0,"texture":"#0","tintindex":0},"north":{"uv":[12.625,10.125,13.0,10.25],"rotation":0,"texture":"#0","tintindex":0},"west":{"uv":[11.75,1.75,11.875,1.875],"rotation":0,"texture":"#0","tintindex":0},"up":{"uv":[13.125,0.125,12.75,0.0],"rotation":0,"texture":"#0","tintindex":0},"down":{"uv":[13.125,0.25,12.75,0.375],"rotation":0,"texture":"#0","tintindex":0}}}],"display":{"head":{"translation":[0.0,-6.4,0.0],"scale":[4.0,4.0,4.0]}}}