{"textures":{"0":"modelengine:entity/nocsy_skeleton_necromancer_skin","4":"modelengine:entity/nocsy_skeleton_necromancer_lantern_animated"},"elements":[{"from":[6.4009485,6.52,6.483338],"to":[9.486663,7.8914285,9.569052],"rotation":{"angle":0.0,"axis":"y","origin":[7.757234,5.195303,8.397616]},"faces":{"east":{"uv":[8.1875,3.375,8.5625,3.5625],"rotation":0,"texture":"#0","tintindex":0},"south":{"uv":[8.1875,5.8125,8.5625,6.0],"rotation":0,"texture":"#0","tintindex":0},"north":{"uv":[8.1875,1.75,8.5625,1.9375],"rotation":0,"texture":"#0","tintindex":0},"west":{"uv":[8.1875,6.1875,8.5625,6.375],"rotation":0,"texture":"#0","tintindex":0},"up":{"uv":[7.4375,2.0,7.0625,1.625],"rotation":0,"texture":"#0","tintindex":0},"down":{"uv":[2.25,7.0625,1.875,7.4375],"rotation":0,"texture":"#0","tintindex":0}}},{"from":[6.22952,6.3485713,6.311909],"to":[9.658092,7.4914284,9.74048],"rotation":{"angle":0.0,"axis":"y","origin":[7.757234,5.195303,8.397616]},"faces":{"east":{"uv":[8.625,4.4375,9.0,4.5625],"rotation":0,"texture":"#0","tintindex":0},"south":{"uv":[8.625,4.5625,9.0,4.6875],"rotation":0,"texture":"#0","tintindex":0},"north":{"uv":[8.625,3.25,9.0,3.375],"rotation":0,"texture":"#0","tintindex":0},"west":{"uv":[8.625,4.6875,9.0,4.8125],"rotation":0,"texture":"#0","tintindex":0},"up":{"uv":[7.375,5.375,7.0,5.0],"rotation":0,"texture":"#0","tintindex":0},"down":{"uv":[1.875,7.0625,1.5,7.4375],"rotation":0,"texture":"#0","tintindex":0}}},{"from":[6.6009483,3.405714,6.4547663],"to":[7.4580913,6.5485716,7.311909],"rotation":{"angle":0.0,"axis":"y","origin":[7.757234,5.195303,8.397616]},"faces":{"east":{"uv":[5.5625,8.625,5.6875,9.0],"rotation":0,"texture":"#0","tintindex":0},"south":{"uv":[5.6875,8.625,5.8125,9.0],"rotation":0,"texture":"#0","tintindex":0},"north":{"uv":[5.4375,8.625,5.5625,9.0],"rotation":0,"texture":"#0","tintindex":0},"west":{"uv":[5.8125,8.625,5.9375,9.0],"rotation":0,"texture":"#0","tintindex":0},"up":{"uv":[7.5625,9.5625,7.4375,9.4375],"rotation":0,"texture":"#0","tintindex":0},"down":{"uv":[9.5625,7.875,9.4375,8.0],"rotation":0,"texture":"#0","tintindex":0}}},{"from":[8.658092,3.405714,8.626195],"to":[9.515234,6.5485716,9.483337],"rotation":{"angle":0.0,"axis":"y","origin":[7.757234,5.195303,8.397616]},"faces":{"east":{"uv":[7.1875,8.625,7.3125,9.0],"rotation":0,"texture":"#0","tintindex":0},"south":{"uv":[7.3125,8.625,7.4375,9.0],"rotation":0,"texture":"#0","tintindex":0},"north":{"uv":[7.0625,8.625,7.1875,9.0],"rotation":0,"texture":"#0","tintindex":0},"west":{"uv":[7.4375,8.625,7.5625,9.0],"rotation":0,"texture":"#0","tintindex":0},"up":{"uv":[9.5625,8.125,9.4375,8.0],"rotation":0,"texture":"#0","tintindex":0},"down":{"uv":[8.25,9.4375,8.125,9.5625],"rotation":0,"texture":"#0","tintindex":0}}},{"from":[6.486663,3.405714,8.626195],"to":[7.3438053,6.5485716,9.483337],"rotation":{"angle":0.0,"axis":"y","origin":[7.757234,5.195303,8.397616]},"faces":{"east":{"uv":[1.625,8.6875,1.75,9.0625],"rotation":0,"texture":"#0","tintindex":0},"south":{"uv":[1.75,8.6875,1.875,9.0625],"rotation":0,"texture":"#0","tintindex":0},"north":{"uv":[1.5,8.6875,1.625,9.0625],"rotation":0,"texture":"#0","tintindex":0},"west":{"uv":[2.25,8.6875,2.375,9.0625],"rotation":0,"texture":"#0","tintindex":0},"up":{"uv":[9.5625,8.5625,9.4375,8.4375],"rotation":0,"texture":"#0","tintindex":0},"down":{"uv":[9.5625,8.5625,9.4375,8.6875],"rotation":0,"texture":"#0","tintindex":0}}},{"from":[8.658092,3.405714,6.4547663],"to":[9.515234,6.5485716,7.311909],"rotation":{"angle":0.0,"axis":"y","origin":[7.757234,5.195303,8.397616]},"faces":{"east":{"uv":[7.625,8.5,7.75,8.875],"rotation":0,"texture":"#0","tintindex":0},"south":{"uv":[4.375,8.5625,4.5,8.9375],"rotation":0,"texture":"#0","tintindex":0},"north":{"uv":[2.125,8.5,2.25,8.875],"rotation":0,"texture":"#0","tintindex":0},"west":{"uv":[1.375,8.625,1.5,9.0],"rotation":0,"texture":"#0","tintindex":0},"up":{"uv":[9.5625,6.6875,9.4375,6.5625],"rotation":0,"texture":"#0","tintindex":0},"down":{"uv":[9.5625,7.0,9.4375,7.125],"rotation":0,"texture":"#0","tintindex":0}}},{"from":[6.3105044,2.405714,8.049985],"to":[9.739077,6.977143,8.049985],"rotation":{"angle":0.0,"axis":"y","origin":[17.011362,5.195303,7.3928494]},"faces":{"east":{"uv":[0.0,0.0,0.0,8.0],"rotation":0,"texture":"#4","tintindex":0},"south":{"uv":[0.0,8.0,6.0,16.0],"rotation":0,"texture":"#4","tintindex":0},"north":{"uv":[0.0,8.0,6.0,16.0],"rotation":0,"texture":"#4","tintindex":0},"west":{"uv":[0.0,0.0,0.0,8.0],"rotation":0,"texture":"#4","tintindex":0},"up":{"uv":[6.0,0.0,0.0,0.0],"rotation":0,"texture":"#4","tintindex":0},"down":{"uv":[6.0,0.0,0.0,0.0],"rotation":0,"texture":"#4","tintindex":0}}},{"from":[8.081907,2.405714,6.2547407],"to":[8.081907,6.977143,9.683312],"rotation":{"angle":0.0,"axis":"y","origin":[11.881915,5.195303,3.2681694]},"faces":{"east":{"uv":[0.0,0.0,6.0,8.0],"rotation":0,"texture":"#4","tintindex":0},"south":{"uv":[0.0,0.0,0.0,8.0],"rotation":0,"texture":"#4","tintindex":0},"north":{"uv":[0.0,0.0,0.0,8.0],"rotation":0,"texture":"#4","tintindex":0},"west":{"uv":[6.0,0.0,0.0,8.0],"rotation":0,"texture":"#4","tintindex":0},"up":{"uv":[0.0,6.0,0.0,0.0],"rotation":0,"texture":"#4","tintindex":0},"down":{"uv":[0.0,0.0,0.0,6.0],"rotation":0,"texture":"#4","tintindex":0}}},{"from":[6.22952,2.405714,6.311909],"to":[9.658092,3.548571,9.74048],"rotation":{"angle":0.0,"axis":"y","origin":[7.757234,5.195303,8.397616]},"faces":{"east":{"uv":[8.625,4.9375,9.0,5.0625],"rotation":0,"texture":"#0","tintindex":0},"south":{"uv":[5.0625,8.625,5.4375,8.75],"rotation":0,"texture":"#0","tintindex":0},"north":{"uv":[8.625,4.8125,9.0,4.9375],"rotation":0,"texture":"#0","tintindex":0},"west":{"uv":[8.625,5.1875,9.0,5.3125],"rotation":0,"texture":"#0","tintindex":0},"up":{"uv":[4.9375,7.4375,4.5625,7.0625],"rotation":0,"texture":"#0","tintindex":0},"down":{"uv":[7.5,0.0,7.125,0.375],"rotation":0,"texture":"#0","tintindex":0}}},{"from":[6.4009485,2.0628572,6.483338],"to":[9.486663,3.4342852,9.569052],"rotation":{"angle":0.0,"axis":"y","origin":[7.757234,5.195303,8.397616]},"faces":{"east":{"uv":[8.1875,7.4375,8.5625,7.625],"rotation":0,"texture":"#0","tintindex":0},"south":{"uv":[8.25,7.1875,8.625,7.375],"rotation":0,"texture":"#0","tintindex":0},"north":{"uv":[8.1875,7.0,8.5625,7.1875],"rotation":0,"texture":"#0","tintindex":0},"west":{"uv":[8.25,7.625,8.625,7.8125],"rotation":0,"texture":"#0","tintindex":0},"up":{"uv":[7.4375,3.4375,7.0625,3.0625],"rotation":0,"texture":"#0","tintindex":0},"down":{"uv":[7.4375,3.875,7.0625,4.25],"rotation":0,"texture":"#0","tintindex":0}}}],"display":{"head":{"translation":[0.0,-6.4,0.0],"scale":[4.0,4.0,4.0]}}}