{"textures":{"0":"modelengine:entity/nocsy_skeleton_necromancer_skin"},"elements":[{"from":[6.5694857,6.6466346,3.667605],"to":[9.426628,6.6466346,4.810462],"rotation":{"angle":-45.0,"axis":"x","origin":[7.9980574,7.846635,2.3533192]},"faces":{"east":{"uv":[0.0,0.0,0.125,0.0],"rotation":0,"texture":"#0","tintindex":0},"south":{"uv":[0.0,0.0,0.3125,0.0],"rotation":0,"texture":"#0","tintindex":0},"north":{"uv":[0.0,0.0,0.3125,0.0],"rotation":0,"texture":"#0","tintindex":0},"west":{"uv":[0.0,0.0,0.125,0.0],"rotation":0,"texture":"#0","tintindex":0},"up":{"uv":[9.3125,0.875,9.0,0.75],"rotation":0,"texture":"#0","tintindex":0},"down":{"uv":[9.3125,0.875,9.0,1.0],"rotation":0,"texture":"#0","tintindex":0}}},{"from":[6.5694857,6.2180634,4.124748],"to":[9.426628,7.932349,4.124748],"rotation":{"angle":0.0,"axis":"y","origin":[7.9980574,7.846635,2.3533192]},"faces":{"east":{"uv":[0.0,0.0,0.0,0.1875],"rotation":0,"texture":"#0","tintindex":0},"south":{"uv":[8.375,0.0,8.6875,0.1875],"rotation":0,"texture":"#0","tintindex":0},"north":{"uv":[8.3125,6.0,8.625,6.1875],"rotation":0,"texture":"#0","tintindex":0},"west":{"uv":[0.0,0.0,0.0,0.1875],"rotation":0,"texture":"#0","tintindex":0},"up":{"uv":[0.3125,0.0,0.0,0.0],"rotation":0,"texture":"#0","tintindex":0},"down":{"uv":[0.3125,0.0,0.0,0.0],"rotation":0,"texture":"#0","tintindex":0}}},{"from":[6.5694857,2.6609201,3.667605],"to":[9.426628,5.5180635,3.667605],"rotation":{"angle":0.0,"axis":"y","origin":[7.9980574,7.846635,2.3533192]},"faces":{"east":{"uv":[0.0,0.0,0.0,0.3125],"rotation":0,"texture":"#0","tintindex":0},"south":{"uv":[7.75,3.6875,8.0625,4.0],"rotation":0,"texture":"#0","tintindex":0},"north":{"uv":[7.75,2.625,8.0625,2.9375],"rotation":0,"texture":"#0","tintindex":0},"west":{"uv":[0.0,0.0,0.0,0.3125],"rotation":0,"texture":"#0","tintindex":0},"up":{"uv":[0.3125,0.0,0.0,0.0],"rotation":0,"texture":"#0","tintindex":0},"down":{"uv":[0.3125,0.0,0.0,0.0],"rotation":0,"texture":"#0","tintindex":0}}},{"from":[6.5694857,-1.2247944,3.1533194],"to":[9.426628,2.7752056,3.1533194],"rotation":{"angle":-22.5,"axis":"x","origin":[7.9980574,4.089492,3.667605]},"faces":{"east":{"uv":[0.0,0.0,0.0,0.4375],"rotation":0,"texture":"#0","tintindex":0},"south":{"uv":[1.875,7.4375,2.1875,7.875],"rotation":0,"texture":"#0","tintindex":0},"north":{"uv":[1.5625,7.4375,1.875,7.875],"rotation":0,"texture":"#0","tintindex":0},"west":{"uv":[0.0,0.0,0.0,0.4375],"rotation":0,"texture":"#0","tintindex":0},"up":{"uv":[0.3125,0.0,0.0,0.0],"rotation":0,"texture":"#0","tintindex":0},"down":{"uv":[0.3125,0.0,0.0,0.0],"rotation":0,"texture":"#0","tintindex":0}}},{"from":[6.5694857,6.2037773,4.467605],"to":[9.426628,7.346635,4.467605],"rotation":{"angle":22.5,"axis":"x","origin":[7.9980574,7.846635,2.3533192]},"faces":{"east":{"uv":[0.0,0.0,0.0,0.125],"rotation":0,"texture":"#0","tintindex":0},"south":{"uv":[9.0,1.375,9.3125,1.5],"rotation":0,"texture":"#0","tintindex":0},"north":{"uv":[9.0,1.0,9.3125,1.125],"rotation":0,"texture":"#0","tintindex":0},"west":{"uv":[0.0,0.0,0.0,0.125],"rotation":0,"texture":"#0","tintindex":0},"up":{"uv":[0.3125,0.0,0.0,0.0],"rotation":0,"texture":"#0","tintindex":0},"down":{"uv":[0.3125,0.0,0.0,0.0],"rotation":0,"texture":"#0","tintindex":0}}},{"from":[6.5694857,8.704914,4.9530287],"to":[9.426628,8.704914,8.953029],"rotation":{"angle":0.0,"axis":"y","origin":[8.0,8.0,8.0]},"faces":{"east":{"uv":[0.0,0.0,0.4375,0.0],"rotation":0,"texture":"#0","tintindex":0},"south":{"uv":[0.0,0.0,0.3125,0.0],"rotation":0,"texture":"#0","tintindex":0},"north":{"uv":[0.0,0.0,0.3125,0.0],"rotation":0,"texture":"#0","tintindex":0},"west":{"uv":[0.0,0.0,0.4375,0.0],"rotation":0,"texture":"#0","tintindex":0},"up":{"uv":[7.75,3.1875,7.4375,2.75],"rotation":0,"texture":"#0","tintindex":0},"down":{"uv":[7.75,3.8125,7.4375,4.25],"rotation":0,"texture":"#0","tintindex":0}}},{"from":[6.5694857,-1.0093718,8.9816],"to":[9.426628,8.704914,8.9816],"rotation":{"angle":0.0,"axis":"y","origin":[7.9980574,8.704914,6.9530287]},"faces":{"east":{"uv":[0.0,0.0,0.0,1.0625],"rotation":0,"texture":"#0","tintindex":0},"south":{"uv":[4.25,5.625,4.5625,6.6875],"rotation":0,"texture":"#0","tintindex":0},"north":{"uv":[3.9375,5.625,4.25,6.6875],"rotation":0,"texture":"#0","tintindex":0},"west":{"uv":[0.0,0.0,0.0,1.0625],"rotation":0,"texture":"#0","tintindex":0},"up":{"uv":[0.3125,0.0,0.0,0.0],"rotation":0,"texture":"#0","tintindex":0},"down":{"uv":[0.3125,0.0,0.0,0.0],"rotation":0,"texture":"#0","tintindex":0}}}],"display":{"head":{"translation":[0.0,-6.4,0.0],"scale":[4.0,4.0,4.0]}}}