{"textures":{"0":"modelengine:entity/nocsy_skeleton_necromancer_skin"},"elements":[{"from":[6.5733714,6.6466346,3.667605],"to":[9.430514,6.6466346,4.810462],"rotation":{"angle":-45.0,"axis":"x","origin":[8.001943,7.846635,2.3533192]},"faces":{"east":{"uv":[0.0,0.0,0.125,0.0],"rotation":0,"texture":"#0","tintindex":0},"south":{"uv":[0.0,0.0,0.3125,0.0],"rotation":0,"texture":"#0","tintindex":0},"north":{"uv":[0.0,0.0,0.3125,0.0],"rotation":0,"texture":"#0","tintindex":0},"west":{"uv":[0.0,0.0,0.125,0.0],"rotation":0,"texture":"#0","tintindex":0},"up":{"uv":[9.25,8.4375,8.9375,8.3125],"rotation":0,"texture":"#0","tintindex":0},"down":{"uv":[9.25,8.4375,8.9375,8.5625],"rotation":0,"texture":"#0","tintindex":0}}},{"from":[6.5733714,6.2180634,4.124748],"to":[9.430514,7.932349,4.124748],"rotation":{"angle":0.0,"axis":"y","origin":[8.001943,7.846635,2.3533192]},"faces":{"east":{"uv":[0.0,0.0,0.0,0.1875],"rotation":0,"texture":"#0","tintindex":0},"south":{"uv":[8.3125,2.1875,8.625,2.375],"rotation":0,"texture":"#0","tintindex":0},"north":{"uv":[6.3125,1.75,6.625,1.9375],"rotation":0,"texture":"#0","tintindex":0},"west":{"uv":[0.0,0.0,0.0,0.1875],"rotation":0,"texture":"#0","tintindex":0},"up":{"uv":[0.3125,0.0,0.0,0.0],"rotation":0,"texture":"#0","tintindex":0},"down":{"uv":[0.3125,0.0,0.0,0.0],"rotation":0,"texture":"#0","tintindex":0}}},{"from":[6.5733714,2.6609201,3.667605],"to":[9.430514,5.5180635,3.667605],"rotation":{"angle":0.0,"axis":"y","origin":[8.001943,7.846635,2.3533192]},"faces":{"east":{"uv":[0.0,0.0,0.0,0.3125],"rotation":0,"texture":"#0","tintindex":0},"south":{"uv":[7.75,1.6875,8.0625,2.0],"rotation":0,"texture":"#0","tintindex":0},"north":{"uv":[7.75,1.375,8.0625,1.6875],"rotation":0,"texture":"#0","tintindex":0},"west":{"uv":[0.0,0.0,0.0,0.3125],"rotation":0,"texture":"#0","tintindex":0},"up":{"uv":[0.3125,0.0,0.0,0.0],"rotation":0,"texture":"#0","tintindex":0},"down":{"uv":[0.3125,0.0,0.0,0.0],"rotation":0,"texture":"#0","tintindex":0}}},{"from":[6.5733714,-1.2247944,3.1533194],"to":[9.430514,2.7752056,3.1533194],"rotation":{"angle":-22.5,"axis":"x","origin":[8.001943,4.089492,3.667605]},"faces":{"east":{"uv":[0.0,0.0,0.0,0.4375],"rotation":0,"texture":"#0","tintindex":0},"south":{"uv":[7.375,0.75,7.6875,1.1875],"rotation":0,"texture":"#0","tintindex":0},"north":{"uv":[5.6875,7.25,6.0,7.6875],"rotation":0,"texture":"#0","tintindex":0},"west":{"uv":[0.0,0.0,0.0,0.4375],"rotation":0,"texture":"#0","tintindex":0},"up":{"uv":[0.3125,0.0,0.0,0.0],"rotation":0,"texture":"#0","tintindex":0},"down":{"uv":[0.3125,0.0,0.0,0.0],"rotation":0,"texture":"#0","tintindex":0}}},{"from":[6.5733714,6.2037773,4.467605],"to":[9.430514,7.346635,4.467605],"rotation":{"angle":22.5,"axis":"x","origin":[8.001943,7.846635,2.3533192]},"faces":{"east":{"uv":[0.0,0.0,0.0,0.125],"rotation":0,"texture":"#0","tintindex":0},"south":{"uv":[9.0,0.625,9.3125,0.75],"rotation":0,"texture":"#0","tintindex":0},"north":{"uv":[9.0,0.5,9.3125,0.625],"rotation":0,"texture":"#0","tintindex":0},"west":{"uv":[0.0,0.0,0.0,0.125],"rotation":0,"texture":"#0","tintindex":0},"up":{"uv":[0.3125,0.0,0.0,0.0],"rotation":0,"texture":"#0","tintindex":0},"down":{"uv":[0.3125,0.0,0.0,0.0],"rotation":0,"texture":"#0","tintindex":0}}},{"from":[6.5733714,8.704914,4.9530287],"to":[9.430514,8.704914,8.953029],"rotation":{"angle":0.0,"axis":"y","origin":[8.0,8.0,8.0]},"faces":{"east":{"uv":[0.0,0.0,0.4375,0.0],"rotation":0,"texture":"#0","tintindex":0},"south":{"uv":[0.0,0.0,0.3125,0.0],"rotation":0,"texture":"#0","tintindex":0},"north":{"uv":[0.0,0.0,0.3125,0.0],"rotation":0,"texture":"#0","tintindex":0},"west":{"uv":[0.0,0.0,0.4375,0.0],"rotation":0,"texture":"#0","tintindex":0},"up":{"uv":[7.6875,4.6875,7.375,4.25],"rotation":0,"texture":"#0","tintindex":0},"down":{"uv":[1.5625,7.4375,1.25,7.875],"rotation":0,"texture":"#0","tintindex":0}}},{"from":[6.5733714,-1.0093718,8.9816],"to":[9.430514,8.704914,8.9816],"rotation":{"angle":0.0,"axis":"y","origin":[8.001943,8.704914,6.9530287]},"faces":{"east":{"uv":[0.0,0.0,0.0,1.0625],"rotation":0,"texture":"#0","tintindex":0},"south":{"uv":[3.625,5.625,3.9375,6.6875],"rotation":0,"texture":"#0","tintindex":0},"north":{"uv":[3.3125,5.625,3.625,6.6875],"rotation":0,"texture":"#0","tintindex":0},"west":{"uv":[0.0,0.0,0.0,1.0625],"rotation":0,"texture":"#0","tintindex":0},"up":{"uv":[0.3125,0.0,0.0,0.0],"rotation":0,"texture":"#0","tintindex":0},"down":{"uv":[0.3125,0.0,0.0,0.0],"rotation":0,"texture":"#0","tintindex":0}}}],"display":{"head":{"translation":[0.0,-6.4,0.0],"scale":[4.0,4.0,4.0]}}}