{"textures":{"0":"modelengine:entity/panda"},"elements":[{"from":[3.7402596,3.9388561,1.4751048],"to":[12.311688,11.653142,8.332249],"rotation":{"angle":0.0,"axis":"y","origin":[8.025974,7.7959995,4.903677]},"faces":{"east":{"uv":[3.4375,5.375,4.1875,6.25],"rotation":0,"texture":"#0","tintindex":0},"south":{"uv":[2.4375,5.25,3.375,6.125],"rotation":0,"texture":"#0","tintindex":0},"north":{"uv":[4.8125,0.0,5.75,0.875],"rotation":0,"texture":"#0","tintindex":0},"west":{"uv":[4.25,5.375,5.0,6.25],"rotation":0,"texture":"#0","tintindex":0},"up":{"uv":[6.125,6.0,5.1875,5.25],"rotation":0,"texture":"#0","tintindex":0},"down":{"uv":[1.9375,5.3125,1.0,6.0625],"rotation":0,"texture":"#0","tintindex":0}}},{"from":[5.025974,3.9388561,-1.096324],"to":[11.025974,8.224571,1.4751048],"rotation":{"angle":0.0,"axis":"y","origin":[8.025974,6.0817137,0.18939066]},"faces":{"east":{"uv":[2.0,5.3125,2.3125,5.8125],"rotation":0,"texture":"#0","tintindex":0},"south":{"uv":[4.8125,6.875,5.5,7.375],"rotation":0,"texture":"#0","tintindex":0},"north":{"uv":[6.625,2.0625,7.3125,2.5625],"rotation":0,"texture":"#0","tintindex":0},"west":{"uv":[0.0,8.625,0.3125,9.125],"rotation":0,"texture":"#0","tintindex":0},"up":{"uv":[6.125,4.125,5.4375,3.8125],"rotation":0,"texture":"#0","tintindex":0},"down":{"uv":[6.3125,2.8125,5.625,3.125],"rotation":0,"texture":"#0","tintindex":0}}},{"from":[3.3103437,11.011183,4.046534],"to":[5.881773,13.582612,4.903677],"rotation":{"angle":22.5,"axis":"z","origin":[4.596059,12.296898,4.4751053]},"faces":{"east":{"uv":[5.4375,1.5625,5.5625,1.875],"rotation":0,"texture":"#0","tintindex":0},"south":{"uv":[4.1875,9.0,4.5,9.3125],"rotation":0,"texture":"#0","tintindex":0},"north":{"uv":[5.75,7.625,6.0625,7.9375],"rotation":0,"texture":"#0","tintindex":0},"west":{"uv":[6.4375,9.125,6.5625,9.4375],"rotation":0,"texture":"#0","tintindex":0},"up":{"uv":[2.3125,6.0,2.0,5.875],"rotation":0,"texture":"#0","tintindex":0},"down":{"uv":[6.75,3.625,6.4375,3.75],"rotation":0,"texture":"#0","tintindex":0}}},{"from":[7.168831,8.438856,-1.3106098],"to":[8.883117,8.438856,0.4036765],"rotation":{"angle":0.0,"axis":"y","origin":[8.025974,8.438856,-0.45346642]},"faces":{"east":{"uv":[3.6875,5.3125,3.875,5.3125],"rotation":0,"texture":"#0","tintindex":0},"south":{"uv":[5.8125,0.8125,6.0,0.8125],"rotation":0,"texture":"#0","tintindex":0},"north":{"uv":[3.4375,5.3125,3.625,5.3125],"rotation":0,"texture":"#0","tintindex":0},"west":{"uv":[5.8125,0.875,6.0,0.875],"rotation":0,"texture":"#0","tintindex":0},"up":{"uv":[5.0,6.8125,4.8125,6.625],"rotation":0,"texture":"#0","tintindex":0},"down":{"uv":[5.0,6.625,4.8125,6.8125],"rotation":0,"texture":"#0","tintindex":0}}},{"from":[7.168831,6.7245708,-1.3106098],"to":[8.883117,8.438856,-1.3106098],"rotation":{"angle":0.0,"axis":"y","origin":[8.025974,7.5817137,-1.3106098]},"faces":{"east":{"uv":[4.0,4.25,4.0,4.4375],"rotation":0,"texture":"#0","tintindex":0},"south":{"uv":[6.9375,7.8125,6.75,8.0],"rotation":0,"texture":"#0","tintindex":0},"north":{"uv":[6.75,7.8125,6.9375,8.0],"rotation":0,"texture":"#0","tintindex":0},"west":{"uv":[2.625,4.3125,2.625,4.5],"rotation":0,"texture":"#0","tintindex":0},"up":{"uv":[6.25,0.8125,6.0625,0.8125],"rotation":0,"texture":"#0","tintindex":0},"down":{"uv":[6.25,0.875,6.0625,0.875],"rotation":0,"texture":"#0","tintindex":0}}},{"from":[0.905468,2.3674273,3.5796623],"to":[6.619754,8.938856,3.5796623],"rotation":{"angle":22.5,"axis":"y","origin":[3.762611,5.653142,3.5796623]},"faces":{"east":{"uv":[6.6875,9.125,6.6875,9.875],"rotation":0,"texture":"#0","tintindex":0},"south":{"uv":[5.8125,0.0,6.4375,0.75],"rotation":0,"texture":"#0","tintindex":0},"north":{"uv":[0.0,5.8125,0.625,6.5625],"rotation":0,"texture":"#0","tintindex":0},"west":{"uv":[4.0625,9.1875,4.0625,9.9375],"rotation":0,"texture":"#0","tintindex":0},"up":{"uv":[2.25,9.25,1.625,9.25],"rotation":0,"texture":"#0","tintindex":0},"down":{"uv":[9.875,1.6875,9.25,1.6875],"rotation":0,"texture":"#0","tintindex":0}}},{"from":[9.432194,2.3674273,3.5796623],"to":[15.14648,8.938856,3.5796623],"rotation":{"angle":-22.5,"axis":"y","origin":[12.289337,5.653142,3.5796623]},"faces":{"east":{"uv":[4.125,9.1875,4.125,9.9375],"rotation":0,"texture":"#0","tintindex":0},"south":{"uv":[5.75,6.0625,6.375,6.8125],"rotation":0,"texture":"#0","tintindex":0},"north":{"uv":[5.0625,6.0625,5.6875,6.8125],"rotation":0,"texture":"#0","tintindex":0},"west":{"uv":[2.3125,9.25,2.3125,10.0],"rotation":0,"texture":"#0","tintindex":0},"up":{"uv":[9.875,1.75,9.25,1.75],"rotation":0,"texture":"#0","tintindex":0},"down":{"uv":[9.875,1.8125,9.25,1.8125],"rotation":0,"texture":"#0","tintindex":0}}},{"from":[10.170176,11.011183,4.046534],"to":[12.741604,13.582612,4.903677],"rotation":{"angle":-22.5,"axis":"z","origin":[11.45589,12.296898,4.4751053]},"faces":{"east":{"uv":[0.0,9.1875,0.125,9.5],"rotation":0,"texture":"#0","tintindex":0},"south":{"uv":[1.0625,9.125,1.375,9.4375],"rotation":0,"texture":"#0","tintindex":0},"north":{"uv":[6.75,9.0,7.0625,9.3125],"rotation":0,"texture":"#0","tintindex":0},"west":{"uv":[0.1875,9.1875,0.3125,9.5],"rotation":0,"texture":"#0","tintindex":0},"up":{"uv":[6.9375,2.75,6.625,2.625],"rotation":0,"texture":"#0","tintindex":0},"down":{"uv":[2.1875,6.75,1.875,6.875],"rotation":0,"texture":"#0","tintindex":0}}}],"display":{"head":{"translation":[0.0,-6.4,0.0],"scale":[4.0,4.0,4.0]}}}