{"textures":{"0":"modelengine:entity/panda"},"elements":[{"from":[5.678571,1.8089385,4.1870623],"to":[10.764286,8.666081,9.329919],"rotation":{"angle":22.5,"axis":"x","origin":[8.221429,5.2375097,6.7584906]},"faces":{"east":{"uv":[4.1875,6.3125,4.75,7.0625],"rotation":0,"texture":"#0","tintindex":0},"south":{"uv":[6.4375,2.8125,7.0,3.5625],"rotation":0,"texture":"#0","tintindex":0},"north":{"uv":[3.5625,6.3125,4.125,7.0625],"rotation":0,"texture":"#0","tintindex":0},"west":{"uv":[6.4375,5.4375,7.0,6.1875],"rotation":0,"texture":"#0","tintindex":0},"up":{"uv":[8.0,4.5625,7.4375,4.0],"rotation":0,"texture":"#0","tintindex":0},"down":{"uv":[5.0625,7.4375,4.5,8.0],"rotation":0,"texture":"#0","tintindex":0}}}],"display":{"head":{"translation":[0.0,-6.4,0.0],"scale":[4.0,4.0,4.0]}}}