{"textures":{"0":"modelengine:entity/panda"},"elements":[{"from":[5.8571424,5.5714283,4.142857],"to":[10.142858,8.142858,8.428572],"rotation":{"angle":0.0,"axis":"y","origin":[8.0,6.857143,6.285714]},"faces":{"east":{"uv":[8.6875,4.1875,9.1875,4.5],"rotation":0,"texture":"#0","tintindex":0},"south":{"uv":[8.6875,6.0,9.1875,6.3125],"rotation":0,"texture":"#0","tintindex":0},"north":{"uv":[8.6875,3.8125,9.1875,4.125],"rotation":0,"texture":"#0","tintindex":0},"west":{"uv":[8.75,0.0,9.25,0.3125],"rotation":0,"texture":"#0","tintindex":0},"up":{"uv":[1.125,8.6875,0.625,8.1875],"rotation":0,"texture":"#0","tintindex":0},"down":{"uv":[1.6875,8.1875,1.1875,8.6875],"rotation":0,"texture":"#0","tintindex":0}}}],"display":{"head":{"translation":[0.0,-6.4,0.0],"scale":[4.0,4.0,4.0]}}}