{"textures":{"0":"modelengine:entity/panda"},"elements":[{"from":[5.147619,1.9220791,6.166215],"to":[10.290476,8.7792225,11.3090725],"rotation":{"angle":-22.5,"axis":"x","origin":[7.7190475,5.350651,8.737644]},"faces":{"east":{"uv":[3.5,6.3125,2.9375,7.0625],"rotation":0,"texture":"#0","tintindex":0},"south":{"uv":[6.75,4.625,6.1875,5.375],"rotation":0,"texture":"#0","tintindex":0},"north":{"uv":[2.875,6.1875,2.3125,6.9375],"rotation":0,"texture":"#0","tintindex":0},"west":{"uv":[6.75,3.8125,6.1875,4.5625],"rotation":0,"texture":"#0","tintindex":0},"up":{"uv":[0.0,8.0,0.5625,7.4375],"rotation":0,"texture":"#0","tintindex":0},"down":{"uv":[7.4375,3.375,8.0,3.9375],"rotation":0,"texture":"#0","tintindex":0}}}],"display":{"head":{"translation":[0.0,-6.4,0.0],"scale":[4.0,4.0,4.0]}}}