{"textures":{"0":"modelengine:entity/persian_cat"},"elements":[{"from":[9.417731,11.940973,3.965445],"to":[11.277052,13.428429,5.824765],"faces":{"east":{"uv":[5.242,5.758,5.008,5.992],"tintindex":0,"rotation":0,"texture":"#0"},"south":{"uv":[4.875,8.008,4.508,8.242],"tintindex":0,"rotation":0,"texture":"#0"},"north":{"uv":[8.375,4.008,8.008,4.242],"tintindex":0,"rotation":0,"texture":"#0"},"west":{"uv":[1.242,5.758,1.008,5.992],"tintindex":0,"rotation":0,"texture":"#0"},"up":{"uv":[8.008,4.742,8.375,4.508],"tintindex":0,"rotation":0,"texture":"#0"},"down":{"uv":[5.258,8.008,5.625,8.242],"tintindex":0,"rotation":0,"texture":"#0"}}},{"from":[4.617874,6.363013,2.849853],"to":[11.361426,11.940973,9.543406],"faces":{"east":{"uv":[4.008,4.508,5.125,5.492],"tintindex":0,"rotation":0,"texture":"#0"},"south":{"uv":[1.508,5.008,2.625,5.992],"tintindex":0,"rotation":0,"texture":"#0"},"north":{"uv":[0.008,4.508,1.125,5.492],"tintindex":0,"rotation":0,"texture":"#0"},"west":{"uv":[5.508,0.008,6.625,0.992],"tintindex":0,"rotation":0,"texture":"#0"},"up":{"uv":[5.125,2.625,4.008,1.508],"tintindex":0,"rotation":0,"texture":"#0"},"down":{"uv":[5.125,3.008,4.008,4.125],"tintindex":0,"rotation":0,"texture":"#0"}}},{"from":[5.768816,6.363013,1.1764655],"to":[10.231184,8.594197,2.849853],"faces":{"east":{"uv":[0.008,8.258,0.242,8.625],"tintindex":0,"rotation":0,"texture":"#0"},"south":{"uv":[3.758,6.758,4.492,7.125],"tintindex":0,"rotation":0,"texture":"#0"},"north":{"uv":[0.008,6.758,0.742,7.125],"tintindex":0,"rotation":0,"texture":"#0"},"west":{"uv":[8.258,1.008,8.492,1.375],"tintindex":0,"rotation":0,"texture":"#0"},"up":{"uv":[2.242,4.742,1.508,4.508],"tintindex":0,"rotation":0,"texture":"#0"},"down":{"uv":[8.242,5.008,7.508,5.242],"tintindex":0,"rotation":0,"texture":"#0"}}},{"from":[4.7229486,11.940973,3.965445],"to":[6.5822687,13.428429,5.824765],"faces":{"east":{"uv":[1.008,5.758,1.242,5.992],"tintindex":0,"rotation":0,"texture":"#0"},"south":{"uv":[4.508,8.008,4.875,8.242],"tintindex":0,"rotation":0,"texture":"#0"},"north":{"uv":[8.008,4.008,8.375,4.242],"tintindex":0,"rotation":0,"texture":"#0"},"west":{"uv":[5.008,5.758,5.242,5.992],"tintindex":0,"rotation":0,"texture":"#0"},"up":{"uv":[8.375,4.742,8.008,4.508],"tintindex":0,"rotation":0,"texture":"#0"},"down":{"uv":[5.625,8.008,5.258,8.242],"tintindex":0,"rotation":0,"texture":"#0"}}}]}