{"textures":{"0":"modelengine:entity/persian_cat"},"elements":[{"from":[7.573271,7.5991545,7.714286],"to":[8.426729,8.400846,8.285714],"rotation":{"angle":0.0,"axis":"y","origin":[9.031586,5.4633217,14.250391]},"faces":{"east":{"uv":[0.125,5.008,0.375,5.242],"rotation":270,"texture":"#0","tintindex":0},"south":{"uv":[0.125,5.008,0.375,5.242],"rotation":0,"texture":"#0","tintindex":0},"north":{"uv":[0.125,5.008,0.375,5.242],"rotation":180,"texture":"#0","tintindex":0},"west":{"uv":[0.125,5.008,0.375,5.242],"rotation":0,"texture":"#0","tintindex":0},"up":{"uv":[0.125,5.008,0.375,5.242],"rotation":270,"texture":"#0","tintindex":0},"down":{"uv":[0.125,5.008,0.375,5.242],"rotation":180,"texture":"#0","tintindex":0}}}],"display":{"head":{"translation":[0.0,-6.4,0.0],"scale":[4.0,4.0,4.0]}}}