{"textures":{"0":"modelengine:entity/persian_cat"},"elements":[{"from":[6.326612,6.094704,6.1316895],"to":[9.673388,9.999276,8.92067],"faces":{"east":{"uv":[3.008,6.508,3.492,7.125],"tintindex":0,"rotation":0,"texture":"#0"},"south":{"uv":[6.508,2.258,7.125,2.875],"tintindex":0,"rotation":0,"texture":"#0"},"north":{"uv":[6.508,1.258,7.125,1.875],"tintindex":0,"rotation":0,"texture":"#0"},"west":{"uv":[6.508,3.258,6.992,3.875],"tintindex":0,"rotation":0,"texture":"#0"},"up":{"uv":[7.125,4.742,6.508,4.258],"tintindex":0,"rotation":0,"texture":"#0"},"down":{"uv":[7.125,5.008,6.508,5.492],"tintindex":0,"rotation":0,"texture":"#0"}},"rotation":{"origin":[10.417116,10.191962,12.006524],"angle":-22.5,"axis":"x"}}]}