{"textures":{"0":"modelengine:entity/persian_cat"},"elements":[{"from":[6.6055098,7.623584,8.244423],"to":[9.39449,10.412563,11.033403],"faces":{"east":{"uv":[7.008,5.758,7.492,6.242],"tintindex":0,"rotation":0,"texture":"#0"},"south":{"uv":[7.008,6.508,7.492,6.992],"tintindex":0,"rotation":0,"texture":"#0"},"north":{"uv":[7.008,0.008,7.492,0.492],"tintindex":0,"rotation":0,"texture":"#0"},"west":{"uv":[1.008,7.258,1.492,7.742],"tintindex":0,"rotation":0,"texture":"#0"},"up":{"uv":[2.242,7.742,1.758,7.258],"tintindex":0,"rotation":0,"texture":"#0"},"down":{"uv":[7.742,3.258,7.258,3.742],"tintindex":0,"rotation":0,"texture":"#0"}},"rotation":{"origin":[10.417116,13.136454,3.8674946],"angle":22.5,"axis":"x"}}]}