{"textures":{"0":"modelengine:entity/persian_cat"},"elements":[{"from":[6.7250376,7.5993147,8.043394],"to":[9.274962,11.742942,10.274578],"rotation":{"angle":-45.0,"axis":"x","origin":[7.9601574,7.7902045,10.808029]},"faces":{"east":{"uv":[5.508,1.258,6.125,2.492],"rotation":0,"texture":"#0","tintindex":0},"south":{"uv":[3.008,5.008,3.742,6.242],"rotation":0,"texture":"#0","tintindex":0},"north":{"uv":[1.508,3.008,2.242,4.242],"rotation":0,"texture":"#0","tintindex":0},"west":{"uv":[5.508,2.758,6.125,3.992],"rotation":0,"texture":"#0","tintindex":0},"up":{"uv":[6.242,4.875,5.508,4.258],"rotation":0,"texture":"#0","tintindex":0},"down":{"uv":[6.242,5.258,5.508,5.875],"rotation":0,"texture":"#0","tintindex":0}}}],"display":{"head":{"translation":[0.0,-6.4,0.0],"scale":[4.0,4.0,4.0]}}}