{"textures":{"0":"modelengine:entity/persian_cat"},"elements":[{"from":[6.6055098,7.623584,8.244423],"to":[9.39449,10.412563,11.033403],"faces":{"east":{"uv":[1.492,7.258,1.008,7.742],"tintindex":0,"rotation":0,"texture":"#0"},"south":{"uv":[7.492,6.508,7.008,6.992],"tintindex":0,"rotation":0,"texture":"#0"},"north":{"uv":[7.492,0.008,7.008,0.492],"tintindex":0,"rotation":0,"texture":"#0"},"west":{"uv":[7.492,5.758,7.008,6.242],"tintindex":0,"rotation":0,"texture":"#0"},"up":{"uv":[1.758,7.742,2.242,7.258],"tintindex":0,"rotation":0,"texture":"#0"},"down":{"uv":[7.258,3.258,7.742,3.742],"tintindex":0,"rotation":0,"texture":"#0"}},"rotation":{"origin":[5.582884,13.136454,3.8674946],"angle":22.5,"axis":"x"}}]}