{"textures":{"0":"modelengine:entity/persian_cat"},"elements":[{"from":[6.326612,3.3197336,5.036662],"to":[9.673388,7.2243056,8.383438],"faces":{"east":{"uv":[2.625,6.258,2.008,6.875],"tintindex":0,"rotation":0,"texture":"#0"},"south":{"uv":[1.625,6.258,1.008,6.875],"tintindex":0,"rotation":0,"texture":"#0"},"north":{"uv":[0.625,5.758,0.008,6.375],"tintindex":0,"rotation":0,"texture":"#0"},"west":{"uv":[4.625,5.758,4.008,6.375],"tintindex":0,"rotation":0,"texture":"#0"},"up":{"uv":[5.008,6.875,5.625,6.258],"tintindex":0,"rotation":0,"texture":"#0"},"down":{"uv":[6.008,6.258,6.625,6.875],"tintindex":0,"rotation":0,"texture":"#0"}},"rotation":{"origin":[5.582884,10.191962,4.7699203],"angle":-22.5,"axis":"x"}}]}