{"textures":{"0":"modelengine:entity/persian_cat"},"elements":[{"from":[7.2031484,6.2297015,8.549092],"to":[8.796851,7.8234043,9.824055],"rotation":{"angle":22.5,"axis":"x","origin":[6.6187906,10.9656105,9.557463]},"faces":{"east":{"uv":[7.875,2.258,7.508,2.742],"rotation":0,"texture":"#0","tintindex":0},"south":{"uv":[7.492,7.258,7.008,7.742],"rotation":0,"texture":"#0","tintindex":0},"north":{"uv":[6.742,7.258,6.258,7.742],"rotation":0,"texture":"#0","tintindex":0},"west":{"uv":[7.875,1.508,7.508,1.992],"rotation":0,"texture":"#0","tintindex":0},"up":{"uv":[2.508,7.875,2.992,7.508],"rotation":0,"texture":"#0","tintindex":0},"down":{"uv":[3.258,7.508,3.742,7.875],"rotation":0,"texture":"#0","tintindex":0}}}],"display":{"head":{"translation":[0.0,-6.4,0.0],"scale":[4.0,4.0,4.0]}}}