{"textures":{"0":"modelengine:entity/persian_cat"},"elements":[{"from":[4.653224,6.3743258,-2.693552],"to":[11.346776,13.625673,10.693552],"faces":{"east":{"uv":[0.008,0.008,2.242,1.242],"tintindex":0,"rotation":0,"texture":"#0"},"south":{"uv":[4.008,0.008,5.125,1.242],"tintindex":0,"rotation":0,"texture":"#0"},"north":{"uv":[0.008,3.008,1.125,4.242],"tintindex":0,"rotation":0,"texture":"#0"},"west":{"uv":[0.008,1.508,2.242,2.742],"tintindex":0,"rotation":0,"texture":"#0"},"up":{"uv":[3.625,2.242,2.508,0.008],"tintindex":0,"rotation":0,"texture":"#0"},"down":{"uv":[3.625,2.508,2.508,4.742],"tintindex":0,"rotation":0,"texture":"#0"}}}]}