{"textures":{"1":"modelengine:entity/mammoth"},"elements":[{"from":[1.5,4.7666664,-3.5250006],"to":[14.2,17.766666,9.375],"faces":{"east":{"uv":[10.875,5.5,11.5,5.9375],"tintindex":0,"rotation":0,"texture":"#1"},"south":{"uv":[0.8125,7.0625,1.625,7.875],"tintindex":0,"rotation":0,"texture":"#1"},"north":{"uv":[5.8125,6.9375,6.625,7.75],"tintindex":0,"rotation":0,"texture":"#1"},"west":{"uv":[7.0625,4.3125,7.875,5.125],"tintindex":0,"rotation":0,"texture":"#1"},"up":{"uv":[2.4375,8.125,1.625,7.3125],"tintindex":0,"rotation":0,"texture":"#1"},"down":{"uv":[8.125,2.25,7.3125,3.0625],"tintindex":0,"rotation":0,"texture":"#1"}},"rotation":{"origin":[21.4,6.3166676,2.0249996],"angle":22.5,"axis":"x"}},{"from":[1.6000004,-1.3333321,-2.625],"to":[14.099999,6.966667,8.275],"faces":{"east":{"uv":[10.875,5.5,11.5,5.9375],"tintindex":0,"rotation":0,"texture":"#1"},"south":{"uv":[10.0,2.1875,10.75,2.6875],"tintindex":0,"rotation":0,"texture":"#1"},"north":{"uv":[10.0,1.6875,10.75,2.1875],"tintindex":0,"rotation":0,"texture":"#1"},"west":{"uv":[7.25,10.1875,7.9375,10.6875],"tintindex":0,"rotation":0,"texture":"#1"},"up":{"uv":[4.5625,9.375,3.8125,8.6875],"tintindex":0,"rotation":0,"texture":"#1"},"down":{"uv":[5.3125,8.6875,4.5625,9.375],"tintindex":0,"rotation":0,"texture":"#1"}},"rotation":{"origin":[7.8999996,12.316666,1.125],"angle":0.0,"axis":"x"}},{"from":[1.8999996,-7.7333336,-2.0250006],"to":[12.9,-0.33333206,8.174999],"faces":{"east":{"uv":[10.875,5.5,11.5,5.9375],"tintindex":0,"rotation":0,"texture":"#1"},"south":{"uv":[3.5,10.8125,4.1875,11.25],"tintindex":0,"rotation":0,"texture":"#1"},"north":{"uv":[2.8125,10.8125,3.5,11.25],"tintindex":0,"rotation":0,"texture":"#1"},"west":{"uv":[10.9375,3.6875,11.5625,4.125],"tintindex":0,"rotation":0,"texture":"#1"},"up":{"uv":[10.1875,6.375,9.5,5.75],"tintindex":0,"rotation":0,"texture":"#1"},"down":{"uv":[7.375,9.5,6.6875,10.125],"tintindex":0,"rotation":0,"texture":"#1"}}}]}