{"textures":{"1":"modelengine:entity/mammoth"},"elements":[{"from":[11.273411,-2.1093445,6.72612],"to":[18.52341,3.7406578,7.3261204],"faces":{"east":{"uv":[10.125,12.375,10.1875,12.75],"tintindex":0,"rotation":0,"texture":"#1"},"south":{"uv":[2.25,11.75,2.6875,12.125],"tintindex":0,"rotation":0,"texture":"#1"},"north":{"uv":[11.5,11.6875,11.9375,12.0625],"tintindex":0,"rotation":0,"texture":"#1"},"west":{"uv":[10.1875,12.375,10.25,12.75],"tintindex":0,"rotation":0,"texture":"#1"},"up":{"uv":[9.3125,5.8125,8.875,5.75],"tintindex":0,"rotation":0,"texture":"#1"},"down":{"uv":[1.6875,8.9375,1.25,9.0],"tintindex":0,"rotation":0,"texture":"#1"}},"rotation":{"origin":[13.021231,8.207623,7.949999],"angle":-22.5,"axis":"z"}},{"from":[17.820772,2.7080498,6.676119],"to":[19.970772,3.5580482,7.526119],"faces":{"east":{"uv":[11.5,0.25,11.5625,0.3125],"tintindex":0,"rotation":0,"texture":"#1"},"south":{"uv":[8.9375,12.0625,9.0625,12.125],"tintindex":0,"rotation":0,"texture":"#1"},"north":{"uv":[5.125,12.0625,5.25,12.125],"tintindex":0,"rotation":0,"texture":"#1"},"west":{"uv":[11.5,0.3125,11.5625,0.375],"tintindex":0,"rotation":0,"texture":"#1"},"up":{"uv":[11.875,12.125,11.75,12.0625],"tintindex":0,"rotation":0,"texture":"#1"},"down":{"uv":[12.25,2.1875,12.125,2.25],"tintindex":0,"rotation":0,"texture":"#1"}},"rotation":{"origin":[16.437943,6.657074,7.949999],"angle":-45.0,"axis":"z"}},{"from":[10.513547,3.682621,6.3761196],"to":[12.263547,4.7326202,7.6261196],"faces":{"east":{"uv":[10.875,11.3125,10.9375,11.375],"tintindex":0,"rotation":0,"texture":"#1"},"south":{"uv":[11.75,2.25,11.875,2.3125],"tintindex":0,"rotation":0,"texture":"#1"},"north":{"uv":[7.8125,11.375,7.9375,11.4375],"tintindex":0,"rotation":0,"texture":"#1"},"west":{"uv":[11.375,5.9375,11.4375,6.0],"tintindex":0,"rotation":0,"texture":"#1"},"up":{"uv":[12.0,2.5625,11.875,2.5],"tintindex":0,"rotation":0,"texture":"#1"},"down":{"uv":[12.0,6.875,11.875,6.9375],"tintindex":0,"rotation":0,"texture":"#1"}}},{"from":[11.505061,-3.9912682,6.7348614],"to":[17.405062,1.8587303,7.3248615],"faces":{"east":{"uv":[11.75,12.375,11.8125,12.75],"tintindex":0,"rotation":0,"texture":"#1"},"south":{"uv":[11.9375,3.6875,12.3125,4.0625],"tintindex":0,"rotation":0,"texture":"#1"},"north":{"uv":[1.3125,11.9375,1.6875,12.3125],"tintindex":0,"rotation":0,"texture":"#1"},"west":{"uv":[11.8125,12.375,11.875,12.75],"tintindex":0,"rotation":0,"texture":"#1"},"up":{"uv":[10.9375,3.75,10.5625,3.6875],"tintindex":0,"rotation":0,"texture":"#1"},"down":{"uv":[11.4375,5.4375,11.0625,5.5],"tintindex":0,"rotation":0,"texture":"#1"}},"rotation":{"origin":[17.714348,-1.3671951,7.949999],"angle":22.5,"axis":"z"}},{"from":[14.128656,-4.041996,6.72612],"to":[14.878656,2.208004,7.47612],"faces":{"east":{"uv":[11.9375,12.375,12.0,12.75],"tintindex":0,"rotation":0,"texture":"#1"},"south":{"uv":[12.0,12.375,12.0625,12.75],"tintindex":0,"rotation":0,"texture":"#1"},"north":{"uv":[11.875,12.375,11.9375,12.75],"tintindex":0,"rotation":0,"texture":"#1"},"west":{"uv":[12.0625,12.375,12.125,12.75],"tintindex":0,"rotation":0,"texture":"#1"},"up":{"uv":[10.6875,11.5625,10.625,11.5],"tintindex":0,"rotation":0,"texture":"#1"},"down":{"uv":[10.6875,11.5625,10.625,11.625],"tintindex":0,"rotation":0,"texture":"#1"}},"rotation":{"origin":[16.437943,6.657074,7.949999],"angle":22.5,"axis":"z"}},{"from":[13.623411,3.7406578,6.6261196],"to":[16.873411,4.6906586,7.526119],"faces":{"east":{"uv":[11.375,6.0,11.4375,6.0625],"tintindex":0,"rotation":0,"texture":"#1"},"south":{"uv":[0.9375,8.875,1.125,8.9375],"tintindex":0,"rotation":0,"texture":"#1"},"north":{"uv":[2.25,8.125,2.4375,8.1875],"tintindex":0,"rotation":0,"texture":"#1"},"west":{"uv":[11.4375,5.4375,11.5,5.5],"tintindex":0,"rotation":0,"texture":"#1"},"up":{"uv":[9.5,5.8125,9.3125,5.75],"tintindex":0,"rotation":0,"texture":"#1"},"down":{"uv":[1.25,9.5625,1.0625,9.625],"tintindex":0,"rotation":0,"texture":"#1"}},"rotation":{"origin":[13.021231,8.207623,7.949999],"angle":-22.5,"axis":"z"}},{"from":[11.273411,-7.9093437,6.72612],"to":[18.52341,-2.0593414,7.3261204],"faces":{"east":{"uv":[11.0,12.375,11.0625,12.75],"tintindex":0,"rotation":0,"texture":"#1"},"south":{"uv":[7.25,11.75,7.6875,12.125],"tintindex":0,"rotation":0,"texture":"#1"},"north":{"uv":[4.6875,11.75,5.125,12.125],"tintindex":0,"rotation":0,"texture":"#1"},"west":{"uv":[11.0625,12.375,11.125,12.75],"tintindex":0,"rotation":0,"texture":"#1"},"up":{"uv":[3.1875,9.0625,2.75,9.0],"tintindex":0,"rotation":0,"texture":"#1"},"down":{"uv":[5.25,9.375,4.8125,9.4375],"tintindex":0,"rotation":0,"texture":"#1"}},"rotation":{"origin":[13.021231,8.207623,7.949999],"angle":-22.5,"axis":"z"}},{"from":[10.12341,-1.1593437,6.72612],"to":[11.273411,2.290657,7.3261204],"faces":{"east":{"uv":[10.3125,9.375,10.375,9.5625],"tintindex":0,"rotation":0,"texture":"#1"},"south":{"uv":[10.5,3.0625,10.5625,3.25],"tintindex":0,"rotation":0,"texture":"#1"},"north":{"uv":[10.125,5.5625,10.1875,5.75],"tintindex":0,"rotation":0,"texture":"#1"},"west":{"uv":[1.9375,10.875,2.0,11.0625],"tintindex":0,"rotation":0,"texture":"#1"},"up":{"uv":[11.5,7.25,11.4375,7.1875],"tintindex":0,"rotation":0,"texture":"#1"},"down":{"uv":[11.5,7.25,11.4375,7.3125],"tintindex":0,"rotation":0,"texture":"#1"}},"rotation":{"origin":[13.021231,8.207623,7.949999],"angle":-22.5,"axis":"z"}},{"from":[6.4673166,3.25,5.8761196],"to":[9.367316,4.9000015,8.176119],"faces":{"east":{"uv":[0.5,12.4375,0.625,12.5625],"tintindex":0,"rotation":0,"texture":"#1"},"south":{"uv":[12.375,10.3125,12.5625,10.4375],"tintindex":0,"rotation":0,"texture":"#1"},"north":{"uv":[12.375,10.1875,12.5625,10.3125],"tintindex":0,"rotation":0,"texture":"#1"},"west":{"uv":[0.625,12.4375,0.75,12.5625],"tintindex":0,"rotation":0,"texture":"#1"},"up":{"uv":[10.8125,12.5,10.625,12.375],"tintindex":0,"rotation":0,"texture":"#1"},"down":{"uv":[11.0,12.375,10.8125,12.5],"tintindex":0,"rotation":0,"texture":"#1"}}},{"from":[9.367316,3.4500008,6.1261196],"to":[10.517317,4.799999,7.8761196],"faces":{"east":{"uv":[10.9375,3.0,11.0625,3.0625],"tintindex":0,"rotation":0,"texture":"#1"},"south":{"uv":[7.0,11.3125,7.0625,11.375],"tintindex":0,"rotation":0,"texture":"#1"},"north":{"uv":[7.0,11.25,7.0625,11.3125],"tintindex":0,"rotation":0,"texture":"#1"},"west":{"uv":[11.3125,8.1875,11.4375,8.25],"tintindex":0,"rotation":0,"texture":"#1"},"up":{"uv":[11.0,4.25,10.9375,4.125],"tintindex":0,"rotation":0,"texture":"#1"},"down":{"uv":[10.9375,11.1875,10.875,11.3125],"tintindex":0,"rotation":0,"texture":"#1"}}}]}