{"textures":{"1":"modelengine:entity/mammoth"},"elements":[{"from":[5.2,-0.9904766,2.2714286],"to":[11.485714,3.2380953,8.1],"rotation":{"angle":0.0,"axis":"y","origin":[8.342857,7.3809524,4.0142856]},"faces":{"east":{"uv":[10.875,5.5,11.5,5.9375],"rotation":0,"texture":"#1","tintindex":0},"south":{"uv":[10.25,10.75,10.9375,11.1875],"rotation":0,"texture":"#1","tintindex":0},"north":{"uv":[9.5625,10.75,10.25,11.1875],"rotation":0,"texture":"#1","tintindex":0},"west":{"uv":[10.875,5.5,11.5,5.9375],"rotation":0,"texture":"#1","tintindex":0},"up":{"uv":[4.125,10.0,3.4375,9.375],"rotation":0,"texture":"#1","tintindex":0},"down":{"uv":[4.8125,9.375,4.125,10.0],"rotation":0,"texture":"#1","tintindex":0}}},{"from":[4.5142856,2.6666665,1.9285712],"to":[11.657143,7.409524,8.157143],"rotation":{"angle":0.0,"axis":"x","origin":[8.057143,10.466667,4.0714283]},"faces":{"east":{"uv":[6.5625,10.125,7.25,10.625],"rotation":0,"texture":"#1","tintindex":0},"south":{"uv":[9.875,8.125,10.625,8.625],"rotation":0,"texture":"#1","tintindex":0},"north":{"uv":[9.875,7.625,10.625,8.125],"rotation":0,"texture":"#1","tintindex":0},"west":{"uv":[10.875,5.5,11.5,5.9375],"rotation":0,"texture":"#1","tintindex":0},"up":{"uv":[9.375,0.6875,8.625,0.0],"rotation":0,"texture":"#1","tintindex":0},"down":{"uv":[9.375,0.6875,8.625,1.375],"rotation":0,"texture":"#1","tintindex":0}}},{"from":[4.457143,6.152381,1.4142857],"to":[11.714286,13.580953,8.785714],"rotation":{"angle":22.5,"axis":"x","origin":[6.857143,7.0380955,4.5857143]},"faces":{"east":{"uv":[6.75,0.0,7.5625,0.8125],"rotation":0,"texture":"#1","tintindex":0},"south":{"uv":[4.1875,6.8125,5.0,7.625],"rotation":0,"texture":"#1","tintindex":0},"north":{"uv":[6.6875,5.3125,7.5,6.125],"rotation":0,"texture":"#1","tintindex":0},"west":{"uv":[10.875,5.5,11.5,5.9375],"rotation":0,"texture":"#1","tintindex":0},"up":{"uv":[0.8125,7.6875,0.0,6.875],"rotation":0,"texture":"#1","tintindex":0},"down":{"uv":[7.6875,6.125,6.875,6.9375],"rotation":0,"texture":"#1","tintindex":0}}}],"display":{"head":{"translation":[0.0,-6.4,0.0],"scale":[4.0,4.0,4.0]}}}