{"textures":{"0":"modelengine:entity/love_bunny"},"elements":[{"from":[6.1485715,6.4305787,4.6060715],"to":[9.851429,10.133436,8.3089285],"rotation":{"angle":0.0,"axis":"y","origin":[7.5371428,7.8191504,3.9117856]},"faces":{"east":{"uv":[1.258,6.508,2.242,7.492],"rotation":0,"texture":"#0","tintindex":0},"south":{"uv":[2.508,6.508,3.492,7.492],"rotation":0,"texture":"#0","tintindex":0},"north":{"uv":[0.008,6.508,0.992,7.492],"rotation":0,"texture":"#0","tintindex":0},"west":{"uv":[3.758,6.508,4.742,7.492],"rotation":0,"texture":"#0","tintindex":0},"up":{"uv":[5.992,7.492,5.008,6.508],"rotation":0,"texture":"#0","tintindex":0},"down":{"uv":[7.742,3.008,6.758,3.992],"rotation":0,"texture":"#0","tintindex":0}}},{"from":[6.1485715,6.4305787,3.680357],"to":[9.851429,8.282007,4.6060715],"rotation":{"angle":0.0,"axis":"y","origin":[7.5371428,7.8191504,3.9117856]},"faces":{"east":{"uv":[11.008,7.508,11.242,7.992],"rotation":0,"texture":"#0","tintindex":0},"south":{"uv":[8.508,4.508,9.492,4.992],"rotation":0,"texture":"#0","tintindex":0},"north":{"uv":[8.508,3.758,9.492,4.242],"rotation":0,"texture":"#0","tintindex":0},"west":{"uv":[7.758,11.008,7.992,11.492],"rotation":0,"texture":"#0","tintindex":0},"up":{"uv":[10.242,9.492,9.258,9.258],"rotation":0,"texture":"#0","tintindex":0},"down":{"uv":[10.492,0.008,9.508,0.242],"rotation":0,"texture":"#0","tintindex":0}}},{"from":[7.5371428,7.587722,3.4489284],"to":[8.462857,8.513436,4.3746424],"rotation":{"angle":0.0,"axis":"y","origin":[7.0742855,7.8191504,3.9117856]},"faces":{"east":{"uv":[11.508,0.008,11.742,0.242],"rotation":0,"texture":"#0","tintindex":0},"south":{"uv":[11.508,0.508,11.742,0.742],"rotation":0,"texture":"#0","tintindex":0},"north":{"uv":[11.258,11.008,11.492,11.242],"rotation":0,"texture":"#0","tintindex":0},"west":{"uv":[11.508,1.008,11.742,1.242],"rotation":0,"texture":"#0","tintindex":0},"up":{"uv":[11.742,4.992,11.508,4.758],"rotation":0,"texture":"#0","tintindex":0},"down":{"uv":[11.742,5.258,11.508,5.492],"rotation":0,"texture":"#0","tintindex":0}}},{"from":[4.297143,4.57915,6.4575],"to":[11.702857,10.133436,6.4575],"rotation":{"angle":0.0,"axis":"y","origin":[7.5371428,7.8191504,3.9117856]},"faces":{"east":{"uv":[11.258,11.508,11.258,12.992],"rotation":0,"texture":"#0","tintindex":0},"south":{"uv":[4.492,0.008,2.508,1.492],"rotation":0,"texture":"#0","tintindex":0},"north":{"uv":[2.508,0.008,4.492,1.492],"rotation":0,"texture":"#0","tintindex":0},"west":{"uv":[11.508,11.508,11.508,12.992],"rotation":0,"texture":"#0","tintindex":0},"up":{"uv":[13.492,8.258,11.508,8.258],"rotation":0,"texture":"#0","tintindex":0},"down":{"uv":[13.492,8.508,11.508,8.508],"rotation":0,"texture":"#0","tintindex":0}}}],"display":{"head":{"translation":[0.0,-6.4,0.0],"scale":[4.0,4.0,4.0]}}}