{"textures":{"0":"modelengine:entity/love_bunny"},"elements":[{"from":[6.38,3.5314293,6.1827846],"to":[9.62,9.201429,9.422785],"faces":{"east":{"uv":[0.758,8.758,1.242,9.625],"tintindex":0,"rotation":0,"texture":"#0"},"south":{"uv":[8.758,7.258,9.242,8.125],"tintindex":0,"rotation":0,"texture":"#0"},"north":{"uv":[0.008,8.758,0.492,9.625],"tintindex":0,"rotation":0,"texture":"#0"},"west":{"uv":[1.508,9.008,1.992,9.875],"tintindex":0,"rotation":0,"texture":"#0"},"up":{"uv":[7.242,4.742,6.758,4.258],"tintindex":0,"rotation":0,"texture":"#0"},"down":{"uv":[5.992,7.758,5.508,8.242],"tintindex":0,"rotation":0,"texture":"#0"}},"rotation":{"origin":[7.1899996,7.986429,6.9927845],"angle":22.5,"axis":"x"}}]}