{"textures":{"0":"modelengine:entity/love_bunny"},"elements":[{"from":[6.805233,6.494547,7.783335],"to":[9.235233,9.734547,11.833336],"faces":{"east":{"uv":[9.008,3.008,9.625,3.492],"tintindex":0,"rotation":0,"texture":"#0"},"south":{"uv":[4.008,10.258,4.375,10.742],"tintindex":0,"rotation":0,"texture":"#0"},"north":{"uv":[10.258,1.508,10.625,1.992],"tintindex":0,"rotation":0,"texture":"#0"},"west":{"uv":[9.258,8.508,9.875,8.992],"tintindex":0,"rotation":0,"texture":"#0"},"up":{"uv":[10.375,5.875,10.008,5.258],"tintindex":0,"rotation":0,"texture":"#0"},"down":{"uv":[10.375,6.258,10.008,6.875],"tintindex":0,"rotation":0,"texture":"#0"}}}]}