{"textures":{"0":"modelengine:entity/love_bunny"},"elements":[{"from":[7.0742855,5.446531,6.9615912],"to":[8.9257145,8.686531,8.81302],"rotation":{"angle":22.5,"axis":"x","origin":[7.5371428,7.992245,7.4244485]},"faces":{"east":{"uv":[0.758,8.758,1.242,9.625],"rotation":0,"texture":"#0","tintindex":0},"south":{"uv":[8.758,7.258,9.242,8.125],"rotation":0,"texture":"#0","tintindex":0},"north":{"uv":[0.008,8.758,0.492,9.625],"rotation":0,"texture":"#0","tintindex":0},"west":{"uv":[1.508,9.008,1.992,9.875],"rotation":0,"texture":"#0","tintindex":0},"up":{"uv":[7.242,4.742,6.758,4.258],"rotation":0,"texture":"#0","tintindex":0},"down":{"uv":[5.992,7.758,5.508,8.242],"rotation":0,"texture":"#0","tintindex":0}}}],"display":{"head":{"translation":[0.0,-6.4,0.0],"scale":[4.0,4.0,4.0]}}}