{"textures":{"0":"modelengine:entity/love_bunny"},"elements":[{"from":[7.342731,4.691118,7.7488585],"to":[8.685017,7.931118,9.13743],"rotation":{"angle":22.5,"axis":"x","origin":[8.013874,8.764261,8.882858]},"faces":{"east":{"uv":[5.258,9.258,5.625,10.125],"rotation":0,"texture":"#0","tintindex":0},"south":{"uv":[6.008,9.258,6.375,10.125],"rotation":0,"texture":"#0","tintindex":0},"north":{"uv":[4.508,9.008,4.875,9.875],"rotation":0,"texture":"#0","tintindex":0},"west":{"uv":[9.258,6.008,9.625,6.875],"rotation":0,"texture":"#0","tintindex":0},"up":{"uv":[5.125,10.875,4.758,10.508],"rotation":0,"texture":"#0","tintindex":0},"down":{"uv":[5.875,10.508,5.508,10.875],"rotation":0,"texture":"#0","tintindex":0}}}],"display":{"head":{"translation":[0.0,-6.4,0.0],"scale":[4.0,4.0,4.0]}}}