{"textures":{"0":"modelengine:entity/love_bunny"},"elements":[{"from":[7.538328,7.7557755,7.5950003],"to":[10.778328,12.615776,8.405001],"faces":{"east":{"uv":[8.875,11.008,8.758,11.742],"tintindex":0,"rotation":0,"texture":"#0"},"south":{"uv":[2.742,9.008,2.258,9.742],"tintindex":0,"rotation":0,"texture":"#0"},"north":{"uv":[9.492,2.008,9.008,2.742],"tintindex":0,"rotation":0,"texture":"#0"},"west":{"uv":[8.375,11.008,8.258,11.742],"tintindex":0,"rotation":0,"texture":"#0"},"up":{"uv":[10.008,3.375,10.492,3.258],"tintindex":0,"rotation":0,"texture":"#0"},"down":{"uv":[10.258,2.258,10.742,2.375],"tintindex":0,"rotation":0,"texture":"#0"}},"rotation":{"origin":[8.348329,10.995775,7.5950003],"angle":-22.5,"axis":"z"}},{"from":[7.538328,7.7557755,8.0],"to":[14.018329,17.475775,8.0],"faces":{"south":{"uv":[4.758,0.008,5.742,1.492],"tintindex":0,"rotation":0,"texture":"#0"},"north":{"uv":[5.742,0.008,4.758,1.492],"tintindex":0,"rotation":0,"texture":"#0"}},"rotation":{"origin":[8.348329,10.995775,7.5950003],"angle":-22.5,"axis":"z"}}]}