{"textures":{"0":"modelengine:entity/love_bunny"},"elements":[{"from":[7.7361875,7.8604436,7.7685714],"to":[9.587616,10.637587,8.231428],"rotation":{"angle":-22.5,"axis":"z","origin":[8.199045,9.711872,7.7685714]},"faces":{"east":{"uv":[8.875,11.008,8.758,11.742],"rotation":0,"texture":"#0","tintindex":0},"south":{"uv":[2.742,9.008,2.258,9.742],"rotation":0,"texture":"#0","tintindex":0},"north":{"uv":[9.492,2.008,9.008,2.742],"rotation":0,"texture":"#0","tintindex":0},"west":{"uv":[8.375,11.008,8.258,11.742],"rotation":0,"texture":"#0","tintindex":0},"up":{"uv":[10.008,3.375,10.492,3.258],"rotation":0,"texture":"#0","tintindex":0},"down":{"uv":[10.258,2.258,10.742,2.375],"rotation":0,"texture":"#0","tintindex":0}}},{"from":[7.7361875,7.8604436,8.0],"to":[11.439045,13.414729,8.0],"rotation":{"angle":-22.5,"axis":"z","origin":[8.199045,9.711872,7.7685714]},"faces":{"east":{"uv":[11.508,6.258,11.508,7.742],"rotation":0,"texture":"#0","tintindex":0},"south":{"uv":[4.758,0.008,5.742,1.492],"rotation":0,"texture":"#0","tintindex":0},"north":{"uv":[5.742,0.008,4.758,1.492],"rotation":0,"texture":"#0","tintindex":0},"west":{"uv":[6.258,11.508,6.258,12.992],"rotation":0,"texture":"#0","tintindex":0},"up":{"uv":[6.508,11.508,7.492,11.508],"rotation":0,"texture":"#0","tintindex":0},"down":{"uv":[11.508,8.008,12.492,8.008],"rotation":0,"texture":"#0","tintindex":0}}}],"display":{"head":{"translation":[0.0,-6.4,0.0],"scale":[4.0,4.0,4.0]}}}