{"textures":{"0":"modelengine:entity/love_bunny"},"elements":[{"from":[7.159651,6.191487,3.3311272],"to":[8.779651,8.621487,6.571127],"faces":{"east":{"uv":[9.992,10.258,9.508,10.625],"tintindex":0,"rotation":0,"texture":"#0"},"south":{"uv":[9.992,11.008,9.758,11.375],"tintindex":0,"rotation":0,"texture":"#0"},"north":{"uv":[9.492,11.008,9.258,11.375],"tintindex":0,"rotation":0,"texture":"#0"},"west":{"uv":[10.742,8.008,10.258,8.375],"tintindex":0,"rotation":0,"texture":"#0"},"up":{"uv":[3.008,10.992,3.242,10.508],"tintindex":0,"rotation":0,"texture":"#0"},"down":{"uv":[11.008,6.758,11.242,7.242],"tintindex":0,"rotation":0,"texture":"#0"}}},{"from":[6.7546506,6.56554,6.036653],"to":[9.18465,8.99554,8.466653],"faces":{"east":{"uv":[11.125,5.258,10.758,5.625],"tintindex":0,"rotation":0,"texture":"#0"},"south":{"uv":[11.125,0.758,10.758,1.125],"tintindex":0,"rotation":0,"texture":"#0"},"north":{"uv":[10.875,8.758,10.508,9.125],"tintindex":0,"rotation":0,"texture":"#0"},"west":{"uv":[11.125,0.008,10.758,0.375],"tintindex":0,"rotation":0,"texture":"#0"},"up":{"uv":[10.758,6.375,11.125,6.008],"tintindex":0,"rotation":0,"texture":"#0"},"down":{"uv":[6.258,10.758,6.625,11.125],"tintindex":0,"rotation":0,"texture":"#0"}},"rotation":{"origin":[7.9696507,7.78054,7.251653],"angle":-22.5,"axis":"x"}},{"from":[8.086678,6.2319865,4.1702585],"to":[9.706677,8.580987,6.600259],"faces":{"east":{"uv":[11.125,9.508,10.758,9.875],"tintindex":0,"rotation":0,"texture":"#0"},"south":{"uv":[11.242,10.258,11.008,10.625],"tintindex":0,"rotation":0,"texture":"#0"},"north":{"uv":[10.492,11.008,10.258,11.375],"tintindex":0,"rotation":0,"texture":"#0"},"west":{"uv":[7.375,10.758,7.008,11.125],"tintindex":0,"rotation":0,"texture":"#0"},"up":{"uv":[10.758,11.375,10.992,11.008],"tintindex":0,"rotation":0,"texture":"#0"},"down":{"uv":[0.008,11.258,0.242,11.625],"tintindex":0,"rotation":0,"texture":"#0"}},"rotation":{"origin":[8.937178,7.4064865,5.3852587],"angle":-22.5,"axis":"y"}},{"from":[5.706124,6.2319865,7.3697586],"to":[7.3261237,8.580987,9.799759],"faces":{"east":{"uv":[11.375,3.258,11.008,3.625],"tintindex":0,"rotation":0,"texture":"#0"},"south":{"uv":[1.242,11.258,1.008,11.625],"tintindex":0,"rotation":0,"texture":"#0"},"north":{"uv":[0.742,11.258,0.508,11.625],"tintindex":0,"rotation":0,"texture":"#0"},"west":{"uv":[11.375,1.508,11.008,1.875],"tintindex":0,"rotation":0,"texture":"#0"},"up":{"uv":[1.508,11.625,1.742,11.258],"tintindex":0,"rotation":0,"texture":"#0"},"down":{"uv":[2.008,11.258,2.242,11.625],"tintindex":0,"rotation":0,"texture":"#0"}},"rotation":{"origin":[-1.0978756,7.4064865,5.3852587],"angle":22.5,"axis":"y"}}]}