{"textures":{"0":"modelengine:entity/love_bunny"},"elements":[{"from":[6.785,7.3941555,3.9132695],"to":[9.215,9.824156,7.9632697],"faces":{"east":{"uv":[10.625,7.258,10.008,7.625],"tintindex":0,"rotation":0,"texture":"#0"},"south":{"uv":[11.375,4.008,11.008,4.375],"tintindex":0,"rotation":0,"texture":"#0"},"north":{"uv":[4.375,11.008,4.008,11.375],"tintindex":0,"rotation":0,"texture":"#0"},"west":{"uv":[7.375,10.008,6.758,10.375],"tintindex":0,"rotation":0,"texture":"#0"},"up":{"uv":[7.758,10.625,8.125,10.008],"tintindex":0,"rotation":0,"texture":"#0"},"down":{"uv":[1.508,10.258,1.875,10.875],"tintindex":0,"rotation":0,"texture":"#0"}},"rotation":{"origin":[8.0,10.269655,9.05677],"angle":-22.5,"axis":"x"}}]}