{"textures":{"0":"modelengine:entity/love_bunny"},"elements":[{"from":[7.305714,7.6538033,5.6647253],"to":[8.694285,9.042375,7.9790115],"rotation":{"angle":-22.5,"axis":"x","origin":[8.0,9.296947,8.6038685]},"faces":{"east":{"uv":[10.625,7.258,10.008,7.625],"rotation":0,"texture":"#0","tintindex":0},"south":{"uv":[11.375,4.008,11.008,4.375],"rotation":0,"texture":"#0","tintindex":0},"north":{"uv":[4.375,11.008,4.008,11.375],"rotation":0,"texture":"#0","tintindex":0},"west":{"uv":[7.375,10.008,6.758,10.375],"rotation":0,"texture":"#0","tintindex":0},"up":{"uv":[7.758,10.625,8.125,10.008],"rotation":0,"texture":"#0","tintindex":0},"down":{"uv":[1.508,10.258,1.875,10.875],"rotation":0,"texture":"#0","tintindex":0}}}],"display":{"head":{"translation":[0.0,-6.4,0.0],"scale":[4.0,4.0,4.0]}}}