{"textures":{"0":"modelengine:entity/love_bunny"},"elements":[{"from":[8.04953,6.9897065,5.8115764],"to":[8.9752445,8.331992,7.2001476],"rotation":{"angle":-22.5,"axis":"y","origin":[8.53553,7.6608496,6.505862]},"faces":{"east":{"uv":[11.125,9.508,10.758,9.875],"rotation":0,"texture":"#0","tintindex":0},"south":{"uv":[11.242,10.258,11.008,10.625],"rotation":0,"texture":"#0","tintindex":0},"north":{"uv":[10.492,11.008,10.258,11.375],"rotation":0,"texture":"#0","tintindex":0},"west":{"uv":[7.375,10.758,7.008,11.125],"rotation":0,"texture":"#0","tintindex":0},"up":{"uv":[10.758,11.375,10.992,11.008],"rotation":0,"texture":"#0","tintindex":0},"down":{"uv":[0.008,11.258,0.242,11.625],"rotation":0,"texture":"#0","tintindex":0}}},{"from":[7.288372,7.1803083,6.8780875],"to":[8.676943,8.56888,8.266659],"rotation":{"angle":-22.5,"axis":"x","origin":[7.9826574,7.874594,7.5723734]},"faces":{"east":{"uv":[11.125,5.258,10.758,5.625],"rotation":0,"texture":"#0","tintindex":0},"south":{"uv":[11.125,0.758,10.758,1.125],"rotation":0,"texture":"#0","tintindex":0},"north":{"uv":[10.875,8.758,10.508,9.125],"rotation":0,"texture":"#0","tintindex":0},"west":{"uv":[11.125,0.008,10.758,0.375],"rotation":0,"texture":"#0","tintindex":0},"up":{"uv":[10.758,6.375,11.125,6.008],"rotation":0,"texture":"#0","tintindex":0},"down":{"uv":[6.258,10.758,6.625,11.125],"rotation":0,"texture":"#0","tintindex":0}}},{"from":[7.5198,6.9665637,5.3320723],"to":[8.445515,8.355135,7.1835012],"rotation":{"angle":0.0,"axis":"y","origin":[7.9826574,7.6608496,6.4892154]},"faces":{"east":{"uv":[9.992,10.258,9.508,10.625],"rotation":0,"texture":"#0","tintindex":0},"south":{"uv":[9.992,11.008,9.758,11.375],"rotation":0,"texture":"#0","tintindex":0},"north":{"uv":[9.492,11.008,9.258,11.375],"rotation":0,"texture":"#0","tintindex":0},"west":{"uv":[10.742,8.008,10.258,8.375],"rotation":0,"texture":"#0","tintindex":0},"up":{"uv":[3.008,10.992,3.242,10.508],"rotation":0,"texture":"#0","tintindex":0},"down":{"uv":[11.008,6.758,11.242,7.242],"rotation":0,"texture":"#0","tintindex":0}}},{"from":[6.6892138,6.9897065,7.639862],"to":[7.614928,8.331992,9.028434],"rotation":{"angle":22.5,"axis":"y","origin":[2.8012133,7.6608496,6.505862]},"faces":{"east":{"uv":[11.375,3.258,11.008,3.625],"rotation":0,"texture":"#0","tintindex":0},"south":{"uv":[1.242,11.258,1.008,11.625],"rotation":0,"texture":"#0","tintindex":0},"north":{"uv":[0.742,11.258,0.508,11.625],"rotation":0,"texture":"#0","tintindex":0},"west":{"uv":[11.375,1.508,11.008,1.875],"rotation":0,"texture":"#0","tintindex":0},"up":{"uv":[1.508,11.625,1.742,11.258],"rotation":0,"texture":"#0","tintindex":0},"down":{"uv":[2.008,11.258,2.242,11.625],"rotation":0,"texture":"#0","tintindex":0}}}],"display":{"head":{"translation":[0.0,-6.4,0.0],"scale":[4.0,4.0,4.0]}}}