{"textures":{"0":"modelengine:entity/love_bunny"},"elements":[{"from":[7.544286,7.5371428,7.9914284],"to":[8.455714,8.462857,11.694286],"rotation":{"angle":0.0,"axis":"y","origin":[7.992857,5.5699997,-4.922286]},"faces":{"east":{"uv":[2.258,10.008,3.242,10.242],"rotation":0,"texture":"#0","tintindex":0},"south":{"uv":[11.258,8.758,11.492,8.992],"rotation":0,"texture":"#0","tintindex":0},"north":{"uv":[5.758,11.258,5.992,11.492],"rotation":0,"texture":"#0","tintindex":0},"west":{"uv":[10.008,2.758,10.992,2.992],"rotation":0,"texture":"#0","tintindex":0},"up":{"uv":[1.242,10.992,1.008,10.008],"rotation":0,"texture":"#0","tintindex":0},"down":{"uv":[3.742,10.008,3.508,10.992],"rotation":0,"texture":"#0","tintindex":0}}},{"from":[3.8342857,8.0,7.9914284],"to":[12.165714,8.0,16.322857],"rotation":{"angle":0.0,"axis":"y","origin":[8.0,5.5699997,-4.922286]},"faces":{"east":{"uv":[11.258,9.258,13.492,9.258],"rotation":0,"texture":"#0","tintindex":0},"south":{"uv":[11.508,5.758,13.742,5.758],"rotation":0,"texture":"#0","tintindex":0},"north":{"uv":[11.258,3.008,13.492,3.008],"rotation":0,"texture":"#0","tintindex":0},"west":{"uv":[11.508,6.008,13.742,6.008],"rotation":0,"texture":"#0","tintindex":0},"up":{"uv":[2.242,2.242,0.008,0.008],"rotation":0,"texture":"#0","tintindex":0},"down":{"uv":[2.242,0.008,0.008,2.242],"rotation":0,"texture":"#0","tintindex":0}}}],"display":{"head":{"translation":[0.0,-6.4,0.0],"scale":[4.0,4.0,4.0]}}}