{"textures":{"0":"modelengine:entity/love_bunny"},"elements":[{"from":[7.544286,7.5371428,8.084286],"to":[8.455714,8.462857,11.787143],"rotation":{"angle":0.0,"axis":"y","origin":[7.992857,5.5699997,2.5762854]},"faces":{"east":{"uv":[9.758,3.758,10.742,3.992],"rotation":0,"texture":"#0","tintindex":0},"south":{"uv":[3.508,11.258,3.742,11.492],"rotation":0,"texture":"#0","tintindex":0},"north":{"uv":[3.008,11.258,3.242,11.492],"rotation":0,"texture":"#0","tintindex":0},"west":{"uv":[9.758,4.258,10.742,4.492],"rotation":0,"texture":"#0","tintindex":0},"up":{"uv":[8.742,10.742,8.508,9.758],"rotation":0,"texture":"#0","tintindex":0},"down":{"uv":[9.242,9.758,9.008,10.742],"rotation":0,"texture":"#0","tintindex":0}}}],"display":{"head":{"translation":[0.0,-6.4,0.0],"scale":[4.0,4.0,4.0]}}}