{"textures":{"0":"modelengine:entity/love_bunny"},"elements":[{"from":[0.71000004,8.0,7.9850006],"to":[15.29,8.0,22.564999],"faces":{"up":{"uv":[2.242,2.242,0.008,0.008],"tintindex":0,"rotation":0,"texture":"#0"},"down":{"uv":[2.242,0.008,0.008,2.242],"tintindex":0,"rotation":0,"texture":"#0"}}},{"from":[7.2025,7.1900005,7.9850006],"to":[8.7975,8.81,14.465],"faces":{"east":{"uv":[2.258,10.008,3.242,10.242],"tintindex":0,"rotation":0,"texture":"#0"},"south":{"uv":[11.258,8.758,11.492,8.992],"tintindex":0,"rotation":0,"texture":"#0"},"north":{"uv":[5.758,11.258,5.992,11.492],"tintindex":0,"rotation":0,"texture":"#0"},"west":{"uv":[10.008,2.758,10.992,2.992],"tintindex":0,"rotation":0,"texture":"#0"},"up":{"uv":[1.242,10.992,1.008,10.008],"tintindex":0,"rotation":0,"texture":"#0"},"down":{"uv":[3.742,10.008,3.508,10.992],"tintindex":0,"rotation":0,"texture":"#0"}}}]}