{"textures":{"0":"modelengine:entity/love_bunny"},"elements":[{"from":[6.413061,7.411121,2.6828032],"to":[10.115919,11.576836,6.3856606],"rotation":{"angle":-22.5,"axis":"x","origin":[8.727347,9.262549,6.3856606]},"faces":{"east":{"uv":[1.258,5.008,2.242,6.125],"rotation":0,"texture":"#0","tintindex":0},"south":{"uv":[2.508,5.008,3.492,6.125],"rotation":0,"texture":"#0","tintindex":0},"north":{"uv":[0.008,5.008,0.992,6.125],"rotation":0,"texture":"#0","tintindex":0},"west":{"uv":[3.758,5.008,4.742,6.125],"rotation":0,"texture":"#0","tintindex":0},"up":{"uv":[7.242,5.992,6.258,5.008],"rotation":0,"texture":"#0","tintindex":0},"down":{"uv":[7.242,6.258,6.258,7.242],"rotation":0,"texture":"#0","tintindex":0}}},{"from":[5.950204,6.772099,5.500022],"to":[10.578775,11.400671,8.277164],"rotation":{"angle":0.0,"axis":"y","origin":[8.26449,9.456671,8.740022]},"faces":{"east":{"uv":[7.508,4.258,8.242,5.492],"rotation":0,"texture":"#0","tintindex":0},"south":{"uv":[4.008,3.508,5.242,4.742],"rotation":0,"texture":"#0","tintindex":0},"north":{"uv":[2.508,3.508,3.742,4.742],"rotation":0,"texture":"#0","tintindex":0},"west":{"uv":[7.508,5.758,8.242,6.992],"rotation":0,"texture":"#0","tintindex":0},"up":{"uv":[7.492,8.242,6.258,7.508],"rotation":0,"texture":"#0","tintindex":0},"down":{"uv":[1.242,7.758,0.008,8.492],"rotation":0,"texture":"#0","tintindex":0}}},{"from":[6.413061,6.455016,7.569617],"to":[10.115919,10.62073,11.272474],"rotation":{"angle":22.5,"axis":"x","origin":[7.801633,9.232159,9.883903]},"faces":{"east":{"uv":[5.508,3.508,6.492,4.625],"rotation":0,"texture":"#0","tintindex":0},"south":{"uv":[6.008,0.008,6.992,1.125],"rotation":0,"texture":"#0","tintindex":0},"north":{"uv":[5.008,5.008,5.992,6.125],"rotation":0,"texture":"#0","tintindex":0},"west":{"uv":[6.008,1.508,6.992,2.625],"rotation":0,"texture":"#0","tintindex":0},"up":{"uv":[8.242,0.992,7.258,0.008],"rotation":0,"texture":"#0","tintindex":0},"down":{"uv":[8.242,1.258,7.258,2.242],"rotation":0,"texture":"#0","tintindex":0}}}],"display":{"head":{"translation":[0.0,-6.4,0.0],"scale":[4.0,4.0,4.0]}}}