{"textures":{"0":"modelengine:entity/love_bunny"},"elements":[{"from":[5.2228575,5.296279,7.24683],"to":[11.702857,12.586279,13.72683],"faces":{"east":{"uv":[5.508,3.508,6.492,4.625],"tintindex":0,"rotation":0,"texture":"#0"},"south":{"uv":[6.008,0.008,6.992,1.125],"tintindex":0,"rotation":0,"texture":"#0"},"north":{"uv":[5.008,5.008,5.992,6.125],"tintindex":0,"rotation":0,"texture":"#0"},"west":{"uv":[6.008,1.508,6.992,2.625],"tintindex":0,"rotation":0,"texture":"#0"},"up":{"uv":[8.242,0.992,7.258,0.008],"tintindex":0,"rotation":0,"texture":"#0"},"down":{"uv":[8.242,1.258,7.258,2.242],"tintindex":0,"rotation":0,"texture":"#0"}},"rotation":{"origin":[7.6528573,10.156279,11.296829],"angle":22.5,"axis":"x"}},{"from":[5.2228575,6.9694614,-1.3050938],"to":[11.702857,14.259461,5.1749063],"faces":{"east":{"uv":[1.258,5.008,2.242,6.125],"tintindex":0,"rotation":0,"texture":"#0"},"south":{"uv":[2.508,5.008,3.492,6.125],"tintindex":0,"rotation":0,"texture":"#0"},"north":{"uv":[0.008,5.008,0.992,6.125],"tintindex":0,"rotation":0,"texture":"#0"},"west":{"uv":[3.758,5.008,4.742,6.125],"tintindex":0,"rotation":0,"texture":"#0"},"up":{"uv":[7.242,5.992,6.258,5.008],"tintindex":0,"rotation":0,"texture":"#0"},"down":{"uv":[7.242,6.258,6.258,7.242],"tintindex":0,"rotation":0,"texture":"#0"}},"rotation":{"origin":[9.272858,10.209461,5.1749063],"angle":-22.5,"axis":"x"}},{"from":[4.412857,5.8511734,3.6250386],"to":[12.512857,13.951175,8.485039],"faces":{"east":{"uv":[7.508,4.258,8.242,5.492],"tintindex":0,"rotation":0,"texture":"#0"},"south":{"uv":[4.008,3.508,5.242,4.742],"tintindex":0,"rotation":0,"texture":"#0"},"north":{"uv":[2.508,3.508,3.742,4.742],"tintindex":0,"rotation":0,"texture":"#0"},"west":{"uv":[7.508,5.758,8.242,6.992],"tintindex":0,"rotation":0,"texture":"#0"},"up":{"uv":[7.492,8.242,6.258,7.508],"tintindex":0,"rotation":0,"texture":"#0"},"down":{"uv":[1.242,7.758,0.008,8.492],"tintindex":0,"rotation":0,"texture":"#0"}}}]}