{"textures":{"0":"modelengine:entity/lava_salamander"},"elements":[{"from":[5.9875,11.553642,4.7171926],"to":[9.9875,14.553642,13.717193],"faces":{"east":{"uv":[5.375,1.25,6.5,1.625],"tintindex":0,"rotation":0,"texture":"#0"},"south":{"uv":[3.875,5.75,4.375,6.125],"tintindex":0,"rotation":0,"texture":"#0"},"north":{"uv":[3.25,5.75,3.75,6.125],"tintindex":0,"rotation":0,"texture":"#0"},"west":{"uv":[5.5,0.0,6.625,0.375],"tintindex":0,"rotation":0,"texture":"#0"},"up":{"uv":[0.5,5.0,0.0,3.875],"tintindex":0,"rotation":0,"texture":"#0"},"down":{"uv":[1.125,4.0,0.625,5.125],"tintindex":0,"rotation":0,"texture":"#0"}},"rotation":{"origin":[15.9875,17.383211,19.669697],"angle":-22.5,"axis":"x"}},{"from":[8.0125,10.616789,5.830304],"to":[8.0125,14.616789,14.830304],"faces":{"east":{"uv":[5.375,3.0,4.25,3.5],"tintindex":0,"rotation":0,"texture":"#0"},"west":{"uv":[4.25,3.0,5.375,3.5],"tintindex":0,"rotation":0,"texture":"#0"}},"rotation":{"origin":[8.0125,12.616789,10.330304],"angle":-22.5,"axis":"x"}}]}