{"textures":{"0":"modelengine:entity/nocsy_drakonin8"},"elements":[{"from":[-1.716507,7.0885715,4.5414524],"to":[7.997779,8.802857,6.2557383],"rotation":{"angle":22.5,"axis":"y","origin":[7.140636,7.9457145,6.5414524]},"faces":{"east":{"uv":[3.6875,9.125,3.5,9.3125],"rotation":0,"texture":"#0","tintindex":0},"south":{"uv":[7.0,0.0,5.9375,0.1875],"rotation":0,"texture":"#0","tintindex":0},"north":{"uv":[3.5625,5.875,2.5,6.0625],"rotation":0,"texture":"#0","tintindex":0},"west":{"uv":[3.4375,9.125,3.25,9.3125],"rotation":0,"texture":"#0","tintindex":0},"up":{"uv":[5.9375,0.4375,7.0,0.25],"rotation":0,"texture":"#0","tintindex":0},"down":{"uv":[5.375,5.9375,6.4375,6.125],"rotation":0,"texture":"#0","tintindex":0}}},{"from":[-6.0589485,7.0942855,11.272357],"to":[0.21533728,8.797143,12.975214],"rotation":{"angle":45.0,"axis":"y","origin":[-4.636091,7.9457145,12.123786]},"faces":{"east":{"uv":[6.1875,9.125,6.0,9.3125],"rotation":0,"texture":"#0","tintindex":0},"south":{"uv":[6.375,7.125,7.0625,6.9375],"rotation":0,"texture":"#0","tintindex":0},"north":{"uv":[6.375,6.9375,7.0625,7.125],"rotation":0,"texture":"#0","tintindex":0},"west":{"uv":[5.9375,9.125,5.75,9.3125],"rotation":0,"texture":"#0","tintindex":0},"up":{"uv":[1.4375,7.1875,0.75,7.0],"rotation":0,"texture":"#0","tintindex":0},"down":{"uv":[0.75,7.1875,1.4375,7.0],"rotation":0,"texture":"#0","tintindex":0}}},{"from":[-6.4716063,7.0885715,11.91591],"to":[-4.7573204,8.802857,18.201626],"rotation":{"angle":-22.5,"axis":"y","origin":[-7.900178,7.9457145,12.773053]},"faces":{"east":{"uv":[7.0,1.25,7.6875,1.0625],"rotation":0,"texture":"#0","tintindex":0},"south":{"uv":[6.4375,9.125,6.25,9.3125],"rotation":0,"texture":"#0","tintindex":0},"north":{"uv":[9.3125,6.0625,9.125,6.25],"rotation":0,"texture":"#0","tintindex":0},"west":{"uv":[7.6875,1.0625,7.0,1.25],"rotation":0,"texture":"#0","tintindex":0},"up":{"uv":[4.375,7.625,4.5625,6.9375],"rotation":0,"texture":"#0","tintindex":0},"down":{"uv":[4.5625,6.9375,4.375,7.625],"rotation":0,"texture":"#0","tintindex":0}}},{"from":[-10.287937,8.002857,2.2557383],"to":[7.997779,8.117143,25.68431],"rotation":{"angle":0.0,"axis":"y","origin":[7.140636,7.9457145,6.5414524]},"faces":{"east":{"uv":[6.25,2.3125,8.8125,2.375],"rotation":0,"texture":"#0","tintindex":0},"south":{"uv":[6.9375,4.125,8.9375,4.1875],"rotation":0,"texture":"#0","tintindex":0},"north":{"uv":[6.5625,4.625,8.5625,4.6875],"rotation":0,"texture":"#0","tintindex":0},"west":{"uv":[6.25,2.4375,8.8125,2.5],"rotation":0,"texture":"#0","tintindex":0},"up":{"uv":[2.0,2.5625,0.0,0.0],"rotation":0,"texture":"#0","tintindex":0},"down":{"uv":[4.0625,0.0,2.0625,2.5625],"rotation":0,"texture":"#0","tintindex":0}}}],"display":{"head":{"translation":[0.0,-6.4,0.0],"scale":[4.0,4.0,4.0]}}}