{"textures":{"0":"modelengine:entity/nocsy_drakonin8"},"elements":[{"from":[6.061298,6.3689003,6.5714283],"to":[8.918441,9.226044,9.428572],"rotation":{"angle":0.0,"axis":"y","origin":[8.3470125,6.555906,6.7388253]},"faces":{"east":{"uv":[4.4375,7.6875,4.125,8.0],"rotation":0,"texture":"#0","tintindex":0},"south":{"uv":[3.0625,7.6875,2.75,8.0],"rotation":0,"texture":"#0","tintindex":0},"north":{"uv":[8.0,0.375,7.6875,0.6875],"rotation":0,"texture":"#0","tintindex":0},"west":{"uv":[2.6875,7.6875,2.375,8.0],"rotation":0,"texture":"#0","tintindex":0},"up":{"uv":[5.875,8.0,6.1875,7.6875],"rotation":0,"texture":"#0","tintindex":0},"down":{"uv":[7.0625,7.6875,7.375,8.0],"rotation":0,"texture":"#0","tintindex":0}}},{"from":[-0.79584503,6.9403286,7.0857143],"to":[6.6327267,8.654614,8.8],"rotation":{"angle":0.0,"axis":"y","origin":[8.3470125,6.555906,6.7388253]},"faces":{"east":{"uv":[6.6875,9.0625,6.5,9.25],"rotation":0,"texture":"#0","tintindex":0},"south":{"uv":[7.3125,5.9375,6.5,6.125],"rotation":0,"texture":"#0","tintindex":0},"north":{"uv":[7.3125,5.5625,6.5,5.75],"rotation":0,"texture":"#0","tintindex":0},"west":{"uv":[9.25,5.8125,9.0625,6.0],"rotation":0,"texture":"#0","tintindex":0},"up":{"uv":[6.5,6.375,7.3125,6.1875],"rotation":0,"texture":"#0","tintindex":0},"down":{"uv":[6.5,6.4375,7.3125,6.625],"rotation":0,"texture":"#0","tintindex":0}}},{"from":[-2.3167439,6.946043,2.8344297],"to":[-0.61388683,8.6489,6.8230014],"rotation":{"angle":45.0,"axis":"y","origin":[0.8203988,7.797472,5.971573]},"faces":{"east":{"uv":[2.6875,8.0625,2.25,8.25],"rotation":0,"texture":"#0","tintindex":0},"south":{"uv":[9.1875,9.0625,9.0,9.25],"rotation":0,"texture":"#0","tintindex":0},"north":{"uv":[8.9375,9.0625,8.75,9.25],"rotation":0,"texture":"#0","tintindex":0},"west":{"uv":[8.5,0.3125,8.0625,0.5],"rotation":0,"texture":"#0","tintindex":0},"up":{"uv":[6.8125,8.4375,7.0,8.0],"rotation":0,"texture":"#0","tintindex":0},"down":{"uv":[2.75,8.0625,2.9375,8.5],"rotation":0,"texture":"#0","tintindex":0}}},{"from":[-4.4548855,6.9403286,1.7957988],"to":[-2.7405996,8.654614,5.7957993],"rotation":{"angle":22.5,"axis":"y","origin":[-3.597743,7.797472,3.7957993]},"faces":{"east":{"uv":[4.4375,8.0625,4.0,8.25],"rotation":0,"texture":"#0","tintindex":0},"south":{"uv":[9.3125,2.1875,9.125,2.375],"rotation":0,"texture":"#0","tintindex":0},"north":{"uv":[1.375,9.125,1.1875,9.3125],"rotation":0,"texture":"#0","tintindex":0},"west":{"uv":[3.9375,8.0625,3.5,8.25],"rotation":0,"texture":"#0","tintindex":0},"up":{"uv":[4.5,8.5,4.6875,8.0625],"rotation":0,"texture":"#0","tintindex":0},"down":{"uv":[4.75,8.0625,4.9375,8.5],"rotation":0,"texture":"#0","tintindex":0}}},{"from":[-4.3243933,7.8546147,-1.548172],"to":[7.675607,7.9689,21.8804],"rotation":{"angle":0.0,"axis":"y","origin":[-5.1815367,7.797472,4.451828]},"faces":{"east":{"uv":[6.0,5.8125,8.5625,5.875],"rotation":0,"texture":"#0","tintindex":0},"south":{"uv":[7.875,5.6875,9.1875,5.75],"rotation":0,"texture":"#0","tintindex":0},"north":{"uv":[7.875,2.875,9.1875,2.9375],"rotation":0,"texture":"#0","tintindex":0},"west":{"uv":[6.25,2.1875,8.8125,2.25],"rotation":0,"texture":"#0","tintindex":0},"up":{"uv":[1.3125,5.1875,0.0,2.625],"rotation":0,"texture":"#0","tintindex":0},"down":{"uv":[2.6875,2.625,1.375,5.1875],"rotation":0,"texture":"#0","tintindex":0}}}],"display":{"head":{"translation":[0.0,-6.4,0.0],"scale":[4.0,4.0,4.0]}}}