{"textures":{"0":"modelengine:entity/nocsy_drakonin8"},"elements":[{"from":[6.857143,4.7771745,6.7942166],"to":[8.571428,8.777175,9.079931],"rotation":{"angle":22.5,"axis":"x","origin":[8.285714,8.662889,7.594217]},"faces":{"east":{"uv":[4.9375,7.5625,5.1875,8.0],"rotation":0,"texture":"#0","tintindex":0},"south":{"uv":[8.25,6.75,8.4375,7.1875],"rotation":0,"texture":"#0","tintindex":0},"north":{"uv":[8.25,3.5,8.4375,3.9375],"rotation":0,"texture":"#0","tintindex":0},"west":{"uv":[5.5625,7.5625,5.8125,8.0],"rotation":0,"texture":"#0","tintindex":0},"up":{"uv":[9.125,8.125,8.9375,7.875],"rotation":0,"texture":"#0","tintindex":0},"down":{"uv":[8.4375,8.9375,8.25,9.1875],"rotation":0,"texture":"#0","tintindex":0}}}],"display":{"head":{"translation":[0.0,-6.4,0.0],"scale":[4.0,4.0,4.0]}}}