{"textures":{"0":"modelengine:entity/nocsy_drakonin8"},"elements":[{"from":[9.3714285,7.9145317,8.313452],"to":[11.657143,7.9145317,12.88488],"rotation":{"angle":-22.5,"axis":"z","origin":[10.285714,9.457389,7.1705947]},"faces":{"east":{"uv":[9.375,5.5,9.875,5.5],"rotation":0,"texture":"#0","tintindex":0},"south":{"uv":[5.75,9.375,6.0,9.375],"rotation":0,"texture":"#0","tintindex":0},"north":{"uv":[9.375,5.4375,9.625,5.4375],"rotation":0,"texture":"#0","tintindex":0},"west":{"uv":[9.375,6.0625,9.875,6.0625],"rotation":0,"texture":"#0","tintindex":0},"up":{"uv":[3.4375,7.6875,3.1875,7.1875],"rotation":0,"texture":"#0","tintindex":0},"down":{"uv":[3.75,7.1875,3.5,7.6875],"rotation":0,"texture":"#0","tintindex":0}}},{"from":[3.771428,7.9145317,8.313452],"to":[6.0571427,7.9145317,12.88488],"rotation":{"angle":22.5,"axis":"z","origin":[5.142857,9.457389,7.1705947]},"faces":{"east":{"uv":[9.375,6.125,9.875,6.125],"rotation":0,"texture":"#0","tintindex":0},"south":{"uv":[9.375,6.1875,9.625,6.1875],"rotation":0,"texture":"#0","tintindex":0},"north":{"uv":[6.0625,9.375,6.3125,9.375],"rotation":0,"texture":"#0","tintindex":0},"west":{"uv":[9.375,6.25,9.875,6.25],"rotation":0,"texture":"#0","tintindex":0},"up":{"uv":[4.0625,7.6875,3.8125,7.1875],"rotation":0,"texture":"#0","tintindex":0},"down":{"uv":[5.5,7.1875,5.25,7.6875],"rotation":0,"texture":"#0","tintindex":0}}},{"from":[6.5714283,6.7228823,6.9336557],"to":[8.857143,9.580025,10.362227],"rotation":{"angle":0.0,"axis":"y","origin":[8.0,8.0,9.3714285]},"faces":{"east":{"uv":[7.3125,3.1875,7.6875,3.5],"rotation":0,"texture":"#0","tintindex":0},"south":{"uv":[8.3125,7.25,8.5625,7.5625],"rotation":0,"texture":"#0","tintindex":0},"north":{"uv":[2.4375,8.3125,2.6875,8.625],"rotation":0,"texture":"#0","tintindex":0},"west":{"uv":[7.375,4.75,7.75,5.0625],"rotation":0,"texture":"#0","tintindex":0},"up":{"uv":[6.5,8.3125,6.25,7.9375],"rotation":0,"texture":"#0","tintindex":0},"down":{"uv":[0.25,8.0,0.0,8.375],"rotation":0,"texture":"#0","tintindex":0}}},{"from":[6.857143,7.0085964,10.362227],"to":[8.571428,9.294311,12.076513],"rotation":{"angle":0.0,"axis":"y","origin":[8.285714,8.0,9.3714285]},"faces":{"east":{"uv":[9.0,4.8125,9.1875,5.0625],"rotation":0,"texture":"#0","tintindex":0},"south":{"uv":[5.0,9.0,5.1875,9.25],"rotation":0,"texture":"#0","tintindex":0},"north":{"uv":[4.75,9.0,4.9375,9.25],"rotation":0,"texture":"#0","tintindex":0},"west":{"uv":[9.0,6.6875,9.1875,6.9375],"rotation":0,"texture":"#0","tintindex":0},"up":{"uv":[9.4375,5.0625,9.25,4.875],"rotation":0,"texture":"#0","tintindex":0},"down":{"uv":[9.4375,6.5625,9.25,6.75],"rotation":0,"texture":"#0","tintindex":0}}}],"display":{"head":{"translation":[0.0,-6.4,0.0],"scale":[4.0,4.0,4.0]}}}