{"textures":{"0":"modelengine:entity/nocsy_drakonin8"},"elements":[{"from":[7.2436743,7.2633896,7.62569],"to":[8.729388,9.320533,9.111404],"rotation":{"angle":0.0,"axis":"y","origin":[7.9865313,7.939218,8.192054]},"faces":{"east":{"uv":[7.125,9.0,7.3125,9.25],"rotation":0,"texture":"#0","tintindex":0},"south":{"uv":[7.8125,9.0,8.0,9.25],"rotation":0,"texture":"#0","tintindex":0},"north":{"uv":[6.875,9.0,7.0625,9.25],"rotation":0,"texture":"#0","tintindex":0},"west":{"uv":[9.0,8.1875,9.1875,8.4375],"rotation":0,"texture":"#0","tintindex":0},"up":{"uv":[9.4375,7.4375,9.25,7.25],"rotation":0,"texture":"#0","tintindex":0},"down":{"uv":[8.25,9.25,8.0625,9.4375],"rotation":0,"texture":"#0","tintindex":0}}},{"from":[7.9865313,5.435849,8.300872],"to":[7.9865313,14.578707,19.158016],"rotation":{"angle":0.0,"axis":"y","origin":[7.9865313,9.950135,12.358015]},"faces":{"east":{"uv":[2.75,2.625,3.9375,3.625],"rotation":0,"texture":"#0","tintindex":0},"south":{"uv":[3.625,9.375,3.625,10.375],"rotation":0,"texture":"#0","tintindex":0},"north":{"uv":[3.5625,9.375,3.5625,10.375],"rotation":0,"texture":"#0","tintindex":0},"west":{"uv":[2.75,3.6875,3.9375,4.6875],"rotation":0,"texture":"#0","tintindex":0},"up":{"uv":[3.6875,10.5625,3.6875,9.375],"rotation":0,"texture":"#0","tintindex":0},"down":{"uv":[6.375,9.375,6.375,10.5625],"rotation":0,"texture":"#0","tintindex":0}}},{"from":[7.9109187,3.907278,8.986587],"to":[7.9109187,13.050135,19.84373],"rotation":{"angle":-45.0,"axis":"z","origin":[7.996633,8.407278,13.04373]},"faces":{"east":{"uv":[4.0,2.625,5.1875,3.625],"rotation":0,"texture":"#0","tintindex":0},"south":{"uv":[6.875,9.375,6.875,10.375],"rotation":0,"texture":"#0","tintindex":0},"north":{"uv":[6.4375,9.375,6.4375,10.375],"rotation":0,"texture":"#0","tintindex":0},"west":{"uv":[4.0,3.6875,5.1875,4.6875],"rotation":0,"texture":"#0","tintindex":0},"up":{"uv":[6.9375,10.5625,6.9375,9.375],"rotation":0,"texture":"#0","tintindex":0},"down":{"uv":[7.0,9.375,7.0,10.5625],"rotation":0,"texture":"#0","tintindex":0}}},{"from":[8.062144,3.907278,8.986587],"to":[8.062144,13.050135,19.84373],"rotation":{"angle":45.0,"axis":"z","origin":[7.97643,8.407278,13.04373]},"faces":{"east":{"uv":[4.125,0.0,5.3125,1.0],"rotation":0,"texture":"#0","tintindex":0},"south":{"uv":[7.375,9.375,7.375,10.375],"rotation":0,"texture":"#0","tintindex":0},"north":{"uv":[7.0625,9.375,7.0625,10.375],"rotation":0,"texture":"#0","tintindex":0},"west":{"uv":[4.125,1.0625,5.3125,2.0625],"rotation":0,"texture":"#0","tintindex":0},"up":{"uv":[7.4375,10.5625,7.4375,9.375],"rotation":0,"texture":"#0","tintindex":0},"down":{"uv":[7.5,9.375,7.5,10.5625],"rotation":0,"texture":"#0","tintindex":0}}}],"display":{"head":{"translation":[0.0,-6.4,0.0],"scale":[4.0,4.0,4.0]}}}