{"textures":{"0":"modelengine:entity/dragon_sculk"},"elements":[{"from":[7.5993633,7.4142857,1.1887817],"to":[16.170792,8.557143,2.9030676],"rotation":{"angle":-22.5,"axis":"y","origin":[11.885077,7.9857144,2.0459247]},"faces":{"east":{"uv":[10.375,9.125,10.1875,9.25],"rotation":0,"texture":"#0","tintindex":0},"south":{"uv":[9.125,1.6875,10.0625,1.5625],"rotation":0,"texture":"#0","tintindex":0},"north":{"uv":[10.0625,1.5625,9.125,1.6875],"rotation":0,"texture":"#0","tintindex":0},"west":{"uv":[10.375,4.9375,10.1875,5.0625],"rotation":0,"texture":"#0","tintindex":0},"up":{"uv":[8.5,2.4375,9.4375,2.25],"rotation":0,"texture":"#0","tintindex":0},"down":{"uv":[8.5,2.4375,9.4375,2.25],"rotation":0,"texture":"#0","tintindex":0}}},{"from":[19.962135,7.428571,1.3244128],"to":[21.67642,8.571428,16.181557],"rotation":{"angle":45.0,"axis":"y","origin":[20.819279,8.0,8.752985]},"faces":{"east":{"uv":[9.875,3.6875,8.25,3.8125],"rotation":0,"texture":"#0","tintindex":0},"south":{"uv":[10.4375,0.625,10.25,0.75],"rotation":0,"texture":"#0","tintindex":0},"north":{"uv":[10.4375,0.4375,10.25,0.5625],"rotation":0,"texture":"#0","tintindex":0},"west":{"uv":[8.25,3.8125,9.875,3.6875],"rotation":0,"texture":"#0","tintindex":0},"up":{"uv":[5.5625,8.9375,5.75,7.3125],"rotation":0,"texture":"#0","tintindex":0},"down":{"uv":[5.75,7.3125,5.5625,8.9375],"rotation":0,"texture":"#0","tintindex":0}}},{"from":[7.8440237,8.0,0.0],"to":[28.415455,8.0,32.0],"rotation":{"angle":0.0,"axis":"y","origin":[18.129738,8.0,16.0]},"faces":{"east":{"uv":[13.8125,2.4375,10.3125,2.4375],"rotation":0,"texture":"#0","tintindex":0},"south":{"uv":[12.5625,2.375,10.3125,2.375],"rotation":0,"texture":"#0","tintindex":0},"north":{"uv":[12.5,2.75,10.25,2.75],"rotation":0,"texture":"#0","tintindex":0},"west":{"uv":[13.8125,0.1875,10.3125,0.1875],"rotation":0,"texture":"#0","tintindex":0},"up":{"uv":[0.0,3.5,2.25,0.0],"rotation":0,"texture":"#0","tintindex":0},"down":{"uv":[0.0,0.0,2.25,3.5],"rotation":0,"texture":"#0","tintindex":0}}},{"from":[24.880194,8.014286,12.528186],"to":[28.880194,8.014286,17.099615],"rotation":{"angle":45.0,"axis":"y","origin":[26.880194,8.014286,14.813901]},"faces":{"east":{"uv":[10.8125,8.75,10.3125,8.75],"rotation":0,"texture":"#0","tintindex":0},"south":{"uv":[9.5625,1.75,9.125,1.75],"rotation":0,"texture":"#0","tintindex":0},"north":{"uv":[8.125,3.5625,7.6875,3.5625],"rotation":0,"texture":"#0","tintindex":0},"west":{"uv":[10.125,8.1875,9.625,8.1875],"rotation":0,"texture":"#0","tintindex":0},"up":{"uv":[7.9375,5.0,8.375,4.5],"rotation":0,"texture":"#0","tintindex":0},"down":{"uv":[7.9375,4.5,8.375,5.0],"rotation":0,"texture":"#0","tintindex":0}}}],"display":{"head":{"translation":[0.0,-6.4,30.387192],"scale":[4.0,4.0,4.0]}}}