{"textures":{"0":"modelengine:entity/dragon_sculk"},"elements":[{"from":[7.458346,7.43,5.1183023],"to":[14.315489,8.572857,6.832588],"rotation":{"angle":22.5,"axis":"y","origin":[10.886917,8.001429,5.9754457]},"faces":{"east":{"uv":[3.1875,9.0625,3.0,9.1875],"rotation":0,"texture":"#0","tintindex":0},"south":{"uv":[4.75,9.5,4.0,9.375],"rotation":0,"texture":"#0","tintindex":0},"north":{"uv":[4.75,9.375,4.0,9.5],"rotation":0,"texture":"#0","tintindex":0},"west":{"uv":[4.8125,3.375,4.625,3.5],"rotation":0,"texture":"#0","tintindex":0},"up":{"uv":[3.25,9.1875,4.0,9.0],"rotation":0,"texture":"#0","tintindex":0},"down":{"uv":[3.25,9.1875,4.0,9.0],"rotation":0,"texture":"#0","tintindex":0}}},{"from":[7.601763,8.001429,0.0],"to":[14.458906,8.001429,32.0],"rotation":{"angle":0.0,"axis":"y","origin":[11.030334,8.001429,16.0]},"faces":{"east":{"uv":[13.8125,5.5,10.3125,5.5],"rotation":0,"texture":"#0","tintindex":0},"south":{"uv":[11.0625,4.3125,10.3125,4.3125],"rotation":0,"texture":"#0","tintindex":0},"north":{"uv":[11.0625,3.375,10.3125,3.375],"rotation":0,"texture":"#0","tintindex":0},"west":{"uv":[13.8125,4.25,10.3125,4.25],"rotation":0,"texture":"#0","tintindex":0},"up":{"uv":[2.375,7.0625,3.125,3.5625],"rotation":0,"texture":"#0","tintindex":0},"down":{"uv":[2.375,3.5625,3.125,7.0625],"rotation":0,"texture":"#0","tintindex":0}}}],"display":{"head":{"translation":[0.0,-6.4,2.3942184],"scale":[4.0,4.0,4.0]}}}