{"textures":{"0":"modelengine:entity/dragon_sculk"},"elements":[{"from":[6.857143,6.799228,7.662903],"to":[9.142858,9.084943,13.377189],"rotation":{"angle":0.0,"axis":"y","origin":[8.0,7.9420853,10.520046]},"faces":{"east":{"uv":[8.5625,0.375,9.1875,0.625],"rotation":0,"texture":"#0","tintindex":0},"south":{"uv":[9.5,5.9375,9.75,6.1875],"rotation":0,"texture":"#0","tintindex":0},"north":{"uv":[9.5,5.625,9.75,5.875],"rotation":0,"texture":"#0","tintindex":0},"west":{"uv":[8.625,8.3125,9.25,8.5625],"rotation":0,"texture":"#0","tintindex":0},"up":{"uv":[6.8125,9.125,6.5625,8.5],"rotation":0,"texture":"#0","tintindex":0},"down":{"uv":[8.875,8.625,8.625,9.25],"rotation":0,"texture":"#0","tintindex":0}}},{"from":[8.0,9.084943,7.662903],"to":[8.0,11.370657,13.377189],"rotation":{"angle":0.0,"axis":"y","origin":[8.0,10.2278,10.520046]},"faces":{"east":{"uv":[9.3125,7.625,8.6875,7.875],"rotation":0,"texture":"#0","tintindex":0},"south":{"uv":[10.3125,8.8125,10.3125,9.0625],"rotation":0,"texture":"#0","tintindex":0},"north":{"uv":[2.75,9.9375,2.75,10.1875],"rotation":0,"texture":"#0","tintindex":0},"west":{"uv":[8.6875,7.625,9.3125,7.875],"rotation":0,"texture":"#0","tintindex":0},"up":{"uv":[0.0625,11.0,0.0625,10.375],"rotation":0,"texture":"#0","tintindex":0},"down":{"uv":[0.125,10.375,0.125,11.0],"rotation":0,"texture":"#0","tintindex":0}}}],"display":{"head":{"translation":[0.0,-6.4,0.0],"scale":[4.0,4.0,4.0]}}}