{"textures":{"0":"modelengine:entity/dragon_sculk"},"elements":[{"from":[5.714286,3.8938408,6.532363],"to":[10.285714,7.8938413,13.389505],"rotation":{"angle":45.0,"axis":"x","origin":[8.0,5.893841,9.960935]},"faces":{"east":{"uv":[7.125,6.1875,7.875,6.625],"rotation":0,"texture":"#0","tintindex":0},"south":{"uv":[7.9375,2.25,8.4375,2.6875],"rotation":0,"texture":"#0","tintindex":0},"north":{"uv":[3.875,7.875,4.375,8.3125],"rotation":0,"texture":"#0","tintindex":0},"west":{"uv":[7.125,6.6875,7.875,7.125],"rotation":0,"texture":"#0","tintindex":0},"up":{"uv":[7.1875,1.5,6.6875,0.75],"rotation":0,"texture":"#0","tintindex":0},"down":{"uv":[7.25,2.375,6.75,3.125],"rotation":0,"texture":"#0","tintindex":0}}},{"from":[6.857143,6.8896356,8.956729],"to":[6.857143,9.7467785,15.813871],"rotation":{"angle":45.0,"axis":"x","origin":[6.857143,8.318207,12.385301]},"faces":{"east":{"uv":[8.6875,1.875,7.9375,2.1875],"rotation":0,"texture":"#0","tintindex":0},"south":{"uv":[9.4375,10.3125,9.4375,10.625],"rotation":0,"texture":"#0","tintindex":0},"north":{"uv":[9.375,10.3125,9.375,10.625],"rotation":0,"texture":"#0","tintindex":0},"west":{"uv":[7.9375,1.875,8.6875,2.1875],"rotation":0,"texture":"#0","tintindex":0},"up":{"uv":[9.5,11.0625,9.5,10.3125],"rotation":0,"texture":"#0","tintindex":0},"down":{"uv":[9.5625,10.3125,9.5625,11.0625],"rotation":0,"texture":"#0","tintindex":0}}},{"from":[9.142858,6.8896356,8.956729],"to":[9.142858,9.7467785,15.813871],"rotation":{"angle":45.0,"axis":"x","origin":[9.142858,8.318207,12.385301]},"faces":{"east":{"uv":[8.6875,1.875,7.9375,2.1875],"rotation":0,"texture":"#0","tintindex":0},"south":{"uv":[9.4375,10.3125,9.4375,10.625],"rotation":0,"texture":"#0","tintindex":0},"north":{"uv":[9.375,10.3125,9.375,10.625],"rotation":0,"texture":"#0","tintindex":0},"west":{"uv":[7.9375,1.875,8.6875,2.1875],"rotation":0,"texture":"#0","tintindex":0},"up":{"uv":[9.5,11.0625,9.5,10.3125],"rotation":0,"texture":"#0","tintindex":0},"down":{"uv":[9.5625,10.3125,9.5625,11.0625],"rotation":0,"texture":"#0","tintindex":0}}}],"display":{"head":{"translation":[0.0,-6.4,0.0],"scale":[4.0,4.0,4.0]}}}