{"textures":{"0":"modelengine:entity/dragon_sculk"},"elements":[{"from":[5.7155843,5.5623827,3.1909947],"to":[10.287013,10.70524,8.333852],"rotation":{"angle":0.0,"axis":"y","origin":[8.001299,8.133812,5.762423]},"faces":{"east":{"uv":[7.25,0.875,7.8125,1.4375],"rotation":0,"texture":"#0","tintindex":0},"south":{"uv":[1.6875,7.625,2.1875,8.1875],"rotation":0,"texture":"#0","tintindex":0},"north":{"uv":[1.125,7.625,1.625,8.1875],"rotation":0,"texture":"#0","tintindex":0},"west":{"uv":[3.875,7.25,4.4375,7.8125],"rotation":0,"texture":"#0","tintindex":0},"up":{"uv":[2.75,8.1875,2.25,7.625],"rotation":0,"texture":"#0","tintindex":0},"down":{"uv":[3.3125,7.625,2.8125,8.1875],"rotation":0,"texture":"#0","tintindex":0}}}],"display":{"head":{"translation":[0.0,-6.4,0.0],"scale":[4.0,4.0,4.0]}}}