{"textures":{"0":"modelengine:entity/nocsy_drakonin7"},"elements":[{"from":[5.1498475,7.4631515,5.684736],"to":[5.1498475,12.606009,11.97045],"rotation":{"angle":-22.5,"axis":"y","origin":[5.1069903,5.920294,8.999022]},"faces":{"east":{"uv":[8.25,6.5,8.9375,7.0625],"rotation":0,"texture":"#0","tintindex":0},"south":{"uv":[8.4375,12.0625,8.4375,12.625],"rotation":0,"texture":"#0","tintindex":0},"north":{"uv":[8.375,12.0625,8.375,12.625],"rotation":0,"texture":"#0","tintindex":0},"west":{"uv":[8.25,7.125,8.9375,7.6875],"rotation":0,"texture":"#0","tintindex":0},"up":{"uv":[10.375,12.8125,10.375,12.125],"rotation":0,"texture":"#0","tintindex":0},"down":{"uv":[10.4375,12.125,10.4375,12.8125],"rotation":0,"texture":"#0","tintindex":0}}},{"from":[10.850153,7.4631515,5.684736],"to":[10.850153,12.606009,11.97045],"rotation":{"angle":22.5,"axis":"y","origin":[10.893009,5.920294,8.999022]},"faces":{"east":{"uv":[7.375,8.5,8.0625,9.0625],"rotation":0,"texture":"#0","tintindex":0},"south":{"uv":[2.1875,12.1875,2.1875,12.75],"rotation":0,"texture":"#0","tintindex":0},"north":{"uv":[2.125,12.1875,2.125,12.75],"rotation":0,"texture":"#0","tintindex":0},"west":{"uv":[8.125,8.5,8.8125,9.0625],"rotation":0,"texture":"#0","tintindex":0},"up":{"uv":[3.3125,12.875,3.3125,12.1875],"rotation":0,"texture":"#0","tintindex":0},"down":{"uv":[6.8125,12.1875,6.8125,12.875],"rotation":0,"texture":"#0","tintindex":0}}},{"from":[6.0,8.03458,5.3885746],"to":[10.0,12.03458,9.960003],"rotation":{"angle":0.0,"axis":"y","origin":[5.9714284,12.320294,5.3457174]},"faces":{"east":{"uv":[8.9375,3.9375,9.4375,4.375],"rotation":0,"texture":"#0","tintindex":0},"south":{"uv":[9.5,0.5,9.9375,0.9375],"rotation":0,"texture":"#0","tintindex":0},"north":{"uv":[9.5,0.0,9.9375,0.4375],"rotation":0,"texture":"#0","tintindex":0},"west":{"uv":[8.9375,4.4375,9.4375,4.875],"rotation":0,"texture":"#0","tintindex":0},"up":{"uv":[9.4375,5.4375,9.0,4.9375],"rotation":0,"texture":"#0","tintindex":0},"down":{"uv":[9.4375,5.5,9.0,6.0],"rotation":0,"texture":"#0","tintindex":0}}},{"from":[6.7653666,3.8823385,5.3885746],"to":[6.7653666,7.882339,9.960003],"rotation":{"angle":-22.5,"axis":"z","origin":[6.7653666,9.8823395,7.6742887]},"faces":{"east":{"uv":[9.0,6.0625,9.5,6.5],"rotation":0,"texture":"#0","tintindex":0},"south":{"uv":[8.0625,12.1875,8.0625,12.625],"rotation":0,"texture":"#0","tintindex":0},"north":{"uv":[6.875,12.1875,6.875,12.625],"rotation":0,"texture":"#0","tintindex":0},"west":{"uv":[9.0,6.5625,9.5,7.0],"rotation":0,"texture":"#0","tintindex":0},"up":{"uv":[9.0,12.6875,9.0,12.1875],"rotation":0,"texture":"#0","tintindex":0},"down":{"uv":[0.5625,12.25,0.5625,12.75],"rotation":0,"texture":"#0","tintindex":0}}},{"from":[9.234633,3.8823385,5.3885746],"to":[9.234633,7.882339,9.960003],"rotation":{"angle":22.5,"axis":"z","origin":[9.234633,9.8823395,7.6742887]},"faces":{"east":{"uv":[9.0,7.0625,9.5,7.5],"rotation":0,"texture":"#0","tintindex":0},"south":{"uv":[0.6875,12.25,0.6875,12.6875],"rotation":0,"texture":"#0","tintindex":0},"north":{"uv":[0.625,12.25,0.625,12.6875],"rotation":0,"texture":"#0","tintindex":0},"west":{"uv":[8.875,9.0,9.375,9.4375],"rotation":0,"texture":"#0","tintindex":0},"up":{"uv":[0.75,12.75,0.75,12.25],"rotation":0,"texture":"#0","tintindex":0},"down":{"uv":[0.8125,12.25,0.8125,12.75],"rotation":0,"texture":"#0","tintindex":0}}},{"from":[6.0,4.121356,10.396828],"to":[10.0,8.121356,10.396828],"rotation":{"angle":-22.5,"axis":"x","origin":[8.0,6.978499,10.396828]},"faces":{"east":{"uv":[0.875,12.25,0.875,12.6875],"rotation":0,"texture":"#0","tintindex":0},"south":{"uv":[1.375,9.5,1.8125,9.9375],"rotation":0,"texture":"#0","tintindex":0},"north":{"uv":[9.5,1.0,9.9375,1.4375],"rotation":0,"texture":"#0","tintindex":0},"west":{"uv":[0.9375,12.25,0.9375,12.6875],"rotation":0,"texture":"#0","tintindex":0},"up":{"uv":[9.1875,9.5,8.75,9.5],"rotation":0,"texture":"#0","tintindex":0},"down":{"uv":[11.8125,9.5625,11.375,9.5625],"rotation":0,"texture":"#0","tintindex":0}}},{"from":[6.0,12.964718,6.9398003],"to":[10.0,12.964718,11.511229],"rotation":{"angle":-22.5,"axis":"x","origin":[8.0,12.879004,9.368372]},"faces":{"east":{"uv":[11.5625,10.875,12.0625,10.875],"rotation":0,"texture":"#0","tintindex":0},"south":{"uv":[12.0,8.5625,12.4375,8.5625],"rotation":0,"texture":"#0","tintindex":0},"north":{"uv":[11.4375,9.375,11.875,9.375],"rotation":0,"texture":"#0","tintindex":0},"west":{"uv":[12.0625,2.8125,12.5625,2.8125],"rotation":0,"texture":"#0","tintindex":0},"up":{"uv":[7.6875,9.625,7.25,9.125],"rotation":0,"texture":"#0","tintindex":0},"down":{"uv":[8.1875,9.125,7.75,9.625],"rotation":0,"texture":"#0","tintindex":0}}},{"from":[6.0,12.034009,8.245717],"to":[10.0,12.034009,12.817146],"rotation":{"angle":0.0,"axis":"y","origin":[8.0,13.119722,12.245718]},"faces":{"east":{"uv":[12.0625,4.625,12.5625,4.625],"rotation":0,"texture":"#0","tintindex":0},"south":{"uv":[12.0625,4.6875,12.5,4.6875],"rotation":0,"texture":"#0","tintindex":0},"north":{"uv":[12.0625,2.875,12.5,2.875],"rotation":0,"texture":"#0","tintindex":0},"west":{"uv":[12.0625,8.25,12.5625,8.25],"rotation":0,"texture":"#0","tintindex":0},"up":{"uv":[8.6875,9.625,8.25,9.125],"rotation":0,"texture":"#0","tintindex":0},"down":{"uv":[3.5,9.3125,3.0625,9.8125],"rotation":0,"texture":"#0","tintindex":0}}},{"from":[5.9714284,8.320294,5.3457174],"to":[7.6857142,12.320294,5.3457174],"rotation":{"angle":0.0,"axis":"y","origin":[7.9714284,9.548865,7.6921277]},"faces":{"east":{"uv":[1.0,12.25,1.0,12.6875],"rotation":0,"texture":"#0","tintindex":0},"south":{"uv":[8.125,11.0,8.3125,11.4375],"rotation":0,"texture":"#0","tintindex":0},"north":{"uv":[6.9375,11.0,7.125,11.4375],"rotation":0,"texture":"#0","tintindex":0},"west":{"uv":[1.0625,12.25,1.0625,12.6875],"rotation":0,"texture":"#0","tintindex":0},"up":{"uv":[3.0,9.8125,2.8125,9.8125],"rotation":0,"texture":"#0","tintindex":0},"down":{"uv":[6.0625,9.875,5.875,9.875],"rotation":0,"texture":"#0","tintindex":0}}},{"from":[6.428571,8.777437,5.2885747],"to":[7.0,10.891723,5.2885747],"rotation":{"angle":0.0,"axis":"y","origin":[7.9714284,9.548865,7.6921277]},"faces":{"east":{"uv":[8.9375,4.9375,8.9375,5.1875],"rotation":0,"texture":"#0","tintindex":0},"south":{"uv":[8.75,9.125,8.8125,9.375],"rotation":0,"texture":"#0","tintindex":0},"north":{"uv":[7.25,8.75,7.3125,9.0],"rotation":0,"texture":"#0","tintindex":0},"west":{"uv":[2.5625,10.75,2.5625,11.0],"rotation":0,"texture":"#0","tintindex":0},"up":{"uv":[7.3125,9.0625,7.25,9.0625],"rotation":0,"texture":"#0","tintindex":0},"down":{"uv":[8.8125,9.4375,8.75,9.4375],"rotation":0,"texture":"#0","tintindex":0}}},{"from":[9.0,8.777437,5.2885747],"to":[9.571428,10.891723,5.2885747],"rotation":{"angle":0.0,"axis":"y","origin":[8.028571,9.548865,7.6921277]},"faces":{"east":{"uv":[2.5625,10.75,2.5625,11.0],"rotation":0,"texture":"#0","tintindex":0},"south":{"uv":[8.8125,9.125,8.75,9.375],"rotation":0,"texture":"#0","tintindex":0},"north":{"uv":[7.3125,8.75,7.25,9.0],"rotation":0,"texture":"#0","tintindex":0},"west":{"uv":[8.9375,4.9375,8.9375,5.1875],"rotation":0,"texture":"#0","tintindex":0},"up":{"uv":[7.25,9.0625,7.3125,9.0625],"rotation":0,"texture":"#0","tintindex":0},"down":{"uv":[8.75,9.4375,8.8125,9.4375],"rotation":0,"texture":"#0","tintindex":0}}},{"from":[5.9714284,8.320294,5.3457174],"to":[5.9714284,12.320294,7.0600033],"rotation":{"angle":0.0,"axis":"y","origin":[8.0,9.548865,7.734985]},"faces":{"east":{"uv":[9.75,11.0625,9.9375,11.5],"rotation":0,"texture":"#0","tintindex":0},"south":{"uv":[1.1875,12.25,1.1875,12.6875],"rotation":0,"texture":"#0","tintindex":0},"north":{"uv":[1.125,12.25,1.125,12.6875],"rotation":0,"texture":"#0","tintindex":0},"west":{"uv":[10.8125,11.0625,11.0,11.5],"rotation":0,"texture":"#0","tintindex":0},"up":{"uv":[10.6875,4.25,10.6875,4.0625],"rotation":0,"texture":"#0","tintindex":0},"down":{"uv":[10.6875,4.6875,10.6875,4.875],"rotation":0,"texture":"#0","tintindex":0}}},{"from":[10.028572,8.320294,5.3457174],