{"textures":{"0":"modelengine:entity/nocsy_drakonin7"},"elements":[{"from":[3.1244292,7.9457145,-2.514577],"to":[11.695858,7.9457145,4.9139953],"rotation":{"angle":-22.5,"axis":"y","origin":[6.838715,7.9457145,1.7711382]},"faces":{"east":{"uv":[12.75,2.625,11.9375,2.625],"rotation":0,"texture":"#0","tintindex":0},"south":{"uv":[12.5,0.5625,11.5625,0.5625],"rotation":0,"texture":"#0","tintindex":0},"north":{"uv":[12.0,1.0,11.0625,1.0],"rotation":0,"texture":"#0","tintindex":0},"west":{"uv":[12.1875,9.625,11.375,9.625],"rotation":0,"texture":"#0","tintindex":0},"up":{"uv":[5.375,8.6875,6.3125,7.875],"rotation":0,"texture":"#0","tintindex":0},"down":{"uv":[6.375,7.875,7.3125,8.6875],"rotation":0,"texture":"#0","tintindex":0}}},{"from":[6.5530005,6.517143,3.1997094],"to":[9.410144,9.374286,5.485424],"rotation":{"angle":0.0,"axis":"y","origin":[8.724429,7.9457145,5.8854237]},"faces":{"east":{"uv":[11.4375,5.0,11.1875,5.3125],"rotation":0,"texture":"#0","tintindex":0},"south":{"uv":[1.0625,10.5,0.75,10.8125],"rotation":0,"texture":"#0","tintindex":0},"north":{"uv":[0.6875,10.5,0.375,10.8125],"rotation":0,"texture":"#0","tintindex":0},"west":{"uv":[1.375,11.1875,1.125,11.5],"rotation":0,"texture":"#0","tintindex":0},"up":{"uv":[9.25,11.4375,9.5625,11.1875],"rotation":0,"texture":"#0","tintindex":0},"down":{"uv":[11.1875,10.3125,11.5,10.5625],"rotation":0,"texture":"#0","tintindex":0}}},{"from":[-1.716507,7.0885715,4.5414524],"to":[7.997779,8.802857,6.2557383],"rotation":{"angle":22.5,"axis":"y","origin":[7.140636,7.9457145,6.5414524]},"faces":{"east":{"uv":[12.1875,10.3125,12.0,10.5],"rotation":0,"texture":"#0","tintindex":0},"south":{"uv":[10.5,8.8125,9.4375,9.0],"rotation":0,"texture":"#0","tintindex":0},"north":{"uv":[10.5,8.5625,9.4375,8.75],"rotation":0,"texture":"#0","tintindex":0},"west":{"uv":[12.1875,9.8125,12.0,10.0],"rotation":0,"texture":"#0","tintindex":0},"up":{"uv":[9.4375,9.25,10.5,9.0625],"rotation":0,"texture":"#0","tintindex":0},"down":{"uv":[9.4375,9.3125,10.5,9.5],"rotation":0,"texture":"#0","tintindex":0}}},{"from":[-6.0589485,7.0942855,11.272357],"to":[0.21533728,8.797143,12.975214],"rotation":{"angle":45.0,"axis":"y","origin":[-4.636091,7.9457145,12.123786]},"faces":{"east":{"uv":[10.9375,12.0,10.75,12.1875],"rotation":0,"texture":"#0","tintindex":0},"south":{"uv":[10.6875,4.9375,10.0,5.125],"rotation":0,"texture":"#0","tintindex":0},"north":{"uv":[2.3125,10.0,1.625,10.1875],"rotation":0,"texture":"#0","tintindex":0},"west":{"uv":[10.6875,12.0,10.5,12.1875],"rotation":0,"texture":"#0","tintindex":0},"up":{"uv":[10.0,5.375,10.6875,5.1875],"rotation":0,"texture":"#0","tintindex":0},"down":{"uv":[10.0,5.4375,10.6875,5.625],"rotation":0,"texture":"#0","tintindex":0}}},{"from":[-6.4716063,7.0885715,11.91591],"to":[-4.7573204,8.802857,18.201626],"rotation":{"angle":-22.5,"axis":"y","origin":[-7.900178,7.9457145,12.773053]},"faces":{"east":{"uv":[7.8125,10.0625,7.125,10.25],"rotation":0,"texture":"#0","tintindex":0},"south":{"uv":[12.1875,11.375,12.0,11.5625],"rotation":0,"texture":"#0","tintindex":0},"north":{"uv":[11.1875,12.0,11.0,12.1875],"rotation":0,"texture":"#0","tintindex":0},"west":{"uv":[5.25,10.0625,4.5625,10.25],"rotation":0,"texture":"#0","tintindex":0},"up":{"uv":[2.375,10.6875,2.5625,10.0],"rotation":0,"texture":"#0","tintindex":0},"down":{"uv":[7.875,10.0625,8.0625,10.75],"rotation":0,"texture":"#0","tintindex":0}}},{"from":[-10.287937,7.602857,2.8271666],"to":[7.997779,8.174286,26.25574],"rotation":{"angle":0.0,"axis":"y","origin":[7.140636,7.9457145,6.5414524]},"faces":{"east":{"uv":[11.3125,9.5625,8.75,9.625],"rotation":0,"texture":"#0","tintindex":0},"south":{"uv":[12.25,1.25,10.25,1.3125],"rotation":0,"texture":"#0","tintindex":0},"north":{"uv":[12.1875,10.1875,10.1875,10.25],"rotation":0,"texture":"#0","tintindex":0},"west":{"uv":[12.125,7.375,9.5625,7.4375],"rotation":0,"texture":"#0","tintindex":0},"up":{"uv":[4.125,2.5625,6.125,0.0],"rotation":0,"texture":"#0","tintindex":0},"down":{"uv":[4.125,2.625,6.125,5.1875],"rotation":0,"texture":"#0","tintindex":0}}},{"from":[-10.287937,7.8885713,2.8271666],"to":[7.997779,8.117143,26.25574],"rotation":{"angle":0.0,"axis":"y","origin":[7.140636,7.9457145,6.5414524]},"faces":{"east":{"uv":[12.3125,9.6875,9.75,9.75],"rotation":0,"texture":"#0","tintindex":0},"south":{"uv":[12.25,1.5,10.25,1.5625],"rotation":0,"texture":"#0","tintindex":0},"north":{"uv":[12.25,1.375,10.25,1.4375],"rotation":0,"texture":"#0","tintindex":0},"west":{"uv":[9.6875,9.6875,7.125,9.75],"rotation":0,"texture":"#0","tintindex":0},"up":{"uv":[0.0,7.8125,2.0,5.25],"rotation":0,"texture":"#0","tintindex":0},"down":{"uv":[2.0625,5.25,4.0625,7.8125],"rotation":0,"texture":"#0","tintindex":0}}}],"display":{"head":{"translation":[0.0,-6.4,0.0],"scale":[4.0,4.0,4.0]}}}