{"textures":{"0":"modelengine:entity/nocsy_drakonin7"},"elements":[{"from":[5.7982936,6.5188313,5.857143],"to":[7.5240083,8.244546,8.154285],"rotation":{"angle":22.5,"axis":"y","origin":[8.375437,7.3816886,5.5771427]},"faces":{"east":{"uv":[8.1875,11.8125,8.4375,12.0],"rotation":0,"texture":"#0","tintindex":0},"south":{"uv":[3.0625,12.1875,3.25,12.375],"rotation":0,"texture":"#0","tintindex":0},"north":{"uv":[1.875,12.1875,2.0625,12.375],"rotation":0,"texture":"#0","tintindex":0},"west":{"uv":[11.8125,9.0,12.0625,9.1875],"rotation":0,"texture":"#0","tintindex":0},"up":{"uv":[10.4375,12.0625,10.25,11.8125],"rotation":0,"texture":"#0","tintindex":0},"down":{"uv":[0.1875,11.875,0.0,12.125],"rotation":0,"texture":"#0","tintindex":0}}},{"from":[8.254287,6.65683,10.096805],"to":[8.254287,8.942544,12.953947],"rotation":{"angle":0.0,"axis":"y","origin":[8.540001,7.2282586,10.725376]},"faces":{"east":{"uv":[0.75,11.375,1.0625,11.625],"rotation":0,"texture":"#0","tintindex":0},"south":{"uv":[6.3125,12.25,6.3125,12.5],"rotation":0,"texture":"#0","tintindex":0},"north":{"uv":[6.25,12.25,6.25,12.5],"rotation":0,"texture":"#0","tintindex":0},"west":{"uv":[4.6875,11.375,5.0,11.625],"rotation":0,"texture":"#0","tintindex":0},"up":{"uv":[6.375,12.5625,6.375,12.25],"rotation":0,"texture":"#0","tintindex":0},"down":{"uv":[6.4375,12.25,6.4375,12.5625],"rotation":0,"texture":"#0","tintindex":0}}},{"from":[7.402858,6.53026,9.388316],"to":[9.105715,8.233117,10.519745],"rotation":{"angle":0.0,"axis":"y","origin":[8.825715,7.3816886,7.382602]},"faces":{"east":{"uv":[7.0,11.5,7.125,11.6875],"rotation":0,"texture":"#0","tintindex":0},"south":{"uv":[12.1875,3.6875,12.375,3.875],"rotation":0,"texture":"#0","tintindex":0},"north":{"uv":[12.1875,3.4375,12.375,3.625],"rotation":0,"texture":"#0","tintindex":0},"west":{"uv":[8.9375,11.6875,9.0625,11.875],"rotation":0,"texture":"#0","tintindex":0},"up":{"uv":[12.3125,12.3125,12.125,12.1875],"rotation":0,"texture":"#0","tintindex":0},"down":{"uv":[12.4375,0.0,12.25,0.125],"rotation":0,"texture":"#0","tintindex":0}}},{"from":[8.984565,6.5188313,5.857143],"to":[10.710279,8.244546,8.154285],"rotation":{"angle":-22.5,"axis":"y","origin":[8.133136,7.3816886,5.5771427]},"faces":{"east":{"uv":[11.875,10.5625,12.125,10.75],"rotation":0,"texture":"#0","tintindex":0},"south":{"uv":[4.8125,12.1875,5.0,12.375],"rotation":0,"texture":"#0","tintindex":0},"north":{"uv":[4.5625,12.1875,4.75,12.375],"rotation":0,"texture":"#0","tintindex":0},"west":{"uv":[1.9375,11.9375,2.1875,12.125],"rotation":0,"texture":"#0","tintindex":0},"up":{"uv":[2.4375,12.1875,2.25,11.9375],"rotation":0,"texture":"#0","tintindex":0},"down":{"uv":[3.0,11.9375,2.8125,12.1875],"rotation":0,"texture":"#0","tintindex":0}}},{"from":[7.435993,6.5131173,5.8514285],"to":[9.173136,8.25026,8.16],"rotation":{"angle":0.0,"axis":"y","origin":[6.7045646,7.3816886,5.5771427]},"faces":{"east":{"uv":[11.9375,2.9375,12.1875,3.125],"rotation":0,"texture":"#0","tintindex":0},"south":{"uv":[12.1875,5.8125,12.375,6.0],"rotation":0,"texture":"#0","tintindex":0},"north":{"uv":[12.1875,5.25,12.375,5.4375],"rotation":0,"texture":"#0","tintindex":0},"west":{"uv":[3.0625,11.9375,3.3125,12.125],"rotation":0,"texture":"#0","tintindex":0},"up":{"uv":[3.5625,12.1875,3.375,11.9375],"rotation":0,"texture":"#0","tintindex":0},"down":{"uv":[12.125,3.5,11.9375,3.75],"rotation":0,"texture":"#0","tintindex":0}}},{"from":[8.344433,6.425539,3.131596],"to":[8.344433,8.711253,6.560168],"rotation":{"angle":0.0,"axis":"y","origin":[8.001575,6.025539,3.0173101]},"faces":{"east":{"uv":[5.125,10.8125,5.5,11.0625],"rotation":0,"texture":"#0","tintindex":0},"south":{"uv":[6.9375,12.25,6.9375,12.5],"rotation":0,"texture":"#0","tintindex":0},"north":{"uv":[6.5,12.25,6.5,12.5],"rotation":0,"texture":"#0","tintindex":0},"west":{"uv":[7.375,10.8125,7.75,11.0625],"rotation":0,"texture":"#0","tintindex":0},"up":{"uv":[7.0,12.625,7.0,12.25],"rotation":0,"texture":"#0","tintindex":0},"down":{"uv":[7.0625,12.25,7.0625,12.625],"rotation":0,"texture":"#0","tintindex":0}}},{"from":[6.3444324,6.425539,3.131596],"to":[6.3444324,8.711253,6.560168],"rotation":{"angle":22.5,"axis":"y","origin":[8.458718,7.568396,4.845882]},"faces":{"east":{"uv":[10.125,10.8125,10.5,11.0625],"rotation":0,"texture":"#0","tintindex":0},"south":{"uv":[7.5625,12.25,7.5625,12.5],"rotation":0,"texture":"#0","tintindex":0},"north":{"uv":[7.125,12.25,7.125,12.5],"rotation":0,"texture":"#0","tintindex":0},"west":{"uv":[0.0,10.875,0.375,11.125],"rotation":0,"texture":"#0","tintindex":0},"up":{"uv":[7.625,12.625,7.625,12.25],"rotation":0,"texture":"#0","tintindex":0},"down":{"uv":[7.6875,12.25,7.6875,12.625],"rotation":0,"texture":"#0","tintindex":0}}},{"from":[10.344433,6.425539,3.131596],"to":[10.344433,8.711253,6.560168],"rotation":{"angle":-22.5,"axis":"y","origin":[8.458718,7.568396,4.845882]},"faces":{"east":{"uv":[0.4375,10.875,0.8125,11.125],"rotation":0,"texture":"#0","tintindex":0},"south":{"uv":[8.5,12.25,8.5,12.5],"rotation":0,"texture":"#0","tintindex":0},"north":{"uv":[7.75,12.25,7.75,12.5],"rotation":0,"texture":"#0","tintindex":0},"west":{"uv":[4.4375,10.875,4.8125,11.125],"rotation":0,"texture":"#0","tintindex":0},"up":{"uv":[8.5625,12.625,8.5625,12.25],"rotation":0,"texture":"#0","tintindex":0},"down":{"uv":[8.625,12.25,8.625,12.625],"rotation":0,"texture":"#0","tintindex":0}}},{"from":[6.825715,6.5245457,6.868316],"to":[9.6828575,8.81026,9.725459],"rotation":{"angle":0.0,"axis":"y","origin":[7.625715,11.553118,8.468316]},"faces":{"east":{"uv":[11.375,7.8125,11.6875,8.0625],"rotation":0,"texture":"#0","tintindex":0},"south":{"uv":[11.375,8.125,11.6875,8.375],"rotation":0,"texture":"#0","tintindex":0},"north":{"uv":[11.375,7.5,11.6875,7.75],"rotation":0,"texture":"#0","tintindex":0},"west":{"uv":[11.375,8.4375,11.6875,8.6875],"rotation":0,"texture":"#0","tintindex":0},"up":{"uv":[10.875,9.3125,10.5625,9.0],"rotation":0,"texture":"#0","tintindex":0},"down":{"uv":[10.9375,3.0,10.625,3.3125],"rotation":0,"texture":"#0","tintindex":0}}}],"display":{"head":{"translation":[0.0,-6.4,0.0],"scale":[4.0,4.0,4.0]}}}