{"textures":{"0":"modelengine:entity/nocsy_drakonin7"},"elements":[{"from":[7.428571,5.3486032,6.7942166],"to":[9.142858,8.777175,9.079931],"rotation":{"angle":22.5,"axis":"x","origin":[7.714286,8.662889,7.594217]},"faces":{"east":{"uv":[5.625,10.75,5.875,11.125],"rotation":0,"texture":"#0","tintindex":0},"south":{"uv":[10.875,11.5625,11.0625,11.9375],"rotation":0,"texture":"#0","tintindex":0},"north":{"uv":[10.625,11.5625,10.8125,11.9375],"rotation":0,"texture":"#0","tintindex":0},"west":{"uv":[1.875,10.8125,2.125,11.1875],"rotation":0,"texture":"#0","tintindex":0},"up":{"uv":[5.75,12.0625,5.5625,11.8125],"rotation":0,"texture":"#0","tintindex":0},"down":{"uv":[6.0,11.8125,5.8125,12.0625],"rotation":0,"texture":"#0","tintindex":0}}}],"display":{"head":{"translation":[0.0,-6.4,0.0],"scale":[4.0,4.0,4.0]}}}