{"textures":{"0":"modelengine:entity/nocsy_drakonin7"},"elements":[{"from":[6.285714,5.121703,5.893651],"to":[8.571428,9.693131,9.893651],"rotation":{"angle":-22.5,"axis":"x","origin":[10.0,7.978846,8.750794]},"faces":{"east":{"uv":[3.5625,9.3125,4.0,9.8125],"rotation":0,"texture":"#0","tintindex":0},"south":{"uv":[2.9375,10.125,3.1875,10.625],"rotation":0,"texture":"#0","tintindex":0},"north":{"uv":[2.625,10.125,2.875,10.625],"rotation":0,"texture":"#0","tintindex":0},"west":{"uv":[4.0625,9.3125,4.5,9.8125],"rotation":0,"texture":"#0","tintindex":0},"up":{"uv":[10.625,2.9375,10.375,2.5],"rotation":0,"texture":"#0","tintindex":0},"down":{"uv":[6.5625,10.4375,6.3125,10.875],"rotation":0,"texture":"#0","tintindex":0}}}],"display":{"head":{"translation":[0.0,-6.4,0.0],"scale":[4.0,4.0,4.0]}}}