{"textures":{"0":"modelengine:entity/nocsy_drakonin7"},"elements":[{"from":[7.428571,5.3486032,6.7942166],"to":[9.142858,8.777175,9.079931],"rotation":{"angle":22.5,"axis":"x","origin":[7.714286,8.662889,7.594217]},"faces":{"east":{"uv":[2.9375,10.6875,3.1875,11.0625],"rotation":0,"texture":"#0","tintindex":0},"south":{"uv":[6.0625,11.5625,6.25,11.9375],"rotation":0,"texture":"#0","tintindex":0},"north":{"uv":[1.6875,11.5625,1.875,11.9375],"rotation":0,"texture":"#0","tintindex":0},"west":{"uv":[3.25,10.6875,3.5,11.0625],"rotation":0,"texture":"#0","tintindex":0},"up":{"uv":[5.25,11.875,5.0625,11.625],"rotation":0,"texture":"#0","tintindex":0},"down":{"uv":[5.5,11.625,5.3125,11.875],"rotation":0,"texture":"#0","tintindex":0}}}],"display":{"head":{"translation":[0.0,-6.4,0.0],"scale":[4.0,4.0,4.0]}}}