{"textures":{"0":"modelengine:entity/nocsy_drakonin7"},"elements":[{"from":[6.285714,8.063616,7.399993],"to":[9.714286,12.063617,10.828565],"rotation":{"angle":0.0,"axis":"y","origin":[7.428571,9.805804,9.4561615]},"faces":{"east":{"uv":[9.5,2.0,9.875,2.4375],"rotation":0,"texture":"#0","tintindex":0},"south":{"uv":[2.375,9.5,2.75,9.9375],"rotation":0,"texture":"#0","tintindex":0},"north":{"uv":[4.5625,9.3125,4.9375,9.75],"rotation":0,"texture":"#0","tintindex":0},"west":{"uv":[9.5,2.5,9.875,2.9375],"rotation":0,"texture":"#0","tintindex":0},"up":{"uv":[5.8125,10.1875,5.4375,9.8125],"rotation":0,"texture":"#0","tintindex":0},"down":{"uv":[10.3125,2.0,9.9375,2.375],"rotation":0,"texture":"#0","tintindex":0}}},{"from":[6.2914286,11.568721,6.9874563],"to":[9.708571,13.843007,10.404599],"rotation":{"angle":-22.5,"axis":"x","origin":[8.0,12.864656,9.361072]},"faces":{"east":{"uv":[8.9375,10.625,9.3125,10.875],"rotation":0,"texture":"#0","tintindex":0},"south":{"uv":[9.375,10.625,9.75,10.875],"rotation":0,"texture":"#0","tintindex":0},"north":{"uv":[8.5,10.625,8.875,10.875],"rotation":0,"texture":"#0","tintindex":0},"west":{"uv":[10.6875,1.625,11.0625,1.875],"rotation":0,"texture":"#0","tintindex":0},"up":{"uv":[10.3125,2.8125,9.9375,2.4375],"rotation":0,"texture":"#0","tintindex":0},"down":{"uv":[10.3125,2.875,9.9375,3.25],"rotation":0,"texture":"#0","tintindex":0}}},{"from":[5.5069904,8.067895,6.247122],"to":[5.5069904,13.2107525,12.532837],"rotation":{"angle":-22.5,"axis":"y","origin":[5.1069903,10.896466,9.961408]},"faces":{"east":{"uv":[7.375,7.875,8.0625,8.4375],"rotation":0,"texture":"#0","tintindex":0},"south":{"uv":[11.25,12.0,11.25,12.5625],"rotation":0,"texture":"#0","tintindex":0},"north":{"uv":[9.8125,12.0,9.8125,12.5625],"rotation":0,"texture":"#0","tintindex":0},"west":{"uv":[8.125,7.875,8.8125,8.4375],"rotation":0,"texture":"#0","tintindex":0},"up":{"uv":[11.3125,12.6875,11.3125,12.0],"rotation":0,"texture":"#0","tintindex":0},"down":{"uv":[0.5,12.0625,0.5,12.75],"rotation":0,"texture":"#0","tintindex":0}}},{"from":[10.49301,8.067895,6.247122],"to":[10.49301,13.2107525,12.532837],"rotation":{"angle":22.5,"axis":"y","origin":[10.893009,10.896466,9.961408]},"faces":{"east":{"uv":[8.25,5.25,8.9375,5.8125],"rotation":0,"texture":"#0","tintindex":0},"south":{"uv":[2.75,12.0625,2.75,12.625],"rotation":0,"texture":"#0","tintindex":0},"north":{"uv":[1.5625,12.0625,1.5625,12.625],"rotation":0,"texture":"#0","tintindex":0},"west":{"uv":[8.25,5.875,8.9375,6.4375],"rotation":0,"texture":"#0","tintindex":0},"up":{"uv":[7.4375,12.75,7.4375,12.0625],"rotation":0,"texture":"#0","tintindex":0},"down":{"uv":[7.5,12.0625,7.5,12.75],"rotation":0,"texture":"#0","tintindex":0}}}],"display":{"head":{"translation":[0.0,-6.4,0.0],"scale":[4.0,4.0,4.0]}}}