{"textures":{"0":"modelengine:entity/nocsy_drakonin7"},"elements":[{"from":[7.081559,6.6546144,6.857143],"to":[9.938702,8.940329,9.142858],"rotation":{"angle":0.0,"axis":"y","origin":[7.6529875,6.555906,6.7388253]},"faces":{"east":{"uv":[11.625,2.9375,11.875,3.1875],"rotation":0,"texture":"#0","tintindex":0},"south":{"uv":[0.375,11.1875,0.6875,11.4375],"rotation":0,"texture":"#0","tintindex":0},"north":{"uv":[11.1875,0.3125,11.5,0.5625],"rotation":0,"texture":"#0","tintindex":0},"west":{"uv":[3.125,11.625,3.375,11.875],"rotation":0,"texture":"#0","tintindex":0},"up":{"uv":[2.5,11.4375,2.1875,11.1875],"rotation":0,"texture":"#0","tintindex":0},"down":{"uv":[4.625,11.1875,4.3125,11.4375],"rotation":0,"texture":"#0","tintindex":0}}},{"from":[9.367273,6.9403286,7.0857143],"to":[16.795845,8.654614,8.8],"rotation":{"angle":0.0,"axis":"y","origin":[7.6529875,6.555906,6.7388253]},"faces":{"east":{"uv":[6.3125,12.0,6.5,12.1875],"rotation":0,"texture":"#0","tintindex":0},"south":{"uv":[9.75,9.8125,10.5625,10.0],"rotation":0,"texture":"#0","tintindex":0},"north":{"uv":[8.875,9.8125,9.6875,10.0],"rotation":0,"texture":"#0","tintindex":0},"west":{"uv":[6.9375,12.0,7.125,12.1875],"rotation":0,"texture":"#0","tintindex":0},"up":{"uv":[3.625,10.0625,2.8125,9.875],"rotation":0,"texture":"#0","tintindex":0},"down":{"uv":[4.5,9.875,3.6875,10.0625],"rotation":0,"texture":"#0","tintindex":0}}},{"from":[16.613888,6.946043,2.8344297],"to":[18.316744,8.6489,6.8230014],"rotation":{"angle":-45.0,"axis":"y","origin":[15.179602,7.797472,5.971573]},"faces":{"east":{"uv":[11.0,1.9375,11.4375,2.125],"rotation":0,"texture":"#0","tintindex":0},"south":{"uv":[7.5625,12.0,7.75,12.1875],"rotation":0,"texture":"#0","tintindex":0},"north":{"uv":[12.0,7.5,12.1875,7.6875],"rotation":0,"texture":"#0","tintindex":0},"west":{"uv":[11.0,2.1875,11.4375,2.375],"rotation":0,"texture":"#0","tintindex":0},"up":{"uv":[11.1875,3.375,11.0,2.9375],"rotation":0,"texture":"#0","tintindex":0},"down":{"uv":[3.75,11.0,3.5625,11.4375],"rotation":0,"texture":"#0","tintindex":0}}},{"from":[18.7406,6.9403286,1.7957988],"to":[20.454885,8.654614,5.7957993],"rotation":{"angle":-22.5,"axis":"y","origin":[19.597744,7.797472,3.7957993]},"faces":{"east":{"uv":[11.0,2.4375,11.4375,2.625],"rotation":0,"texture":"#0","tintindex":0},"south":{"uv":[9.5625,12.0,9.75,12.1875],"rotation":0,"texture":"#0","tintindex":0},"north":{"uv":[12.0,8.3125,12.1875,8.5],"rotation":0,"texture":"#0","tintindex":0},"west":{"uv":[11.0,3.4375,11.4375,3.625],"rotation":0,"texture":"#0","tintindex":0},"up":{"uv":[4.0,11.4375,3.8125,11.0],"rotation":0,"texture":"#0","tintindex":0},"down":{"uv":[4.25,11.0,4.0625,11.4375],"rotation":0,"texture":"#0","tintindex":0}}},{"from":[8.324392,7.8546147,0.73754215],"to":[20.324394,7.9689,24.166115],"rotation":{"angle":0.0,"axis":"y","origin":[21.181538,7.797472,4.451828]},"faces":{"east":{"uv":[9.5625,6.875,12.125,6.9375],"rotation":0,"texture":"#0","tintindex":0},"south":{"uv":[11.0625,0.625,12.375,0.6875],"rotation":0,"texture":"#0","tintindex":0},"north":{"uv":[11.0,2.6875,12.3125,2.75],"rotation":0,"texture":"#0","tintindex":0},"west":{"uv":[9.5625,7.0,12.125,7.0625],"rotation":0,"texture":"#0","tintindex":0},"up":{"uv":[8.1875,7.8125,6.875,5.25],"rotation":0,"texture":"#0","tintindex":0},"down":{"uv":[8.875,0.0,7.5625,2.5625],"rotation":0,"texture":"#0","tintindex":0}}},{"from":[8.324392,7.683186,0.73754215],"to":[20.324394,8.254615,24.166115],"rotation":{"angle":0.0,"axis":"y","origin":[21.181538,7.797472,4.451828]},"faces":{"east":{"uv":[9.5625,7.125,12.125,7.1875],"rotation":0,"texture":"#0","tintindex":0},"south":{"uv":[11.0625,0.875,12.375,0.9375],"rotation":0,"texture":"#0","tintindex":0},"north":{"uv":[11.0625,0.75,12.375,0.8125],"rotation":0,"texture":"#0","tintindex":0},"west":{"uv":[9.5625,7.25,12.125,7.3125],"rotation":0,"texture":"#0","tintindex":0},"up":{"uv":[8.875,5.1875,7.5625,2.625],"rotation":0,"texture":"#0","tintindex":0},"down":{"uv":[8.875,2.625,7.5625,5.1875],"rotation":0,"texture":"#0","tintindex":0}}}],"display":{"head":{"translation":[0.0,-6.4,0.0],"scale":[4.0,4.0,4.0]}}}