{"textures":{"0":"modelengine:entity/nocsy_drakonin7"},"elements":[{"from":[8.796465,6.3524675,5.5592756],"to":[10.522179,8.078182,7.8564186],"rotation":{"angle":-22.5,"axis":"y","origin":[7.945036,7.215325,5.279276]},"faces":{"east":{"uv":[11.75,2.25,12.0,2.4375],"rotation":0,"texture":"#0","tintindex":0},"south":{"uv":[12.125,1.0,12.3125,1.1875],"rotation":0,"texture":"#0","tintindex":0},"north":{"uv":[8.125,12.0625,8.3125,12.25],"rotation":0,"texture":"#0","tintindex":0},"west":{"uv":[11.75,3.25,12.0,3.4375],"rotation":0,"texture":"#0","tintindex":0},"up":{"uv":[4.0,12.0,3.8125,11.75],"rotation":0,"texture":"#0","tintindex":0},"down":{"uv":[11.9375,4.9375,11.75,5.1875],"rotation":0,"texture":"#0","tintindex":0}}},{"from":[8.066186,6.490466,9.798937],"to":[8.066186,8.77618,12.65608],"rotation":{"angle":0.0,"axis":"y","origin":[7.7804723,7.0618944,10.427509]},"faces":{"east":{"uv":[5.625,11.25,5.9375,11.5],"rotation":0,"texture":"#0","tintindex":0},"south":{"uv":[4.375,12.25,4.375,12.5],"rotation":0,"texture":"#0","tintindex":0},"north":{"uv":[4.3125,12.25,4.3125,12.5],"rotation":0,"texture":"#0","tintindex":0},"west":{"uv":[6.0,11.25,6.3125,11.5],"rotation":0,"texture":"#0","tintindex":0},"up":{"uv":[4.4375,12.5625,4.4375,12.25],"rotation":0,"texture":"#0","tintindex":0},"down":{"uv":[4.5,12.25,4.5,12.5625],"rotation":0,"texture":"#0","tintindex":0}}},{"from":[7.214758,6.3638964,9.090449],"to":[8.917615,8.066753,10.221878],"rotation":{"angle":0.0,"axis":"y","origin":[7.4947577,7.215325,7.084735]},"faces":{"east":{"uv":[5.125,10.5625,5.25,10.75],"rotation":0,"texture":"#0","tintindex":0},"south":{"uv":[5.8125,12.125,6.0,12.3125],"rotation":0,"texture":"#0","tintindex":0},"north":{"uv":[5.5625,12.125,5.75,12.3125],"rotation":0,"texture":"#0","tintindex":0},"west":{"uv":[7.9375,11.25,8.0625,11.4375],"rotation":0,"texture":"#0","tintindex":0},"up":{"uv":[12.375,11.1875,12.1875,11.0625],"rotation":0,"texture":"#0","tintindex":0},"down":{"uv":[12.375,11.625,12.1875,11.75],"rotation":0,"texture":"#0","tintindex":0}}},{"from":[5.6101937,6.3524675,5.5592756],"to":[7.335908,8.078182,7.8564186],"rotation":{"angle":22.5,"axis":"y","origin":[8.187337,7.215325,5.279276]},"faces":{"east":{"uv":[6.3125,11.75,6.5625,11.9375],"rotation":0,"texture":"#0","tintindex":0},"south":{"uv":[10.125,12.125,10.3125,12.3125],"rotation":0,"texture":"#0","tintindex":0},"north":{"uv":[12.125,8.875,12.3125,9.0625],"rotation":0,"texture":"#0","tintindex":0},"west":{"uv":[7.0,11.75,7.25,11.9375],"rotation":0,"texture":"#0","tintindex":0},"up":{"uv":[7.5,12.0,7.3125,11.75],"rotation":0,"texture":"#0","tintindex":0},"down":{"uv":[11.9375,7.5,11.75,7.75],"rotation":0,"texture":"#0","tintindex":0}}},{"from":[7.1473365,6.346753,5.553561],"to":[8.8844795,8.083896,7.862133],"rotation":{"angle":0.0,"axis":"y","origin":[9.615908,7.215325,5.279276]},"faces":{"east":{"uv":[11.75,7.8125,12.0,8.0],"rotation":0,"texture":"#0","tintindex":0},"south":{"uv":[0.0,12.1875,0.1875,12.375],"rotation":0,"texture":"#0","tintindex":0},"north":{"uv":[12.125,11.9375,12.3125,12.125],"rotation":0,"texture":"#0","tintindex":0},"west":{"uv":[11.75,8.0625,12.0,8.25],"rotation":0,"texture":"#0","tintindex":0},"up":{"uv":[11.9375,8.5625,11.75,8.3125],"rotation":0,"texture":"#0","tintindex":0},"down":{"uv":[12.0,4.4375,11.8125,4.6875],"rotation":0,"texture":"#0","tintindex":0}}},{"from":[7.9760404,6.2591753,2.8337293],"to":[7.9760404,8.544889,6.2623005],"rotation":{"angle":0.0,"axis":"y","origin":[8.318897,5.859175,2.7194428]},"faces":{"east":{"uv":[10.75,5.125,11.125,5.375],"rotation":0,"texture":"#0","tintindex":0},"south":{"uv":[5.0625,12.25,5.0625,12.5],"rotation":0,"texture":"#0","tintindex":0},"north":{"uv":[12.25,4.75,12.25,5.0],"rotation":0,"texture":"#0","tintindex":0},"west":{"uv":[10.75,10.3125,11.125,10.5625],"rotation":0,"texture":"#0","tintindex":0},"up":{"uv":[5.125,12.625,5.125,12.25],"rotation":0,"texture":"#0","tintindex":0},"down":{"uv":[5.1875,12.25,5.1875,12.625],"rotation":0,"texture":"#0","tintindex":0}}},{"from":[9.97604,6.2591753,2.8337293],"to":[9.97604,8.544889,6.2623005],"rotation":{"angle":-22.5,"axis":"y","origin":[7.8617544,7.4020324,4.5480146]},"faces":{"east":{"uv":[10.75,10.625,11.125,10.875],"rotation":0,"texture":"#0","tintindex":0},"south":{"uv":[5.3125,12.25,5.3125,12.5],"rotation":0,"texture":"#0","tintindex":0},"north":{"uv":[5.25,12.25,5.25,12.5],"rotation":0,"texture":"#0","tintindex":0},"west":{"uv":[1.4375,10.8125,1.8125,11.0625],"rotation":0,"texture":"#0","tintindex":0},"up":{"uv":[5.375,12.625,5.375,12.25],"rotation":0,"texture":"#0","tintindex":0},"down":{"uv":[5.4375,12.25,5.4375,12.625],"rotation":0,"texture":"#0","tintindex":0}}},{"from":[5.97604,6.2591753,2.8337293],"to":[5.97604,8.544889,6.2623005],"rotation":{"angle":22.5,"axis":"y","origin":[7.8617544,7.4020324,4.5480146]},"faces":{"east":{"uv":[10.8125,4.0625,11.1875,4.3125],"rotation":0,"texture":"#0","tintindex":0},"south":{"uv":[6.0625,12.25,6.0625,12.5],"rotation":0,"texture":"#0","tintindex":0},"north":{"uv":[5.5,12.25,5.5,12.5],"rotation":0,"texture":"#0","tintindex":0},"west":{"uv":[10.8125,4.375,11.1875,4.625],"rotation":0,"texture":"#0","tintindex":0},"up":{"uv":[6.125,12.625,6.125,12.25],"rotation":0,"texture":"#0","tintindex":0},"down":{"uv":[6.1875,12.25,6.1875,12.625],"rotation":0,"texture":"#0","tintindex":0}}},{"from":[6.6376147,6.358182,6.570449],"to":[9.494758,8.643896,9.427592],"rotation":{"angle":0.0,"axis":"y","origin":[8.694757,11.386753,8.170449]},"faces":{"east":{"uv":[8.375,11.25,8.6875,11.5],"rotation":0,"texture":"#0","tintindex":0},"south":{"uv":[11.25,8.75,11.5625,9.0],"rotation":0,"texture":"#0","tintindex":0},"north":{"uv":[7.5625,11.25,7.875,11.5],"rotation":0,"texture":"#0","tintindex":0},"west":{"uv":[11.3125,11.0625,11.625,11.3125],"rotation":0,"texture":"#0","tintindex":0},"up":{"uv":[10.875,8.5625,10.5625,8.25],"rotation":0,"texture":"#0","tintindex":0},"down":{"uv":[10.875,8.625,10.5625,8.9375],"rotation":0,"texture":"#0","tintindex":0}}}],"display":{"head":{"translation":[0.0,-6.4,0.0],"scale":[4.0,4.0,4.0]}}}