{"textures":{"0":"modelengine:entity/nocsy_drakonin7"},"elements":[{"from":[6.5714283,5.7632623,7.1870265],"to":[9.428572,9.1918335,11.187027],"rotation":{"angle":22.5,"axis":"x","origin":[7.714286,6.7367954,10.716557]},"faces":{"east":{"uv":[9.5,5.0,9.9375,5.375],"rotation":0,"texture":"#0","tintindex":0},"south":{"uv":[5.625,10.3125,5.9375,10.6875],"rotation":0,"texture":"#0","tintindex":0},"north":{"uv":[10.3125,3.875,10.625,4.25],"rotation":0,"texture":"#0","tintindex":0},"west":{"uv":[9.5,5.4375,9.9375,5.8125],"rotation":0,"texture":"#0","tintindex":0},"up":{"uv":[6.6875,10.375,6.375,9.9375],"rotation":0,"texture":"#0","tintindex":0},"down":{"uv":[7.0625,9.9375,6.75,10.375],"rotation":0,"texture":"#0","tintindex":0}}},{"from":[9.485714,7.648977,8.329884],"to":[11.771429,7.648977,12.901312],"rotation":{"angle":-22.5,"axis":"z","origin":[10.571428,8.048977,10.615598]},"faces":{"east":{"uv":[12.1875,5.5,12.6875,5.5],"rotation":0,"texture":"#0","tintindex":0},"south":{"uv":[11.75,5.8125,12.0,5.8125],"rotation":0,"texture":"#0","tintindex":0},"north":{"uv":[11.75,1.1875,12.0,1.1875],"rotation":0,"texture":"#0","tintindex":0},"west":{"uv":[12.1875,11.25,12.6875,11.25],"rotation":0,"texture":"#0","tintindex":0},"up":{"uv":[4.125,10.625,3.875,10.125],"rotation":0,"texture":"#0","tintindex":0},"down":{"uv":[4.4375,10.125,4.1875,10.625],"rotation":0,"texture":"#0","tintindex":0}}},{"from":[4.2285714,7.648977,8.329884],"to":[6.5142856,7.648977,12.901312],"rotation":{"angle":22.5,"axis":"z","origin":[5.428571,8.048977,10.615598]},"faces":{"east":{"uv":[12.1875,11.3125,12.6875,11.3125],"rotation":0,"texture":"#0","tintindex":0},"south":{"uv":[11.875,10.8125,12.125,10.8125],"rotation":0,"texture":"#0","tintindex":0},"north":{"uv":[11.875,9.5625,12.125,9.5625],"rotation":0,"texture":"#0","tintindex":0},"west":{"uv":[12.1875,11.8125,12.6875,11.8125],"rotation":0,"texture":"#0","tintindex":0},"up":{"uv":[1.875,10.75,1.625,10.25],"rotation":0,"texture":"#0","tintindex":0},"down":{"uv":[2.1875,10.25,1.9375,10.75],"rotation":0,"texture":"#0","tintindex":0}}}],"display":{"head":{"translation":[0.0,-6.4,0.0],"scale":[4.0,4.0,4.0]}}}