{"textures":{"0":"modelengine:entity/hotairballoon","1":"modelengine:entity/hotairballoon_anim"},"elements":[{"from":[5.8328266,2.2913961,5.714287],"to":[20.118542,16.005684,20.0],"rotation":{"angle":0.0,"axis":"y","origin":[6.9756837,-34.851463,5.714287]},"faces":{"east":{"uv":[3.125,5.625,4.6875,7.125],"rotation":0,"texture":"#0","tintindex":0},"south":{"uv":[4.6875,5.625,3.125,7.125],"rotation":0,"texture":"#0","tintindex":0},"north":{"uv":[0.0,4.125,1.5625,5.625],"rotation":0,"texture":"#0","tintindex":0},"west":{"uv":[6.25,3.125,7.8125,4.625],"rotation":0,"texture":"#0","tintindex":0},"up":{"uv":[7.8125,7.8125,6.25,6.25],"rotation":0,"texture":"#0","tintindex":0},"down":{"uv":[1.5625,7.25,0.0,8.8125],"rotation":0,"texture":"#0","tintindex":0}}},{"from":[22.086628,2.1114445,-8.571428],"to":[22.086628,12.39716,5.714287],"rotation":{"angle":22.5,"axis":"z","origin":[22.086628,7.2543015,5.714287]},"faces":{"east":{"uv":[10.9375,6.5625,9.375,7.6875],"rotation":0,"texture":"#0","tintindex":0},"south":{"uv":[0.0,0.0,0.0,1.125],"rotation":0,"texture":"#0","tintindex":0},"north":{"uv":[0.0,0.0,0.0,1.125],"rotation":0,"texture":"#0","tintindex":0},"west":{"uv":[9.375,6.5625,10.9375,7.6875],"rotation":0,"texture":"#0","tintindex":0},"up":{"uv":[0.0,3.125,0.0,0.0],"rotation":0,"texture":"#0","tintindex":0},"down":{"uv":[0.0,0.0,0.0,3.125],"rotation":0,"texture":"#0","tintindex":0}}},{"from":[-8.4528885,2.2913961,5.714287],"to":[5.8328266,16.005684,20.0],"rotation":{"angle":0.0,"axis":"y","origin":[4.689969,-34.851463,5.714287]},"faces":{"east":{"uv":[7.8125,3.125,6.25,4.625],"rotation":0,"texture":"#0","tintindex":0},"south":{"uv":[3.125,5.625,4.6875,7.125],"rotation":0,"texture":"#0","tintindex":0},"north":{"uv":[1.5625,4.125,0.0,5.625],"rotation":0,"texture":"#0","tintindex":0},"west":{"uv":[4.6875,5.625,3.125,7.125],"rotation":0,"texture":"#0","tintindex":0},"up":{"uv":[6.25,7.8125,7.8125,6.25],"rotation":0,"texture":"#0","tintindex":0},"down":{"uv":[0.0,7.25,1.5625,8.8125],"rotation":0,"texture":"#0","tintindex":0}}},{"from":[5.8328266,2.2913961,-8.571428],"to":[20.118542,16.005684,5.714287],"rotation":{"angle":0.0,"axis":"y","origin":[6.9756837,-34.851463,5.714287]},"faces":{"east":{"uv":[4.6875,5.625,3.125,7.125],"rotation":0,"texture":"#0","tintindex":0},"south":{"uv":[1.5625,4.125,0.0,5.625],"rotation":0,"texture":"#0","tintindex":0},"north":{"uv":[3.125,5.625,4.6875,7.125],"rotation":0,"texture":"#0","tintindex":0},"west":{"uv":[7.8125,3.125,6.25,4.625],"rotation":0,"texture":"#0","tintindex":0},"up":{"uv":[7.8125,6.25,6.25,7.8125],"rotation":0,"texture":"#0","tintindex":0},"down":{"uv":[1.5625,8.8125,0.0,7.25],"rotation":0,"texture":"#0","tintindex":0}}},{"from":[-8.4528885,2.2913961,-8.571428],"to":[5.8328266,16.005684,5.714287],"rotation":{"angle":0.0,"axis":"y","origin":[4.689969,-34.851463,5.714287]},"faces":{"east":{"uv":[6.25,3.125,7.8125,4.625],"rotation":0,"texture":"#0","tintindex":0},"south":{"uv":[0.0,4.125,1.5625,5.625],"rotation":0,"texture":"#0","tintindex":0},"north":{"uv":[4.6875,5.625,3.125,7.125],"rotation":0,"texture":"#0","tintindex":0},"west":{"uv":[3.125,5.625,4.6875,7.125],"rotation":0,"texture":"#0","tintindex":0},"up":{"uv":[6.25,6.25,7.8125,7.8125],"rotation":0,"texture":"#0","tintindex":0},"down":{"uv":[0.0,8.8125,1.5625,7.25],"rotation":0,"texture":"#0","tintindex":0}}},{"from":[5.8328266,-7.994319,8.571429],"to":[5.8328266,29.719969,32.0],"rotation":{"angle":0.0,"axis":"y","origin":[6.9756837,-35.99432,4.000001]},"faces":{"east":{"uv":[0.0,0.0,9.3125,16.0],"rotation":0,"texture":"#1","tintindex":0},"south":{"uv":[0.0,0.0,0.0,4.125],"rotation":0,"texture":"#1","tintindex":0},"north":{"uv":[0.0,0.0,0.0,4.125],"rotation":0,"texture":"#1","tintindex":0},"west":{"uv":[9.3125,0.0,0.0,16.0],"rotation":0,"texture":"#1","tintindex":0},"up":{"uv":[0.0,2.5625,0.0,0.0],"rotation":0,"texture":"#1","tintindex":0},"down":{"uv":[0.0,0.0,0.0,2.5625],"rotation":0,"texture":"#1","tintindex":0}}},{"from":[22.086628,2.1114445,5.714287],"to":[22.086628,12.39716,20.0],"rotation":{"angle":22.5,"axis":"z","origin":[22.086628,7.2543015,5.714287]},"faces":{"east":{"uv":[9.375,6.5625,10.9375,7.6875],"rotation":0,"texture":"#0","tintindex":0},"south":{"uv":[0.0,0.0,0.0,1.125],"rotation":0,"texture":"#0","tintindex":0},"north":{"uv":[0.0,0.0,0.0,1.125],"rotation":0,"texture":"#0","tintindex":0},"west":{"uv":[10.9375,6.5625,9.375,7.6875],"rotation":0,"texture":"#0","tintindex":0},"up":{"uv":[0.0,0.0,0.0,3.125],"rotation":0,"texture":"#0","tintindex":0},"down":{"uv":[0.0,3.125,0.0,0.0],"rotation":0,"texture":"#0","tintindex":0}}},{"from":[22.086628,2.1114445,5.714287],"to":[22.086628,12.39716,20.0],"rotation":{"angle":22.5,"axis":"z","origin":[22.086628,7.2543015,5.714287]},"faces":{"east":{"uv":[9.375,6.5625,10.9375,7.6875],"rotation":0,"texture":"#0","tintindex":0},"south":{"uv":[0.0,0.0,0.0,1.125],"rotation":0,"texture":"#0","tintindex":0},"north":{"uv":[0.0,0.0,0.0,1.125],"rotation":0,"texture":"#0","tintindex":0},"west":{"uv":[10.9375,6.5625,9.375,7.6875],"rotation":0,"texture":"#0","tintindex":0},"up":{"uv":[0.0,0.0,0.0,3.125],"rotation":0,"texture":"#0","tintindex":0},"down":{"uv":[0.0,3.125,0.0,0.0],"rotation":0,"texture":"#0","tintindex":0}}},{"from":[22.086628,2.1114445,-8.571428],"to":[22.086628,12.39716,5.714287],"rotation":{"angle":22.5,"axis":"z","origin":[22.086628,7.2543015,5.714287]},"faces":{"east":{"uv":[10.9375,6.5625,9.375,7.6875],"rotation":0,"texture":"#0","tintindex":0},"south":{"uv":[0.0,0.0,0.0,1.125],"rotation":0,"texture":"#0","tintindex":0},"north":{"uv":[0.0,0.0,0.0,1.125],"rotation":0,"texture":"#0","tintindex":0},"west":{"uv":[9.375,6.5625,10.9375,7.6875],"rotation":0,"texture":"#0","tintindex":0},"up":{"uv":[0.0,3.125,0.0,0.0],"rotation":0,"texture":"#0","tintindex":0},"down":{"uv":[0.0,0.0,0.0,3.125],"rotation":0,"texture":"#0","tintindex":0}}},{"from":[-10.420975,2.1114445,5.714287],"to":[-10.420975,12.39716,20.0],"rotation":{"angle":-22.5,"axis":"z","origin":[-10.420975,7.2543015,5.714287]},"faces":{"east":{"uv":[9.375,6.5625,10.9375,7.6875],"rotation":0,"texture":"#0","tintindex":0},"south":{"uv":[0.0,0.0,0.0,1.125],"rotation":0,"texture":"#0","tintindex":0},"north":{"uv":[0.0,0.0,0.0,1.125],"rotation":0,"texture":"#0","tintindex":0},"west":{"uv":[10.9375,6.5625,9.375,7.6875],"rotation":0,"texture":"#0","tintindex":0},"up":{"uv":[0.0,0.0,0.0,3.125],"rotation":0,"texture":"#0","tintindex":0},"down":{"uv":[0.0,3.125,0.0,0.0],"rotation":0,"texture":"#0","tintindex":0}}},{"from":[-10.420975,2.1114445,-8.571428],"to":[-10.420975,12.39716,5.714287],"rotation":{"angle":-22.5,"axis":"z","origin":[-10.420975,7.2543015,5.714287]},"faces":{"east":{"uv":[10.9375,6.5625,9.375,7.6875],"rotation":0,"texture":"#0","tintindex":0},"south":{"uv":[0.0,0.0,0.0,1.125],"rotation":0,"texture":"#0","tintindex":0},"north":{"uv":[0.0,0.0,0.0,1.125],"rotation":0,"texture":"#0","tintindex":0},"west":{"uv":[9.375,6.5625,10.9375,7.6875],"rotation":0,"texture":"#0","tintindex":0},"up":{"uv":[0.0,3.125,0.0,0.0],"rotation":0,"texture":"#0","tintindex":0},"down":{"uv":[0.0,0.0,0.0,3.125],"rotation":0,"texture":"#0","tintindex":0}}},{"from":[-8.4528885,2.1114445,21.968088],"to":[5.8328266,12.39716,21.968088],"rotation":{"angle":-22.5,"axis":"x","origin":[5.8328266,7.2543015,21.968088]},"faces":{"east":{"uv":[0.0,0.0,0.0,1.125],"rotation":0,"texture":"#0","tintindex":0},"south":{"uv":[9.375,6.5625,10.9375,7.6875],"rotation":0,"texture":"#0","tintindex":0},"north":{"uv":[10.9375,6.5625,9.375,7.6875],"rotation":0,"texture":"#0","tintindex":0},"west":{"uv":[0.0,0.0,0.0,1.125],"rotation":0,"texture":"#0","tintindex":0},"up":{"uv":[0.0,0.0,0.0,3.125],"rotation":90,"texture":"#0","tintindex":0},"down":{"uv":[0.0,3.125,0.0,0.0],"rotation":270,"texture":"#0","tintindex":0}}},{"from":[5.8328266,2.1114445,21.968088],"to":[20.118542,12.39716,21.968088],"rotation":{"angle":-22.5,"axis":"x","origin":[5.8328266,7.2543015,21.968088]},