{"textures":{"0":"modelengine:entity/nocsy_drakonin_baby"},"elements":[{"from":[6.5714283,7.640972,6.392003],"to":[9.428572,10.498116,9.249146],"rotation":{"angle":0.0,"axis":"y","origin":[8.302857,8.898342,7.846291]},"faces":{"east":{"uv":[6.25,0.75,6.875,1.375],"rotation":0,"texture":"#0","tintindex":0},"south":{"uv":[6.25,1.5,6.875,2.125],"rotation":0,"texture":"#0","tintindex":0},"north":{"uv":[6.25,0.0,6.875,0.625],"rotation":0,"texture":"#0","tintindex":0},"west":{"uv":[6.25,2.25,6.875,2.875],"rotation":0,"texture":"#0","tintindex":0},"up":{"uv":[6.875,3.625,6.25,3.0],"rotation":0,"texture":"#0","tintindex":0},"down":{"uv":[6.875,3.75,6.25,4.375],"rotation":0,"texture":"#0","tintindex":0}}},{"from":[6.5294285,8.040972,6.261146],"to":[6.5294285,10.326687,6.832575],"rotation":{"angle":0.0,"axis":"y","origin":[8.0,9.012628,7.846291]},"faces":{"east":{"uv":[5.0,10.25,4.875,10.75],"rotation":0,"texture":"#0","tintindex":0},"south":{"uv":[0.5,10.625,0.5,11.125],"rotation":0,"texture":"#0","tintindex":0},"north":{"uv":[4.5,10.5,4.5,11.0],"rotation":0,"texture":"#0","tintindex":0},"west":{"uv":[10.375,3.0,10.25,3.5],"rotation":0,"texture":"#0","tintindex":0},"up":{"uv":[9.375,2.875,9.375,2.75],"rotation":0,"texture":"#0","tintindex":0},"down":{"uv":[9.375,3.0,9.375,3.125],"rotation":0,"texture":"#0","tintindex":0}}},{"from":[6.7002854,8.269544,6.2468605],"to":[7.843143,9.412401,6.2468605],"rotation":{"angle":0.0,"axis":"y","origin":[6.0936537,9.012628,7.6702304]},"faces":{"east":{"uv":[5.75,10.0,5.75,10.25],"rotation":0,"texture":"#0","tintindex":0},"south":{"uv":[10.5,6.75,10.25,7.0],"rotation":0,"texture":"#0","tintindex":0},"north":{"uv":[10.5,5.5,10.25,5.75],"rotation":0,"texture":"#0","tintindex":0},"west":{"uv":[8.25,9.375,8.25,9.625],"rotation":0,"texture":"#0","tintindex":0},"up":{"uv":[10.5,5.375,10.75,5.375],"rotation":0,"texture":"#0","tintindex":0},"down":{"uv":[10.625,0.0,10.875,0.0],"rotation":0,"texture":"#0","tintindex":0}}},{"from":[6.0533676,8.775286,6.215207],"to":[7.767653,11.061,6.215207],"rotation":{"angle":0.0,"axis":"y","origin":[6.124796,10.555258,6.636636]},"faces":{"east":{"uv":[0.75,10.625,0.75,11.125],"rotation":0,"texture":"#0","tintindex":0},"south":{"uv":[6.75,7.75,6.375,8.25],"rotation":0,"texture":"#0","tintindex":0},"north":{"uv":[6.25,7.75,5.875,8.25],"rotation":0,"texture":"#0","tintindex":0},"west":{"uv":[0.625,10.625,0.625,11.125],"rotation":0,"texture":"#0","tintindex":0},"up":{"uv":[10.625,0.125,11.0,0.125],"rotation":0,"texture":"#0","tintindex":0},"down":{"uv":[10.625,0.25,11.0,0.25],"rotation":0,"texture":"#0","tintindex":0}}},{"from":[6.528857,8.040972,6.261146],"to":[8.243143,10.326687,6.261146],"rotation":{"angle":0.0,"axis":"y","origin":[6.4365106,9.012628,7.6702304]},"faces":{"east":{"uv":[1.0,10.625,1.0,11.125],"rotation":0,"texture":"#0","tintindex":0},"south":{"uv":[6.875,7.75,7.25,8.25],"rotation":0,"texture":"#0","tintindex":0},"north":{"uv":[7.25,7.75,6.875,8.25],"rotation":0,"texture":"#0","tintindex":0},"west":{"uv":[0.875,10.625,0.875,11.125],"rotation":0,"texture":"#0","tintindex":0},"up":{"uv":[10.625,2.625,11.0,2.625],"rotation":0,"texture":"#0","tintindex":0},"down":{"uv":[10.625,2.75,11.0,2.75],"rotation":0,"texture":"#0","tintindex":0}}},{"from":[6.0717144,8.955257,6.2040033],"to":[7.2145715,11.2409725,6.2040033],"rotation":{"angle":0.0,"axis":"y","origin":[6.7002854,10.498116,6.2325745]},"faces":{"east":{"uv":[1.25,10.625,1.25,11.125],"rotation":0,"texture":"#0","tintindex":0},"south":{"uv":[9.5,4.875,9.25,5.375],"rotation":0,"texture":"#0","tintindex":0},"north":{"uv":[9.5,4.25,9.25,4.75],"rotation":0,"texture":"#0","tintindex":0},"west":{"uv":[1.125,10.625,1.125,11.125],"rotation":0,"texture":"#0","tintindex":0},"up":{"uv":[2.125,10.625,2.375,10.625],"rotation":0,"texture":"#0","tintindex":0},"down":{"uv":[10.625,2.875,10.875,2.875],"rotation":0,"texture":"#0","tintindex":0}}},{"from":[6.7574286,9.169543,6.2325745],"to":[6.928857,9.340972,6.2325745],"rotation":{"angle":0.0,"axis":"y","origin":[6.0936537,9.012628,7.6702304]},"faces":{"east":{"uv":[9.5,0.75,9.5,0.875],"rotation":0,"texture":"#0","tintindex":0},"south":{"uv":[3.25,8.875,3.125,9.0],"rotation":0,"texture":"#0","tintindex":0},"north":{"uv":[8.625,4.25,8.5,4.375],"rotation":0,"texture":"#0","tintindex":0},"west":{"uv":[0.375,9.5,0.375,9.625],"rotation":0,"texture":"#0","tintindex":0},"up":{"uv":[7.75,4.375,7.875,4.375],"rotation":0,"texture":"#0","tintindex":0},"down":{"uv":[1.625,8.25,1.75,8.25],"rotation":0,"texture":"#0","tintindex":0}}},{"from":[8.842571,9.169543,6.2325745],"to":[9.014,9.340972,6.2325745],"rotation":{"angle":0.0,"axis":"y","origin":[9.906346,9.012628,7.6702304]},"faces":{"east":{"uv":[0.375,9.5,0.375,9.625],"rotation":0,"texture":"#0","tintindex":0},"south":{"uv":[3.125,8.875,3.25,9.0],"rotation":0,"texture":"#0","tintindex":0},"north":{"uv":[8.5,4.25,8.625,4.375],"rotation":0,"texture":"#0","tintindex":0},"west":{"uv":[9.5,0.75,9.5,0.875],"rotation":0,"texture":"#0","tintindex":0},"up":{"uv":[7.875,4.375,7.75,4.375],"rotation":0,"texture":"#0","tintindex":0},"down":{"uv":[1.75,8.25,1.625,8.25],"rotation":0,"texture":"#0","tintindex":0}}},{"from":[8.785429,8.955257,6.2040033],"to":[9.928286,11.2409725,6.2040033],"rotation":{"angle":0.0,"axis":"y","origin":[9.299714,10.498116,6.2325745]},"faces":{"east":{"uv":[1.125,10.625,1.125,11.125],"rotation":0,"texture":"#0","tintindex":0},"south":{"uv":[9.25,4.875,9.5,5.375],"rotation":0,"texture":"#0","tintindex":0},"north":{"uv":[9.25,4.25,9.5,4.75],"rotation":0,"texture":"#0","tintindex":0},"west":{"uv":[1.25,10.625,1.25,11.125],"rotation":0,"texture":"#0","tintindex":0},"up":{"uv":[2.375,10.625,2.125,10.625],"rotation":0,"texture":"#0","tintindex":0},"down":{"uv":[10.875,2.875,10.625,2.875],"rotation":0,"texture":"#0","tintindex":0}}},{"from":[7.7568574,8.040972,6.261146],"to":[9.471143,10.326687,6.261146],"rotation":{"angle":0.0,"axis":"y","origin":[9.56349,9.012628,7.6702304]},"faces":{"east":{"uv":[0.875,10.625,0.875,11.125],"rotation":0,"texture":"#0","tintindex":0},"south":{"uv":[7.25,7.75,6.875,8.25],"rotation":0,"texture":"#0","tintindex":0},"north":{"uv":[6.875,7.75,7.25,8.25],"rotation":0,"texture":"#0","tintindex":0},"west":{"uv":[1.0,10.625,1.0,11.125],"rotation":0,"texture":"#0","tintindex":0},"up":{"uv":[11.0,2.625,10.625,2.625],"rotation":0,"texture":"#0","tintindex":0},"down":{"uv":[11.0,2.75,10.625,2.75],"rotation":0,"texture":"#0","tintindex":0}}},{"from":[8.232347,8.775286,6.215207],"to":[9.946632,11.061,6.215207],"rotation":{"angle":0.0,"axis":"y","origin":[9.875204,10.555258,6.636636]},"faces":{"east":{"uv":[0.625,10.625,0.625,11.125],"rotation":0,"texture":"#0","tintindex":0},"south":{"uv":[6.375,7.75,6.75,8.25],"rotation":0,"texture":"#0","tintindex":0},"north":{"uv":[5.875,7.75,6.25,8.25],"rotation":0,"texture":"#0","tintindex":0},"west":{"uv":[0.75,10.625,0.75,11.125],"rotation":0,"texture":"#0","tintindex":0},"up":{"uv":[11.0,0.125,10.625,0.125],"rotation":0,"texture":"#0","tintindex":0},"down":{"uv":[11.0,0.25,10.625,0.25],"rotation":0,"texture":"#0","tintindex":0}}},{"from":[8.1568575,8.269544,6.2468605],"to":[9.299714,9.412401,6.2468605],"rotation":{"angle":0.0,"axis":"y","origin":[9.906346,9.012628,7.6702304]},"faces":{"east":{"uv":[8.25,9.375,8.25,9.625],"rotation":0,"texture":"#0","tintindex":0},"south":{"uv":[10.25,6.75,10.5,7.0],"rotation":0,"texture":"#0","tintindex":0},"north":{"uv":[10.25,5.5,10.5,5.75],"rotation":0,"texture":"#0","tintindex":0},"west":{"uv":[5.75,10.0,5.75,10.25],"rotation":0,"texture":"#0","tintindex":0},"up":{"uv":[10.75,5.375,10.5,5.375],"rotation":0,"texture":"#0","tintindex":0},"down":{"uv":[10.875,0.0,10.625,0.0],"rotation":0,"texture":"#0","tintindex":0}}},{"from":[9.4705715,8.040972,6.261146],"to":[9.4705715,10.326687,6.832575],"rotation":{"angle":0.0,"axis":"y","origin":[8.0,9.012628,7.846291]},"faces":{"east":{"uv":[10.25,3.0,10.375,3.5],"rotation":0,"texture":"#0","tintindex":0},