{"textures":{"0":"modelengine:entity/nocsy_drakonin_baby"},"elements":[{"from":[6.888376,7.0705366,7.46578],"to":[8.031234,8.213394,9.751494],"rotation":{"angle":22.5,"axis":"z","origin":[7.682576,7.514231,9.191969]},"faces":{"east":{"uv":[1.875,9.375,2.375,9.625],"rotation":0,"texture":"#0","tintindex":0},"south":{"uv":[10.25,8.25,10.5,8.5],"rotation":0,"texture":"#0","tintindex":0},"north":{"uv":[10.25,7.875,10.5,8.125],"rotation":0,"texture":"#0","tintindex":0},"west":{"uv":[2.5,9.375,3.0,9.625],"rotation":0,"texture":"#0","tintindex":0},"up":{"uv":[1.375,9.875,1.125,9.375],"rotation":0,"texture":"#0","tintindex":0},"down":{"uv":[6.625,9.375,6.375,9.875],"rotation":0,"texture":"#0","tintindex":0}}},{"from":[7.410167,6.792835,9.408637],"to":[7.410167,8.335692,11.694351],"rotation":{"angle":-22.5,"axis":"z","origin":[7.3239174,7.519891,10.545112]},"faces":{"east":{"uv":[0.0,8.0,0.5,8.375],"rotation":0,"texture":"#0","tintindex":0},"south":{"uv":[4.25,10.625,4.25,11.0],"rotation":0,"texture":"#0","tintindex":0},"north":{"uv":[4.125,10.625,4.125,11.0],"rotation":0,"texture":"#0","tintindex":0},"west":{"uv":[8.0,2.0,8.5,2.375],"rotation":0,"texture":"#0","tintindex":0},"up":{"uv":[4.375,11.125,4.375,10.625],"rotation":0,"texture":"#0","tintindex":0},"down":{"uv":[5.625,10.625,5.625,11.125],"rotation":0,"texture":"#0","tintindex":0}}},{"from":[6.6819296,7.548864,9.408637],"to":[8.28193,7.548864,11.694351],"rotation":{"angle":-22.5,"axis":"z","origin":[7.452822,7.704491,10.545112]},"faces":{"east":{"uv":[10.625,5.625,11.125,5.625],"rotation":0,"texture":"#0","tintindex":0},"south":{"uv":[5.75,10.625,6.125,10.625],"rotation":0,"texture":"#0","tintindex":0},"north":{"uv":[10.625,5.5,11.0,5.5],"rotation":0,"texture":"#0","tintindex":0},"west":{"uv":[10.625,5.75,11.125,5.75],"rotation":0,"texture":"#0","tintindex":0},"up":{"uv":[8.375,3.75,8.0,3.25],"rotation":0,"texture":"#0","tintindex":0},"down":{"uv":[8.375,3.875,8.0,4.375],"rotation":0,"texture":"#0","tintindex":0}}}],"display":{"head":{"translation":[0.0,-6.4,0.0],"scale":[4.0,4.0,4.0]}}}