{"textures":{"0":"modelengine:entity/yukio_full_hit"},"elements":[{"from":[6.000002,-3.0941944,-4.7463493],"to":[10.0,1.9058037,-0.7463484],"faces":{"east":{"uv":[6.59375,10.0,6.71875,10.15625],"tintindex":0,"rotation":0,"texture":"#0"},"south":{"uv":[7.96875,10.03125,8.09375,10.1875],"tintindex":0,"rotation":0,"texture":"#0"},"north":{"uv":[3.0625,9.96875,3.1875,10.125],"tintindex":0,"rotation":0,"texture":"#0"},"west":{"uv":[3.0625,10.125,3.1875,10.28125],"tintindex":0,"rotation":0,"texture":"#0"},"up":{"uv":[1.4375,10.78125,1.3125,10.65625],"tintindex":0,"rotation":0,"texture":"#0"},"down":{"uv":[10.40625,10.96875,10.28125,11.09375],"tintindex":0,"rotation":0,"texture":"#0"}},"rotation":{"origin":[8.0,-0.09419441,-2.7463493],"angle":-45.0,"axis":"x"}},{"from":[5.000002,-0.09419441,-5.5747757],"to":[11.0,12.905804,9.425224],"faces":{"east":{"uv":[11.09375,6.46875,11.5625,6.875],"tintindex":0,"rotation":0,"texture":"#0"},"south":{"uv":[11.5625,11.90625,11.75,12.3125],"tintindex":0,"rotation":0,"texture":"#0"},"north":{"uv":[11.375,11.90625,11.5625,12.3125],"tintindex":0,"rotation":0,"texture":"#0"},"west":{"uv":[11.09375,6.875,11.5625,7.28125],"tintindex":0,"rotation":0,"texture":"#0"},"up":{"uv":[10.0,12.28125,9.8125,11.8125],"tintindex":0,"rotation":0,"texture":"#0"},"down":{"uv":[10.1875,11.8125,10.0,12.28125],"tintindex":0,"rotation":0,"texture":"#0"}}}]}