{"textures":{"0":"modelengine:entity/yukio_full_hit"},"elements":[{"from":[6.0,7.6666665,6.0],"to":[9.333333,20.0,9.333333],"faces":{"east":{"uv":[7.03125,9.1875,7.34375,10.34375],"tintindex":0,"rotation":0,"texture":"#0"},"south":{"uv":[7.34375,9.1875,7.65625,10.34375],"tintindex":0,"rotation":0,"texture":"#0"},"north":{"uv":[6.71875,9.1875,7.03125,10.34375],"tintindex":0,"rotation":0,"texture":"#0"},"west":{"uv":[7.65625,9.1875,7.96875,10.34375],"tintindex":0,"rotation":0,"texture":"#0"},"up":{"uv":[3.5625,8.875,3.25,8.5625],"tintindex":0,"rotation":0,"texture":"#0"},"down":{"uv":[11.28125,4.21875,10.96875,4.53125],"tintindex":0,"rotation":0,"texture":"#0"}}},{"from":[8.503469,8.666667,11.336803],"to":[14.1701355,22.0,11.336803],"faces":{"south":{"uv":[3.5625,7.625,4.09375,8.875],"tintindex":0,"rotation":0,"texture":"#0"},"north":{"uv":[1.25,7.25,1.78125,8.5],"tintindex":0,"rotation":0,"texture":"#0"}},"rotation":{"origin":[11.3368025,13.333334,11.336803],"angle":-45.0,"axis":"y"}},{"from":[9.155719,13.666667,6.892928],"to":[13.822386,20.0,6.892928],"faces":{"south":{"uv":[0.4375,10.0,0.875,10.59375],"tintindex":0,"rotation":0,"texture":"#0"},"north":{"uv":[0.875,10.0,0.4375,10.59375],"tintindex":0,"rotation":0,"texture":"#0"}},"rotation":{"origin":[11.489052,16.833334,6.892928],"angle":-22.5,"axis":"y"}},{"from":[7.6589885,19.006966,6.6666665],"to":[10.658989,25.673634,8.666667],"faces":{"east":{"uv":[7.5,11.5,7.6875,12.125],"tintindex":0,"rotation":0,"texture":"#0"},"south":{"uv":[4.09375,11.3125,4.375,11.9375],"tintindex":0,"rotation":0,"texture":"#0"},"north":{"uv":[2.59375,5.09375,2.875,5.71875],"tintindex":0,"rotation":0,"texture":"#0"},"west":{"uv":[10.5625,11.5,10.75,12.125],"tintindex":0,"rotation":0,"texture":"#0"},"up":{"uv":[12.40625,9.03125,12.125,8.84375],"tintindex":0,"rotation":0,"texture":"#0"},"down":{"uv":[12.40625,11.84375,12.125,12.03125],"tintindex":0,"rotation":0,"texture":"#0"}},"rotation":{"origin":[9.325655,23.673634,7.3333335],"angle":-22.5,"axis":"z"}}]}