{"textures":{"0":"modelengine:entity/yukio_full_hit"},"elements":[{"from":[6.0,-3.0941963,-4.7463484],"to":[10.0,1.9058056,-0.7463484],"faces":{"east":{"uv":[7.96875,9.71875,8.09375,9.875],"tintindex":0,"rotation":0,"texture":"#0"},"south":{"uv":[8.78125,9.75,8.90625,9.90625],"tintindex":0,"rotation":0,"texture":"#0"},"north":{"uv":[8.78125,9.59375,8.90625,9.75],"tintindex":0,"rotation":0,"texture":"#0"},"west":{"uv":[7.96875,9.875,8.09375,10.03125],"tintindex":0,"rotation":0,"texture":"#0"},"up":{"uv":[9.53125,1.0625,9.40625,0.9375],"tintindex":0,"rotation":0,"texture":"#0"},"down":{"uv":[9.84375,3.09375,9.71875,3.21875],"tintindex":0,"rotation":0,"texture":"#0"}},"rotation":{"origin":[8.0,-0.09419632,-2.7463484],"angle":-45.0,"axis":"x"}},{"from":[5.0,-0.09419632,-5.5747757],"to":[11.0,12.905806,9.425224],"faces":{"east":{"uv":[11.03125,5.03125,11.5,5.4375],"tintindex":0,"rotation":0,"texture":"#0"},"south":{"uv":[8.15625,11.90625,8.34375,12.3125],"tintindex":0,"rotation":0,"texture":"#0"},"north":{"uv":[10.375,11.875,10.5625,12.28125],"tintindex":0,"rotation":0,"texture":"#0"},"west":{"uv":[11.09375,0.40625,11.5625,0.8125],"tintindex":0,"rotation":0,"texture":"#0"},"up":{"uv":[8.5,7.4375,8.3125,6.96875],"tintindex":0,"rotation":0,"texture":"#0"},"down":{"uv":[9.03125,3.53125,8.84375,4.0],"tintindex":0,"rotation":0,"texture":"#0"}}}]}