{"textures":{"0":"modelengine:entity/yukio_full_hit"},"elements":[{"from":[6.0,-3.0941944,-4.7463455],"to":[10.0,1.9058056,-0.7463455],"faces":{"east":{"uv":[0.34375,11.8125,0.21875,11.96875],"tintindex":0,"rotation":0,"texture":"#0"},"south":{"uv":[3.40625,11.78125,3.28125,11.9375],"tintindex":0,"rotation":0,"texture":"#0"},"north":{"uv":[11.125,8.84375,11.0,9.0],"tintindex":0,"rotation":0,"texture":"#0"},"west":{"uv":[0.75,11.65625,0.625,11.8125],"tintindex":0,"rotation":0,"texture":"#0"},"up":{"uv":[12.03125,5.96875,12.15625,5.84375],"tintindex":0,"rotation":0,"texture":"#0"},"down":{"uv":[11.0,12.03125,11.125,12.15625],"tintindex":0,"rotation":0,"texture":"#0"}},"rotation":{"origin":[8.0,-0.09419441,-2.7463455],"angle":-45.0,"axis":"x"}},{"from":[5.0,-0.09419441,-5.574772],"to":[11.0,12.905806,9.425224],"faces":{"east":{"uv":[8.6875,11.15625,8.21875,11.5625],"tintindex":0,"rotation":0,"texture":"#0"},"south":{"uv":[12.125,11.90625,11.9375,12.3125],"tintindex":0,"rotation":0,"texture":"#0"},"north":{"uv":[9.0,11.9375,8.8125,12.34375],"tintindex":0,"rotation":0,"texture":"#0"},"west":{"uv":[3.03125,11.15625,2.5625,11.5625],"tintindex":0,"rotation":0,"texture":"#0"},"up":{"uv":[11.875,0.875,12.0625,0.40625],"tintindex":0,"rotation":0,"texture":"#0"},"down":{"uv":[0.84375,11.875,1.03125,12.34375],"tintindex":0,"rotation":0,"texture":"#0"}}}]}