{"textures":{"0":"modelengine:entity/yukio_full_hit"},"elements":[{"from":[2.8702154,2.6346993,-5.2758255],"to":[16.870214,10.634699,10.7241745],"faces":{"east":{"uv":[12.0625,6.4375,11.5625,6.6875],"tintindex":0,"rotation":0,"texture":"#0"},"south":{"uv":[5.15625,11.65625,4.71875,11.90625],"tintindex":0,"rotation":0,"texture":"#0"},"north":{"uv":[12.09375,0.0,11.65625,0.25],"tintindex":0,"rotation":0,"texture":"#0"},"west":{"uv":[2.8125,7.78125,2.3125,8.03125],"tintindex":0,"rotation":0,"texture":"#0"},"up":{"uv":[5.3125,11.3125,5.75,10.8125],"tintindex":0,"rotation":0,"texture":"#0"},"down":{"uv":[10.84375,4.53125,11.28125,5.03125],"tintindex":0,"rotation":0,"texture":"#0"}}}]}