{"textures":{"0":"modelengine:entity/yukio_full_hit"},"elements":[{"from":[6.6666665,7.6666665,6.0],"to":[10.0,20.0,9.333333],"faces":{"east":{"uv":[7.96875,9.1875,7.65625,10.34375],"tintindex":0,"rotation":0,"texture":"#0"},"south":{"uv":[7.65625,9.1875,7.34375,10.34375],"tintindex":0,"rotation":0,"texture":"#0"},"north":{"uv":[7.03125,9.1875,6.71875,10.34375],"tintindex":0,"rotation":0,"texture":"#0"},"west":{"uv":[7.34375,9.1875,7.03125,10.34375],"tintindex":0,"rotation":0,"texture":"#0"},"up":{"uv":[3.25,8.875,3.5625,8.5625],"tintindex":0,"rotation":0,"texture":"#0"},"down":{"uv":[10.96875,4.21875,11.28125,4.53125],"tintindex":0,"rotation":0,"texture":"#0"}}},{"from":[5.341011,19.006966,6.6666665],"to":[8.341011,25.673634,8.666667],"faces":{"east":{"uv":[10.75,11.5,10.5625,12.125],"tintindex":0,"rotation":0,"texture":"#0"},"south":{"uv":[4.375,11.3125,4.09375,11.9375],"tintindex":0,"rotation":0,"texture":"#0"},"north":{"uv":[2.875,5.09375,2.59375,5.71875],"tintindex":0,"rotation":0,"texture":"#0"},"west":{"uv":[7.6875,11.5,7.5,12.125],"tintindex":0,"rotation":0,"texture":"#0"},"up":{"uv":[12.125,9.03125,12.40625,8.84375],"tintindex":0,"rotation":0,"texture":"#0"},"down":{"uv":[12.125,11.84375,12.40625,12.03125],"tintindex":0,"rotation":0,"texture":"#0"}},"rotation":{"origin":[6.6743445,23.673634,7.3333335],"angle":22.5,"axis":"z"}},{"from":[2.1776142,13.666667,6.892928],"to":[6.844281,20.0,6.892928],"faces":{"south":{"uv":[0.875,10.0,0.4375,10.59375],"tintindex":0,"rotation":0,"texture":"#0"},"north":{"uv":[0.4375,10.0,0.875,10.59375],"tintindex":0,"rotation":0,"texture":"#0"}},"rotation":{"origin":[4.5109477,16.833334,6.892928],"angle":22.5,"axis":"y"}},{"from":[1.8298645,8.666667,11.336803],"to":[7.496531,22.0,11.336803],"faces":{"south":{"uv":[4.09375,7.625,3.5625,8.875],"tintindex":0,"rotation":0,"texture":"#0"},"north":{"uv":[1.78125,7.25,1.25,8.5],"tintindex":0,"rotation":0,"texture":"#0"}},"rotation":{"origin":[4.6631975,13.333334,11.336803],"angle":45.0,"axis":"y"}}]}