{"textures":{"0":"modelengine:entity/yukio_full_hit"},"elements":[{"from":[9.457345,22.525307,22.0],"to":[9.457345,27.025307,29.75],"faces":{"east":{"uv":[2.15625,4.5,1.1875,5.0625],"tintindex":0,"rotation":0,"texture":"#0"},"west":{"uv":[5.28125,3.875,4.3125,4.4375],"tintindex":0,"rotation":0,"texture":"#0"}},"rotation":{"origin":[7.535448,19.09937,17.524923],"angle":22.5,"axis":"z"}},{"from":[8.0,8.0,8.0],"to":[8.0,23.0,30.0],"faces":{"east":{"uv":[6.375,1.875,3.625,3.75],"tintindex":0,"rotation":0,"texture":"#0"},"west":{"uv":[7.125,0.0,4.375,1.875],"tintindex":0,"rotation":0,"texture":"#0"}}},{"from":[7.796111,17.407707,2.3188887],"to":[8.546111,18.907707,16.06889],"faces":{"east":{"uv":[11.03125,2.34375,9.3125,2.53125],"tintindex":0,"rotation":0,"texture":"#0"},"south":{"uv":[4.84375,7.0,4.75,7.1875],"tintindex":0,"rotation":0,"texture":"#0"},"north":{"uv":[4.84375,6.8125,4.75,7.0],"tintindex":0,"rotation":0,"texture":"#0"},"west":{"uv":[11.03125,2.15625,9.3125,2.34375],"tintindex":0,"rotation":0,"texture":"#0"},"up":{"uv":[10.75,12.8125,10.84375,11.09375],"tintindex":0,"rotation":0,"texture":"#0"},"down":{"uv":[0.75,11.1875,0.84375,12.90625],"tintindex":0,"rotation":0,"texture":"#0"}},"rotation":{"origin":[7.535448,19.09937,17.524923],"angle":-45.0,"axis":"x"}}]}