{"textures":{"0":"modelengine:entity/nocsy_skeleton_warrior"},"elements":[{"from":[7.712,4.8062854,7.5577145],"to":[8.288,8.005143,8.339429],"rotation":{"angle":0.0,"axis":"y","origin":[9.388572,11.188572,8.0]},"faces":{"east":{"uv":[3.625,4.75,3.8125,5.4375],"rotation":0,"texture":"#0","tintindex":0},"south":{"uv":[0.125,5.625,0.25,6.3125],"rotation":0,"texture":"#0","tintindex":0},"north":{"uv":[0.0,5.625,0.125,6.3125],"rotation":0,"texture":"#0","tintindex":0},"west":{"uv":[3.875,4.75,4.0625,5.4375],"rotation":0,"texture":"#0","tintindex":0},"up":{"uv":[6.5,7.5625,6.375,7.375],"rotation":0,"texture":"#0","tintindex":0},"down":{"uv":[6.625,7.375,6.5,7.5625],"rotation":0,"texture":"#0","tintindex":0}}},{"from":[7.157857,7.199379,7.6959743],"to":[7.9909997,8.032521,8.477689],"rotation":{"angle":-45.0,"axis":"z","origin":[8.102858,7.254286,7.948571]},"faces":{"east":{"uv":[7.0,1.5,7.1875,1.6875],"rotation":0,"texture":"#0","tintindex":0},"south":{"uv":[1.75,7.0,1.9375,7.1875],"rotation":0,"texture":"#0","tintindex":0},"north":{"uv":[1.5,7.0,1.6875,7.1875],"rotation":0,"texture":"#0","tintindex":0},"west":{"uv":[7.0,1.75,7.1875,1.9375],"rotation":0,"texture":"#0","tintindex":0},"up":{"uv":[2.1875,7.1875,2.0,7.0],"rotation":0,"texture":"#0","tintindex":0},"down":{"uv":[7.1875,2.0,7.0,2.1875],"rotation":0,"texture":"#0","tintindex":0}}},{"from":[7.4860344,4.445234,7.281006],"to":[8.213851,5.6503086,8.605394],"rotation":{"angle":0.0,"axis":"y","origin":[9.729143,13.041829,7.9730287]},"faces":{"east":{"uv":[5.375,0.0,5.6875,0.25],"rotation":0,"texture":"#0","tintindex":0},"south":{"uv":[2.0,6.375,2.1875,6.625],"rotation":0,"texture":"#0","tintindex":0},"north":{"uv":[1.75,6.375,1.9375,6.625],"rotation":0,"texture":"#0","tintindex":0},"west":{"uv":[5.875,1.75,6.1875,2.0],"rotation":0,"texture":"#0","tintindex":0},"up":{"uv":[6.3125,0.3125,6.125,0.0],"rotation":0,"texture":"#0","tintindex":0},"down":{"uv":[6.3125,1.375,6.125,1.6875],"rotation":0,"texture":"#0","tintindex":0}}},{"from":[7.50358,5.6386514,7.476791],"to":[8.517112,6.272297,8.458323],"rotation":{"angle":-45.0,"axis":"y","origin":[7.9928,5.962057,7.9717712]},"faces":{"east":{"uv":[6.625,7.375,6.8125,7.5],"rotation":0,"texture":"#0","tintindex":0},"south":{"uv":[7.25,3.25,7.5,3.375],"rotation":0,"texture":"#0","tintindex":0},"north":{"uv":[7.25,3.125,7.5,3.25],"rotation":0,"texture":"#0","tintindex":0},"west":{"uv":[6.875,7.375,7.0625,7.5],"rotation":0,"texture":"#0","tintindex":0},"up":{"uv":[2.5,6.5625,2.25,6.375],"rotation":0,"texture":"#0","tintindex":0},"down":{"uv":[2.75,6.375,2.5,6.5625],"rotation":0,"texture":"#0","tintindex":0}}},{"from":[7.4263773,3.8486624,7.2511773],"to":[8.03488,4.8151083,7.591223],"rotation":{"angle":0.0,"axis":"y","origin":[9.729143,13.041829,7.9730287]},"faces":{"east":{"uv":[7.875,2.625,7.9375,2.8125],"rotation":0,"texture":"#0","tintindex":0},"south":{"uv":[7.375,7.125,7.5,7.3125],"rotation":0,"texture":"#0","tintindex":0},"north":{"uv":[7.125,7.375,7.25,7.5625],"rotation":0,"texture":"#0","tintindex":0},"west":{"uv":[2.75,7.875,2.8125,8.0625],"rotation":0,"texture":"#0","tintindex":0},"up":{"uv":[8.125,3.1875,8.0,3.125],"rotation":0,"texture":"#0","tintindex":0},"down":{"uv":[3.375,8.0,3.25,8.0625],"rotation":0,"texture":"#0","tintindex":0}}},{"from":[7.6709714,3.138743,7.3168],"to":[8.148229,3.9739428,7.5554285],"rotation":{"angle":22.5,"axis":"z","origin":[7.7306285,3.3773713,7.4361143]},"faces":{"east":{"uv":[2.875,7.875,2.9375,8.0625],"rotation":0,"texture":"#0","tintindex":0},"south":{"uv":[7.375,7.375,7.5,7.5625],"rotation":0,"texture":"#0","tintindex":0},"north":{"uv":[7.25,7.375,7.375,7.5625],"rotation":0,"texture":"#0","tintindex":0},"west":{"uv":[3.0,7.875,3.0625,8.0625],"rotation":0,"texture":"#0","tintindex":0},"up":{"uv":[8.125,3.3125,8.0,3.25],"rotation":0,"texture":"#0","tintindex":0},"down":{"uv":[8.125,3.5,8.0,3.5625],"rotation":0,"texture":"#0","tintindex":0}}},{"from":[7.7008,2.6763997,7.3466287],"to":[8.1184,3.4519424,7.5256],"rotation":{"angle":45.0,"axis":"z","origin":[7.7306285,3.3773713,7.4361143]},"faces":{"east":{"uv":[3.125,7.875,3.1875,8.0625],"rotation":0,"texture":"#0","tintindex":0},"south":{"uv":[0.125,7.5,0.25,7.6875],"rotation":0,"texture":"#0","tintindex":0},"north":{"uv":[0.0,7.5,0.125,7.6875],"rotation":0,"texture":"#0","tintindex":0},"west":{"uv":[7.875,3.125,7.9375,3.3125],"rotation":0,"texture":"#0","tintindex":0},"up":{"uv":[8.125,3.6875,8.0,3.625],"rotation":0,"texture":"#0","tintindex":0},"down":{"uv":[3.875,8.0,3.75,8.0625],"rotation":0,"texture":"#0","tintindex":0}}},{"from":[7.6709714,3.138743,8.286228],"to":[8.148229,3.9739428,8.5696],"rotation":{"angle":22.5,"axis":"z","origin":[7.7306285,3.3773713,7.4361143]},"faces":{"east":{"uv":[3.375,7.875,3.4375,8.0625],"rotation":0,"texture":"#0","tintindex":0},"south":{"uv":[7.5,0.375,7.625,0.5625],"rotation":0,"texture":"#0","tintindex":0},"north":{"uv":[0.375,7.5,0.5,7.6875],"rotation":0,"texture":"#0","tintindex":0},"west":{"uv":[3.5,7.875,3.5625,8.0625],"rotation":0,"texture":"#0","tintindex":0},"up":{"uv":[8.125,3.8125,8.0,3.75],"rotation":0,"texture":"#0","tintindex":0},"down":{"uv":[8.125,3.875,8.0,3.9375],"rotation":0,"texture":"#0","tintindex":0}}},{"from":[7.5292015,2.8356657,7.8686285],"to":[7.8871446,3.4918942,8.032685],"rotation":{"angle":45.0,"axis":"z","origin":[7.827487,3.6112084,7.9506574]},"faces":{"east":{"uv":[3.625,7.875,3.6875,8.0625],"rotation":0,"texture":"#0","tintindex":0},"south":{"uv":[0.625,7.5,0.75,7.6875],"rotation":0,"texture":"#0","tintindex":0},"north":{"uv":[0.5,7.5,0.625,7.6875],"rotation":0,"texture":"#0","tintindex":0},"west":{"uv":[7.875,3.625,7.9375,3.8125],"rotation":0,"texture":"#0","tintindex":0},"up":{"uv":[8.125,4.0625,8.0,4.0],"rotation":0,"texture":"#0","tintindex":0},"down":{"uv":[8.125,4.125,8.0,4.1875],"rotation":0,"texture":"#0","tintindex":0}}},{"from":[7.5292015,2.8356657,8.345885],"to":[7.8871446,3.4918942,8.509943],"rotation":{"angle":45.0,"axis":"z","origin":[7.827487,3.6112084,7.9506574]},"faces":{"east":{"uv":[3.875,7.875,3.9375,8.0625],"rotation":0,"texture":"#0","tintindex":0},"south":{"uv":[1.0,7.5,1.125,7.6875],"rotation":0,"texture":"#0","tintindex":0},"north":{"uv":[0.75,7.5,0.875,7.6875],"rotation":0,"texture":"#0","tintindex":0},"west":{"uv":[4.0,7.875,4.0625,8.0625],"rotation":0,"texture":"#0","tintindex":0},"up":{"uv":[4.375,8.0625,4.25,8.0],"rotation":0,"texture":"#0","tintindex":0},"down":{"uv":[8.125,4.25,8.0,4.3125],"rotation":0,"texture":"#0","tintindex":0}}},{"from":[7.6709714,3.138743,7.8089714],"to":[8.148229,3.9739428,8.092343],"rotation":{"angle":22.5,"axis":"z","origin":[7.7306285,3.3773713,7.4361143]},"faces":{"east":{"uv":[4.125,7.875,4.1875,8.0625],"rotation":0,"texture":"#0","tintindex":0},"south":{"uv":[1.25,7.5,1.375,7.6875],"rotation":0,"texture":"#0","tintindex":0},"north":{"uv":[1.125,7.5,1.25,7.6875],"rotation":0,"texture":"#0","tintindex":0},"west":{"uv":[7.875,4.125,7.9375,4.3125],"rotation":0,"texture":"#0","tintindex":0},"up":{"uv":[8.125,4.4375,8.0,4.375],"rotation":0,"texture":"#0","tintindex":0},"down":{"uv":[4.625,8.0,4.5,8.0625],"rotation":0,"texture":"#0","tintindex":0}}},{"from":[8.559863,4.445234,7.221349],"to":[8.989394,5.41168,7.8298516],"rotation":{"angle":22.5,"axis":"z","origin":[8.655314,4.9284573,7.5256]},"faces":{"east":{"uv":[1.375,7.5,1.5,7.6875],"rotation":0,"texture":"#0","tintindex":0},"south":{"uv":[7.875,4.375,7.9375,4.5625],"rotation":0,"texture":"#0","tintindex":0},"north":{"uv":[4.375,7.875,4.4375,8.0625],"rotation":0,"texture":"#0","tintindex":0},"west":{"uv":[1.5,7.5,1.625,7.6875],"rotation":0,"texture":"#0","tintindex":0},"up":{"uv":[8.0625,4.625,8.0,4.5],"rotation":0,"texture":"#0","tintindex":0},"down":{"uv":[4.6875,8.0,4.625,8.125],"rotation":0,"texture":"#0","tintindex":0}}},{"from":[8.804458,3.854628,7.2869716],"to":[9.102743,4.6898284,7.7642283],"rotation":{"angle":0.0,"axis":"y","origin":[8.655314,4.9284573,7.5256]},