{"textures":{"0":"modelengine:entity/nocsy_skeleton_warrior"},"elements":[{"from":[6.4609523,5.686049,4.4703856],"to":[7.386667,9.983192,5.3389573],"rotation":{"angle":0.0,"axis":"y","origin":[9.166096,14.35405,7.998386]},"faces":{"east":{"uv":[0.25,3.875,0.4375,4.8125],"rotation":0,"texture":"#0","tintindex":0},"south":{"uv":[2.625,4.0,2.8125,4.9375],"rotation":0,"texture":"#0","tintindex":0},"north":{"uv":[0.0,3.875,0.1875,4.8125],"rotation":0,"texture":"#0","tintindex":0},"west":{"uv":[2.875,4.0,3.0625,4.9375],"rotation":0,"texture":"#0","tintindex":0},"up":{"uv":[2.4375,7.1875,2.25,7.0],"rotation":0,"texture":"#0","tintindex":0},"down":{"uv":[7.1875,2.25,7.0,2.4375],"rotation":0,"texture":"#0","tintindex":0}}},{"from":[6.4638095,9.060335,3.044671],"to":[7.3838096,11.06605,3.9075284],"rotation":{"angle":45.0,"axis":"x","origin":[6.9238095,7.8346205,4.9046717]},"faces":{"east":{"uv":[5.75,0.75,5.9375,1.1875],"rotation":0,"texture":"#0","tintindex":0},"south":{"uv":[1.5,5.75,1.6875,6.1875],"rotation":0,"texture":"#0","tintindex":0},"north":{"uv":[5.625,4.0,5.8125,4.4375],"rotation":0,"texture":"#0","tintindex":0},"west":{"uv":[1.75,5.75,1.9375,6.1875],"rotation":0,"texture":"#0","tintindex":0},"up":{"uv":[2.6875,7.1875,2.5,7.0],"rotation":0,"texture":"#0","tintindex":0},"down":{"uv":[7.1875,2.5,7.0,2.6875],"rotation":0,"texture":"#0","tintindex":0}}},{"from":[6.4638095,5.760611,1.4389281],"to":[7.3838096,7.7663255,2.3017855],"rotation":{"angle":-45.0,"axis":"x","origin":[6.9238095,10.420611,5.470357]},"faces":{"east":{"uv":[5.75,3.375,5.9375,3.8125],"rotation":0,"texture":"#0","tintindex":0},"south":{"uv":[5.75,4.5,5.9375,4.9375],"rotation":0,"texture":"#0","tintindex":0},"north":{"uv":[2.0,5.75,2.1875,6.1875],"rotation":0,"texture":"#0","tintindex":0},"west":{"uv":[4.75,5.75,4.9375,6.1875],"rotation":0,"texture":"#0","tintindex":0},"up":{"uv":[2.9375,7.1875,2.75,7.0],"rotation":0,"texture":"#0","tintindex":0},"down":{"uv":[7.1875,2.75,7.0,2.9375],"rotation":0,"texture":"#0","tintindex":0}}},{"from":[6.4638095,5.760611,8.638928],"to":[7.3838096,7.7663255,9.501785],"rotation":{"angle":-45.0,"axis":"x","origin":[6.9238095,10.420611,5.470357]},"faces":{"east":{"uv":[5.75,5.0,5.9375,5.4375],"rotation":0,"texture":"#0","tintindex":0},"south":{"uv":[5.25,5.75,5.4375,6.1875],"rotation":0,"texture":"#0","tintindex":0},"north":{"uv":[5.0,5.75,5.1875,6.1875],"rotation":0,"texture":"#0","tintindex":0},"west":{"uv":[5.75,5.5,5.9375,5.9375],"rotation":0,"texture":"#0","tintindex":0},"up":{"uv":[3.1875,7.1875,3.0,7.0],"rotation":0,"texture":"#0","tintindex":0},"down":{"uv":[7.1875,3.0,7.0,3.1875],"rotation":0,"texture":"#0","tintindex":0}}},{"from":[6.4638095,9.060335,10.301814],"to":[7.3838096,11.06605,11.164672],"rotation":{"angle":45.0,"axis":"x","origin":[6.9238095,7.8346205,4.9046717]},"faces":{"east":{"uv":[0.5,5.875,0.6875,6.3125],"rotation":0,"texture":"#0","tintindex":0},"south":{"uv":[0.75,5.875,0.9375,6.3125],"rotation":0,"texture":"#0","tintindex":0},"north":{"uv":[5.875,0.0,6.0625,0.4375],"rotation":0,"texture":"#0","tintindex":0},"west":{"uv":[1.0,5.875,1.1875,6.3125],"rotation":0,"texture":"#0","tintindex":0},"up":{"uv":[3.4375,7.1875,3.25,7.0],"rotation":0,"texture":"#0","tintindex":0},"down":{"uv":[7.1875,3.25,7.0,3.4375],"rotation":0,"texture":"#0","tintindex":0}}},{"from":[6.4609523,5.686049,10.7561],"to":[7.386667,9.983192,11.624672],"rotation":{"angle":0.0,"axis":"y","origin":[9.166096,14.35405,7.998386]},"faces":{"east":{"uv":[0.75,4.125,0.9375,5.0625],"rotation":0,"texture":"#0","tintindex":0},"south":{"uv":[4.125,0.875,4.3125,1.8125],"rotation":0,"texture":"#0","tintindex":0},"north":{"uv":[0.5,4.125,0.6875,5.0625],"rotation":0,"texture":"#0","tintindex":0},"west":{"uv":[4.25,3.0,4.4375,3.9375],"rotation":0,"texture":"#0","tintindex":0},"up":{"uv":[3.6875,7.1875,3.5,7.0],"rotation":0,"texture":"#0","tintindex":0},"down":{"uv":[7.1875,3.5,7.0,3.6875],"rotation":0,"texture":"#0","tintindex":0}}},{"from":[6.638095,5.1203346,5.333243],"to":[7.2095237,10.548906,10.761814],"rotation":{"angle":0.0,"axis":"y","origin":[9.166096,14.35405,7.998386]},"faces":{"east":{"uv":[0.0,1.25,1.1875,2.4375],"rotation":0,"texture":"#0","tintindex":0},"south":{"uv":[4.5,4.5,4.625,5.6875],"rotation":0,"texture":"#0","tintindex":0},"north":{"uv":[1.0,4.125,1.125,5.3125],"rotation":0,"texture":"#0","tintindex":0},"west":{"uv":[1.25,1.25,2.4375,2.4375],"rotation":0,"texture":"#0","tintindex":0},"up":{"uv":[3.5,5.8125,3.375,4.625],"rotation":0,"texture":"#0","tintindex":0},"down":{"uv":[3.625,4.625,3.5,5.8125],"rotation":0,"texture":"#0","tintindex":0}}},{"from":[6.4609523,4.246049,5.8989573],"to":[7.386667,5.1146207,10.1961],"rotation":{"angle":0.0,"axis":"y","origin":[9.166096,14.342621,7.426957]},"faces":{"east":{"uv":[4.125,1.875,5.0625,2.0625],"rotation":0,"texture":"#0","tintindex":0},"south":{"uv":[7.0,3.75,7.1875,3.9375],"rotation":0,"texture":"#0","tintindex":0},"north":{"uv":[3.75,7.0,3.9375,7.1875],"rotation":0,"texture":"#0","tintindex":0},"west":{"uv":[3.625,4.25,4.5625,4.4375],"rotation":0,"texture":"#0","tintindex":0},"up":{"uv":[4.5625,1.8125,4.375,0.875],"rotation":0,"texture":"#0","tintindex":0},"down":{"uv":[1.5625,4.375,1.375,5.3125],"rotation":0,"texture":"#0","tintindex":0}}},{"from":[6.4609523,10.543192,5.8989573],"to":[7.386667,11.411764,10.1961],"rotation":{"angle":0.0,"axis":"y","origin":[9.166096,14.35405,7.998386]},"faces":{"east":{"uv":[4.25,4.0,5.1875,4.1875],"rotation":0,"texture":"#0","tintindex":0},"south":{"uv":[7.0,4.0,7.1875,4.1875],"rotation":0,"texture":"#0","tintindex":0},"north":{"uv":[4.0,7.0,4.1875,7.1875],"rotation":0,"texture":"#0","tintindex":0},"west":{"uv":[4.375,0.0,5.3125,0.1875],"rotation":0,"texture":"#0","tintindex":0},"up":{"uv":[1.8125,5.3125,1.625,4.375],"rotation":0,"texture":"#0","tintindex":0},"down":{"uv":[2.0625,4.375,1.875,5.3125],"rotation":0,"texture":"#0","tintindex":0}}},{"from":[6.8038096,7.186049,6.8703856],"to":[8.358095,8.27062,7.0806713],"rotation":{"angle":0.0,"axis":"y","origin":[9.166096,14.35405,7.998386]},"faces":{"east":{"uv":[4.5,7.75,4.5625,8.0],"rotation":0,"texture":"#0","tintindex":0},"south":{"uv":[4.25,5.875,4.5625,6.125],"rotation":0,"texture":"#0","tintindex":0},"north":{"uv":[5.875,4.0,6.1875,4.25],"rotation":0,"texture":"#0","tintindex":0},"west":{"uv":[7.75,4.5,7.8125,4.75],"rotation":0,"texture":"#0","tintindex":0},"up":{"uv":[7.8125,7.5625,7.5,7.5],"rotation":0,"texture":"#0","tintindex":0},"down":{"uv":[7.9375,0.0,7.625,0.0625],"rotation":0,"texture":"#0","tintindex":0}}},{"from":[6.8609524,7.186049,8.7561],"to":[8.358095,8.27062,8.966386],"rotation":{"angle":0.0,"axis":"y","origin":[9.166096,14.35405,7.998386]},"faces":{"east":{"uv":[4.625,7.75,4.6875,8.0],"rotation":0,"texture":"#0","tintindex":0},"south":{"uv":[6.0,0.75,6.3125,1.0],"rotation":0,"texture":"#0","tintindex":0},"north":{"uv":[5.875,4.25,6.1875,4.5],"rotation":0,"texture":"#0","tintindex":0},"west":{"uv":[4.75,7.75,4.8125,8.0],"rotation":0,"texture":"#0","tintindex":0},"up":{"uv":[7.9375,0.1875,7.625,0.125],"rotation":0,"texture":"#0","tintindex":0},"down":{"uv":[7.9375,0.25,7.625,0.3125],"rotation":0,"texture":"#0","tintindex":0}}},{"from":[8.060952,7.186049,7.0418143],"to":[8.358095,8.27062,8.794957],"rotation":{"angle":0.0,"axis":"y","origin":[9.166096,14.35405,7.998386]},"faces":{"east":{"uv":[3.25,2.25,3.625,2.5],"rotation":0,"texture":"#0","tintindex":0},"south":{"uv":[4.875,7.75,4.9375,8.0],"rotation":0,"texture":"#0","tintindex":0},"north":{"uv":[7.75,4.75,7.8125,5.0],"rotation":0,"texture":"#0","tintindex":0},"west":{"uv":[5.25,4.0,5.625,4.25],"rotation":0,"texture":"#0","tintindex":0},"up":{"uv":[2.3125,7.875,2.25,7.5],"rotation":0,"texture":"#0","tintindex":0},"down":{"uv":[2.4375,7.5,2.375,7.875],"rotation":0,"texture":"#0","tintindex":0}}}],"display":{"head":{"translation":[0.0,-6.4,0.0],"scale":[4.0,4.0,4.0]}}}