{"textures":{"0":"modelengine:entity/nocsy_drakonin_baby2"},"elements":[{"from":[7.134258,6.616302,6.5529633],"to":[8.277115,8.330587,8.267249],"rotation":{"angle":-22.5,"axis":"x","origin":[9.288544,7.9877305,7.8786774]},"faces":{"east":{"uv":[3.375,8.625,3.75,9.0],"rotation":0,"texture":"#0","tintindex":0},"south":{"uv":[1.5,9.875,1.75,10.25],"rotation":0,"texture":"#0","tintindex":0},"north":{"uv":[9.875,0.0,10.125,0.375],"rotation":0,"texture":"#0","tintindex":0},"west":{"uv":[3.875,8.625,4.25,9.0],"rotation":0,"texture":"#0","tintindex":0},"up":{"uv":[10.125,3.125,9.875,2.75],"rotation":0,"texture":"#0","tintindex":0},"down":{"uv":[10.125,3.25,9.875,3.625],"rotation":0,"texture":"#0","tintindex":0}}},{"from":[7.6485434,8.216302,6.6672487],"to":[7.6485434,9.930588,8.381535],"rotation":{"angle":-22.5,"axis":"x","origin":[9.288544,7.9877305,7.8786774]},"faces":{"east":{"uv":[4.25,11.0,3.875,11.375],"rotation":0,"texture":"#0","tintindex":0},"south":{"uv":[1.5,9.875,1.75,10.25],"rotation":0,"texture":"#0","tintindex":0},"north":{"uv":[9.875,0.0,10.125,0.375],"rotation":0,"texture":"#0","tintindex":0},"west":{"uv":[3.875,11.0,4.25,11.375],"rotation":0,"texture":"#0","tintindex":0},"up":{"uv":[10.125,3.125,9.875,2.75],"rotation":0,"texture":"#0","tintindex":0},"down":{"uv":[10.125,3.25,9.875,3.625],"rotation":0,"texture":"#0","tintindex":0}}}],"display":{"head":{"translation":[0.0,-6.4,0.0],"scale":[4.0,4.0,4.0]}}}