{"textures":{"0":"modelengine:entity/nocsy_drakonin_baby2"},"elements":[{"from":[7.722885,6.616302,6.5529633],"to":[8.865743,8.330587,8.267249],"rotation":{"angle":-22.5,"axis":"x","origin":[6.7114563,7.9877305,7.8786774]},"faces":{"east":{"uv":[4.25,8.625,3.875,9.0],"rotation":0,"texture":"#0","tintindex":0},"south":{"uv":[1.75,9.875,1.5,10.25],"rotation":0,"texture":"#0","tintindex":0},"north":{"uv":[10.125,0.0,9.875,0.375],"rotation":0,"texture":"#0","tintindex":0},"west":{"uv":[3.75,8.625,3.375,9.0],"rotation":0,"texture":"#0","tintindex":0},"up":{"uv":[9.875,3.125,10.125,2.75],"rotation":0,"texture":"#0","tintindex":0},"down":{"uv":[9.875,3.25,10.125,3.625],"rotation":0,"texture":"#0","tintindex":0}}},{"from":[8.351457,8.216302,6.6672487],"to":[8.351457,9.930588,8.381535],"rotation":{"angle":-22.5,"axis":"x","origin":[6.7114563,7.9877305,7.8786774]},"faces":{"east":{"uv":[4.25,11.0,3.875,11.375],"rotation":0,"texture":"#0","tintindex":0},"south":{"uv":[1.75,9.875,1.5,10.25],"rotation":0,"texture":"#0","tintindex":0},"north":{"uv":[10.125,0.0,9.875,0.375],"rotation":0,"texture":"#0","tintindex":0},"west":{"uv":[3.875,11.0,4.25,11.375],"rotation":0,"texture":"#0","tintindex":0},"up":{"uv":[9.875,3.125,10.125,2.75],"rotation":0,"texture":"#0","tintindex":0},"down":{"uv":[9.875,3.25,10.125,3.625],"rotation":0,"texture":"#0","tintindex":0}}}],"display":{"head":{"translation":[0.0,-6.4,0.0],"scale":[4.0,4.0,4.0]}}}