{"textures":{"2":"modelengine:entity/lr_yeti_damage"},"elements":[{"from":[3.7142854,8.285714,1.7142854],"to":[12.285715,11.714286,8.0],"rotation":{"angle":0.0,"axis":"y","origin":[8.285714,-16.285715,8.571428]},"faces":{"east":{"uv":[10.4375,2.25,11.125,2.625],"rotation":0,"texture":"#2","tintindex":0},"south":{"uv":[10.3125,9.5,11.25,9.875],"rotation":0,"texture":"#2","tintindex":0},"north":{"uv":[10.25,4.6875,11.1875,5.0625],"rotation":0,"texture":"#2","tintindex":0},"west":{"uv":[8.5625,10.5,9.25,10.875],"rotation":0,"texture":"#2","tintindex":0},"up":{"uv":[9.0,6.875,8.0625,6.1875],"rotation":0,"texture":"#2","tintindex":0},"down":{"uv":[9.9375,6.1875,9.0,6.875],"rotation":0,"texture":"#2","tintindex":0}}},{"from":[-12.068909,9.503158,7.4765854],"to":[6.7882338,14.646015,10.333729],"rotation":{"angle":22.5,"axis":"y","origin":[-2.8571434,12.0,9.428572]},"faces":{"east":{"uv":[3.0,6.6875,3.3125,7.25],"rotation":0,"texture":"#2","tintindex":0},"south":{"uv":[7.0625,7.4375,9.125,8.0],"rotation":0,"texture":"#2","tintindex":0},"north":{"uv":[7.0625,6.875,9.125,7.4375],"rotation":0,"texture":"#2","tintindex":0},"west":{"uv":[0.375,10.625,0.6875,11.1875],"rotation":0,"texture":"#2","tintindex":0},"up":{"uv":[11.125,1.1875,9.0625,0.875],"rotation":0,"texture":"#2","tintindex":0},"down":{"uv":[11.125,1.1875,9.0625,1.5],"rotation":0,"texture":"#2","tintindex":0}}},{"from":[-12.068909,14.646015,7.4765854],"to":[-9.211767,18.646015,10.333729],"rotation":{"angle":22.5,"axis":"y","origin":[-2.8571434,12.0,9.428572]},"faces":{"east":{"uv":[5.375,10.875,5.6875,11.3125],"rotation":0,"texture":"#2","tintindex":0},"south":{"uv":[8.5625,10.875,8.875,11.3125],"rotation":0,"texture":"#2","tintindex":0},"north":{"uv":[10.875,5.0625,11.1875,5.5],"rotation":0,"texture":"#2","tintindex":0},"west":{"uv":[10.875,8.6875,11.1875,9.125],"rotation":0,"texture":"#2","tintindex":0},"up":{"uv":[3.3125,7.5625,3.0,7.25],"rotation":0,"texture":"#2","tintindex":0},"down":{"uv":[11.1875,9.125,10.875,9.4375],"rotation":0,"texture":"#2","tintindex":0}}},{"from":[9.783195,9.503158,7.4765854],"to":[28.640339,14.646015,10.333729],"rotation":{"angle":-22.5,"axis":"y","origin":[19.428572,12.0,9.428572]},"faces":{"east":{"uv":[0.6875,10.625,0.375,11.1875],"rotation":0,"texture":"#2","tintindex":0},"south":{"uv":[9.125,7.4375,7.0625,8.0],"rotation":0,"texture":"#2","tintindex":0},"north":{"uv":[9.125,6.875,7.0625,7.4375],"rotation":0,"texture":"#2","tintindex":0},"west":{"uv":[3.3125,6.6875,3.0,7.25],"rotation":0,"texture":"#2","tintindex":0},"up":{"uv":[9.0625,1.1875,11.125,0.875],"rotation":0,"texture":"#2","tintindex":0},"down":{"uv":[9.0625,1.1875,11.125,1.5],"rotation":0,"texture":"#2","tintindex":0}}},{"from":[25.783195,14.646015,7.4765854],"to":[28.640339,18.646015,10.333729],"rotation":{"angle":-22.5,"axis":"y","origin":[19.428572,12.0,9.428572]},"faces":{"east":{"uv":[11.1875,8.6875,10.875,9.125],"rotation":0,"texture":"#2","tintindex":0},"south":{"uv":[8.875,10.875,8.5625,11.3125],"rotation":0,"texture":"#2","tintindex":0},"north":{"uv":[11.1875,5.0625,10.875,5.5],"rotation":0,"texture":"#2","tintindex":0},"west":{"uv":[5.6875,10.875,5.375,11.3125],"rotation":0,"texture":"#2","tintindex":0},"up":{"uv":[3.0,7.5625,3.3125,7.25],"rotation":0,"texture":"#2","tintindex":0},"down":{"uv":[10.875,9.125,11.1875,9.4375],"rotation":0,"texture":"#2","tintindex":0}}},{"from":[2.2857141,10.0,1.5714283],"to":[8.0,14.0,1.5714283],"rotation":{"angle":0.0,"axis":"y","origin":[8.285714,-16.285715,8.571428]},"faces":{"east":{"uv":[0.0,0.0,0.0,0.4375],"rotation":0,"texture":"#2","tintindex":0},"south":{"uv":[5.9375,4.6875,5.3125,5.125],"rotation":0,"texture":"#2","tintindex":0},"north":{"uv":[5.3125,4.6875,5.9375,5.125],"rotation":0,"texture":"#2","tintindex":0},"west":{"uv":[0.0,0.0,0.0,0.4375],"rotation":0,"texture":"#2","tintindex":0},"up":{"uv":[0.625,0.0,0.0,0.0],"rotation":0,"texture":"#2","tintindex":0},"down":{"uv":[0.625,0.0,0.0,0.0],"rotation":0,"texture":"#2","tintindex":0}}},{"from":[8.0,10.0,1.5714283],"to":[13.714286,14.0,1.5714283],"rotation":{"angle":0.0,"axis":"y","origin":[7.714286,-16.285715,8.571428]},"faces":{"east":{"uv":[0.0,0.0,0.0,0.4375],"rotation":0,"texture":"#2","tintindex":0},"south":{"uv":[5.3125,4.6875,5.9375,5.125],"rotation":0,"texture":"#2","tintindex":0},"north":{"uv":[5.9375,4.6875,5.3125,5.125],"rotation":0,"texture":"#2","tintindex":0},"west":{"uv":[0.0,0.0,0.0,0.4375],"rotation":0,"texture":"#2","tintindex":0},"up":{"uv":[0.0,0.0,0.625,0.0],"rotation":0,"texture":"#2","tintindex":0},"down":{"uv":[0.0,0.0,0.625,0.0],"rotation":0,"texture":"#2","tintindex":0}}},{"from":[4.285714,7.142857,2.2857141],"to":[11.714286,8.285714,8.0],"rotation":{"angle":0.0,"axis":"y","origin":[8.285714,-16.285715,8.571428]},"faces":{"east":{"uv":[9.1875,6.0625,9.8125,6.1875],"rotation":0,"texture":"#2","tintindex":0},"south":{"uv":[8.1875,1.0,9.0,1.125],"rotation":0,"texture":"#2","tintindex":0},"north":{"uv":[8.1875,0.875,9.0,1.0],"rotation":0,"texture":"#2","tintindex":0},"west":{"uv":[9.625,8.75,10.25,8.875],"rotation":0,"texture":"#2","tintindex":0},"up":{"uv":[3.0625,10.4375,2.25,9.8125],"rotation":0,"texture":"#2","tintindex":0},"down":{"uv":[3.875,9.8125,3.0625,10.4375],"rotation":0,"texture":"#2","tintindex":0}}},{"from":[3.7142854,12.724035,7.581985],"to":[12.285715,12.724035,10.439128],"rotation":{"angle":-45.0,"axis":"x","origin":[8.0,12.724035,9.010557]},"faces":{"east":{"uv":[0.0,0.0,0.3125,0.0],"rotation":0,"texture":"#2","tintindex":0},"south":{"uv":[0.0,0.0,0.9375,0.0],"rotation":0,"texture":"#2","tintindex":0},"north":{"uv":[0.0,0.0,0.9375,0.0],"rotation":0,"texture":"#2","tintindex":0},"west":{"uv":[0.0,0.0,0.3125,0.0],"rotation":0,"texture":"#2","tintindex":0},"up":{"uv":[10.4375,2.25,11.375,1.9375],"rotation":0,"texture":"#2","tintindex":0},"down":{"uv":[11.375,1.9375,10.4375,2.25],"rotation":0,"texture":"#2","tintindex":0}}},{"from":[6.5714283,8.285714,1.1428566],"to":[9.428572,10.0,2.2857141],"rotation":{"angle":-22.5,"axis":"x","origin":[8.0,9.142858,1.7142854]},"faces":{"east":{"uv":[5.9375,4.6875,6.0625,4.875],"rotation":0,"texture":"#2","tintindex":0},"south":{"uv":[11.0,3.0,11.3125,3.1875],"rotation":0,"texture":"#2","tintindex":0},"north":{"uv":[1.0625,11.0,1.375,11.1875],"rotation":0,"texture":"#2","tintindex":0},"west":{"uv":[5.9375,4.875,6.0625,5.0625],"rotation":0,"texture":"#2","tintindex":0},"up":{"uv":[8.0,4.375,7.6875,4.25],"rotation":0,"texture":"#2","tintindex":0},"down":{"uv":[10.0,3.375,9.6875,3.5],"rotation":0,"texture":"#2","tintindex":0}}}],"display":{"head":{"translation":[0.0,-6.4,0.0],"scale":[4.0,4.0,4.0]}}}