{"textures":{"2":"modelengine:entity/lr_yeti_damage"},"elements":[{"from":[3.4285712,3.142857,4.5714283],"to":[8.571428,10.0,11.428572],"rotation":{"angle":0.0,"axis":"y","origin":[4.0,6.5714283,5.142857]},"faces":{"east":{"uv":[1.5,9.6875,2.25,10.4375],"rotation":0,"texture":"#2","tintindex":0},"south":{"uv":[7.625,10.3125,8.1875,11.0625],"rotation":0,"texture":"#2","tintindex":0},"north":{"uv":[4.8125,10.25,5.375,11.0],"rotation":0,"texture":"#2","tintindex":0},"west":{"uv":[9.6875,2.0625,10.4375,2.8125],"rotation":0,"texture":"#2","tintindex":0},"up":{"uv":[10.875,9.5,10.3125,8.75],"rotation":0,"texture":"#2","tintindex":0},"down":{"uv":[6.5,10.375,5.9375,11.125],"rotation":0,"texture":"#2","tintindex":0}}},{"from":[4.640754,3.142857,10.926469],"to":[4.640754,10.0,14.355041],"rotation":{"angle":45.0,"axis":"y","origin":[4.640754,6.5714283,12.640755]},"faces":{"east":{"uv":[10.875,5.0625,10.5,5.8125],"rotation":0,"texture":"#2","tintindex":0},"south":{"uv":[0.0,0.0,0.0,0.75],"rotation":0,"texture":"#2","tintindex":0},"north":{"uv":[0.0,0.0,0.0,0.75],"rotation":0,"texture":"#2","tintindex":0},"west":{"uv":[10.5,5.0625,10.875,5.8125],"rotation":0,"texture":"#2","tintindex":0},"up":{"uv":[0.0,0.375,0.0,0.0],"rotation":0,"texture":"#2","tintindex":0},"down":{"uv":[0.0,0.0,0.0,0.375],"rotation":0,"texture":"#2","tintindex":0}}}],"display":{"head":{"translation":[0.0,-6.4,0.0],"scale":[4.0,4.0,4.0]}}}