{"textures":{"2":"modelengine:entity/lr_yeti_damage"},"elements":[{"from":[5.285714,5.142857,3.5714283],"to":[11.0,8.0,10.428572],"rotation":{"angle":0.0,"axis":"y","origin":[9.857143,8.571428,7.0]},"faces":{"east":{"uv":[11.375,0.3125,10.625,0.625],"rotation":0,"texture":"#2","tintindex":0},"south":{"uv":[11.25,10.4375,10.625,10.75],"rotation":0,"texture":"#2","tintindex":0},"north":{"uv":[9.6875,2.0625,9.0625,2.375],"rotation":0,"texture":"#2","tintindex":0},"west":{"uv":[11.375,0.0,10.625,0.3125],"rotation":0,"texture":"#2","tintindex":0},"up":{"uv":[1.375,5.9375,2.0,5.1875],"rotation":0,"texture":"#2","tintindex":0},"down":{"uv":[10.1875,6.5625,10.8125,7.3125],"rotation":0,"texture":"#2","tintindex":0}}},{"from":[7.285714,5.714286,2.4285712],"to":[10.714286,7.428571,4.714286],"rotation":{"angle":-22.5,"axis":"x","origin":[6.142857,6.5714283,3.5714283]},"faces":{"east":{"uv":[5.0625,11.0,4.8125,11.1875],"rotation":0,"texture":"#2","tintindex":0},"south":{"uv":[11.375,2.8125,11.0,3.0],"rotation":0,"texture":"#2","tintindex":0},"north":{"uv":[11.375,2.625,11.0,2.8125],"rotation":0,"texture":"#2","tintindex":0},"west":{"uv":[3.875,10.4375,3.625,10.625],"rotation":0,"texture":"#2","tintindex":0},"up":{"uv":[10.8125,4.1875,11.1875,3.9375],"rotation":0,"texture":"#2","tintindex":0},"down":{"uv":[10.9375,6.0,11.3125,6.25],"rotation":0,"texture":"#2","tintindex":0}}},{"from":[5.0,5.714286,1.8571424],"to":[7.285714,8.0,5.285714],"rotation":{"angle":-22.5,"axis":"x","origin":[6.142857,6.5714283,3.5714283]},"faces":{"east":{"uv":[1.0625,11.0,0.6875,11.25],"rotation":0,"texture":"#2","tintindex":0},"south":{"uv":[5.9375,10.875,5.6875,11.125],"rotation":0,"texture":"#2","tintindex":0},"north":{"uv":[10.1875,6.5625,9.9375,6.8125],"rotation":0,"texture":"#2","tintindex":0},"west":{"uv":[11.3125,6.25,10.9375,6.5],"rotation":0,"texture":"#2","tintindex":0},"up":{"uv":[5.8125,7.4375,6.0625,7.0625],"rotation":0,"texture":"#2","tintindex":0},"down":{"uv":[1.75,7.625,2.0,8.0],"rotation":0,"texture":"#2","tintindex":0}}}],"display":{"head":{"translation":[0.0,-6.4,0.0],"scale":[4.0,4.0,4.0]}}}