{"textures":{"0":"modelengine:entity/cheetah"},"elements":[{"from":[7.323886,4.560914,5.639314],"to":[9.319772,5.271314,7.567543],"rotation":{"angle":0.0,"axis":"y","origin":[7.5606856,1.3471999,3.7110853]},"faces":{"east":{"uv":[7.75,5.125,8.5,5.5],"rotation":0,"texture":"#0","tintindex":0},"south":{"uv":[6.75,6.0,6.0,5.625],"rotation":0,"texture":"#0","tintindex":0},"north":{"uv":[6.875,5.0,6.125,4.625],"rotation":0,"texture":"#0","tintindex":0},"west":{"uv":[8.5,5.125,7.75,5.5],"rotation":0,"texture":"#0","tintindex":0},"up":{"uv":[6.75,6.25,5.875,5.5],"rotation":0,"texture":"#0","tintindex":0},"down":{"uv":[3.125,0.375,2.375,1.125],"rotation":0,"texture":"#0","tintindex":0}}},{"from":[8.135772,4.510171,4.9965715],"to":[8.338743,4.916114,5.4025145],"rotation":{"angle":0.0,"axis":"y","origin":[8.778514,4.510171,3.6434283]},"faces":{"east":{"uv":[9.0,4.375,9.375,4.75],"rotation":0,"texture":"#0","tintindex":0},"south":{"uv":[9.0,4.375,9.375,4.75],"rotation":0,"texture":"#0","tintindex":0},"north":{"uv":[9.0,4.375,9.375,4.75],"rotation":0,"texture":"#0","tintindex":0},"west":{"uv":[9.0,4.375,9.375,4.75],"rotation":0,"texture":"#0","tintindex":0},"up":{"uv":[9.0,4.375,9.375,4.75],"rotation":0,"texture":"#0","tintindex":0},"down":{"uv":[9.0,4.375,9.375,4.75],"rotation":0,"texture":"#0","tintindex":0}}},{"from":[9.894857,4.510171,5.2333713],"to":[10.097829,4.916114,5.639314],"rotation":{"angle":-22.5,"axis":"y","origin":[9.387428,4.510171,3.8463998]},"faces":{"east":{"uv":[9.0,4.375,9.375,4.75],"rotation":0,"texture":"#0","tintindex":0},"south":{"uv":[9.0,4.375,9.375,4.75],"rotation":0,"texture":"#0","tintindex":0},"north":{"uv":[9.0,4.375,9.375,4.75],"rotation":0,"texture":"#0","tintindex":0},"west":{"uv":[9.0,4.375,9.375,4.75],"rotation":0,"texture":"#0","tintindex":0},"up":{"uv":[9.0,4.375,9.375,4.75],"rotation":0,"texture":"#0","tintindex":0},"down":{"uv":[9.0,4.375,9.375,4.75],"rotation":0,"texture":"#0","tintindex":0}}},{"from":[6.8841143,4.594743,5.3010283],"to":[7.5606856,5.338971,6.3158855],"rotation":{"angle":22.5,"axis":"y","origin":[7.5606856,4.594743,5.3010283]},"faces":{"east":{"uv":[0.75,5.375,0.375,5.75],"rotation":0,"texture":"#0","tintindex":0},"south":{"uv":[0.75,5.375,0.375,5.75],"rotation":0,"texture":"#0","tintindex":0},"north":{"uv":[0.75,5.375,0.375,5.75],"rotation":0,"texture":"#0","tintindex":0},"west":{"uv":[0.75,5.375,0.375,5.75],"rotation":0,"texture":"#0","tintindex":0},"up":{"uv":[0.75,5.375,0.375,5.75],"rotation":0,"texture":"#0","tintindex":0},"down":{"uv":[0.75,5.375,0.375,5.75],"rotation":0,"texture":"#0","tintindex":0}}},{"from":[7.831314,4.594743,5.098057],"to":[8.677029,5.338971,6.112914],"rotation":{"angle":0.0,"axis":"y","origin":[8.846171,4.594743,5.098057]},"faces":{"east":{"uv":[0.75,5.375,0.375,5.75],"rotation":0,"texture":"#0","tintindex":0},"south":{"uv":[0.75,5.375,0.375,5.75],"rotation":0,"texture":"#0","tintindex":0},"north":{"uv":[0.75,5.375,0.375,5.75],"rotation":0,"texture":"#0","tintindex":0},"west":{"uv":[0.75,5.375,0.375,5.75],"rotation":0,"texture":"#0","tintindex":0},"up":{"uv":[0.75,5.375,0.375,5.75],"rotation":0,"texture":"#0","tintindex":0},"down":{"uv":[0.75,5.375,0.375,5.75],"rotation":0,"texture":"#0","tintindex":0}}},{"from":[7.76,5.9542856,4.5714283],"to":[8.902857,9.702857,5.8514285],"rotation":{"angle":22.5,"axis":"x","origin":[6.937143,1.5657139,3.6571426]},"faces":{"east":{"uv":[7.75,5.375,8.5,6.75],"rotation":0,"texture":"#0","tintindex":0},"south":{"uv":[1.875,5.5,1.25,7.0],"rotation":0,"texture":"#0","tintindex":0},"north":{"uv":[1.125,5.5,1.875,7.0],"rotation":0,"texture":"#0","tintindex":0},"west":{"uv":[7.75,5.375,8.375,6.75],"rotation":0,"texture":"#0","tintindex":0},"up":{"uv":[6.5,5.25,6.0,5.875],"rotation":0,"texture":"#0","tintindex":0},"down":{"uv":[9.375,4.375,8.875,5.0],"rotation":0,"texture":"#0","tintindex":0}}},{"from":[8.981485,4.594743,5.3010283],"to":[9.793371,5.338971,6.3158855],"rotation":{"angle":-22.5,"axis":"y","origin":[8.981485,4.594743,5.3010283]},"faces":{"east":{"uv":[0.75,5.375,0.375,5.75],"rotation":0,"texture":"#0","tintindex":0},"south":{"uv":[0.75,5.375,0.375,5.75],"rotation":0,"texture":"#0","tintindex":0},"north":{"uv":[0.75,5.375,0.375,5.75],"rotation":0,"texture":"#0","tintindex":0},"west":{"uv":[0.75,5.375,0.375,5.75],"rotation":0,"texture":"#0","tintindex":0},"up":{"uv":[0.75,5.375,0.375,5.75],"rotation":0,"texture":"#0","tintindex":0},"down":{"uv":[0.75,5.375,0.375,5.75],"rotation":0,"texture":"#0","tintindex":0}}},{"from":[6.512,4.510171,5.2333713],"to":[6.7149715,4.916114,5.639314],"rotation":{"angle":22.5,"axis":"y","origin":[7.1547427,4.510171,3.8463998]},"faces":{"east":{"uv":[9.0,4.375,9.375,4.75],"rotation":0,"texture":"#0","tintindex":0},"south":{"uv":[9.0,4.375,9.375,4.75],"rotation":0,"texture":"#0","tintindex":0},"north":{"uv":[9.0,4.375,9.375,4.75],"rotation":0,"texture":"#0","tintindex":0},"west":{"uv":[9.0,4.375,9.375,4.75],"rotation":0,"texture":"#0","tintindex":0},"up":{"uv":[9.0,4.375,9.375,4.75],"rotation":0,"texture":"#0","tintindex":0},"down":{"uv":[9.0,4.375,9.375,4.75],"rotation":0,"texture":"#0","tintindex":0}}}],"display":{"head":{"translation":[0.0,-6.4,0.0],"scale":[4.0,4.0,4.0]}}}