{"textures":{"0":"modelengine:entity/cheetah"},"elements":[{"from":[5.92,2.393571,7.46228],"to":[7.337143,5.4107137,8.787994],"rotation":{"angle":22.5,"axis":"x","origin":[5.417143,0.08760166,11.954905]},"faces":{"east":{"uv":[7.75,5.375,8.5,6.75],"rotation":0,"texture":"#0","tintindex":0},"south":{"uv":[1.875,5.5,1.25,7.0],"rotation":0,"texture":"#0","tintindex":0},"north":{"uv":[1.125,5.5,1.875,7.0],"rotation":0,"texture":"#0","tintindex":0},"west":{"uv":[7.75,5.375,8.375,6.75],"rotation":0,"texture":"#0","tintindex":0},"up":{"uv":[6.5,5.25,6.0,5.875],"rotation":0,"texture":"#0","tintindex":0},"down":{"uv":[9.375,4.375,8.875,5.0],"rotation":0,"texture":"#0","tintindex":0}}},{"from":[6.840123,3.204688,7.444079],"to":[7.0430946,3.610631,7.850022],"rotation":{"angle":-22.5,"axis":"y","origin":[6.5879164,3.1266341,9.462073]},"faces":{"east":{"uv":[9.0,4.375,9.375,4.75],"rotation":0,"texture":"#0","tintindex":0},"south":{"uv":[9.0,4.375,9.375,4.75],"rotation":0,"texture":"#0","tintindex":0},"north":{"uv":[9.0,4.375,9.375,4.75],"rotation":0,"texture":"#0","tintindex":0},"west":{"uv":[9.0,4.375,9.375,4.75],"rotation":0,"texture":"#0","tintindex":0},"up":{"uv":[9.0,4.375,9.375,4.75],"rotation":0,"texture":"#0","tintindex":0},"down":{"uv":[9.0,4.375,9.375,4.75],"rotation":0,"texture":"#0","tintindex":0}}},{"from":[6.1302857,3.2892594,7.483229],"to":[6.976,4.0334883,8.498086],"rotation":{"angle":0.0,"axis":"y","origin":[6.5879164,3.1266341,9.360588]},"faces":{"east":{"uv":[0.75,5.375,0.375,5.75],"rotation":0,"texture":"#0","tintindex":0},"south":{"uv":[0.75,5.375,0.375,5.75],"rotation":0,"texture":"#0","tintindex":0},"north":{"uv":[0.75,5.375,0.375,5.75],"rotation":0,"texture":"#0","tintindex":0},"west":{"uv":[0.75,5.375,0.375,5.75],"rotation":0,"texture":"#0","tintindex":0},"up":{"uv":[0.75,5.375,0.375,5.75],"rotation":0,"texture":"#0","tintindex":0},"down":{"uv":[0.75,5.375,0.375,5.75],"rotation":0,"texture":"#0","tintindex":0}}},{"from":[5.879281,3.2892594,7.5349627],"to":[6.555853,4.0334883,8.54982],"rotation":{"angle":22.5,"axis":"y","origin":[6.5879164,3.1266341,9.360588]},"faces":{"east":{"uv":[0.75,5.375,0.375,5.75],"rotation":0,"texture":"#0","tintindex":0},"south":{"uv":[0.75,5.375,0.375,5.75],"rotation":0,"texture":"#0","tintindex":0},"north":{"uv":[0.75,5.375,0.375,5.75],"rotation":0,"texture":"#0","tintindex":0},"west":{"uv":[0.75,5.375,0.375,5.75],"rotation":0,"texture":"#0","tintindex":0},"up":{"uv":[0.75,5.375,0.375,5.75],"rotation":0,"texture":"#0","tintindex":0},"down":{"uv":[0.75,5.375,0.375,5.75],"rotation":0,"texture":"#0","tintindex":0}}},{"from":[6.434743,3.204688,7.3817434],"to":[6.6377144,3.610631,7.7876863],"rotation":{"angle":0.0,"axis":"y","origin":[6.5879164,3.1266341,9.462073]},"faces":{"east":{"uv":[9.0,4.375,9.375,4.75],"rotation":0,"texture":"#0","tintindex":0},"south":{"uv":[9.0,4.375,9.375,4.75],"rotation":0,"texture":"#0","tintindex":0},"north":{"uv":[9.0,4.375,9.375,4.75],"rotation":0,"texture":"#0","tintindex":0},"west":{"uv":[9.0,4.375,9.375,4.75],"rotation":0,"texture":"#0","tintindex":0},"up":{"uv":[9.0,4.375,9.375,4.75],"rotation":0,"texture":"#0","tintindex":0},"down":{"uv":[9.0,4.375,9.375,4.75],"rotation":0,"texture":"#0","tintindex":0}}},{"from":[6.167395,3.204688,7.4304104],"to":[6.3703666,3.610631,7.8363533],"rotation":{"angle":22.5,"axis":"y","origin":[6.5879164,3.1266341,9.462073]},"faces":{"east":{"uv":[9.0,4.375,9.375,4.75],"rotation":0,"texture":"#0","tintindex":0},"south":{"uv":[9.0,4.375,9.375,4.75],"rotation":0,"texture":"#0","tintindex":0},"north":{"uv":[9.0,4.375,9.375,4.75],"rotation":0,"texture":"#0","tintindex":0},"west":{"uv":[9.0,4.375,9.375,4.75],"rotation":0,"texture":"#0","tintindex":0},"up":{"uv":[9.0,4.375,9.375,4.75],"rotation":0,"texture":"#0","tintindex":0},"down":{"uv":[9.0,4.375,9.375,4.75],"rotation":0,"texture":"#0","tintindex":0}}},{"from":[5.622857,3.2554307,8.024487],"to":[7.618743,3.9658308,9.952715],"rotation":{"angle":0.0,"axis":"y","origin":[6.5879164,3.1266341,9.360588]},"faces":{"east":{"uv":[7.75,5.125,8.5,5.5],"rotation":0,"texture":"#0","tintindex":0},"south":{"uv":[6.75,6.0,6.0,5.625],"rotation":0,"texture":"#0","tintindex":0},"north":{"uv":[6.875,5.0,6.125,4.625],"rotation":0,"texture":"#0","tintindex":0},"west":{"uv":[8.5,5.125,7.75,5.5],"rotation":0,"texture":"#0","tintindex":0},"up":{"uv":[6.75,6.25,5.875,5.5],"rotation":0,"texture":"#0","tintindex":0},"down":{"uv":[3.125,0.375,2.375,1.125],"rotation":0,"texture":"#0","tintindex":0}}},{"from":[6.0571427,4.5561347,7.4611473],"to":[7.1542854,6.2932777,11.621147],"rotation":{"angle":45.0,"axis":"x","origin":[15.565714,6.9199557,11.535954]},"faces":{"east":{"uv":[9.25,1.5,10.75,2.25],"rotation":0,"texture":"#0","tintindex":0},"south":{"uv":[1.625,5.25,0.875,6.875],"rotation":0,"texture":"#0","tintindex":0},"north":{"uv":[1.125,5.25,1.875,7.0],"rotation":0,"texture":"#0","tintindex":0},"west":{"uv":[9.25,1.5,10.75,2.25],"rotation":0,"texture":"#0","tintindex":0},"up":{"uv":[1.375,5.25,2.0,6.875],"rotation":0,"texture":"#0","tintindex":0},"down":{"uv":[1.375,5.25,2.0,6.875],"rotation":0,"texture":"#0","tintindex":0}}},{"from":[6.5869803,3.2892594,7.5486317],"to":[7.398866,4.0334883,8.563489],"rotation":{"angle":-22.5,"axis":"y","origin":[6.5879164,3.1266341,9.360588]},"faces":{"east":{"uv":[0.75,5.375,0.375,5.75],"rotation":0,"texture":"#0","tintindex":0},"south":{"uv":[0.75,5.375,0.375,5.75],"rotation":0,"texture":"#0","tintindex":0},"north":{"uv":[0.75,5.375,0.375,5.75],"rotation":0,"texture":"#0","tintindex":0},"west":{"uv":[0.75,5.375,0.375,5.75],"rotation":0,"texture":"#0","tintindex":0},"up":{"uv":[0.75,5.375,0.375,5.75],"rotation":0,"texture":"#0","tintindex":0},"down":{"uv":[0.75,5.375,0.375,5.75],"rotation":0,"texture":"#0","tintindex":0}}}],"display":{"head":{"translation":[0.0,-6.4,0.0],"scale":[4.0,4.0,4.0]}}}