{"textures":{"0":"modelengine:entity/cheetah"},"elements":[{"from":[8.0365715,4.567314,5.053714],"to":[8.239543,4.973257,5.4596567],"rotation":{"angle":0.0,"axis":"y","origin":[7.5968,4.567314,3.700571]},"faces":{"east":{"uv":[9.0,4.375,9.375,4.75],"rotation":0,"texture":"#0","tintindex":0},"south":{"uv":[9.0,4.375,9.375,4.75],"rotation":0,"texture":"#0","tintindex":0},"north":{"uv":[9.0,4.375,9.375,4.75],"rotation":0,"texture":"#0","tintindex":0},"west":{"uv":[9.0,4.375,9.375,4.75],"rotation":0,"texture":"#0","tintindex":0},"up":{"uv":[9.0,4.375,9.375,4.75],"rotation":0,"texture":"#0","tintindex":0},"down":{"uv":[9.0,4.375,9.375,4.75],"rotation":0,"texture":"#0","tintindex":0}}},{"from":[7.055543,4.6180573,5.696457],"to":[9.051429,5.328457,7.624686],"rotation":{"angle":0.0,"axis":"y","origin":[8.814629,1.4043422,3.7682285]},"faces":{"east":{"uv":[7.75,5.125,8.5,5.5],"rotation":0,"texture":"#0","tintindex":0},"south":{"uv":[6.0,6.0,6.75,5.625],"rotation":0,"texture":"#0","tintindex":0},"north":{"uv":[6.125,5.0,6.875,4.625],"rotation":0,"texture":"#0","tintindex":0},"west":{"uv":[8.5,5.125,7.75,5.5],"rotation":0,"texture":"#0","tintindex":0},"up":{"uv":[5.875,6.25,6.75,5.5],"rotation":0,"texture":"#0","tintindex":0},"down":{"uv":[2.375,0.375,3.125,1.125],"rotation":0,"texture":"#0","tintindex":0}}},{"from":[8.814629,4.6518855,5.3581715],"to":[9.4912,5.3961143,6.3730288],"rotation":{"angle":-22.5,"axis":"y","origin":[8.814629,4.6518855,5.3581715]},"faces":{"east":{"uv":[0.375,5.375,0.75,5.75],"rotation":0,"texture":"#0","tintindex":0},"south":{"uv":[0.375,5.375,0.75,5.75],"rotation":0,"texture":"#0","tintindex":0},"north":{"uv":[0.375,5.375,0.75,5.75],"rotation":0,"texture":"#0","tintindex":0},"west":{"uv":[0.375,5.375,0.75,5.75],"rotation":0,"texture":"#0","tintindex":0},"up":{"uv":[0.375,5.375,0.75,5.75],"rotation":0,"texture":"#0","tintindex":0},"down":{"uv":[0.375,5.375,0.75,5.75],"rotation":0,"texture":"#0","tintindex":0}}},{"from":[9.626514,4.567314,5.290514],"to":[9.829486,4.973257,5.696457],"rotation":{"angle":-22.5,"axis":"y","origin":[9.2205715,4.567314,3.9035425]},"faces":{"east":{"uv":[9.0,4.375,9.375,4.75],"rotation":0,"texture":"#0","tintindex":0},"south":{"uv":[9.0,4.375,9.375,4.75],"rotation":0,"texture":"#0","tintindex":0},"north":{"uv":[9.0,4.375,9.375,4.75],"rotation":0,"texture":"#0","tintindex":0},"west":{"uv":[9.0,4.375,9.375,4.75],"rotation":0,"texture":"#0","tintindex":0},"up":{"uv":[9.0,4.375,9.375,4.75],"rotation":0,"texture":"#0","tintindex":0},"down":{"uv":[9.0,4.375,9.375,4.75],"rotation":0,"texture":"#0","tintindex":0}}},{"from":[6.277486,4.567314,5.290514],"to":[6.4804573,4.973257,5.696457],"rotation":{"angle":22.5,"axis":"y","origin":[6.9878855,4.567314,3.9035425]},"faces":{"east":{"uv":[9.0,4.375,9.375,4.75],"rotation":0,"texture":"#0","tintindex":0},"south":{"uv":[9.0,4.375,9.375,4.75],"rotation":0,"texture":"#0","tintindex":0},"north":{"uv":[9.0,4.375,9.375,4.75],"rotation":0,"texture":"#0","tintindex":0},"west":{"uv":[9.0,4.375,9.375,4.75],"rotation":0,"texture":"#0","tintindex":0},"up":{"uv":[9.0,4.375,9.375,4.75],"rotation":0,"texture":"#0","tintindex":0},"down":{"uv":[9.0,4.375,9.375,4.75],"rotation":0,"texture":"#0","tintindex":0}}},{"from":[6.5819426,4.6518855,5.3581715],"to":[7.3938284,5.3961143,6.3730288],"rotation":{"angle":22.5,"axis":"y","origin":[7.3938284,4.6518855,5.3581715]},"faces":{"east":{"uv":[0.375,5.375,0.75,5.75],"rotation":0,"texture":"#0","tintindex":0},"south":{"uv":[0.375,5.375,0.75,5.75],"rotation":0,"texture":"#0","tintindex":0},"north":{"uv":[0.375,5.375,0.75,5.75],"rotation":0,"texture":"#0","tintindex":0},"west":{"uv":[0.375,5.375,0.75,5.75],"rotation":0,"texture":"#0","tintindex":0},"up":{"uv":[0.375,5.375,0.75,5.75],"rotation":0,"texture":"#0","tintindex":0},"down":{"uv":[0.375,5.375,0.75,5.75],"rotation":0,"texture":"#0","tintindex":0}}},{"from":[7.6982856,4.6518855,5.1552],"to":[8.544,5.3961143,6.1700573],"rotation":{"angle":0.0,"axis":"y","origin":[7.529143,4.6518855,5.1552]},"faces":{"east":{"uv":[0.375,5.375,0.75,5.75],"rotation":0,"texture":"#0","tintindex":0},"south":{"uv":[0.375,5.375,0.75,5.75],"rotation":0,"texture":"#0","tintindex":0},"north":{"uv":[0.375,5.375,0.75,5.75],"rotation":0,"texture":"#0","tintindex":0},"west":{"uv":[0.375,5.375,0.75,5.75],"rotation":0,"texture":"#0","tintindex":0},"up":{"uv":[0.375,5.375,0.75,5.75],"rotation":0,"texture":"#0","tintindex":0},"down":{"uv":[0.375,5.375,0.75,5.75],"rotation":0,"texture":"#0","tintindex":0}}},{"from":[7.4742856,6.0114284,4.6285715],"to":[8.617143,9.76,5.9085712],"rotation":{"angle":22.5,"axis":"x","origin":[9.485714,1.6228571,3.7142854]},"faces":{"east":{"uv":[8.375,5.375,7.75,6.75],"rotation":0,"texture":"#0","tintindex":0},"south":{"uv":[1.25,5.5,1.875,7.0],"rotation":0,"texture":"#0","tintindex":0},"north":{"uv":[1.875,5.5,1.125,7.0],"rotation":0,"texture":"#0","tintindex":0},"west":{"uv":[8.5,5.375,7.75,6.75],"rotation":0,"texture":"#0","tintindex":0},"up":{"uv":[6.0,5.25,6.5,5.875],"rotation":0,"texture":"#0","tintindex":0},"down":{"uv":[8.875,4.375,9.375,5.0],"rotation":0,"texture":"#0","tintindex":0}}}],"display":{"head":{"translation":[0.0,-6.4,0.0],"scale":[4.0,4.0,4.0]}}}