{"textures":{"0":"modelengine:entity/cheetah"},"elements":[{"from":[7.157597,6.825265,4.067161],"to":[9.018781,8.343765,10.678983],"faces":{"east":{"uv":[0.875,7.0,2.125,7.375],"tintindex":0,"rotation":0,"texture":"#0"},"south":{"uv":[2.25,5.625,2.75,6.875],"tintindex":0,"rotation":0,"texture":"#0"},"north":{"uv":[2.625,7.0,2.875,7.375],"tintindex":0,"rotation":0,"texture":"#0"},"west":{"uv":[0.875,7.0,2.125,7.375],"tintindex":0,"rotation":0,"texture":"#0"},"up":{"uv":[2.25,5.75,2.75,7.0],"tintindex":0,"rotation":0,"texture":"#0"},"down":{"uv":[2.25,5.75,2.75,7.0],"tintindex":0,"rotation":0,"texture":"#0"}},"rotation":{"origin":[5.10818,3.566248,7.809799],"angle":45.0,"axis":"x"}},{"from":[7.2942247,3.452364,16.330406],"to":[8.8821535,5.3090925,20.482708],"faces":{"east":{"uv":[0.875,7.0,2.125,7.375],"tintindex":0,"rotation":0,"texture":"#0"},"south":{"uv":[2.25,5.625,2.75,6.875],"tintindex":0,"rotation":0,"texture":"#0"},"north":{"uv":[2.25,5.625,2.75,6.875],"tintindex":0,"rotation":0,"texture":"#0"},"west":{"uv":[0.875,7.0,2.125,7.375],"tintindex":0,"rotation":0,"texture":"#0"},"up":{"uv":[2.25,5.625,2.75,6.875],"tintindex":0,"rotation":0,"texture":"#0"},"down":{"uv":[2.25,5.625,2.75,6.875],"tintindex":0,"rotation":0,"texture":"#0"}},"rotation":{"origin":[8.592189,3.5407276,20.019356],"angle":-22.5,"axis":"x"}},{"from":[7.354741,7.360737,20.604855],"to":[8.7544365,9.085294,24.246658],"faces":{"east":{"uv":[4.0,7.125,3.375,7.375],"tintindex":0,"rotation":0,"texture":"#0"},"south":{"uv":[9.0,4.375,9.375,4.75],"tintindex":0,"rotation":0,"texture":"#0"},"north":{"uv":[4.0,7.125,3.375,7.375],"tintindex":0,"rotation":0,"texture":"#0"},"west":{"uv":[4.0,7.125,3.375,7.375],"tintindex":0,"rotation":180,"texture":"#0"},"up":{"uv":[4.0,7.125,3.375,7.375],"tintindex":0,"rotation":270,"texture":"#0"},"down":{"uv":[4.0,7.125,3.375,7.375],"tintindex":0,"rotation":90,"texture":"#0"}},"rotation":{"origin":[5.10818,5.194742,25.113575],"angle":-45.0,"axis":"x"}},{"from":[7.1531415,2.6563683,10.449471],"to":[9.023236,4.38538,15.676973],"faces":{"east":{"uv":[0.875,7.0,2.125,7.375],"tintindex":0,"rotation":0,"texture":"#0"},"south":{"uv":[2.25,5.625,2.75,6.875],"tintindex":0,"rotation":0,"texture":"#0"},"north":{"uv":[2.25,5.625,2.75,6.875],"tintindex":0,"rotation":0,"texture":"#0"},"west":{"uv":[0.875,7.0,2.125,7.375],"tintindex":0,"rotation":0,"texture":"#0"},"up":{"uv":[2.25,5.625,2.75,6.875],"tintindex":0,"rotation":0,"texture":"#0"},"down":{"uv":[2.25,5.625,2.75,6.875],"tintindex":0,"rotation":0,"texture":"#0"}},"rotation":{"origin":[5.10818,-0.53258705,14.367934],"angle":22.5,"axis":"x"}}]}