{"textures":{"0":"modelengine:entity/cheetah"},"elements":[{"from":[8.419164,8.229069,7.195692],"to":[8.662912,8.667816,7.4394403],"rotation":{"angle":22.5,"axis":"x","origin":[8.065728,8.566385,7.35688]},"faces":{"east":{"uv":[1.25,3.625,1.375,3.75],"rotation":0,"texture":"#0","tintindex":0},"south":{"uv":[1.25,3.625,1.375,3.75],"rotation":0,"texture":"#0","tintindex":0},"north":{"uv":[1.25,3.625,1.375,3.75],"rotation":0,"texture":"#0","tintindex":0},"west":{"uv":[1.25,3.625,1.375,3.75],"rotation":0,"texture":"#0","tintindex":0},"up":{"uv":[1.25,3.625,1.375,3.75],"rotation":0,"texture":"#0","tintindex":0},"down":{"uv":[1.25,3.625,1.375,3.75],"rotation":0,"texture":"#0","tintindex":0}}},{"from":[7.4685445,8.383636,6.9472203],"to":[7.712293,8.822384,7.190969],"rotation":{"angle":0.0,"axis":"y","origin":[5.7772217,6.4154353,8.171347]},"faces":{"east":{"uv":[1.25,3.625,1.375,3.75],"rotation":0,"texture":"#0","tintindex":0},"south":{"uv":[1.25,3.625,1.375,3.75],"rotation":0,"texture":"#0","tintindex":0},"north":{"uv":[1.25,3.625,1.375,3.75],"rotation":0,"texture":"#0","tintindex":0},"west":{"uv":[1.25,3.625,1.375,3.75],"rotation":0,"texture":"#0","tintindex":0},"up":{"uv":[1.25,3.625,1.375,3.75],"rotation":0,"texture":"#0","tintindex":0},"down":{"uv":[1.25,3.625,1.375,3.75],"rotation":0,"texture":"#0","tintindex":0}}},{"from":[7.4685445,8.1897545,7.4315777],"to":[7.712293,8.628502,7.6753263],"rotation":{"angle":22.5,"axis":"x","origin":[8.065728,8.409128,7.6320806]},"faces":{"east":{"uv":[1.25,3.625,1.375,3.75],"rotation":0,"texture":"#0","tintindex":0},"south":{"uv":[1.25,3.625,1.375,3.75],"rotation":0,"texture":"#0","tintindex":0},"north":{"uv":[1.25,3.625,1.375,3.75],"rotation":0,"texture":"#0","tintindex":0},"west":{"uv":[1.25,3.625,1.375,3.75],"rotation":0,"texture":"#0","tintindex":0},"up":{"uv":[1.25,3.625,1.375,3.75],"rotation":0,"texture":"#0","tintindex":0},"down":{"uv":[1.25,3.625,1.375,3.75],"rotation":0,"texture":"#0","tintindex":0}}},{"from":[7.4685445,8.123143,8.011358],"to":[7.712293,8.561891,8.255107],"rotation":{"angle":0.0,"axis":"y","origin":[5.7772217,6.4154353,8.171347]},"faces":{"east":{"uv":[1.25,3.625,1.375,3.75],"rotation":0,"texture":"#0","tintindex":0},"south":{"uv":[1.25,3.625,1.375,3.75],"rotation":0,"texture":"#0","tintindex":0},"north":{"uv":[1.25,3.625,1.375,3.75],"rotation":0,"texture":"#0","tintindex":0},"west":{"uv":[1.25,3.625,1.375,3.75],"rotation":0,"texture":"#0","tintindex":0},"up":{"uv":[1.25,3.625,1.375,3.75],"rotation":0,"texture":"#0","tintindex":0},"down":{"uv":[1.25,3.625,1.375,3.75],"rotation":0,"texture":"#0","tintindex":0}}},{"from":[8.419164,8.1897545,7.4315777],"to":[8.662912,8.628502,7.6753263],"rotation":{"angle":22.5,"axis":"x","origin":[8.065728,8.409128,7.6320806]},"faces":{"east":{"uv":[1.25,3.625,1.375,3.75],"rotation":0,"texture":"#0","tintindex":0},"south":{"uv":[1.25,3.625,1.375,3.75],"rotation":0,"texture":"#0","tintindex":0},"north":{"uv":[1.25,3.625,1.375,3.75],"rotation":0,"texture":"#0","tintindex":0},"west":{"uv":[1.25,3.625,1.375,3.75],"rotation":0,"texture":"#0","tintindex":0},"up":{"uv":[1.25,3.625,1.375,3.75],"rotation":0,"texture":"#0","tintindex":0},"down":{"uv":[1.25,3.625,1.375,3.75],"rotation":0,"texture":"#0","tintindex":0}}},{"from":[7.241981,7.586353,5.551665],"to":[8.9730835,8.1011505,7.614753],"rotation":{"angle":22.5,"axis":"x","origin":[5.7772217,6.4154353,8.171347]},"faces":{"east":{"uv":[2.125,0.25,3.125,0.5],"rotation":0,"texture":"#0","tintindex":0},"south":{"uv":[2.125,0.125,2.875,1.125],"rotation":0,"texture":"#0","tintindex":0},"north":{"uv":[2.125,0.125,2.875,1.125],"rotation":0,"texture":"#0","tintindex":0},"west":{"uv":[2.125,0.25,3.125,0.5],"rotation":0,"texture":"#0","tintindex":0},"up":{"uv":[0.875,3.625,1.375,4.25],"rotation":0,"texture":"#0","tintindex":0},"down":{"uv":[6.25,2.0,7.0,3.0],"rotation":0,"texture":"#0","tintindex":0}}},{"from":[8.419164,8.374309,6.96974],"to":[8.662912,8.813056,7.2134886],"rotation":{"angle":0.0,"axis":"y","origin":[5.7772217,6.4154353,8.171347]},"faces":{"east":{"uv":[1.25,3.625,1.375,3.75],"rotation":0,"texture":"#0","tintindex":0},"south":{"uv":[1.25,3.625,1.375,3.75],"rotation":0,"texture":"#0","tintindex":0},"north":{"uv":[1.25,3.625,1.375,3.75],"rotation":0,"texture":"#0","tintindex":0},"west":{"uv":[1.25,3.625,1.375,3.75],"rotation":0,"texture":"#0","tintindex":0},"up":{"uv":[1.25,3.625,1.375,3.75],"rotation":0,"texture":"#0","tintindex":0},"down":{"uv":[1.25,3.625,1.375,3.75],"rotation":0,"texture":"#0","tintindex":0}}},{"from":[8.419164,8.123143,8.011358],"to":[8.662912,8.561891,8.255107],"rotation":{"angle":0.0,"axis":"y","origin":[5.7772217,6.4154353,8.171347]},"faces":{"east":{"uv":[1.25,3.625,1.375,3.75],"rotation":0,"texture":"#0","tintindex":0},"south":{"uv":[1.25,3.625,1.375,3.75],"rotation":0,"texture":"#0","tintindex":0},"north":{"uv":[1.25,3.625,1.375,3.75],"rotation":0,"texture":"#0","tintindex":0},"west":{"uv":[1.25,3.625,1.375,3.75],"rotation":0,"texture":"#0","tintindex":0},"up":{"uv":[1.25,3.625,1.375,3.75],"rotation":0,"texture":"#0","tintindex":0},"down":{"uv":[1.25,3.625,1.375,3.75],"rotation":0,"texture":"#0","tintindex":0}}},{"from":[7.547173,7.943313,5.83897],"to":[7.7909217,8.633672,6.082719],"rotation":{"angle":22.5,"axis":"x","origin":[5.7772217,6.4154353,8.171347]},"faces":{"east":{"uv":[1.25,3.625,1.375,3.75],"rotation":0,"texture":"#0","tintindex":0},"south":{"uv":[1.25,3.625,1.375,3.75],"rotation":0,"texture":"#0","tintindex":0},"north":{"uv":[1.25,3.625,1.375,3.75],"rotation":0,"texture":"#0","tintindex":0},"west":{"uv":[1.25,3.625,1.375,3.75],"rotation":0,"texture":"#0","tintindex":0},"up":{"uv":[1.25,3.625,1.375,3.75],"rotation":0,"texture":"#0","tintindex":0},"down":{"uv":[1.25,3.625,1.375,3.75],"rotation":0,"texture":"#0","tintindex":0}}},{"from":[8.239104,8.613514,6.676987],"to":[8.409728,9.052261,6.9207354],"rotation":{"angle":0.0,"axis":"y","origin":[5.7772217,6.4154353,8.171347]},"faces":{"east":{"uv":[1.25,3.625,1.375,3.75],"rotation":0,"texture":"#0","tintindex":0},"south":{"uv":[1.25,3.625,1.375,3.75],"rotation":0,"texture":"#0","tintindex":0},"north":{"uv":[1.25,3.625,1.375,3.75],"rotation":0,"texture":"#0","tintindex":0},"west":{"uv":[1.25,3.625,1.375,3.75],"rotation":0,"texture":"#0","tintindex":0},"up":{"uv":[1.25,3.625,1.375,3.75],"rotation":0,"texture":"#0","tintindex":0},"down":{"uv":[1.25,3.625,1.375,3.75],"rotation":0,"texture":"#0","tintindex":0}}},{"from":[7.995356,8.613514,6.676987],"to":[8.190354,9.052261,6.9207354],"rotation":{"angle":0.0,"axis":"y","origin":[5.7772217,6.4154353,8.171347]},"faces":{"east":{"uv":[1.25,3.625,1.375,3.75],"rotation":0,"texture":"#0","tintindex":0},"south":{"uv":[1.25,3.625,1.375,3.75],"rotation":0,"texture":"#0","tintindex":0},"north":{"uv":[1.25,3.625,1.375,3.75],"rotation":0,"texture":"#0","tintindex":0},"west":{"uv":[1.25,3.625,1.375,3.75],"rotation":0,"texture":"#0","tintindex":0},"up":{"uv":[1.25,3.625,1.375,3.75],"rotation":0,"texture":"#0","tintindex":0},"down":{"uv":[1.25,3.625,1.375,3.75],"rotation":0,"texture":"#0","tintindex":0}}},{"from":[7.4685445,8.229069,7.195692],"to":[7.712293,8.667816,7.4394403],"rotation":{"angle":22.5,"axis":"x","origin":[8.065728,8.566385,7.35688]},"faces":{"east":{"uv":[1.25,3.625,1.375,3.75],"rotation":0,"texture":"#0","tintindex":0},"south":{"uv":[1.25,3.625,1.375,3.75],"rotation":0,"texture":"#0","tintindex":0},"north":{"uv":[1.25,3.625,1.375,3.75],"rotation":0,"texture":"#0","tintindex":0},"west":{"uv":[1.25,3.625,1.375,3.75],"rotation":0,"texture":"#0","tintindex":0},"up":{"uv":[1.25,3.625,1.375,3.75],"rotation":0,"texture":"#0","tintindex":0},"down":{"uv":[1.25,3.625,1.375,3.75],"rotation":0,"texture":"#0","tintindex":0}}},{"from":[8.340535,7.943313,5.83897],"to":[8.584284,8.633672,6.082719],"rotation":{"angle":22.5,"axis":"x","origin":[5.7772217,6.4154353,8.171347]},"faces":{"east":{"uv":[1.25,3.625,1.375,3.75],"rotation":0,"texture":"#0","tintindex":0},