{"textures":{"0":"modelengine:entity/zebra"},"elements":[{"from":[7.2132616,6.9218493,7.279533],"to":[8.7885065,8.251891,8.74226],"rotation":{"angle":0.0,"axis":"y","origin":[8.021853,5.2250686,9.750854]},"faces":{"east":{"uv":[2.0,6.25,2.625,6.75],"rotation":0,"texture":"#0","tintindex":0},"south":{"uv":[6.25,2.375,6.875,2.875],"rotation":0,"texture":"#0","tintindex":0},"north":{"uv":[6.25,1.875,6.875,2.375],"rotation":0,"texture":"#0","tintindex":0},"west":{"uv":[6.25,2.875,6.875,3.375],"rotation":0,"texture":"#0","tintindex":0},"up":{"uv":[6.25,3.125,5.625,2.5],"rotation":0,"texture":"#0","tintindex":0},"down":{"uv":[6.25,3.125,5.625,3.75],"rotation":0,"texture":"#0","tintindex":0}}},{"from":[8.422825,8.09257,7.110757],"to":[8.929153,8.236056,7.6170855],"rotation":{"angle":0.0,"axis":"y","origin":[8.021853,5.2250686,9.750854]},"faces":{"east":{"uv":[8.0,7.0,8.25,7.125],"rotation":0,"texture":"#0","tintindex":0},"south":{"uv":[7.125,8.0,7.375,8.125],"rotation":0,"texture":"#0","tintindex":0},"north":{"uv":[8.0,6.875,8.25,7.0],"rotation":0,"texture":"#0","tintindex":0},"west":{"uv":[8.0,7.125,8.25,7.25],"rotation":0,"texture":"#0","tintindex":0},"up":{"uv":[6.625,8.125,6.375,7.875],"rotation":0,"texture":"#0","tintindex":0},"down":{"uv":[7.875,7.875,7.625,8.125],"rotation":0,"texture":"#0","tintindex":0}}},{"from":[7.0236015,8.169713,7.1670156],"to":[7.607073,8.451007,8.404708],"rotation":{"angle":0.0,"axis":"y","origin":[8.021853,5.2250686,9.750854]},"faces":{"east":{"uv":[1.25,2.75,1.75,2.875],"rotation":0,"texture":"#0","tintindex":0},"south":{"uv":[4.875,8.0,5.125,8.125],"rotation":0,"texture":"#0","tintindex":0},"north":{"uv":[8.0,4.75,8.25,4.875],"rotation":0,"texture":"#0","tintindex":0},"west":{"uv":[4.625,3.625,5.125,3.75],"rotation":0,"texture":"#0","tintindex":0},"up":{"uv":[7.25,8.0,7.0,7.5],"rotation":0,"texture":"#0","tintindex":0},"down":{"uv":[7.875,0.375,7.625,0.875],"rotation":0,"texture":"#0","tintindex":0}}},{"from":[8.563472,7.7657304,7.223274],"to":[8.690479,7.928113,7.308514],"rotation":{"angle":0.0,"axis":"y","origin":[8.021853,5.2250686,9.750854]},"faces":{"east":{"uv":[3.5,5.375,3.625,5.5],"rotation":0,"texture":"#0","tintindex":0},"south":{"uv":[2.25,5.5,2.375,5.625],"rotation":0,"texture":"#0","tintindex":0},"north":{"uv":[2.25,5.375,2.375,5.5],"rotation":0,"texture":"#0","tintindex":0},"west":{"uv":[3.5,5.5,3.625,5.625],"rotation":0,"texture":"#0","tintindex":0},"up":{"uv":[3.625,5.75,3.5,5.625],"rotation":0,"texture":"#0","tintindex":0},"down":{"uv":[4.75,6.0,4.625,6.125],"rotation":0,"texture":"#0","tintindex":0}}},{"from":[7.0726147,8.09257,7.110757],"to":[7.5789437,8.236056,7.6170855],"rotation":{"angle":0.0,"axis":"y","origin":[8.021853,5.2250686,9.750854]},"faces":{"east":{"uv":[8.0,6.25,8.25,6.375],"rotation":0,"texture":"#0","tintindex":0},"south":{"uv":[6.625,8.0,6.875,8.125],"rotation":0,"texture":"#0","tintindex":0},"north":{"uv":[8.0,6.125,8.25,6.25],"rotation":0,"texture":"#0","tintindex":0},"west":{"uv":[6.875,8.0,7.125,8.125],"rotation":0,"texture":"#0","tintindex":0},"up":{"uv":[8.125,6.0,7.875,5.75],"rotation":0,"texture":"#0","tintindex":0},"down":{"uv":[6.375,7.875,6.125,8.125],"rotation":0,"texture":"#0","tintindex":0}}},{"from":[7.1007442,6.7170696,7.1670156],"to":[7.607073,7.5565305,8.404708],"rotation":{"angle":0.0,"axis":"y","origin":[8.021853,5.2250686,9.750854]},"faces":{"east":{"uv":[1.25,2.25,1.75,2.75],"rotation":0,"texture":"#0","tintindex":0},"south":{"uv":[1.75,7.625,2.0,8.125],"rotation":0,"texture":"#0","tintindex":0},"north":{"uv":[1.5,7.625,1.75,8.125],"rotation":0,"texture":"#0","tintindex":0},"west":{"uv":[4.625,3.125,5.125,3.625],"rotation":0,"texture":"#0","tintindex":0},"up":{"uv":[3.125,8.125,2.875,7.625],"rotation":0,"texture":"#0","tintindex":0},"down":{"uv":[7.875,5.625,7.625,6.125],"rotation":0,"texture":"#0","tintindex":0}}},{"from":[8.481207,8.262062,8.235931],"to":[9.120221,9.498162,8.460967],"rotation":{"angle":-22.5,"axis":"z","origin":[8.000884,8.913284,8.348449]},"faces":{"east":{"uv":[2.75,7.875,2.875,8.375],"rotation":0,"texture":"#0","tintindex":0},"south":{"uv":[6.75,7.5,7.0,8.0],"rotation":0,"texture":"#0","tintindex":0},"north":{"uv":[7.5,6.375,7.75,6.875],"rotation":0,"texture":"#0","tintindex":0},"west":{"uv":[4.625,7.875,4.75,8.375],"rotation":0,"texture":"#0","tintindex":0},"up":{"uv":[8.25,4.625,8.0,4.5],"rotation":0,"texture":"#0","tintindex":0},"down":{"uv":[8.25,4.625,8.0,4.75],"rotation":0,"texture":"#0","tintindex":0}}},{"from":[8.394695,8.169713,7.1670156],"to":[8.978167,8.451007,8.404708],"rotation":{"angle":0.0,"axis":"y","origin":[8.021853,5.2250686,9.750854]},"faces":{"east":{"uv":[6.375,0.75,6.875,0.875],"rotation":0,"texture":"#0","tintindex":0},"south":{"uv":[5.375,8.0,5.625,8.125],"rotation":0,"texture":"#0","tintindex":0},"north":{"uv":[5.125,8.0,5.375,8.125],"rotation":0,"texture":"#0","tintindex":0},"west":{"uv":[7.875,5.625,8.375,5.75],"rotation":0,"texture":"#0","tintindex":0},"up":{"uv":[7.875,1.375,7.625,0.875],"rotation":0,"texture":"#0","tintindex":0},"down":{"uv":[1.5,7.625,1.25,8.125],"rotation":0,"texture":"#0","tintindex":0}}},{"from":[7.607073,7.6608944,7.347048],"to":[8.394695,8.888502,8.829944],"rotation":{"angle":-22.5,"axis":"x","origin":[8.021853,5.02604,9.750854]},"faces":{"east":{"uv":[6.25,3.375,6.875,3.875],"rotation":0,"texture":"#0","tintindex":0},"south":{"uv":[7.25,1.0,7.625,1.5],"rotation":0,"texture":"#0","tintindex":0},"north":{"uv":[7.25,0.5,7.625,1.0],"rotation":0,"texture":"#0","tintindex":0},"west":{"uv":[6.25,3.875,6.875,4.375],"rotation":0,"texture":"#0","tintindex":0},"up":{"uv":[3.0,7.5,2.625,6.875],"rotation":0,"texture":"#0","tintindex":0},"down":{"uv":[7.25,2.625,6.875,3.25],"rotation":0,"texture":"#0","tintindex":0}}},{"from":[7.1007442,7.5565305,7.6170855],"to":[8.901024,8.236056,8.404708],"rotation":{"angle":0.0,"axis":"y","origin":[8.021853,5.2250686,9.750854]},"faces":{"east":{"uv":[7.25,5.875,7.625,6.0],"rotation":0,"texture":"#0","tintindex":0},"south":{"uv":[7.875,0.875,8.625,1.0],"rotation":0,"texture":"#0","tintindex":0},"north":{"uv":[7.625,1.375,8.375,1.5],"rotation":0,"texture":"#0","tintindex":0},"west":{"uv":[7.875,6.0,8.25,6.125],"rotation":0,"texture":"#0","tintindex":0},"up":{"uv":[7.0,5.5,6.25,5.125],"rotation":0,"texture":"#0","tintindex":0},"down":{"uv":[2.125,6.75,1.375,7.125],"rotation":0,"texture":"#0","tintindex":0}}},{"from":[7.5608983,6.864544,5.757519],"to":[8.44087,7.6521664,6.412455],"rotation":{"angle":-45.0,"axis":"x","origin":[8.000884,7.324698,6.15133]},"faces":{"east":{"uv":[7.875,0.0,8.125,0.375],"rotation":0,"texture":"#0","tintindex":0},"south":{"uv":[4.5,7.5,4.875,7.875],"rotation":0,"texture":"#0","tintindex":0},"north":{"uv":[7.5,3.375,7.875,3.75],"rotation":0,"texture":"#0","tintindex":0},"west":{"uv":[0.375,7.875,0.625,8.25],"rotation":0,"texture":"#0","tintindex":0},"up":{"uv":[8.25,0.625,7.875,0.375],"rotation":0,"texture":"#0","tintindex":0},"down":{"uv":[8.25,0.625,7.875,0.875],"rotation":0,"texture":"#0","tintindex":0}}},{"from":[7.617157,6.5457163,6.037075],"to":[8.384611,7.2208214,6.551365],"rotation":{"angle":0.0,"axis":"y","origin":[8.021853,5.02604,9.750854]},"faces":{"east":{"uv":[3.625,7.875,3.875,8.125],"rotation":0,"texture":"#0","tintindex":0},"south":{"uv":[7.875,3.75,8.125,4.0],"rotation":0,"texture":"#0","tintindex":0},"north":{"uv":[7.875,3.5,8.125,3.75],"rotation":0,"texture":"#0","tintindex":0},"west":{"uv":[3.875,7.875,4.125,8.125],"rotation":0,"texture":"#0","tintindex":0},"up":{"uv":[4.375,8.125,4.125,7.875],"rotation":0,"texture":"#0","tintindex":0},"down":{"uv":[4.625,7.875,4.375,8.125],"rotation":0,"texture":"#0","tintindex":0}}},{"from":[6.8815475,8.262062,8.235931],"to":[7.5205617,9.498162,8.460967],"rotation":{"angle":22.5,"axis":"z","origin":[8.000884,8.913284,8.348449]},"faces":{"east":{"uv":[1.625,4.75,1.75,5.25],"rotation":0,"texture":"#0","tintindex":0},"south":{"uv":[7.5,5.125,7.75,5.625],"rotation":0,"texture":"#0",