{"textures":{"0":"modelengine:entity/zebra"},"elements":[{"from":[7.91856,9.074904,1.8731284],"to":[7.91856,12.209922,10.241617],"faces":{"east":{"uv":[3.625,1.0,1.75,2.0],"tintindex":0,"rotation":0,"texture":"#0"},"west":{"uv":[1.75,1.0,3.625,2.0],"tintindex":0,"rotation":0,"texture":"#0"}},"rotation":{"origin":[7.991803,7.745306,7.955941],"angle":22.5,"axis":"x"}},{"from":[6.675221,7.161914,6.4677787],"to":[9.234994,13.265987,8.38374],"faces":{"east":{"uv":[4.625,1.75,5.125,3.125],"tintindex":0,"rotation":0,"texture":"#0"},"south":{"uv":[1.75,3.875,2.375,5.25],"tintindex":0,"rotation":0,"texture":"#0"},"north":{"uv":[3.625,3.75,4.25,5.125],"tintindex":0,"rotation":0,"texture":"#0"},"west":{"uv":[4.25,4.625,4.75,6.0],"tintindex":0,"rotation":0,"texture":"#0"},"up":{"uv":[6.875,1.375,6.25,0.875],"tintindex":0,"rotation":0,"texture":"#0"},"down":{"uv":[6.875,1.375,6.25,1.875],"tintindex":0,"rotation":0,"texture":"#0"}},"rotation":{"origin":[7.991803,7.745306,9.070501],"angle":-22.5,"axis":"x"}},{"from":[7.069032,6.8656883,8.675951],"to":[8.841183,13.26512,10.198254],"faces":{"east":{"uv":[0.0,4.75,0.375,6.25],"tintindex":0,"rotation":0,"texture":"#0"},"south":{"uv":[0.375,4.75,0.75,6.25],"tintindex":0,"rotation":0,"texture":"#0"},"north":{"uv":[3.25,3.875,3.625,5.375],"tintindex":0,"rotation":0,"texture":"#0"},"west":{"uv":[0.75,4.75,1.125,6.25],"tintindex":0,"rotation":0,"texture":"#0"},"up":{"uv":[7.875,3.0,7.5,2.625],"tintindex":0,"rotation":0,"texture":"#0"},"down":{"uv":[7.875,3.0,7.5,3.375],"tintindex":0,"rotation":0,"texture":"#0"}},"rotation":{"origin":[7.991803,7.745306,9.070501],"angle":-45.0,"axis":"x"}}]}