{"textures":{"0":"modelengine:entity/zebra"},"elements":[{"from":[7.4680185,7.351822,8.386258],"to":[8.480676,11.00864,9.2561455],"rotation":{"angle":-45.0,"axis":"x","origin":[7.995316,7.8544602,8.611715]},"faces":{"east":{"uv":[0.0,4.75,0.375,6.25],"rotation":0,"texture":"#0","tintindex":0},"south":{"uv":[0.375,4.75,0.75,6.25],"rotation":0,"texture":"#0","tintindex":0},"north":{"uv":[3.25,3.875,3.625,5.375],"rotation":0,"texture":"#0","tintindex":0},"west":{"uv":[0.75,4.75,1.125,6.25],"rotation":0,"texture":"#0","tintindex":0},"up":{"uv":[7.875,3.0,7.5,2.625],"rotation":0,"texture":"#0","tintindex":0},"down":{"uv":[7.875,3.0,7.5,3.375],"rotation":0,"texture":"#0","tintindex":0}}},{"from":[7.953463,8.614231,4.498931],"to":[7.953463,10.40567,9.280924],"rotation":{"angle":22.5,"axis":"x","origin":[7.995316,7.8544602,7.974824]},"faces":{"east":{"uv":[3.625,1.0,1.75,2.0],"rotation":0,"texture":"#0","tintindex":0},"west":{"uv":[1.75,1.0,3.625,2.0],"rotation":0,"texture":"#0","tintindex":0}}},{"from":[7.2429833,7.5210934,7.124445],"to":[8.70571,11.009136,8.21928],"rotation":{"angle":-22.5,"axis":"x","origin":[7.995316,7.8544602,8.611715]},"faces":{"east":{"uv":[4.625,1.75,5.125,3.125],"rotation":0,"texture":"#0","tintindex":0},"south":{"uv":[1.75,3.875,2.375,5.25],"rotation":0,"texture":"#0","tintindex":0},"north":{"uv":[3.625,3.75,4.25,5.125],"rotation":0,"texture":"#0","tintindex":0},"west":{"uv":[4.25,4.625,4.75,6.0],"rotation":0,"texture":"#0","tintindex":0},"up":{"uv":[6.875,1.375,6.25,0.875],"rotation":0,"texture":"#0","tintindex":0},"down":{"uv":[6.875,1.375,6.25,1.875],"rotation":0,"texture":"#0","tintindex":0}}}],"display":{"head":{"translation":[0.0,-6.4,0.0],"scale":[4.0,4.0,4.0]}}}