{"textures":{"0":"modelengine:entity/zebra"},"elements":[{"from":[7.895664,6.3514395,6.699389],"to":[10.455437,9.0096655,9.206067],"faces":{"east":{"uv":[5.375,0.625,6.0,1.25],"tintindex":0,"rotation":0,"texture":"#0"},"south":{"uv":[2.875,5.375,3.5,6.0],"tintindex":0,"rotation":0,"texture":"#0"},"north":{"uv":[5.375,0.0,6.0,0.625],"tintindex":0,"rotation":0,"texture":"#0"},"west":{"uv":[5.625,1.25,6.25,1.875],"tintindex":0,"rotation":0,"texture":"#0"},"up":{"uv":[6.25,2.5,5.625,1.875],"tintindex":0,"rotation":0,"texture":"#0"},"down":{"uv":[2.875,5.625,2.25,6.25],"tintindex":0,"rotation":0,"texture":"#0"}},"rotation":{"origin":[7.3416433,8.570386,3.0560217],"angle":0.0,"axis":"x"}},{"from":[8.584833,1.6216931,6.027208],"to":[10.356984,5.3098054,7.8900747],"faces":{"east":{"uv":[4.75,4.625,5.25,5.5],"tintindex":0,"rotation":0,"texture":"#0"},"south":{"uv":[5.875,4.625,6.25,5.5],"tintindex":0,"rotation":0,"texture":"#0"},"north":{"uv":[5.875,3.75,6.25,4.625],"tintindex":0,"rotation":0,"texture":"#0"},"west":{"uv":[5.125,1.75,5.625,2.625],"tintindex":0,"rotation":0,"texture":"#0"},"up":{"uv":[1.625,7.625,1.25,7.125],"tintindex":0,"rotation":0,"texture":"#0"},"down":{"uv":[2.0,7.125,1.625,7.625],"tintindex":0,"rotation":0,"texture":"#0"}},"rotation":{"origin":[7.3416433,7.820386,3.0560217],"angle":-22.5,"axis":"x"}}]}