{"textures":{"0":"modelengine:entity/zebra"},"elements":[{"from":[7.273368,4.916159,6.862647],"to":[8.553254,8.263555,8.339439],"faces":{"east":{"uv":[5.75,6.5,6.125,7.25],"tintindex":0,"rotation":0,"texture":"#0"},"south":{"uv":[1.0,7.125,1.25,7.875],"tintindex":0,"rotation":0,"texture":"#0"},"north":{"uv":[3.0,6.875,3.25,7.625],"tintindex":0,"rotation":0,"texture":"#0"},"west":{"uv":[6.125,6.5,6.5,7.25],"tintindex":0,"rotation":0,"texture":"#0"},"up":{"uv":[1.625,6.75,1.375,6.375],"tintindex":0,"rotation":0,"texture":"#0"},"down":{"uv":[8.0,4.5,7.75,4.875],"tintindex":0,"rotation":0,"texture":"#0"}},"rotation":{"origin":[6.227083,11.008091,7.7371893],"angle":0.0,"axis":"x"}},{"from":[7.371821,2.4548392,7.0595527],"to":[8.454802,5.014612,8.142534],"faces":{"east":{"uv":[4.25,7.25,4.5,7.875],"tintindex":0,"rotation":0,"texture":"#0"},"south":{"uv":[7.25,5.25,7.5,5.875],"tintindex":0,"rotation":0,"texture":"#0"},"north":{"uv":[4.0,7.25,4.25,7.875],"tintindex":0,"rotation":0,"texture":"#0"},"west":{"uv":[5.75,7.25,6.0,7.875],"tintindex":0,"rotation":0,"texture":"#0"},"up":{"uv":[8.125,3.25,7.875,3.0],"tintindex":0,"rotation":0,"texture":"#0"},"down":{"uv":[3.375,7.875,3.125,8.125],"tintindex":0,"rotation":0,"texture":"#0"}},"rotation":{"origin":[6.227083,11.008091,7.7371893],"angle":0.0,"axis":"x"}},{"from":[7.1749153,1.8470793,6.450681],"to":[8.651707,2.8316073,7.8290205],"faces":{"east":{"uv":[7.75,5.125,8.125,5.375],"tintindex":0,"rotation":0,"texture":"#0"},"south":{"uv":[5.375,7.75,5.75,8.0],"tintindex":0,"rotation":0,"texture":"#0"},"north":{"uv":[7.75,4.875,8.125,5.125],"tintindex":0,"rotation":0,"texture":"#0"},"west":{"uv":[7.75,5.375,8.125,5.625],"tintindex":0,"rotation":0,"texture":"#0"},"up":{"uv":[7.875,0.375,7.5,0.0],"tintindex":0,"rotation":0,"texture":"#0"},"down":{"uv":[0.75,7.5,0.375,7.875],"tintindex":0,"rotation":0,"texture":"#0"}}}]}