{"textures":{"0":"modelengine:entity/manticore_dusk"},"elements":[{"from":[3.985714,2.7536669,0.5750289],"to":[12.014286,10.182239,8.575029],"rotation":{"angle":-22.5,"axis":"x","origin":[8.0,6.4679527,4.5750294]},"faces":{"east":{"uv":[2.25,4.125,3.125,4.9375],"rotation":0,"texture":"#0","tintindex":0},"south":{"uv":[4.0,3.375,4.875,4.1875],"rotation":0,"texture":"#0","tintindex":0},"north":{"uv":[4.0,3.375,4.875,4.1875],"rotation":0,"texture":"#0","tintindex":0},"west":{"uv":[4.125,4.25,5.0,5.0625],"rotation":0,"texture":"#0","tintindex":0},"up":{"uv":[4.5,0.875,3.625,0.0],"rotation":0,"texture":"#0","tintindex":0},"down":{"uv":[4.5,0.875,3.625,0.0],"rotation":0,"texture":"#0","tintindex":0}}},{"from":[5.1285715,10.337452,1.3553419],"to":[5.1285715,13.194595,6.4981995],"rotation":{"angle":-22.5,"axis":"x","origin":[5.1285715,11.766024,3.9267712]},"faces":{"east":{"uv":[3.8125,8.0625,3.25,8.375],"rotation":0,"texture":"#0","tintindex":0},"south":{"uv":[0.8125,9.5625,0.8125,9.875],"rotation":0,"texture":"#0","tintindex":0},"north":{"uv":[0.75,9.5625,0.75,9.875],"rotation":0,"texture":"#0","tintindex":0},"west":{"uv":[3.25,8.0625,3.8125,8.375],"rotation":0,"texture":"#0","tintindex":0},"up":{"uv":[0.875,10.125,0.875,9.5625],"rotation":0,"texture":"#0","tintindex":0},"down":{"uv":[0.9375,9.5625,0.9375,10.125],"rotation":0,"texture":"#0","tintindex":0}}},{"from":[10.8714285,10.337452,1.3553419],"to":[10.8714285,13.194595,6.4981995],"rotation":{"angle":-22.5,"axis":"x","origin":[10.8714285,11.766024,3.9267712]},"faces":{"east":{"uv":[3.8125,8.0625,3.25,8.375],"rotation":0,"texture":"#0","tintindex":0},"south":{"uv":[0.8125,9.5625,0.8125,9.875],"rotation":0,"texture":"#0","tintindex":0},"north":{"uv":[0.75,9.5625,0.75,9.875],"rotation":0,"texture":"#0","tintindex":0},"west":{"uv":[3.25,8.0625,3.8125,8.375],"rotation":0,"texture":"#0","tintindex":0},"up":{"uv":[0.875,10.125,0.875,9.5625],"rotation":0,"texture":"#0","tintindex":0},"down":{"uv":[0.9375,9.5625,0.9375,10.125],"rotation":0,"texture":"#0","tintindex":0}}}],"display":{"head":{"translation":[0.0,-6.4,0.0],"scale":[4.0,4.0,4.0]}}}