{"textures":{"0":"modelengine:entity/nocsy_drakonin5"},"elements":[{"from":[6.0,8.03458,5.3885746],"to":[10.0,12.03458,9.960003],"rotation":{"angle":0.0,"axis":"y","origin":[8.0,9.548865,7.734985]},"faces":{"east":{"uv":[6.1875,4.5625,6.6875,5.0],"rotation":0,"texture":"#0","tintindex":0},"south":{"uv":[4.375,6.6875,4.8125,7.125],"rotation":0,"texture":"#0","tintindex":0},"north":{"uv":[6.6875,3.9375,7.125,4.375],"rotation":0,"texture":"#0","tintindex":0},"west":{"uv":[6.1875,5.0625,6.6875,5.5],"rotation":0,"texture":"#0","tintindex":0},"up":{"uv":[6.625,6.0625,6.1875,5.5625],"rotation":0,"texture":"#0","tintindex":0},"down":{"uv":[6.6875,0.0,6.25,0.5],"rotation":0,"texture":"#0","tintindex":0}}},{"from":[5.714286,8.03458,3.6742887],"to":[6.857143,10.891723,6.5314317],"rotation":{"angle":-45.0,"axis":"x","origin":[8.0,10.03458,7.6742887]},"faces":{"east":{"uv":[8.625,6.8125,8.9375,7.125],"rotation":0,"texture":"#0","tintindex":0},"south":{"uv":[3.0,9.5,3.125,9.8125],"rotation":0,"texture":"#0","tintindex":0},"north":{"uv":[6.0625,9.4375,6.1875,9.75],"rotation":0,"texture":"#0","tintindex":0},"west":{"uv":[8.625,7.1875,8.9375,7.5],"rotation":0,"texture":"#0","tintindex":0},"up":{"uv":[5.75,10.9375,5.625,10.625],"rotation":0,"texture":"#0","tintindex":0},"down":{"uv":[4.0625,10.6875,3.9375,11.0],"rotation":0,"texture":"#0","tintindex":0}}},{"from":[9.142858,8.03458,3.6742887],"to":[10.285714,10.891723,6.5314317],"rotation":{"angle":-45.0,"axis":"x","origin":[8.0,10.03458,7.6742887]},"faces":{"east":{"uv":[7.4375,8.625,7.75,8.9375],"rotation":0,"texture":"#0","tintindex":0},"south":{"uv":[3.1875,10.75,3.3125,11.0625],"rotation":0,"texture":"#0","tintindex":0},"north":{"uv":[7.375,10.6875,7.5,11.0],"rotation":0,"texture":"#0","tintindex":0},"west":{"uv":[7.8125,8.625,8.125,8.9375],"rotation":0,"texture":"#0","tintindex":0},"up":{"uv":[3.5,11.0625,3.375,10.75],"rotation":0,"texture":"#0","tintindex":0},"down":{"uv":[4.25,10.75,4.125,11.0625],"rotation":0,"texture":"#0","tintindex":0}}},{"from":[5.9714284,8.320294,5.3457174],"to":[7.6857142,12.320294,5.3457174],"rotation":{"angle":0.0,"axis":"y","origin":[7.9714284,9.548865,7.6921277]},"faces":{"east":{"uv":[1.9375,10.9375,1.9375,11.375],"rotation":0,"texture":"#0","tintindex":0},"south":{"uv":[3.9375,9.4375,4.125,9.875],"rotation":0,"texture":"#0","tintindex":0},"north":{"uv":[3.6875,9.4375,3.875,9.875],"rotation":0,"texture":"#0","tintindex":0},"west":{"uv":[6.8125,10.9375,6.8125,11.375],"rotation":0,"texture":"#0","tintindex":0},"up":{"uv":[6.4375,0.5625,6.25,0.5625],"rotation":0,"texture":"#0","tintindex":0},"down":{"uv":[4.5625,6.375,4.375,6.375],"rotation":0,"texture":"#0","tintindex":0}}},{"from":[6.3142858,7.4631515,5.2885747],"to":[6.6571426,11.863152,5.2885747],"rotation":{"angle":0.0,"axis":"y","origin":[7.9714284,9.548865,7.6921277]},"faces":{"east":{"uv":[1.0,11.0,1.0,11.375],"rotation":0,"texture":"#0","tintindex":0},"south":{"uv":[3.75,6.75,3.8125,7.125],"rotation":0,"texture":"#0","tintindex":0},"north":{"uv":[5.5,4.75,5.5625,5.125],"rotation":0,"texture":"#0","tintindex":0},"west":{"uv":[1.0625,11.0,1.0625,11.375],"rotation":0,"texture":"#0","tintindex":0},"up":{"uv":[5.5625,5.1875,5.5,5.1875],"rotation":0,"texture":"#0","tintindex":0},"down":{"uv":[5.5625,5.875,5.5,5.875],"rotation":0,"texture":"#0","tintindex":0}}},{"from":[9.342857,7.4631515,5.2885747],"to":[9.685715,11.863152,5.2885747],"rotation":{"angle":0.0,"axis":"y","origin":[8.028571,9.548865,7.6921277]},"faces":{"east":{"uv":[1.0625,11.0,1.0625,11.375],"rotation":0,"texture":"#0","tintindex":0},"south":{"uv":[3.8125,6.75,3.75,7.125],"rotation":0,"texture":"#0","tintindex":0},"north":{"uv":[5.5625,4.75,5.5,5.125],"rotation":0,"texture":"#0","tintindex":0},"west":{"uv":[1.0,11.0,1.0,11.375],"rotation":0,"texture":"#0","tintindex":0},"up":{"uv":[5.5,5.1875,5.5625,5.1875],"rotation":0,"texture":"#0","tintindex":0},"down":{"uv":[5.5,5.875,5.5625,5.875],"rotation":0,"texture":"#0","tintindex":0}}},{"from":[5.9714284,8.320294,5.3457174],"to":[5.9714284,12.320294,7.0600033],"rotation":{"angle":0.0,"axis":"y","origin":[8.0,9.548865,7.734985]},"faces":{"east":{"uv":[4.1875,9.4375,4.375,9.875],"rotation":0,"texture":"#0","tintindex":0},"south":{"uv":[6.9375,11.0,6.9375,11.4375],"rotation":0,"texture":"#0","tintindex":0},"north":{"uv":[6.875,11.0,6.875,11.4375],"rotation":0,"texture":"#0","tintindex":0},"west":{"uv":[5.8125,9.4375,6.0,9.875],"rotation":0,"texture":"#0","tintindex":0},"up":{"uv":[4.875,6.875,4.875,6.6875],"rotation":0,"texture":"#0","tintindex":0},"down":{"uv":[4.9375,6.6875,4.9375,6.875],"rotation":0,"texture":"#0","tintindex":0}}},{"from":[10.028572,8.320294,5.3457174],"to":[10.028572,12.320294,7.0600033],"rotation":{"angle":0.0,"axis":"y","origin":[8.0,9.548865,7.734985]},"faces":{"east":{"uv":[7.375,9.4375,7.5625,9.875],"rotation":0,"texture":"#0","tintindex":0},"south":{"uv":[7.0625,11.0,7.0625,11.4375],"rotation":0,"texture":"#0","tintindex":0},"north":{"uv":[7.0,11.0,7.0,11.4375],"rotation":0,"texture":"#0","tintindex":0},"west":{"uv":[7.625,9.4375,7.8125,9.875],"rotation":0,"texture":"#0","tintindex":0},"up":{"uv":[5.375,7.125,5.375,6.9375],"rotation":0,"texture":"#0","tintindex":0},"down":{"uv":[5.4375,6.9375,5.4375,7.125],"rotation":0,"texture":"#0","tintindex":0}}},{"from":[8.314285,8.320294,5.3457174],"to":[10.028572,12.320294,5.3457174],"rotation":{"angle":0.0,"axis":"y","origin":[8.028571,9.548865,7.6921277]},"faces":{"east":{"uv":[7.125,11.0,7.125,11.4375],"rotation":0,"texture":"#0","tintindex":0},"south":{"uv":[0.0,9.5,0.1875,9.9375],"rotation":0,"texture":"#0","tintindex":0},"north":{"uv":[9.25,9.4375,9.4375,9.875],"rotation":0,"texture":"#0","tintindex":0},"west":{"uv":[7.1875,11.0,7.1875,11.4375],"rotation":0,"texture":"#0","tintindex":0},"up":{"uv":[4.8125,6.375,4.625,6.375],"rotation":0,"texture":"#0","tintindex":0},"down":{"uv":[6.6875,0.5625,6.5,0.5625],"rotation":0,"texture":"#0","tintindex":0}}},{"from":[6.5714283,8.7394905,2.4440088],"to":[9.428572,10.453775,5.3011513],"rotation":{"angle":0.0,"axis":"y","origin":[8.0,9.310919,4.6154375]},"faces":{"east":{"uv":[8.625,10.4375,8.9375,10.625],"rotation":0,"texture":"#0","tintindex":0},"south":{"uv":[9.0,10.4375,9.3125,10.625],"rotation":0,"texture":"#0","tintindex":0},"north":{"uv":[10.4375,7.375,10.75,7.5625],"rotation":0,"texture":"#0","tintindex":0},"west":{"uv":[0.9375,10.5,1.25,10.6875],"rotation":0,"texture":"#0","tintindex":0},"up":{"uv":[0.3125,9.0,0.0,8.6875],"rotation":0,"texture":"#0","tintindex":0},"down":{"uv":[1.4375,8.6875,1.125,9.0],"rotation":0,"texture":"#0","tintindex":0}}},{"from":[6.0,6.7829876,2.2626848],"to":[10.0,8.497273,6.262685],"rotation":{"angle":0.0,"axis":"y","origin":[8.285714,7.9258447,4.262685]},"faces":{"east":{"uv":[9.4375,7.125,9.875,7.3125],"rotation":0,"texture":"#0","tintindex":0},"south":{"uv":[9.5,1.0,9.9375,1.1875],"rotation":0,"texture":"#0","tintindex":0},"north":{"uv":[9.4375,6.0625,9.875,6.25],"rotation":0,"texture":"#0","tintindex":0},"west":{"uv":[4.9375,9.5625,5.375,9.75],"rotation":0,"texture":"#0","tintindex":0},"up":{"uv":[5.9375,7.125,5.5,6.6875],"rotation":0,"texture":"#0","tintindex":0},"down":{"uv":[7.125,5.5625,6.6875,6.0],"rotation":0,"texture":"#0","tintindex":0}}},{"from":[6.0,8.497273,2.2626848],"to":[6.0,11.354416,6.262685],"rotation":{"angle":0.0,"axis":"y","origin":[7.714286,7.9258447,4.262685]},"faces":{"east":{"uv":[6.0625,7.75,5.625,8.0625],"rotation":0,"texture":"#0","tintindex":0},"south":{"uv":[3.6875,7.25,3.6875,7.5625],"rotation":0,"texture":"#0","tintindex":0},"north":{"uv":[3.625,7.25,3.625,7.5625],"rotation":0,"texture":"#0","tintindex":0},"west":{"uv":[5.625,7.75,6.0625,8.0625],"rotation":0,"texture":"#0","tintindex":0},"up":{"uv":[7.25,11.4375,7.25,11.0],"rotation":0,"texture":"#0","tintindex":0},"down":{"uv":[7.3125,11.0,7.3125,11.4375],"rotation":0,"texture":"#0","tintindex":0}}},{"from":[9.999429,8.497273,2.2626848],"to":[9.999429,11.354416,6.262685],