{"textures":{"0":"modelengine:entity/nocsy_drakonin5"},"elements":[{"from":[7.8615685,6.01961,6.9694037],"to":[10.147283,8.305325,10.969404],"rotation":{"angle":-22.5,"axis":"z","origin":[8.547283,7.1624675,10.055119]},"faces":{"east":{"uv":[8.4375,2.4375,8.875,2.6875],"rotation":0,"texture":"#0","tintindex":0},"south":{"uv":[10.25,9.75,10.5,10.0],"rotation":0,"texture":"#0","tintindex":0},"north":{"uv":[7.6875,10.25,7.9375,10.5],"rotation":0,"texture":"#0","tintindex":0},"west":{"uv":[8.4375,3.8125,8.875,4.0625],"rotation":0,"texture":"#0","tintindex":0},"up":{"uv":[8.6875,5.375,8.4375,4.9375],"rotation":0,"texture":"#0","tintindex":0},"down":{"uv":[8.6875,8.1875,8.4375,8.625],"rotation":0,"texture":"#0","tintindex":0}}},{"from":[8.199733,7.244941,3.903809],"to":[9.914019,11.244942,5.618095],"rotation":{"angle":-22.5,"axis":"x","origin":[9.342589,9.41637,5.218095]},"faces":{"east":{"uv":[2.75,9.5,2.9375,9.9375],"rotation":0,"texture":"#0","tintindex":0},"south":{"uv":[9.5,2.8125,9.6875,3.25],"rotation":0,"texture":"#0","tintindex":0},"north":{"uv":[1.0,9.5,1.1875,9.9375],"rotation":0,"texture":"#0","tintindex":0},"west":{"uv":[9.5,4.4375,9.6875,4.875],"rotation":0,"texture":"#0","tintindex":0},"up":{"uv":[5.0,11.0625,4.8125,10.875],"rotation":0,"texture":"#0","tintindex":0},"down":{"uv":[5.25,10.875,5.0625,11.0625],"rotation":0,"texture":"#0","tintindex":0}}},{"from":[7.3755436,3.447988,8.235605],"to":[8.8612585,4.933703,11.435606],"rotation":{"angle":22.5,"axis":"x","origin":[12.68983,7.619417,11.549891]},"faces":{"east":{"uv":[9.5625,7.6875,9.9375,7.875],"rotation":0,"texture":"#0","tintindex":0},"south":{"uv":[6.0625,10.875,6.25,11.0625],"rotation":0,"texture":"#0","tintindex":0},"north":{"uv":[10.875,5.25,11.0625,5.4375],"rotation":0,"texture":"#0","tintindex":0},"west":{"uv":[9.8125,5.8125,10.1875,6.0],"rotation":0,"texture":"#0","tintindex":0},"up":{"uv":[5.75,10.25,5.5625,9.875],"rotation":0,"texture":"#0","tintindex":0},"down":{"uv":[8.375,9.875,8.1875,10.25],"rotation":0,"texture":"#0","tintindex":0}}},{"from":[7.5469723,2.5526366,5.255154],"to":[9.032686,4.038351,8.455154],"rotation":{"angle":45.0,"axis":"x","origin":[8.118401,3.524065,7.9980116]},"faces":{"east":{"uv":[9.875,1.8125,10.25,2.0],"rotation":0,"texture":"#0","tintindex":0},"south":{"uv":[10.875,7.625,11.0625,7.8125],"rotation":0,"texture":"#0","tintindex":0},"north":{"uv":[10.875,6.5,11.0625,6.6875],"rotation":0,"texture":"#0","tintindex":0},"west":{"uv":[9.9375,0.75,10.3125,0.9375],"rotation":0,"texture":"#0","tintindex":0},"up":{"uv":[0.4375,10.3125,0.25,9.9375],"rotation":0,"texture":"#0","tintindex":0},"down":{"uv":[10.125,1.25,9.9375,1.625],"rotation":0,"texture":"#0","tintindex":0}}}],"display":{"head":{"translation":[0.0,-6.4,0.0],"scale":[4.0,4.0,4.0]}}}