{"textures":{"0":"modelengine:entity/nocsy_drakonin5"},"elements":[{"from":[6.061298,6.6546144,6.857143],"to":[8.918441,8.940329,9.142858],"rotation":{"angle":0.0,"axis":"y","origin":[8.3470125,6.555906,6.7388253]},"faces":{"east":{"uv":[4.875,10.1875,5.125,10.4375],"rotation":0,"texture":"#0","tintindex":0},"south":{"uv":[9.5625,7.375,9.875,7.625],"rotation":0,"texture":"#0","tintindex":0},"north":{"uv":[5.4375,9.5625,5.75,9.8125],"rotation":0,"texture":"#0","tintindex":0},"west":{"uv":[9.5625,10.1875,9.8125,10.4375],"rotation":0,"texture":"#0","tintindex":0},"up":{"uv":[8.1875,9.8125,7.875,9.5625],"rotation":0,"texture":"#0","tintindex":0},"down":{"uv":[8.5625,9.5625,8.25,9.8125],"rotation":0,"texture":"#0","tintindex":0}}},{"from":[-0.79584503,6.9403286,7.0857143],"to":[6.6327267,8.654614,8.8],"rotation":{"angle":0.0,"axis":"y","origin":[8.3470125,6.555906,6.7388253]},"faces":{"east":{"uv":[8.1875,4.9375,8.375,5.125],"rotation":0,"texture":"#0","tintindex":0},"south":{"uv":[7.25,1.9375,8.0625,2.125],"rotation":0,"texture":"#0","tintindex":0},"north":{"uv":[7.25,1.6875,8.0625,1.875],"rotation":0,"texture":"#0","tintindex":0},"west":{"uv":[4.875,8.5625,5.0625,8.75],"rotation":0,"texture":"#0","tintindex":0},"up":{"uv":[8.0625,2.375,7.25,2.1875],"rotation":0,"texture":"#0","tintindex":0},"down":{"uv":[8.0625,2.4375,7.25,2.625],"rotation":0,"texture":"#0","tintindex":0}}},{"from":[-2.3167439,6.946043,2.8344297],"to":[-0.61388683,8.6489,6.8230014],"rotation":{"angle":45.0,"axis":"y","origin":[0.8203988,7.797472,5.971573]},"faces":{"east":{"uv":[8.8125,0.375,9.25,0.5625],"rotation":0,"texture":"#0","tintindex":0},"south":{"uv":[4.3125,10.75,4.5,10.9375],"rotation":0,"texture":"#0","tintindex":0},"north":{"uv":[10.75,4.125,10.9375,4.3125],"rotation":0,"texture":"#0","tintindex":0},"west":{"uv":[9.3125,0.375,9.75,0.5625],"rotation":0,"texture":"#0","tintindex":0},"up":{"uv":[2.5625,8.5625,2.375,8.125],"rotation":0,"texture":"#0","tintindex":0},"down":{"uv":[0.9375,9.3125,0.75,9.75],"rotation":0,"texture":"#0","tintindex":0}}},{"from":[-4.4548855,6.9403286,1.7957988],"to":[-2.7405996,8.654614,5.7957993],"rotation":{"angle":22.5,"axis":"y","origin":[-3.597743,7.797472,3.7957993]},"faces":{"east":{"uv":[1.75,9.375,2.1875,9.5625],"rotation":0,"texture":"#0","tintindex":0},"south":{"uv":[5.8125,10.75,6.0,10.9375],"rotation":0,"texture":"#0","tintindex":0},"north":{"uv":[4.5625,10.75,4.75,10.9375],"rotation":0,"texture":"#0","tintindex":0},"west":{"uv":[9.375,1.8125,9.8125,2.0],"rotation":0,"texture":"#0","tintindex":0},"up":{"uv":[6.4375,9.75,6.25,9.3125],"rotation":0,"texture":"#0","tintindex":0},"down":{"uv":[9.5625,2.0625,9.375,2.5],"rotation":0,"texture":"#0","tintindex":0}}},{"from":[-4.3243933,7.8546147,2.4518275],"to":[7.675607,7.9689,25.8804],"rotation":{"angle":0.0,"axis":"y","origin":[-5.1815367,7.797472,4.451828]},"faces":{"east":{"uv":[6.75,5.4375,9.3125,5.5],"rotation":0,"texture":"#0","tintindex":0},"south":{"uv":[8.8125,7.9375,10.125,8.0],"rotation":0,"texture":"#0","tintindex":0},"north":{"uv":[8.5625,1.4375,9.875,1.5],"rotation":0,"texture":"#0","tintindex":0},"west":{"uv":[7.1875,5.5625,9.75,5.625],"rotation":0,"texture":"#0","tintindex":0},"up":{"uv":[5.4375,2.5625,4.125,0.0],"rotation":0,"texture":"#0","tintindex":0},"down":{"uv":[5.4375,2.625,4.125,5.1875],"rotation":0,"texture":"#0","tintindex":0}}}],"display":{"head":{"translation":[0.0,-6.4,0.0],"scale":[4.0,4.0,4.0]}}}