{"textures":{"0":"modelengine:entity/nocsy_drakonin5"},"elements":[{"from":[5.477821,6.3524675,5.5592756],"to":[7.203535,8.078182,7.8564186],"rotation":{"angle":22.5,"axis":"y","origin":[8.054964,7.215325,5.279276]},"faces":{"east":{"uv":[8.5625,3.5625,8.8125,3.75],"rotation":0,"texture":"#0","tintindex":0},"south":{"uv":[1.6875,10.9375,1.875,11.125],"rotation":0,"texture":"#0","tintindex":0},"north":{"uv":[10.9375,0.5,11.125,0.6875],"rotation":0,"texture":"#0","tintindex":0},"west":{"uv":[8.75,5.1875,9.0,5.375],"rotation":0,"texture":"#0","tintindex":0},"up":{"uv":[10.75,4.0625,10.5625,3.8125],"rotation":0,"texture":"#0","tintindex":0},"down":{"uv":[10.75,5.0,10.5625,5.25],"rotation":0,"texture":"#0","tintindex":0}}},{"from":[7.9338136,6.490466,10.541795],"to":[7.9338136,8.77618,13.398937],"rotation":{"angle":0.0,"axis":"y","origin":[8.219528,7.0618944,10.427509]},"faces":{"east":{"uv":[9.75,5.1875,10.0625,5.4375],"rotation":0,"texture":"#0","tintindex":0},"south":{"uv":[8.5,3.0625,8.5,3.3125],"rotation":0,"texture":"#0","tintindex":0},"north":{"uv":[8.125,4.5,8.125,4.75],"rotation":0,"texture":"#0","tintindex":0},"west":{"uv":[9.75,6.625,10.0625,6.875],"rotation":0,"texture":"#0","tintindex":0},"up":{"uv":[9.125,11.3125,9.125,11.0],"rotation":0,"texture":"#0","tintindex":0},"down":{"uv":[9.1875,11.0,9.1875,11.3125],"rotation":0,"texture":"#0","tintindex":0}}},{"from":[7.082385,6.3638964,9.833306],"to":[8.785242,8.638182,10.964735],"rotation":{"angle":0.0,"axis":"y","origin":[8.505242,7.215325,7.084735]},"faces":{"east":{"uv":[6.5,7.8125,6.625,8.0625],"rotation":0,"texture":"#0","tintindex":0},"south":{"uv":[10.5625,5.625,10.75,5.875],"rotation":0,"texture":"#0","tintindex":0},"north":{"uv":[5.125,10.5625,5.3125,10.8125],"rotation":0,"texture":"#0","tintindex":0},"west":{"uv":[2.6875,8.6875,2.8125,8.9375],"rotation":0,"texture":"#0","tintindex":0},"up":{"uv":[4.0625,6.375,3.875,6.25],"rotation":0,"texture":"#0","tintindex":0},"down":{"uv":[4.3125,6.25,4.125,6.375],"rotation":0,"texture":"#0","tintindex":0}}},{"from":[8.664092,6.3524675,5.5592756],"to":[10.389807,8.078182,7.8564186],"rotation":{"angle":-22.5,"axis":"y","origin":[7.812663,7.215325,5.279276]},"faces":{"east":{"uv":[10.5625,6.5625,10.8125,6.75],"rotation":0,"texture":"#0","tintindex":0},"south":{"uv":[10.9375,2.6875,11.125,2.875],"rotation":0,"texture":"#0","tintindex":0},"north":{"uv":[2.25,10.9375,2.4375,11.125],"rotation":0,"texture":"#0","tintindex":0},"west":{"uv":[7.5625,10.5625,7.8125,10.75],"rotation":0,"texture":"#0","tintindex":0},"up":{"uv":[6.25,10.8125,6.0625,10.5625],"rotation":0,"texture":"#0","tintindex":0},"down":{"uv":[10.75,9.5625,10.5625,9.8125],"rotation":0,"texture":"#0","tintindex":0}}},{"from":[7.1155205,6.346753,5.553561],"to":[8.852663,8.655325,7.862133],"rotation":{"angle":0.0,"axis":"y","origin":[6.384092,7.215325,5.279276]},"faces":{"east":{"uv":[10.3125,8.0625,10.5625,8.3125],"rotation":0,"texture":"#0","tintindex":0},"south":{"uv":[10.625,1.25,10.8125,1.5],"rotation":0,"texture":"#0","tintindex":0},"north":{"uv":[10.5625,9.875,10.75,10.125],"rotation":0,"texture":"#0","tintindex":0},"west":{"uv":[10.3125,8.375,10.5625,8.625],"rotation":0,"texture":"#0","tintindex":0},"up":{"uv":[10.8125,1.8125,10.625,1.5625],"rotation":0,"texture":"#0","tintindex":0},"down":{"uv":[1.9375,10.625,1.75,10.875],"rotation":0,"texture":"#0","tintindex":0}}},{"from":[8.02396,6.2591753,2.8337293],"to":[8.02396,8.544889,6.2623005],"rotation":{"angle":0.0,"axis":"y","origin":[7.6811028,5.859175,2.7194428]},"faces":{"east":{"uv":[8.75,6.4375,9.125,6.6875],"rotation":0,"texture":"#0","tintindex":0},"south":{"uv":[3.6875,8.6875,3.6875,8.9375],"rotation":0,"texture":"#0","tintindex":0},"north":{"uv":[3.625,8.6875,3.625,8.9375],"rotation":0,"texture":"#0","tintindex":0},"west":{"uv":[8.75,8.1875,9.125,8.4375],"rotation":0,"texture":"#0","tintindex":0},"up":{"uv":[9.25,11.375,9.25,11.0],"rotation":0,"texture":"#0","tintindex":0},"down":{"uv":[9.3125,11.0,9.3125,11.375],"rotation":0,"texture":"#0","tintindex":0}}},{"from":[6.0239596,6.2591753,2.8337293],"to":[6.0239596,8.544889,6.2623005],"rotation":{"angle":22.5,"axis":"y","origin":[8.138246,7.4020324,4.5480146]},"faces":{"east":{"uv":[4.125,8.8125,4.5,9.0625],"rotation":0,"texture":"#0","tintindex":0},"south":{"uv":[2.1875,9.0625,2.1875,9.3125],"rotation":0,"texture":"#0","tintindex":0},"north":{"uv":[6.25,9.0,6.25,9.25],"rotation":0,"texture":"#0","tintindex":0},"west":{"uv":[4.5625,8.8125,4.9375,9.0625],"rotation":0,"texture":"#0","tintindex":0},"up":{"uv":[9.375,11.375,9.375,11.0],"rotation":0,"texture":"#0","tintindex":0},"down":{"uv":[9.4375,11.0,9.4375,11.375],"rotation":0,"texture":"#0","tintindex":0}}},{"from":[10.02396,6.2591753,2.8337293],"to":[10.02396,8.544889,6.2623005],"rotation":{"angle":-22.5,"axis":"y","origin":[8.138246,7.4020324,4.5480146]},"faces":{"east":{"uv":[5.0,8.8125,5.375,9.0625],"rotation":0,"texture":"#0","tintindex":0},"south":{"uv":[5.875,9.125,5.875,9.375],"rotation":0,"texture":"#0","tintindex":0},"north":{"uv":[5.8125,9.125,5.8125,9.375],"rotation":0,"texture":"#0","tintindex":0},"west":{"uv":[8.8125,7.5625,9.1875,7.8125],"rotation":0,"texture":"#0","tintindex":0},"up":{"uv":[9.5,11.375,9.5,11.0],"rotation":0,"texture":"#0","tintindex":0},"down":{"uv":[11.0,10.5625,11.0,10.9375],"rotation":0,"texture":"#0","tintindex":0}}},{"from":[5.9338136,6.358182,6.570449],"to":[9.933814,8.643896,9.999021],"rotation":{"angle":0.0,"axis":"y","origin":[7.305242,11.386753,8.170449]},"faces":{"east":{"uv":[8.8125,8.5,9.1875,8.75],"rotation":0,"texture":"#0","tintindex":0},"south":{"uv":[8.5625,4.4375,9.0,4.6875],"rotation":0,"texture":"#0","tintindex":0},"north":{"uv":[8.5625,1.125,9.0,1.375],"rotation":0,"texture":"#0","tintindex":0},"west":{"uv":[8.8125,8.8125,9.1875,9.0625],"rotation":0,"texture":"#0","tintindex":0},"up":{"uv":[7.625,4.3125,7.1875,3.9375],"rotation":0,"texture":"#0","tintindex":0},"down":{"uv":[4.6875,7.1875,4.25,7.5625],"rotation":0,"texture":"#0","tintindex":0}}},{"from":[6.162385,8.643896,6.913306],"to":[9.590957,9.215324,9.770449],"rotation":{"angle":0.0,"axis":"y","origin":[7.305242,11.386753,8.170449]},"faces":{"east":{"uv":[9.375,5.4375,9.6875,5.5],"rotation":0,"texture":"#0","tintindex":0},"south":{"uv":[7.25,4.8125,7.625,4.875],"rotation":0,"texture":"#0","tintindex":0},"north":{"uv":[4.375,6.25,4.75,6.3125],"rotation":0,"texture":"#0","tintindex":0},"west":{"uv":[10.125,6.8125,10.4375,6.875],"rotation":0,"texture":"#0","tintindex":0},"up":{"uv":[8.5625,1.0625,8.1875,0.75],"rotation":0,"texture":"#0","tintindex":0},"down":{"uv":[3.25,8.1875,2.875,8.5],"rotation":0,"texture":"#0","tintindex":0}}},{"from":[6.162385,9.215324,6.913306],"to":[6.162385,10.929611,9.770449],"rotation":{"angle":0.0,"axis":"y","origin":[7.305242,11.386753,8.170449]},"faces":{"east":{"uv":[4.4375,10.5,4.125,10.6875],"rotation":0,"texture":"#0","tintindex":0},"south":{"uv":[4.375,8.0625,4.375,8.25],"rotation":0,"texture":"#0","tintindex":0},"north":{"uv":[5.125,7.8125,5.125,8.0],"rotation":0,"texture":"#0","tintindex":0},"west":{"uv":[4.125,10.5,4.4375,10.6875],"rotation":0,"texture":"#0","tintindex":0},"up":{"uv":[11.0,11.3125,11.0,11.0],"rotation":0,"texture":"#0","tintindex":0},"down":{"uv":[0.0,11.0625,0.0,11.375],"rotation":0,"texture":"#0","tintindex":0}}},{"from":[9.590957,9.215324,6.913306],"to":[9.590957,10.929611,9.770449],"rotation":{"angle":0.0,"axis":"y","origin":[7.305242,11.386753,8.170449]},"faces":{"east":{"uv":[4.5,10.5,4.8125,10.6875],"rotation":0,"texture":"#0","tintindex":0},"south":{"uv":[6.4375,8.3125,6.4375,8.5],"rotation":0,"texture":"#0","tintindex":0},"north":{"uv":[4.4375,8.0625,4.4375,8.25],"rotation":0,"texture":"#0","tintindex":0},"west":{"uv":[4.8125,10.5,4.5,10.6875],"rotation":0,"texture":"#0","tintindex":0},"up":{"uv":[0.0625,11.375,0.0625,11.0625],"rotation":0,"texture":"#0","tintindex":0},"down":{"uv":[0.125,11.0625,0.125,11.375],"rotation":0,"texture":"#0",