{"textures":{"0":"modelengine:entity/nocsy_drakonin5"},"elements":[{"from":[6.5530005,6.517143,3.1997094],"to":[9.410144,9.374286,5.485424],"rotation":{"angle":0.0,"axis":"y","origin":[8.724429,7.9457145,5.8854237]},"faces":{"east":{"uv":[8.625,9.5625,8.875,9.875],"rotation":0,"texture":"#0","tintindex":0},"south":{"uv":[3.75,8.625,4.0625,8.9375],"rotation":0,"texture":"#0","tintindex":0},"north":{"uv":[8.625,0.75,8.9375,1.0625],"rotation":0,"texture":"#0","tintindex":0},"west":{"uv":[8.9375,9.5625,9.1875,9.875],"rotation":0,"texture":"#0","tintindex":0},"up":{"uv":[0.5625,9.875,0.25,9.625],"rotation":0,"texture":"#0","tintindex":0},"down":{"uv":[2.0625,9.625,1.75,9.875],"rotation":0,"texture":"#0","tintindex":0}}},{"from":[6.2101436,6.802857,0.91399527],"to":[8.495858,9.088572,4.9139953],"rotation":{"angle":22.5,"axis":"y","origin":[7.410144,7.3742857,2.3425665]},"faces":{"east":{"uv":[8.25,6.5,8.6875,6.75],"rotation":0,"texture":"#0","tintindex":0},"south":{"uv":[10.25,0.3125,10.5,0.5625],"rotation":0,"texture":"#0","tintindex":0},"north":{"uv":[10.25,0.0,10.5,0.25],"rotation":0,"texture":"#0","tintindex":0},"west":{"uv":[3.75,8.3125,4.1875,8.5625],"rotation":0,"texture":"#0","tintindex":0},"up":{"uv":[4.5,8.75,4.25,8.3125],"rotation":0,"texture":"#0","tintindex":0},"down":{"uv":[4.8125,8.3125,4.5625,8.75],"rotation":0,"texture":"#0","tintindex":0}}},{"from":[-1.716507,7.0885715,4.5414524],"to":[7.997779,8.802857,6.2557383],"rotation":{"angle":22.5,"axis":"y","origin":[7.140636,7.9457145,6.5414524]},"faces":{"east":{"uv":[10.75,6.25,10.9375,6.4375],"rotation":0,"texture":"#0","tintindex":0},"south":{"uv":[3.875,6.4375,4.9375,6.625],"rotation":0,"texture":"#0","tintindex":0},"north":{"uv":[2.75,6.25,3.8125,6.4375],"rotation":0,"texture":"#0","tintindex":0},"west":{"uv":[9.3125,10.75,9.5,10.9375],"rotation":0,"texture":"#0","tintindex":0},"up":{"uv":[3.8125,6.6875,2.75,6.5],"rotation":0,"texture":"#0","tintindex":0},"down":{"uv":[7.6875,6.125,6.625,6.3125],"rotation":0,"texture":"#0","tintindex":0}}},{"from":[-6.0589485,7.0942855,11.272357],"to":[0.21533728,8.797143,12.975214],"rotation":{"angle":45.0,"axis":"y","origin":[-4.636091,7.9457145,12.123786]},"faces":{"east":{"uv":[10.75,10.625,10.9375,10.8125],"rotation":0,"texture":"#0","tintindex":0},"south":{"uv":[7.8125,1.3125,8.5,1.5],"rotation":0,"texture":"#0","tintindex":0},"north":{"uv":[7.6875,5.1875,8.375,5.375],"rotation":0,"texture":"#0","tintindex":0},"west":{"uv":[10.8125,0.25,11.0,0.4375],"rotation":0,"texture":"#0","tintindex":0},"up":{"uv":[8.5,7.5,7.8125,7.3125],"rotation":0,"texture":"#0","tintindex":0},"down":{"uv":[1.8125,7.875,1.125,8.0625],"rotation":0,"texture":"#0","tintindex":0}}},{"from":[-6.4716063,7.0885715,11.91591],"to":[-4.7573204,8.802857,18.201626],"rotation":{"angle":-22.5,"axis":"y","origin":[-7.900178,7.9457145,12.773053]},"faces":{"east":{"uv":[1.875,7.875,2.5625,8.0625],"rotation":0,"texture":"#0","tintindex":0},"south":{"uv":[10.8125,5.0,11.0,5.1875],"rotation":0,"texture":"#0","tintindex":0},"north":{"uv":[10.8125,3.8125,11.0,4.0],"rotation":0,"texture":"#0","tintindex":0},"west":{"uv":[7.875,6.8125,8.5625,7.0],"rotation":0,"texture":"#0","tintindex":0},"up":{"uv":[5.0625,8.5,4.875,7.8125],"rotation":0,"texture":"#0","tintindex":0},"down":{"uv":[2.8125,7.9375,2.625,8.625],"rotation":0,"texture":"#0","tintindex":0}}},{"from":[-10.287937,8.002857,4.5414524],"to":[7.997779,8.117143,27.970026],"rotation":{"angle":0.0,"axis":"y","origin":[7.140636,7.9457145,6.5414524]},"faces":{"east":{"uv":[7.1875,5.6875,9.75,5.75],"rotation":0,"texture":"#0","tintindex":0},"south":{"uv":[8.0625,0.625,10.0625,0.6875],"rotation":0,"texture":"#0","tintindex":0},"north":{"uv":[7.8125,1.5625,9.8125,1.625],"rotation":0,"texture":"#0","tintindex":0},"west":{"uv":[7.1875,5.8125,9.75,5.875],"rotation":0,"texture":"#0","tintindex":0},"up":{"uv":[2.0,2.5625,0.0,0.0],"rotation":0,"texture":"#0","tintindex":0},"down":{"uv":[4.0625,0.0,2.0625,2.5625],"rotation":0,"texture":"#0","tintindex":0}}}],"display":{"head":{"translation":[0.0,-6.4,0.0],"scale":[4.0,4.0,4.0]}}}