{"textures":{"0":"modelengine:entity/nocsy_drakonin5"},"elements":[{"from":[6.0,8.063616,7.399993],"to":[10.0,12.063617,10.828565],"rotation":{"angle":0.0,"axis":"y","origin":[7.714286,9.805804,9.4561615]},"faces":{"east":{"uv":[6.75,4.9375,7.125,5.375],"rotation":0,"texture":"#0","tintindex":0},"south":{"uv":[3.875,6.6875,4.3125,7.125],"rotation":0,"texture":"#0","tintindex":0},"north":{"uv":[5.0,6.4375,5.4375,6.875],"rotation":0,"texture":"#0","tintindex":0},"west":{"uv":[6.5,6.875,6.875,7.3125],"rotation":0,"texture":"#0","tintindex":0},"up":{"uv":[7.1875,3.375,6.75,3.0],"rotation":0,"texture":"#0","tintindex":0},"down":{"uv":[5.3125,6.9375,4.875,7.3125],"rotation":0,"texture":"#0","tintindex":0}}},{"from":[6.0057144,11.568721,6.9874563],"to":[9.994286,13.843007,10.404599],"rotation":{"angle":-22.5,"axis":"x","origin":[7.714286,12.864656,9.361072]},"faces":{"east":{"uv":[2.25,8.6875,2.625,8.9375],"rotation":0,"texture":"#0","tintindex":0},"south":{"uv":[8.4375,2.125,8.875,2.375],"rotation":0,"texture":"#0","tintindex":0},"north":{"uv":[8.4375,1.8125,8.875,2.0625],"rotation":0,"texture":"#0","tintindex":0},"west":{"uv":[3.1875,8.6875,3.5625,8.9375],"rotation":0,"texture":"#0","tintindex":0},"up":{"uv":[7.375,7.25,6.9375,6.875],"rotation":0,"texture":"#0","tintindex":0},"down":{"uv":[4.1875,7.1875,3.75,7.5625],"rotation":0,"texture":"#0","tintindex":0}}}],"display":{"head":{"translation":[0.0,-6.4,0.0],"scale":[4.0,4.0,4.0]}}}