{"textures":{"0":"modelengine:entity/nocsy_drakonin5"},"elements":[{"from":[6.589856,6.517143,3.1997094],"to":[9.447,9.374286,5.485424],"rotation":{"angle":0.0,"axis":"y","origin":[7.275571,7.9457145,5.8854237]},"faces":{"east":{"uv":[1.25,9.6875,1.5,10.0],"rotation":0,"texture":"#0","tintindex":0},"south":{"uv":[8.625,6.0625,8.9375,6.375],"rotation":0,"texture":"#0","tintindex":0},"north":{"uv":[5.9375,8.625,6.25,8.9375],"rotation":0,"texture":"#0","tintindex":0},"west":{"uv":[9.6875,8.1875,9.9375,8.5],"rotation":0,"texture":"#0","tintindex":0},"up":{"uv":[10.0,8.8125,9.6875,8.5625],"rotation":0,"texture":"#0","tintindex":0},"down":{"uv":[10.0,8.875,9.6875,9.125],"rotation":0,"texture":"#0","tintindex":0}}},{"from":[7.504142,6.802857,0.91399527],"to":[9.789856,9.088572,4.9139953],"rotation":{"angle":-22.5,"axis":"y","origin":[8.589856,7.3742857,2.3425665]},"faces":{"east":{"uv":[5.9375,8.3125,6.375,8.5625],"rotation":0,"texture":"#0","tintindex":0},"south":{"uv":[10.25,5.625,10.5,5.875],"rotation":0,"texture":"#0","tintindex":0},"north":{"uv":[5.1875,10.25,5.4375,10.5],"rotation":0,"texture":"#0","tintindex":0},"west":{"uv":[0.0,8.375,0.4375,8.625],"rotation":0,"texture":"#0","tintindex":0},"up":{"uv":[0.75,8.8125,0.5,8.375],"rotation":0,"texture":"#0","tintindex":0},"down":{"uv":[1.0625,8.375,0.8125,8.8125],"rotation":0,"texture":"#0","tintindex":0}}},{"from":[8.002221,7.0885715,4.5414524],"to":[17.716507,8.802857,6.2557383],"rotation":{"angle":-22.5,"axis":"y","origin":[8.8593645,7.9457145,6.5414524]},"faces":{"east":{"uv":[10.875,1.25,11.0625,1.4375],"rotation":0,"texture":"#0","tintindex":0},"south":{"uv":[6.625,6.625,7.6875,6.8125],"rotation":0,"texture":"#0","tintindex":0},"north":{"uv":[6.625,6.375,7.6875,6.5625],"rotation":0,"texture":"#0","tintindex":0},"west":{"uv":[10.875,1.5,11.0625,1.6875],"rotation":0,"texture":"#0","tintindex":0},"up":{"uv":[7.75,3.625,6.6875,3.4375],"rotation":0,"texture":"#0","tintindex":0},"down":{"uv":[7.75,3.6875,6.6875,3.875],"rotation":0,"texture":"#0","tintindex":0}}},{"from":[15.784662,7.0942855,11.272357],"to":[22.058949,8.797143,12.975214],"rotation":{"angle":-45.0,"axis":"y","origin":[20.636091,7.9457145,12.123786]},"faces":{"east":{"uv":[2.0,10.875,2.1875,11.0625],"rotation":0,"texture":"#0","tintindex":0},"south":{"uv":[2.875,7.9375,3.5625,8.125],"rotation":0,"texture":"#0","tintindex":0},"north":{"uv":[7.875,7.0625,8.5625,7.25],"rotation":0,"texture":"#0","tintindex":0},"west":{"uv":[10.875,2.9375,11.0625,3.125],"rotation":0,"texture":"#0","tintindex":0},"up":{"uv":[8.75,0.5625,8.0625,0.375],"rotation":0,"texture":"#0","tintindex":0},"down":{"uv":[4.3125,8.0625,3.625,8.25],"rotation":0,"texture":"#0","tintindex":0}}},{"from":[20.75732,7.0885715,11.91591],"to":[22.471607,8.802857,18.201626],"rotation":{"angle":22.5,"axis":"y","origin":[23.900177,7.9457145,12.773053]},"faces":{"east":{"uv":[8.0625,7.5625,8.75,7.75],"rotation":0,"texture":"#0","tintindex":0},"south":{"uv":[10.875,4.625,11.0625,4.8125],"rotation":0,"texture":"#0","tintindex":0},"north":{"uv":[10.875,4.375,11.0625,4.5625],"rotation":0,"texture":"#0","tintindex":0},"west":{"uv":[8.0625,7.8125,8.75,8.0],"rotation":0,"texture":"#0","tintindex":0},"up":{"uv":[5.3125,8.75,5.125,8.0625],"rotation":0,"texture":"#0","tintindex":0},"down":{"uv":[5.5625,8.0625,5.375,8.75],"rotation":0,"texture":"#0","tintindex":0}}},{"from":[8.002221,8.002857,4.5414524],"to":[26.287937,8.117143,27.970026],"rotation":{"angle":0.0,"axis":"y","origin":[8.8593645,7.9457145,6.5414524]},"faces":{"east":{"uv":[7.25,0.125,9.8125,0.1875],"rotation":0,"texture":"#0","tintindex":0},"south":{"uv":[8.125,1.6875,10.125,1.75],"rotation":0,"texture":"#0","tintindex":0},"north":{"uv":[8.0625,8.0625,10.0625,8.125],"rotation":0,"texture":"#0","tintindex":0},"west":{"uv":[7.25,0.25,9.8125,0.3125],"rotation":0,"texture":"#0","tintindex":0},"up":{"uv":[2.0,5.1875,0.0,2.625],"rotation":0,"texture":"#0","tintindex":0},"down":{"uv":[4.0625,2.625,2.0625,5.1875],"rotation":0,"texture":"#0","tintindex":0}}}],"display":{"head":{"translation":[0.0,-6.4,0.0],"scale":[4.0,4.0,4.0]}}}