{"textures":{"0":"modelengine:entity/nocsy_drakonin5"},"elements":[{"from":[9.3714285,7.3431034,8.313452],"to":[11.657143,7.3431034,12.88488],"rotation":{"angle":-22.5,"axis":"z","origin":[10.285714,8.885961,7.1705947]},"faces":{"east":{"uv":[11.125,5.25,11.625,5.25],"rotation":0,"texture":"#0","tintindex":0},"south":{"uv":[11.125,5.3125,11.375,5.3125],"rotation":0,"texture":"#0","tintindex":0},"north":{"uv":[11.125,5.125,11.375,5.125],"rotation":0,"texture":"#0","tintindex":0},"west":{"uv":[11.125,5.375,11.625,5.375],"rotation":0,"texture":"#0","tintindex":0},"up":{"uv":[2.3125,8.625,2.0625,8.125],"rotation":0,"texture":"#0","tintindex":0},"down":{"uv":[8.375,2.375,8.125,2.875],"rotation":0,"texture":"#0","tintindex":0}}},{"from":[3.771428,7.3431034,8.313452],"to":[6.0571427,7.3431034,12.88488],"rotation":{"angle":22.5,"axis":"z","origin":[5.142857,8.885961,7.1705947]},"faces":{"east":{"uv":[11.125,5.5,11.625,5.5],"rotation":0,"texture":"#0","tintindex":0},"south":{"uv":[11.125,5.5625,11.375,5.5625],"rotation":0,"texture":"#0","tintindex":0},"north":{"uv":[11.125,5.4375,11.375,5.4375],"rotation":0,"texture":"#0","tintindex":0},"west":{"uv":[11.125,5.625,11.625,5.625],"rotation":0,"texture":"#0","tintindex":0},"up":{"uv":[8.375,4.4375,8.125,3.9375],"rotation":0,"texture":"#0","tintindex":0},"down":{"uv":[5.875,8.125,5.625,8.625],"rotation":0,"texture":"#0","tintindex":0}}},{"from":[6.0,6.1514535,6.9336557],"to":[9.428572,9.580025,10.362227],"rotation":{"angle":0.0,"axis":"y","origin":[7.428571,8.0,9.3714285]},"faces":{"east":{"uv":[3.625,7.625,4.0,8.0],"rotation":0,"texture":"#0","tintindex":0},"south":{"uv":[4.0625,7.625,4.4375,8.0],"rotation":0,"texture":"#0","tintindex":0},"north":{"uv":[7.625,0.375,8.0,0.75],"rotation":0,"texture":"#0","tintindex":0},"west":{"uv":[5.1875,7.625,5.5625,8.0],"rotation":0,"texture":"#0","tintindex":0},"up":{"uv":[8.0625,4.3125,7.6875,3.9375],"rotation":0,"texture":"#0","tintindex":0},"down":{"uv":[8.0625,4.375,7.6875,4.75],"rotation":0,"texture":"#0","tintindex":0}}},{"from":[6.5714283,6.4371676,10.362227],"to":[8.857143,9.294311,12.076513],"rotation":{"angle":0.0,"axis":"y","origin":[8.0,8.0,9.3714285]},"faces":{"east":{"uv":[6.6875,7.375,6.875,7.6875],"rotation":0,"texture":"#0","tintindex":0},"south":{"uv":[7.875,9.875,8.125,10.1875],"rotation":0,"texture":"#0","tintindex":0},"north":{"uv":[5.25,9.875,5.5,10.1875],"rotation":0,"texture":"#0","tintindex":0},"west":{"uv":[5.8125,10.375,6.0,10.6875],"rotation":0,"texture":"#0","tintindex":0},"up":{"uv":[11.0,2.625,10.75,2.4375],"rotation":0,"texture":"#0","tintindex":0},"down":{"uv":[3.125,10.75,2.875,10.9375],"rotation":0,"texture":"#0","tintindex":0}}},{"from":[6.4,6.8794765,11.559608],"to":[9.028571,9.508048,13.045323],"rotation":{"angle":-22.5,"axis":"x","origin":[7.142857,7.955305,12.297401]},"faces":{"east":{"uv":[4.875,10.5,5.0625,10.8125],"rotation":0,"texture":"#0","tintindex":0},"south":{"uv":[1.875,8.6875,2.1875,9.0],"rotation":0,"texture":"#0","tintindex":0},"north":{"uv":[1.5,8.6875,1.8125,9.0],"rotation":0,"texture":"#0","tintindex":0},"west":{"uv":[10.5625,0.25,10.75,0.5625],"rotation":0,"texture":"#0","tintindex":0},"up":{"uv":[10.875,3.5,10.5625,3.3125],"rotation":0,"texture":"#0","tintindex":0},"down":{"uv":[10.875,3.5625,10.5625,3.75],"rotation":0,"texture":"#0","tintindex":0}}},{"from":[6.6857142,7.508048,12.416752],"to":[8.742857,9.565191,14.473894],"rotation":{"angle":0.0,"axis":"y","origin":[7.428571,7.955305,12.297401]},"faces":{"east":{"uv":[10.4375,2.375,10.6875,2.625],"rotation":0,"texture":"#0","tintindex":0},"south":{"uv":[2.6875,10.4375,2.9375,10.6875],"rotation":0,"texture":"#0","tintindex":0},"north":{"uv":[10.4375,2.0625,10.6875,2.3125],"rotation":0,"texture":"#0","tintindex":0},"west":{"uv":[3.0,10.4375,3.25,10.6875],"rotation":0,"texture":"#0","tintindex":0},"up":{"uv":[3.5625,10.6875,3.3125,10.4375],"rotation":0,"texture":"#0","tintindex":0},"down":{"uv":[10.6875,6.25,10.4375,6.5],"rotation":0,"texture":"#0","tintindex":0}}},{"from":[7.714286,4.536619,12.302465],"to":[7.714286,13.108048,21.445324],"rotation":{"angle":0.0,"axis":"y","origin":[6.857143,7.955305,12.297401]},"faces":{"east":{"uv":[2.75,5.25,3.75,6.1875],"rotation":0,"texture":"#0","tintindex":0},"south":{"uv":[5.25,11.125,5.25,12.0625],"rotation":0,"texture":"#0","tintindex":0},"north":{"uv":[5.1875,11.125,5.1875,12.0625],"rotation":0,"texture":"#0","tintindex":0},"west":{"uv":[3.8125,5.25,4.8125,6.1875],"rotation":0,"texture":"#0","tintindex":0},"up":{"uv":[6.0625,12.125,6.0625,11.125],"rotation":0,"texture":"#0","tintindex":0},"down":{"uv":[6.125,11.125,6.125,12.125],"rotation":0,"texture":"#0","tintindex":0}}}],"display":{"head":{"translation":[0.0,-6.4,0.0],"scale":[4.0,4.0,4.0]}}}