{"textures":{"0":"modelengine:entity/lion"},"elements":[{"from":[6.1302857,4.304,6.84],"to":[8.2251425,8.117714,9.740572],"rotation":{"angle":0.0,"axis":"y","origin":[9.353143,5.324571,6.517714]},"faces":{"east":{"uv":[8.125,11.25,8.75,12.125],"rotation":0,"texture":"#0","tintindex":0},"south":{"uv":[5.625,12.125,6.125,13.0],"rotation":0,"texture":"#0","tintindex":0},"north":{"uv":[12.0,2.75,12.5,3.625],"rotation":0,"texture":"#0","tintindex":0},"west":{"uv":[11.375,2.125,12.0,3.0],"rotation":0,"texture":"#0","tintindex":0},"up":{"uv":[11.375,13.125,10.875,12.5],"rotation":0,"texture":"#0","tintindex":0},"down":{"uv":[13.0,12.0,12.5,12.625],"rotation":0,"texture":"#0","tintindex":0}}},{"from":[5.915428,6.184,7.2697144],"to":[8.493714,9.621715,10.707429],"rotation":{"angle":-45.0,"axis":"x","origin":[4.518857,6.613714,8.236571]},"faces":{"east":{"uv":[10.5,1.875,11.25,2.625],"rotation":0,"texture":"#0","tintindex":0},"south":{"uv":[9.125,11.75,9.75,12.5],"rotation":0,"texture":"#0","tintindex":0},"north":{"uv":[11.75,8.875,12.375,9.625],"rotation":0,"texture":"#0","tintindex":0},"west":{"uv":[6.875,10.5,7.625,11.25],"rotation":0,"texture":"#0","tintindex":0},"up":{"uv":[12.375,11.375,11.75,10.625],"rotation":0,"texture":"#0","tintindex":0},"down":{"uv":[12.375,11.375,11.75,12.125],"rotation":0,"texture":"#0","tintindex":0}}}],"display":{"head":{"translation":[0.0,-6.4,0.0],"scale":[4.0,4.0,4.0]}}}