{"textures":{"0":"modelengine:entity/lion"},"elements":[{"from":[4.9888573,1.1810169,7.7524643],"to":[7.191143,6.4450173,9.793608],"rotation":{"angle":22.5,"axis":"x","origin":[4.9351425,-1.5284977,13.031299]},"faces":{"east":{"uv":[3.25,9.875,3.75,11.125],"rotation":0,"texture":"#0","tintindex":0},"south":{"uv":[3.75,9.875,4.25,11.125],"rotation":0,"texture":"#0","tintindex":0},"north":{"uv":[9.875,0.0,10.375,1.25],"rotation":0,"texture":"#0","tintindex":0},"west":{"uv":[6.375,10.0,6.875,11.25],"rotation":0,"texture":"#0","tintindex":0},"up":{"uv":[13.375,1.25,12.875,0.75],"rotation":0,"texture":"#0","tintindex":0},"down":{"uv":[13.375,1.25,12.875,1.75],"rotation":0,"texture":"#0","tintindex":0}}},{"from":[5.4237814,1.875864,7.3982096],"to":[5.746067,2.5204358,8.042781],"rotation":{"angle":22.5,"axis":"y","origin":[6.0915003,1.7519274,10.624161]},"faces":{"east":{"uv":[14.375,1.125,14.5,1.25],"rotation":0,"texture":"#0","tintindex":0},"south":{"uv":[14.375,2.0,14.5,2.125],"rotation":0,"texture":"#0","tintindex":0},"north":{"uv":[14.375,1.0,14.5,1.125],"rotation":0,"texture":"#0","tintindex":0},"west":{"uv":[14.375,2.125,14.5,2.25],"rotation":0,"texture":"#0","tintindex":0},"up":{"uv":[14.5,2.375,14.375,2.25],"rotation":0,"texture":"#0","tintindex":0},"down":{"uv":[2.5,14.375,2.375,14.5],"rotation":0,"texture":"#0","tintindex":0}}},{"from":[6.090014,2.0101495,7.585926],"to":[7.379157,3.1918645,9.197354],"rotation":{"angle":-22.5,"axis":"y","origin":[6.0915003,1.7519274,10.463018]},"faces":{"east":{"uv":[14.0,10.75,14.375,11.0],"rotation":0,"texture":"#0","tintindex":0},"south":{"uv":[13.875,14.125,14.125,14.375],"rotation":0,"texture":"#0","tintindex":0},"north":{"uv":[13.625,14.125,13.875,14.375],"rotation":0,"texture":"#0","tintindex":0},"west":{"uv":[14.0,11.375,14.375,11.625],"rotation":0,"texture":"#0","tintindex":0},"up":{"uv":[9.0,14.375,8.75,14.0],"rotation":0,"texture":"#0","tintindex":0},"down":{"uv":[10.125,14.0,9.875,14.375],"rotation":0,"texture":"#0","tintindex":0}}},{"from":[5.364857,2.0101495,7.482077],"to":[6.707714,3.1918645,9.093506],"rotation":{"angle":0.0,"axis":"y","origin":[6.0915003,1.7519274,10.463018]},"faces":{"east":{"uv":[14.0,12.625,14.375,12.875],"rotation":0,"texture":"#0","tintindex":0},"south":{"uv":[14.0,12.875,14.375,13.125],"rotation":0,"texture":"#0","tintindex":0},"north":{"uv":[14.0,11.625,14.375,11.875],"rotation":0,"texture":"#0","tintindex":0},"west":{"uv":[13.0,14.0,13.375,14.25],"rotation":0,"texture":"#0","tintindex":0},"up":{"uv":[14.125,9.25,13.75,8.875],"rotation":0,"texture":"#0","tintindex":0},"down":{"uv":[9.875,13.75,9.5,14.125],"rotation":0,"texture":"#0","tintindex":0}}},{"from":[4.966303,2.0101495,7.564222],"to":[6.0405884,3.1918645,9.175651],"rotation":{"angle":22.5,"axis":"y","origin":[6.0915003,1.7519274,10.463018]},"faces":{"east":{"uv":[14.125,0.0,14.5,0.25],"rotation":0,"texture":"#0","tintindex":0},"south":{"uv":[14.125,14.125,14.375,14.375],"rotation":0,"texture":"#0","tintindex":0},"north":{"uv":[14.125,13.875,14.375,14.125],"rotation":0,"texture":"#0","tintindex":0},"west":{"uv":[14.125,0.25,14.5,0.5],"rotation":0,"texture":"#0","tintindex":0},"up":{"uv":[14.375,0.875,14.125,0.5],"rotation":0,"texture":"#0","tintindex":0},"down":{"uv":[14.375,0.875,14.125,1.25],"rotation":0,"texture":"#0","tintindex":0}}},{"from":[5.8482857,1.875864,7.3209343],"to":[6.1705713,2.5204358,7.9655056],"rotation":{"angle":0.0,"axis":"y","origin":[6.0915003,1.7519274,10.624161]},"faces":{"east":{"uv":[2.5,14.375,2.625,14.5],"rotation":0,"texture":"#0","tintindex":0},"south":{"uv":[14.375,2.5,14.5,2.625],"rotation":0,"texture":"#0","tintindex":0},"north":{"uv":[14.375,2.375,14.5,2.5],"rotation":0,"texture":"#0","tintindex":0},"west":{"uv":[14.375,2.625,14.5,2.75],"rotation":0,"texture":"#0","tintindex":0},"up":{"uv":[3.625,14.5,3.5,14.375],"rotation":0,"texture":"#0","tintindex":0},"down":{"uv":[3.75,14.375,3.625,14.5],"rotation":0,"texture":"#0","tintindex":0}}},{"from":[6.4919643,1.875864,7.4199133],"to":[6.81425,2.5204358,8.064485],"rotation":{"angle":-22.5,"axis":"y","origin":[6.0915003,1.7519274,10.624161]},"faces":{"east":{"uv":[3.875,14.375,4.0,14.5],"rotation":0,"texture":"#0","tintindex":0},"south":{"uv":[14.375,3.875,14.5,4.0],"rotation":0,"texture":"#0","tintindex":0},"north":{"uv":[3.75,14.375,3.875,14.5],"rotation":0,"texture":"#0","tintindex":0},"west":{"uv":[4.0,14.375,4.125,14.5],"rotation":0,"texture":"#0","tintindex":0},"up":{"uv":[14.5,4.125,14.375,4.0],"rotation":0,"texture":"#0","tintindex":0},"down":{"uv":[4.25,14.375,4.125,14.5],"rotation":0,"texture":"#0","tintindex":0}}},{"from":[5.1499996,5.064887,7.751134],"to":[6.976286,7.320887,12.477991],"rotation":{"angle":22.5,"axis":"x","origin":[16.859715,8.325805,12.539032]},"faces":{"east":{"uv":[10.375,0.75,11.5,1.25],"rotation":0,"texture":"#0","tintindex":0},"south":{"uv":[2.75,13.375,3.125,13.875],"rotation":0,"texture":"#0","tintindex":0},"north":{"uv":[0.75,13.375,1.125,13.875],"rotation":0,"texture":"#0","tintindex":0},"west":{"uv":[9.125,10.5,10.25,11.0],"rotation":0,"texture":"#0","tintindex":0},"up":{"uv":[8.625,13.25,8.25,12.125],"rotation":0,"texture":"#0","tintindex":0},"down":{"uv":[12.125,12.125,11.75,13.25],"rotation":0,"texture":"#0","tintindex":0}}},{"from":[4.5591426,1.9564352,8.341506],"to":[7.728286,3.0844355,11.40322],"rotation":{"angle":0.0,"axis":"y","origin":[6.0915003,1.7519274,10.463018]},"faces":{"east":{"uv":[13.375,3.125,14.125,3.375],"rotation":0,"texture":"#0","tintindex":0},"south":{"uv":[13.375,3.375,14.125,3.625],"rotation":0,"texture":"#0","tintindex":0},"north":{"uv":[13.375,2.875,14.125,3.125],"rotation":0,"texture":"#0","tintindex":0},"west":{"uv":[13.375,3.625,14.125,3.875],"rotation":0,"texture":"#0","tintindex":0},"up":{"uv":[11.375,3.875,10.625,3.125],"rotation":0,"texture":"#0","tintindex":0},"down":{"uv":[11.375,3.875,10.625,4.625],"rotation":0,"texture":"#0","tintindex":0}}}],"display":{"head":{"translation":[0.0,-6.4,0.0],"scale":[4.0,4.0,4.0]}}}