{"textures":{"0":"modelengine:entity/lion"},"elements":[{"from":[7.7417145,6.184,7.2697144],"to":[10.32,9.621715,10.707429],"rotation":{"angle":-45.0,"axis":"x","origin":[11.716572,6.613714,8.236571]},"faces":{"east":{"uv":[10.25,6.75,11.0,7.5],"rotation":0,"texture":"#0","tintindex":0},"south":{"uv":[11.75,6.625,12.375,7.375],"rotation":0,"texture":"#0","tintindex":0},"north":{"uv":[11.75,5.875,12.375,6.625],"rotation":0,"texture":"#0","tintindex":0},"west":{"uv":[10.25,8.0,11.0,8.75],"rotation":0,"texture":"#0","tintindex":0},"up":{"uv":[12.375,8.125,11.75,7.375],"rotation":0,"texture":"#0","tintindex":0},"down":{"uv":[12.375,8.125,11.75,8.875],"rotation":0,"texture":"#0","tintindex":0}}},{"from":[7.9565716,4.304,6.84],"to":[10.051429,8.117714,9.740572],"rotation":{"angle":0.0,"axis":"y","origin":[6.8285713,5.324571,6.517714]},"faces":{"east":{"uv":[6.875,11.25,7.5,12.125],"rotation":0,"texture":"#0","tintindex":0},"south":{"uv":[12.0,1.875,12.5,2.75],"rotation":0,"texture":"#0","tintindex":0},"north":{"uv":[3.625,11.875,4.125,12.75],"rotation":0,"texture":"#0","tintindex":0},"west":{"uv":[7.5,11.25,8.125,12.125],"rotation":0,"texture":"#0","tintindex":0},"up":{"uv":[8.125,3.25,7.625,2.625],"rotation":0,"texture":"#0","tintindex":0},"down":{"uv":[11.25,1.25,10.75,1.875],"rotation":0,"texture":"#0","tintindex":0}}}],"display":{"head":{"translation":[0.0,-6.4,0.0],"scale":[4.0,4.0,4.0]}}}