{"textures":{"0":"modelengine:entity/lion"},"elements":[{"from":[6.9602547,6.347123,14.954124],"to":[9.181464,8.474333,20.762403],"faces":{"east":{"uv":[13.25,11.625,14.0,11.875],"tintindex":0,"rotation":0,"texture":"#0"},"south":{"uv":[2.25,10.75,2.5,11.0],"tintindex":0,"rotation":0,"texture":"#0"},"north":{"uv":[6.5,8.75,6.75,9.0],"tintindex":0,"rotation":0,"texture":"#0"},"west":{"uv":[11.75,13.25,12.5,13.5],"tintindex":0,"rotation":0,"texture":"#0"},"up":{"uv":[1.375,6.25,1.125,5.5],"tintindex":0,"rotation":0,"texture":"#0"},"down":{"uv":[3.25,7.5,3.0,8.25],"tintindex":0,"rotation":0,"texture":"#0"}},"rotation":{"origin":[8.77586,6.470728,20.114264],"angle":-22.5,"axis":"x"}},{"from":[7.044906,11.814194,20.933264],"to":[9.002813,13.756519,26.02745],"faces":{"east":{"uv":[5.125,9.5,5.75,9.75],"tintindex":0,"rotation":0,"texture":"#0"},"south":{"uv":[5.75,14.125,6.0,14.375],"tintindex":0,"rotation":0,"texture":"#0"},"north":{"uv":[12.0,3.625,12.25,3.875],"tintindex":0,"rotation":0,"texture":"#0"},"west":{"uv":[11.75,9.625,12.375,9.875],"tintindex":0,"rotation":0,"texture":"#0"},"up":{"uv":[7.5,9.625,7.25,9.0],"tintindex":0,"rotation":0,"texture":"#0"},"down":{"uv":[11.0,5.375,10.75,6.0],"tintindex":0,"rotation":0,"texture":"#0"}},"rotation":{"origin":[3.9023943,8.784378,27.240103],"angle":-45.0,"axis":"x"}},{"from":[6.762906,5.233676,5.082816],"to":[9.378813,7.182235,14.040096],"faces":{"east":{"uv":[12.75,10.25,13.75,10.5],"tintindex":0,"rotation":0,"texture":"#0"},"south":{"uv":[9.75,7.25,10.125,7.5],"tintindex":0,"rotation":0,"texture":"#0"},"north":{"uv":[4.375,9.25,4.75,9.5],"tintindex":0,"rotation":0,"texture":"#0"},"west":{"uv":[12.75,11.125,13.75,11.375],"tintindex":0,"rotation":0,"texture":"#0"},"up":{"uv":[3.125,13.375,2.75,12.375],"tintindex":0,"rotation":0,"texture":"#0"},"down":{"uv":[3.5,12.375,3.125,13.375],"tintindex":0,"rotation":0,"texture":"#0"}},"rotation":{"origin":[3.9023943,0.7729368,12.208999],"angle":22.5,"axis":"x"}}]}