{"textures":{"0":"modelengine:entity/lion"},"elements":[{"from":[7.8834877,8.29547,6.107918],"to":[8.405677,9.470394,6.7606544],"faces":{"east":{"uv":[9.875,14.375,10.0,14.5],"tintindex":0,"rotation":0,"texture":"#0"},"south":{"uv":[14.375,9.875,14.5,10.0],"tintindex":0,"rotation":0,"texture":"#0"},"north":{"uv":[14.375,9.75,14.5,9.875],"tintindex":0,"rotation":0,"texture":"#0"},"west":{"uv":[10.0,14.375,10.125,14.5],"tintindex":0,"rotation":0,"texture":"#0"},"up":{"uv":[10.25,14.5,10.125,14.375],"tintindex":0,"rotation":0,"texture":"#0"},"down":{"uv":[14.5,10.125,14.375,10.25],"tintindex":0,"rotation":0,"texture":"#0"}}},{"from":[6.6832957,6.5007353,3.8637867],"to":[7.336032,8.349452,4.5165215],"faces":{"east":{"uv":[14.25,12.375,14.375,12.625],"tintindex":0,"rotation":0,"texture":"#0"},"south":{"uv":[12.5,14.25,12.625,14.5],"tintindex":0,"rotation":0,"texture":"#0"},"north":{"uv":[12.375,14.25,12.5,14.5],"tintindex":0,"rotation":0,"texture":"#0"},"west":{"uv":[13.0,14.25,13.125,14.5],"tintindex":0,"rotation":0,"texture":"#0"},"up":{"uv":[14.5,10.875,14.375,10.75],"tintindex":0,"rotation":0,"texture":"#0"},"down":{"uv":[11.0,14.375,10.875,14.5],"tintindex":0,"rotation":0,"texture":"#0"}},"rotation":{"origin":[1.9435306,2.4092207,10.109673],"angle":22.5,"axis":"x"}},{"from":[6.472736,7.67988,6.8315773],"to":[7.1254716,8.854805,7.484312],"faces":{"east":{"uv":[11.0,14.375,11.125,14.5],"tintindex":0,"rotation":0,"texture":"#0"},"south":{"uv":[14.375,11.0,14.5,11.125],"tintindex":0,"rotation":0,"texture":"#0"},"north":{"uv":[14.375,10.875,14.5,11.0],"tintindex":0,"rotation":0,"texture":"#0"},"west":{"uv":[11.125,14.375,11.25,14.5],"tintindex":0,"rotation":0,"texture":"#0"},"up":{"uv":[14.5,11.25,14.375,11.125],"tintindex":0,"rotation":0,"texture":"#0"},"down":{"uv":[11.375,14.375,11.25,14.5],"tintindex":0,"rotation":0,"texture":"#0"}}},{"from":[6.472736,7.2659626,7.4969597],"to":[7.1254716,8.4408865,8.149696],"faces":{"east":{"uv":[14.375,11.375,14.5,11.5],"tintindex":0,"rotation":0,"texture":"#0"},"south":{"uv":[11.5,14.375,11.625,14.5],"tintindex":0,"rotation":0,"texture":"#0"},"north":{"uv":[11.375,14.375,11.5,14.5],"tintindex":0,"rotation":0,"texture":"#0"},"west":{"uv":[14.375,11.5,14.5,11.625],"tintindex":0,"rotation":0,"texture":"#0"},"up":{"uv":[11.75,14.5,11.625,14.375],"tintindex":0,"rotation":0,"texture":"#0"},"down":{"uv":[14.5,11.625,14.375,11.75],"tintindex":0,"rotation":0,"texture":"#0"}},"rotation":{"origin":[8.0719385,8.169265,7.928608],"angle":22.5,"axis":"x"}},{"from":[6.472736,7.1606817,8.128641],"to":[7.1254716,8.335607,8.781376],"faces":{"east":{"uv":[14.375,12.375,14.5,12.5],"tintindex":0,"rotation":0,"texture":"#0"},"south":{"uv":[14.375,12.5,14.5,12.625],"tintindex":0,"rotation":0,"texture":"#0"},"north":{"uv":[14.375,12.25,14.5,12.375],"tintindex":0,"rotation":0,"texture":"#0"},"west":{"uv":[12.625,14.375,12.75,14.5],"tintindex":0,"rotation":0,"texture":"#0"},"up":{"uv":[14.5,12.75,14.375,12.625],"tintindex":0,"rotation":0,"texture":"#0"},"down":{"uv":[12.875,14.375,12.75,14.5],"tintindex":0,"rotation":0,"texture":"#0"}},"rotation":{"origin":[8.0719385,7.748144,8.665569],"angle":22.5,"axis":"x"}},{"from":[6.472736,6.9823036,9.681238],"to":[7.1254716,8.1572275,10.333975],"faces":{"east":{"uv":[14.375,11.75,14.5,11.875],"tintindex":0,"rotation":0,"texture":"#0"},"south":{"uv":[11.875,14.375,12.0,14.5],"tintindex":0,"rotation":0,"texture":"#0"},"north":{"uv":[11.75,14.375,11.875,14.5],"tintindex":0,"rotation":0,"texture":"#0"},"west":{"uv":[14.375,11.875,14.5,12.0],"tintindex":0,"rotation":0,"texture":"#0"},"up":{"uv":[14.5,12.125,14.375,12.0],"tintindex":0,"rotation":0,"texture":"#0"},"down":{"uv":[14.5,12.125,14.375,12.25],"tintindex":0,"rotation":0,"texture":"#0"}}},{"from":[9.018406,7.1606817,8.128641],"to":[9.671143,8.335607,8.781376],"faces":{"east":{"uv":[12.875,14.375,13.0,14.5],"tintindex":0,"rotation":0,"texture":"#0"},"south":{"uv":[14.375,12.875,14.5,13.0],"tintindex":0,"rotation":0,"texture":"#0"},"north":{"uv":[14.375,12.75,14.5,12.875],"tintindex":0,"rotation":0,"texture":"#0"},"west":{"uv":[14.375,13.0,14.5,13.125],"tintindex":0,"rotation":0,"texture":"#0"},"up":{"uv":[13.25,14.5,13.125,14.375],"tintindex":0,"rotation":0,"texture":"#0"},"down":{"uv":[14.5,13.125,14.375,13.25],"tintindex":0,"rotation":0,"texture":"#0"}},"rotation":{"origin":[8.0719385,7.748144,8.665569],"angle":22.5,"axis":"x"}},{"from":[5.693698,5.372507,2.9220867],"to":[10.543527,7.09573,4.1283436],"faces":{"east":{"uv":[9.375,14.25,9.5,14.5],"tintindex":0,"rotation":0,"texture":"#0"},"south":{"uv":[13.75,3.875,14.375,4.125],"tintindex":0,"rotation":0,"texture":"#0"},"north":{"uv":[13.75,2.5,14.375,2.75],"tintindex":0,"rotation":0,"texture":"#0"},"west":{"uv":[9.5,14.25,9.625,14.5],"tintindex":0,"rotation":0,"texture":"#0"},"up":{"uv":[14.75,9.125,14.125,9.0],"tintindex":0,"rotation":0,"texture":"#0"},"down":{"uv":[14.75,9.125,14.125,9.25],"tintindex":0,"rotation":0,"texture":"#0"}},"rotation":{"origin":[1.9435306,2.4092207,10.109673],"angle":22.5,"axis":"x"}},{"from":[9.018406,7.2659626,7.4969597],"to":[9.671143,8.4408865,8.149696],"faces":{"east":{"uv":[7.875,14.375,8.0,14.5],"tintindex":0,"rotation":0,"texture":"#0"},"south":{"uv":[14.375,7.875,14.5,8.0],"tintindex":0,"rotation":0,"texture":"#0"},"north":{"uv":[14.375,7.75,14.5,7.875],"tintindex":0,"rotation":0,"texture":"#0"},"west":{"uv":[8.0,14.375,8.125,14.5],"tintindex":0,"rotation":0,"texture":"#0"},"up":{"uv":[14.5,8.125,14.375,8.0],"tintindex":0,"rotation":0,"texture":"#0"},"down":{"uv":[8.25,14.375,8.125,14.5],"tintindex":0,"rotation":0,"texture":"#0"}},"rotation":{"origin":[8.0719385,8.169265,7.928608],"angle":22.5,"axis":"x"}},{"from":[9.018406,7.6549015,6.891882],"to":[9.671143,8.829826,7.5446186],"faces":{"east":{"uv":[8.375,14.375,8.5,14.5],"tintindex":0,"rotation":0,"texture":"#0"},"south":{"uv":[8.5,14.375,8.625,14.5],"tintindex":0,"rotation":0,"texture":"#0"},"north":{"uv":[8.25,14.375,8.375,14.5],"tintindex":0,"rotation":0,"texture":"#0"},"west":{"uv":[8.625,14.375,8.75,14.5],"tintindex":0,"rotation":0,"texture":"#0"},"up":{"uv":[8.875,14.5,8.75,14.375],"tintindex":0,"rotation":0,"texture":"#0"},"down":{"uv":[9.0,14.375,8.875,14.5],"tintindex":0,"rotation":0,"texture":"#0"}}},{"from":[5.86602,5.5448294,3.09441],"to":[10.501751,6.9234076,8.619167],"faces":{"east":{"uv":[14.125,5.375,14.875,5.5],"tintindex":0,"rotation":0,"texture":"#0"},"south":{"uv":[9.0,14.125,9.625,14.25],"tintindex":0,"rotation":0,"texture":"#0"},"north":{"uv":[13.125,11.0,13.75,11.125],"tintindex":0,"rotation":0,"texture":"#0"},"west":{"uv":[13.625,12.375,14.25,12.625],"tintindex":0,"rotation":0,"texture":"#0"},"up":{"uv":[12.5,0.75,11.875,0.0],"tintindex":0,"rotation":0,"texture":"#0"},"down":{"uv":[12.5,1.125,11.875,1.875],"tintindex":0,"rotation":0,"texture":"#0"}},"rotation":{"origin":[1.9435306,2.4092207,10.109673],"angle":22.5,"axis":"x"}},{"from":[7.2960253,8.29547,6.107918],"to":[7.7529407,9.470394,6.7606544],"faces":{"east":{"uv":[14.375,10.25,14.5,10.375],"tintindex":0,"rotation":0,"texture":"#0"},"south":{"uv":[10.375,14.375,10.5,14.5],"tintindex":0,"rotation":0,"texture":"#0"},"north":{"uv":[10.25,14.375,10.375,14.5],"tintindex":0,"rotation":0,"texture":"#0"},"west":{"uv":[10.5,14.375,10.625,14.5],"tintindex":0,"rotation":0,"texture":"#0"},"up":{"uv":[14.5,10.625,14.375,10.5],"tintindex":0,"rotation":0,"texture":"#0"},"down":{"uv":[10.75,14.375,10.625,14.5],"tintindex":0,"rotation":0,"texture":"#0"}}},{"from":[8.536223,8.29547,6.107918],"to":[8.993139,9.470394,6.7606544],"faces":{"east":{"uv":[14.375,9.375,14.5,9.5],"tintindex":0,"rotation":0,"texture":"#0"},"south":{"uv":[14.375,9.5,14.5,9.625],"tintindex":0,"rotation":0,"texture":"#0"},"north":{"uv":[14.375,9.25,14.5,9.375],"tintindex":0,"rotation":0,"texture":"#0"},"west":{"uv":[9.625,14.375,9.75,14.5],"tintindex":0,"rotation":0,"texture":"#0"},"up":{"uv":[14.5,9.75,14.375,9.625],"tintindex":0,"rotation":0,"texture":"#0"},