{"textures":{"0":"modelengine:entity/em_cursed_santa"},"elements":[{"from":[3.5857143,5.542857,7.742857],"to":[12.385715,8.057143,7.9714284],"rotation":{"angle":0.0,"axis":"y","origin":[7.7,1.0857143,5.8571424]},"faces":{"east":{"uv":[2.6895,10.502,2.6895,10.748],"rotation":0,"texture":"#0","tintindex":0},"south":{"uv":[5.627,3.252,6.5605,3.498],"rotation":0,"texture":"#0","tintindex":0},"north":{"uv":[5.5645,0.002,6.498,0.248],"rotation":0,"texture":"#0","tintindex":0},"west":{"uv":[2.752,10.502,2.752,10.748],"rotation":0,"texture":"#0","tintindex":0},"up":{"uv":[11.4355,3.002,10.502,3.002],"rotation":0,"texture":"#0","tintindex":0},"down":{"uv":[11.4355,3.0645,10.502,3.0645],"rotation":0,"texture":"#0","tintindex":0}}},{"from":[12.385715,8.057143,7.9714284],"to":[3.5857143,5.542857,7.3428574],"rotation":{"angle":0.0,"axis":"y","origin":[8.271429,-7.314287,5.0]},"faces":{"east":{"uv":[4.502,10.252,4.5605,10.498],"rotation":0,"texture":"#0","tintindex":0},"south":{"uv":[5.627,3.877,6.5605,4.123],"rotation":0,"texture":"#0","tintindex":0},"north":{"uv":[5.627,3.5645,6.5605,3.8105],"rotation":0,"texture":"#0","tintindex":0},"west":{"uv":[4.627,10.252,4.6855,10.498],"rotation":0,"texture":"#0","tintindex":0},"up":{"uv":[9.6855,8.1855,8.752,8.127],"rotation":0,"texture":"#0","tintindex":0},"down":{"uv":[9.748,4.3145,8.8145,4.373],"rotation":0,"texture":"#0","tintindex":0}}}],"display":{"head":{"translation":[0.0,-6.4,0.0],"scale":[4.0,4.0,4.0]}}}