{"textures":{"5":"modelengine:entity/em_ssanta_present_red"},"elements":[{"from":[6.0251427,6.0251427,7.576816],"to":[9.974857,9.974857,11.032816],"rotation":{"angle":0.0,"axis":"y","origin":[8.0,8.0,11.032816]},"faces":{"east":{"uv":[2.254,4.504,4.246,6.246],"rotation":90,"texture":"#5","tintindex":0},"south":{"uv":[1.996,2.254,0.004,4.246],"rotation":0,"texture":"#5","tintindex":0},"north":{"uv":[1.996,1.996,0.004,0.004],"rotation":180,"texture":"#5","tintindex":0},"west":{"uv":[4.504,6.004,6.496,7.746],"rotation":270,"texture":"#5","tintindex":0},"up":{"uv":[4.504,4.004,6.496,5.746],"rotation":0,"texture":"#5","tintindex":0},"down":{"uv":[4.504,2.004,6.496,3.746],"rotation":180,"texture":"#5","tintindex":0}}},{"from":[5.9757714,7.4569144,7.527445],"to":[10.024229,8.543086,11.082188],"rotation":{"angle":0.0,"axis":"y","origin":[8.0,8.0,11.032816]},"faces":{"east":{"uv":[9.004,6.004,9.496,7.746],"rotation":90,"texture":"#5","tintindex":0},"south":{"uv":[8.746,7.754,6.754,8.246],"rotation":0,"texture":"#5","tintindex":0},"north":{"uv":[8.746,7.496,6.754,7.004],"rotation":180,"texture":"#5","tintindex":0},"west":{"uv":[0.004,9.254,0.496,10.996],"rotation":270,"texture":"#5","tintindex":0},"up":{"uv":[2.254,6.504,4.246,8.246],"rotation":0,"texture":"#5","tintindex":0},"down":{"uv":[0.004,6.504,1.996,8.246],"rotation":180,"texture":"#5","tintindex":0}}},{"from":[7.44704,5.965897,7.5175705],"to":[8.55296,10.034103,11.092062],"rotation":{"angle":0.0,"axis":"y","origin":[8.0,8.0,11.032816]},"faces":{"east":{"uv":[6.754,0.004,8.746,1.746],"rotation":90,"texture":"#5","tintindex":0},"south":{"uv":[5.746,8.004,5.254,9.996],"rotation":0,"texture":"#5","tintindex":0},"north":{"uv":[4.996,9.996,4.504,8.004],"rotation":180,"texture":"#5","tintindex":0},"west":{"uv":[6.754,2.004,8.746,3.746],"rotation":270,"texture":"#5","tintindex":0},"up":{"uv":[1.504,9.254,1.996,10.996],"rotation":0,"texture":"#5","tintindex":0},"down":{"uv":[0.754,9.254,1.246,10.996],"rotation":180,"texture":"#5","tintindex":0}}},{"from":[6.0251427,8.0,3.627102],"to":[9.974857,8.0,7.083102],"rotation":{"angle":0.0,"axis":"y","origin":[8.0,8.0,11.032816]},"faces":{"east":{"uv":[6.754,9.254,6.754,10.996],"rotation":90,"texture":"#5","tintindex":0},"south":{"uv":[10.996,8.254,9.004,8.254],"rotation":0,"texture":"#5","tintindex":0},"north":{"uv":[10.996,8.004,9.004,8.004],"rotation":180,"texture":"#5","tintindex":0},"west":{"uv":[7.004,9.254,7.004,10.996],"rotation":270,"texture":"#5","tintindex":0},"up":{"uv":[4.504,0.004,6.496,1.746],"rotation":0,"texture":"#5","tintindex":0},"down":{"uv":[0.004,4.504,1.996,6.246],"rotation":180,"texture":"#5","tintindex":0}}},{"from":[5.9263997,5.9263997,6.984359],"to":[10.073601,10.073601,8.169273],"rotation":{"angle":0.0,"axis":"y","origin":[8.0,8.0,11.032816]},"faces":{"east":{"uv":[6.754,4.754,8.746,5.246],"rotation":90,"texture":"#5","tintindex":0},"south":{"uv":[4.246,2.254,2.254,4.246],"rotation":0,"texture":"#5","tintindex":0},"north":{"uv":[4.246,1.996,2.254,0.004],"rotation":180,"texture":"#5","tintindex":0},"west":{"uv":[6.754,6.254,8.746,6.746],"rotation":270,"texture":"#5","tintindex":0},"up":{"uv":[6.754,5.504,8.746,5.996],"rotation":0,"texture":"#5","tintindex":0},"down":{"uv":[6.754,4.004,8.746,4.496],"rotation":180,"texture":"#5","tintindex":0}}},{"from":[5.9066515,7.3877945,6.9646106],"to":[10.0933485,8.6122055,8.189022],"rotation":{"angle":0.0,"axis":"y","origin":[8.0,8.0,11.032816]},"faces":{"east":{"uv":[2.254,9.254,2.746,9.746],"rotation":90,"texture":"#5","tintindex":0},"south":{"uv":[10.246,8.504,8.254,8.996],"rotation":0,"texture":"#5","tintindex":0},"north":{"uv":[7.996,8.996,6.004,8.504],"rotation":180,"texture":"#5","tintindex":0},"west":{"uv":[3.004,9.254,3.496,9.746],"rotation":270,"texture":"#5","tintindex":0},"up":{"uv":[2.254,8.504,4.246,8.996],"rotation":0,"texture":"#5","tintindex":0},"down":{"uv":[0.004,8.504,1.996,8.996],"rotation":180,"texture":"#5","tintindex":0}}},{"from":[7.368046,5.886903,6.944862],"to":[8.631954,10.113097,8.208771],"rotation":{"angle":0.0,"axis":"y","origin":[8.0,8.0,11.032816]},"faces":{"east":{"uv":[9.004,0.004,10.996,0.496],"rotation":90,"texture":"#5","tintindex":0},"south":{"uv":[9.496,3.754,9.004,5.746],"rotation":0,"texture":"#5","tintindex":0},"north":{"uv":[9.496,3.496,9.004,1.504],"rotation":180,"texture":"#5","tintindex":0},"west":{"uv":[9.004,0.754,10.996,1.246],"rotation":270,"texture":"#5","tintindex":0},"up":{"uv":[6.004,9.254,6.496,9.746],"rotation":0,"texture":"#5","tintindex":0},"down":{"uv":[3.754,9.254,4.246,9.746],"rotation":180,"texture":"#5","tintindex":0}}}],"display":{"head":{"translation":[0.0,-6.4,0.0],"scale":[4.0,4.0,4.0]}}}