{"textures":{"0":"modelengine:entity/em_cursed_santa"},"elements":[{"from":[5.714286,8.571428,5.6499996],"to":[10.285714,13.714286,10.221429],"rotation":{"angle":0.0,"axis":"y","origin":[7.957143,9.142858,8.0]},"faces":{"east":{"uv":[3.877,0.002,4.373,0.5605],"rotation":0,"texture":"#0","tintindex":0},"south":{"uv":[3.8145,3.877,4.3105,4.4355],"rotation":0,"texture":"#0","tintindex":0},"north":{"uv":[3.8145,3.252,4.3105,3.8105],"rotation":0,"texture":"#0","tintindex":0},"west":{"uv":[2.252,3.9395,2.748,4.498],"rotation":0,"texture":"#0","tintindex":0},"up":{"uv":[5.498,0.498,5.002,0.002],"rotation":0,"texture":"#0","tintindex":0},"down":{"uv":[5.498,1.252,5.002,1.748],"rotation":0,"texture":"#0","tintindex":0}}},{"from":[6.285714,13.714286,5.6499996],"to":[9.714286,14.285715,10.221429],"rotation":{"angle":0.0,"axis":"y","origin":[7.957143,14.285715,8.0]},"faces":{"east":{"uv":[9.5645,8.752,10.0605,8.8105],"rotation":0,"texture":"#0","tintindex":0},"south":{"uv":[9.6895,7.127,10.0605,7.1855],"rotation":0,"texture":"#0","tintindex":0},"north":{"uv":[9.6895,6.5645,10.0605,6.623],"rotation":0,"texture":"#0","tintindex":0},"west":{"uv":[9.5645,8.877,10.0605,8.9355],"rotation":0,"texture":"#0","tintindex":0},"up":{"uv":[7.3105,1.3105,6.9395,0.8145],"rotation":0,"texture":"#0","tintindex":0},"down":{"uv":[7.3105,1.377,6.9395,1.873],"rotation":0,"texture":"#0","tintindex":0}}},{"from":[4.5714283,12.756822,5.1069875],"to":[11.428572,14.4711075,11.96413],"rotation":{"angle":22.5,"axis":"x","origin":[8.0,13.756822,7.9641304]},"faces":{"east":{"uv":[7.377,1.252,8.123,1.4355],"rotation":0,"texture":"#0","tintindex":0},"south":{"uv":[7.377,1.502,8.123,1.6855],"rotation":0,"texture":"#0","tintindex":0},"north":{"uv":[5.5645,0.3145,6.3105,0.498],"rotation":0,"texture":"#0","tintindex":0},"west":{"uv":[7.377,2.377,8.123,2.5605],"rotation":0,"texture":"#0","tintindex":0},"up":{"uv":[2.0605,1.998,1.3145,1.252],"rotation":0,"texture":"#0","tintindex":0},"down":{"uv":[0.748,1.377,0.002,2.123],"rotation":0,"texture":"#0","tintindex":0}}},{"from":[5.1714287,11.028572,2.3142858],"to":[10.828571,14.971429,7.4],"rotation":{"angle":45.0,"axis":"x","origin":[8.0,8.142858,9.714286]},"faces":{"east":{"uv":[0.627,5.252,1.1855,5.6855],"rotation":0,"texture":"#0","tintindex":0},"south":{"uv":[4.9395,3.752,5.5605,4.1855],"rotation":0,"texture":"#0","tintindex":0},"north":{"uv":[4.9395,3.252,5.5605,3.6855],"rotation":0,"texture":"#0","tintindex":0},"west":{"uv":[2.3145,5.252,2.873,5.6855],"rotation":0,"texture":"#0","tintindex":0},"up":{"uv":[2.9355,3.123,2.3145,2.5645],"rotation":0,"texture":"#0","tintindex":0},"down":{"uv":[3.248,0.002,2.627,0.5605],"rotation":0,"texture":"#0","tintindex":0}}},{"from":[5.1714287,10.497549,2.354692],"to":[10.828571,11.011835,4.0118346],"rotation":{"angle":45.0,"axis":"x","origin":[8.0,8.183264,9.754692]},"faces":{"east":{"uv":[10.3145,1.002,10.498,1.0605],"rotation":0,"texture":"#0","tintindex":0},"south":{"uv":[9.502,6.3145,10.123,6.373],"rotation":0,"texture":"#0","tintindex":0},"north":{"uv":[9.377,4.752,9.998,4.8105],"rotation":0,"texture":"#0","tintindex":0},"west":{"uv":[1.502,10.3145,1.6855,10.373],"rotation":0,"texture":"#0","tintindex":0},"up":{"uv":[8.8105,0.623,8.1895,0.4395],"rotation":0,"texture":"#0","tintindex":0},"down":{"uv":[8.8105,1.4395,8.1895,1.623],"rotation":0,"texture":"#0","tintindex":0}}},{"from":[5.714286,15.0,12.0],"to":[10.285714,19.0,15.428572],"rotation":{"angle":-22.5,"axis":"x","origin":[8.0,11.0,13.714286]},"faces":{"east":{"uv":[7.002,0.002,7.373,0.4355],"rotation":0,"texture":"#0","tintindex":0},"south":{"uv":[3.502,5.752,3.998,6.1855],"rotation":0,"texture":"#0","tintindex":0},"north":{"uv":[2.252,5.752,2.748,6.1855],"rotation":0,"texture":"#0","tintindex":0},"west":{"uv":[0.502,7.002,0.873,7.4355],"rotation":0,"texture":"#0","tintindex":0},"up":{"uv":[6.373,3.1855,5.877,2.8145],"rotation":0,"texture":"#0","tintindex":0},"down":{"uv":[7.4355,1.9395,6.9395,2.3105],"rotation":0,"texture":"#0","tintindex":0}}},{"from":[6.285714,13.857143,9.142858],"to":[9.714286,17.285715,12.571428],"rotation":{"angle":22.5,"axis":"x","origin":[8.0,11.0,14.285715]},"faces":{"east":{"uv":[7.377,5.627,7.748,5.998],"rotation":0,"texture":"#0","tintindex":0},"south":{"uv":[7.3145,7.377,7.6855,7.748],"rotation":0,"texture":"#0","tintindex":0},"north":{"uv":[7.377,5.1895,7.748,5.5605],"rotation":0,"texture":"#0","tintindex":0},"west":{"uv":[7.4395,0.002,7.8105,0.373],"rotation":0,"texture":"#0","tintindex":0},"up":{"uv":[7.8105,4.248,7.4395,3.877],"rotation":0,"texture":"#0","tintindex":0},"down":{"uv":[6.123,7.4395,5.752,7.8105],"rotation":0,"texture":"#0","tintindex":0}}},{"from":[6.9714284,14.120386,13.671204],"to":[9.028571,16.177528,15.156918],"rotation":{"angle":45.0,"axis":"x","origin":[8.0,15.148958,14.985489]},"faces":{"east":{"uv":[4.752,9.252,4.9355,9.498],"rotation":0,"texture":"#0","tintindex":0},"south":{"uv":[8.9395,6.502,9.1855,6.748],"rotation":0,"texture":"#0","tintindex":0},"north":{"uv":[2.6895,2.252,2.9355,2.498],"rotation":0,"texture":"#0","tintindex":0},"west":{"uv":[9.252,9.1895,9.4355,9.4355],"rotation":0,"texture":"#0","tintindex":0},"up":{"uv":[9.498,7.6855,9.252,7.502],"rotation":0,"texture":"#0","tintindex":0},"down":{"uv":[9.5605,0.377,9.3145,0.5605],"rotation":0,"texture":"#0","tintindex":0}}},{"from":[7.3714285,14.520386,14.642632],"to":[8.6285715,15.777529,16.471203],"rotation":{"angle":45.0,"axis":"x","origin":[8.0,15.148958,14.985489]},"faces":{"east":{"uv":[4.002,9.8145,4.1855,9.9355],"rotation":0,"texture":"#0","tintindex":0},"south":{"uv":[3.5645,10.1895,3.6855,10.3105],"rotation":0,"texture":"#0","tintindex":0},"north":{"uv":[9.752,10.127,9.873,10.248],"rotation":0,"texture":"#0","tintindex":0},"west":{"uv":[4.252,9.8145,4.4355,9.9355],"rotation":0,"texture":"#0","tintindex":0},"up":{"uv":[4.623,9.998,4.502,9.8145],"rotation":0,"texture":"#0","tintindex":0},"down":{"uv":[4.8105,9.8145,4.6895,9.998],"rotation":0,"texture":"#0","tintindex":0}}},{"from":[6.857143,11.0,12.171429],"to":[9.142858,13.285715,14.457144],"rotation":{"angle":45.0,"axis":"x","origin":[8.0,8.714286,16.57143]},"faces":{"east":{"uv":[8.9395,7.127,9.1855,7.373],"rotation":0,"texture":"#0","tintindex":0},"south":{"uv":[7.4395,8.9395,7.6855,9.1855],"rotation":0,"texture":"#0","tintindex":0},"north":{"uv":[8.9395,6.8145,9.1855,7.0605],"rotation":0,"texture":"#0","tintindex":0},"west":{"uv":[4.127,9.002,4.373,9.248],"rotation":0,"texture":"#0","tintindex":0},"up":{"uv":[4.6855,9.248,4.4395,9.002],"rotation":0,"texture":"#0","tintindex":0},"down":{"uv":[5.748,9.002,5.502,9.248],"rotation":0,"texture":"#0","tintindex":0}}},{"from":[7.428571,11.860219,17.417086],"to":[8.571428,13.003077,17.988514],"rotation":{"angle":45.0,"axis":"x","origin":[8.0,12.431647,17.7028]},"faces":{"east":{"uv":[10.3145,7.752,10.373,7.873],"rotation":0,"texture":"#0","tintindex":0},"south":{"uv":[10.127,3.252,10.248,3.373],"rotation":0,"texture":"#0","tintindex":0},"north":{"uv":[10.127,1.752,10.248,1.873],"rotation":0,"texture":"#0","tintindex":0},"west":{"uv":[7.8145,10.3145,7.873,10.4355],"rotation":0,"texture":"#0","tintindex":0},"up":{"uv":[7.6855,4.8105,7.5645,4.752],"rotation":0,"texture":"#0","tintindex":0},"down":{"uv":[1.0605,8.752,0.9395,8.8105],"rotation":0,"texture":"#0","tintindex":0}}},{"from":[6.285714,11.571428,12.171429],"to":[6.857143,12.714286,14.457144],"rotation":{"angle":45.0,"axis":"x","origin":[8.0,8.714286,16.57143]},"faces":{"east":{"uv":[9.627,1.002,9.873,1.123],"rotation":0,"texture":"#0","tintindex":0},"south":{"uv":[10.3145,7.1895,10.373,7.3105],"rotation":0,"texture":"#0","tintindex":0},"north":{"uv":[10.3145,6.002,10.373,6.123],"rotation":0,"texture":"#0","tintindex":0},"west":{"uv":[9.627,2.002,9.873,2.123],"rotation":0,"texture":"#0","tintindex":0},"up":{"uv":[5.498,10.373,5.4395,10.127],"rotation":0,"texture":"#0","tintindex":0},"down":{"uv":[5.623,10.127,5.5645,10.373],"rotation":0,"texture":"#0",