{"textures":{"0":"modelengine:entity/em_cursed_santa"},"elements":[{"from":[5.8285713,8.0,6.6857142],"to":[9.028571,8.914286,9.885715],"rotation":{"angle":0.0,"axis":"y","origin":[9.085714,0.45714283,7.714286]},"faces":{"east":{"uv":[9.3145,1.4395,9.6855,1.5605],"rotation":0,"texture":"#0","tintindex":0},"south":{"uv":[9.3145,1.627,9.6855,1.748],"rotation":0,"texture":"#0","tintindex":0},"north":{"uv":[1.3145,9.3145,1.6855,9.4355],"rotation":0,"texture":"#0","tintindex":0},"west":{"uv":[9.3145,1.8145,9.6855,1.9355],"rotation":0,"texture":"#0","tintindex":0},"up":{"uv":[6.5605,7.998,6.1895,7.627],"rotation":0,"texture":"#0","tintindex":0},"down":{"uv":[6.998,7.627,6.627,7.998],"rotation":0,"texture":"#0","tintindex":0}}},{"from":[5.714286,2.8571424,6.5714283],"to":[9.142858,8.0,10.0],"rotation":{"angle":0.0,"axis":"y","origin":[9.085714,-0.57142925,7.714286]},"faces":{"east":{"uv":[7.127,2.877,7.498,3.3105],"rotation":0,"texture":"#0","tintindex":0},"south":{"uv":[7.127,3.377,7.498,3.8105],"rotation":0,"texture":"#0","tintindex":0},"north":{"uv":[7.002,3.877,7.373,4.3105],"rotation":0,"texture":"#0","tintindex":0},"west":{"uv":[7.127,4.377,7.498,4.8105],"rotation":0,"texture":"#0","tintindex":0},"up":{"uv":[7.9355,3.4355,7.5645,3.0645],"rotation":0,"texture":"#0","tintindex":0},"down":{"uv":[7.9355,4.3145,7.5645,4.6855],"rotation":0,"texture":"#0","tintindex":0}}},{"from":[5.5142856,4.3714285,6.3714285],"to":[7.6285715,8.2,10.2],"rotation":{"angle":0.0,"axis":"y","origin":[7.3714285,-0.57142925,7.714286]},"faces":{"east":{"uv":[1.0645,7.5645,1.4355,7.9355],"rotation":0,"texture":"#0","tintindex":0},"south":{"uv":[7.1895,8.8145,7.373,9.1855],"rotation":0,"texture":"#0","tintindex":0},"north":{"uv":[4.752,8.8145,4.9355,9.1855],"rotation":0,"texture":"#0","tintindex":0},"west":{"uv":[7.5645,2.627,7.9355,2.998],"rotation":0,"texture":"#0","tintindex":0},"up":{"uv":[9.0605,9.123,8.877,8.752],"rotation":0,"texture":"#0","tintindex":0},"down":{"uv":[0.1855,8.9395,0.002,9.3105],"rotation":0,"texture":"#0","tintindex":0}}}],"display":{"head":{"translation":[0.0,-6.4,0.0],"scale":[4.0,4.0,4.0]}}}