{"textures":{"0":"modelengine:entity/em_cursed_santa"},"elements":[{"from":[5.6,7.1792393,8.602694],"to":[8.971429,8.836382,10.8312645],"rotation":{"angle":-22.5,"axis":"x","origin":[7.0,7.493525,10.516979]},"faces":{"east":{"uv":[5.627,5.1895,5.873,5.373],"rotation":0,"texture":"#0","tintindex":0},"south":{"uv":[8.752,5.127,9.123,5.3105],"rotation":0,"texture":"#0","tintindex":0},"north":{"uv":[8.752,4.877,9.123,5.0605],"rotation":0,"texture":"#0","tintindex":0},"west":{"uv":[0.502,6.752,0.748,6.9355],"rotation":0,"texture":"#0","tintindex":0},"up":{"uv":[6.9355,0.248,6.5645,0.002],"rotation":0,"texture":"#0","tintindex":0},"down":{"uv":[4.0605,8.502,3.6895,8.748],"rotation":0,"texture":"#0","tintindex":0}}},{"from":[5.6,7.7725353,7.5126295],"to":[8.971429,8.85825,8.598344],"rotation":{"angle":-22.5,"axis":"x","origin":[7.0,7.515393,10.569773]},"faces":{"east":{"uv":[1.3145,6.502,1.4355,6.623],"rotation":0,"texture":"#0","tintindex":0},"south":{"uv":[9.1895,0.002,9.5605,0.123],"rotation":0,"texture":"#0","tintindex":0},"north":{"uv":[9.127,9.002,9.498,9.123],"rotation":0,"texture":"#0","tintindex":0},"west":{"uv":[7.4395,8.127,7.5605,8.248],"rotation":0,"texture":"#0","tintindex":0},"up":{"uv":[9.5605,0.3105,9.1895,0.1895],"rotation":0,"texture":"#0","tintindex":0},"down":{"uv":[9.5605,1.0645,9.1895,1.1855],"rotation":0,"texture":"#0","tintindex":0}}},{"from":[6.0,8.258761,6.042756],"to":[8.857142,9.973047,9.471328],"rotation":{"angle":22.5,"axis":"x","origin":[7.457143,7.2555323,6.070601]},"faces":{"east":{"uv":[8.752,5.377,9.123,5.5605],"rotation":0,"texture":"#0","tintindex":0},"south":{"uv":[5.8145,9.002,6.123,9.1855],"rotation":0,"texture":"#0","tintindex":0},"north":{"uv":[5.5645,1.5645,5.873,1.748],"rotation":0,"texture":"#0","tintindex":0},"west":{"uv":[8.752,5.627,9.123,5.8105],"rotation":0,"texture":"#0","tintindex":0},"up":{"uv":[3.248,5.623,2.9395,5.252],"rotation":0,"texture":"#0","tintindex":0},"down":{"uv":[8.1855,0.002,7.877,0.373],"rotation":0,"texture":"#0","tintindex":0}}},{"from":[5.9828568,6.3335247,6.499836],"to":[8.874286,8.653525,9.962693],"rotation":{"angle":0.0,"axis":"y","origin":[7.457143,7.2555323,6.070601]},"faces":{"east":{"uv":[4.6895,8.502,5.0605,8.748],"rotation":0,"texture":"#0","tintindex":0},"south":{"uv":[1.9395,7.252,2.248,7.498],"rotation":0,"texture":"#0","tintindex":0},"north":{"uv":[6.627,3.877,6.9355,4.123],"rotation":0,"texture":"#0","tintindex":0},"west":{"uv":[5.6895,8.502,6.0605,8.748],"rotation":0,"texture":"#0","tintindex":0},"up":{"uv":[0.748,8.248,0.4395,7.877],"rotation":0,"texture":"#0","tintindex":0},"down":{"uv":[2.248,7.877,1.9395,8.248],"rotation":0,"texture":"#0","tintindex":0}}},{"from":[5.5714283,6.350668,5.7741218],"to":[9.0,7.493525,10.916979],"rotation":{"angle":0.0,"axis":"y","origin":[7.028571,7.2555323,5.327744]},"faces":{"east":{"uv":[8.4395,4.4395,8.998,4.5605],"rotation":0,"texture":"#0","tintindex":0},"south":{"uv":[9.1895,2.0645,9.5605,2.1855],"rotation":0,"texture":"#0","tintindex":0},"north":{"uv":[1.877,9.1895,2.248,9.3105],"rotation":0,"texture":"#0","tintindex":0},"west":{"uv":[8.752,7.752,9.3105,7.873],"rotation":0,"texture":"#0","tintindex":0},"up":{"uv":[6.3105,5.748,5.9395,5.1895],"rotation":0,"texture":"#0","tintindex":0},"down":{"uv":[6.3105,5.8145,5.9395,6.373],"rotation":0,"texture":"#0","tintindex":0}}},{"from":[6.0,5.779239,7.6598363],"to":[8.857142,6.350668,10.516979],"rotation":{"angle":0.0,"axis":"y","origin":[7.457143,7.2555323,5.499172]},"faces":{"east":{"uv":[7.9395,6.8145,8.248,6.873],"rotation":0,"texture":"#0","tintindex":0},"south":{"uv":[8.502,3.6895,8.8105,3.748],"rotation":0,"texture":"#0","tintindex":0},"north":{"uv":[7.377,6.0645,7.6855,6.123],"rotation":0,"texture":"#0","tintindex":0},"west":{"uv":[0.002,8.5645,0.3105,8.623],"rotation":0,"texture":"#0","tintindex":0},"up":{"uv":[5.623,8.623,5.3145,8.3145],"rotation":0,"texture":"#0","tintindex":0},"down":{"uv":[7.748,8.3145,7.4395,8.623],"rotation":0,"texture":"#0","tintindex":0}}},{"from":[6.0,6.350668,4.2312646],"to":[8.857142,7.493525,7.0884075],"rotation":{"angle":0.0,"axis":"y","origin":[7.457143,7.2555323,6.64203]},"faces":{"east":{"uv":[7.8145,1.0645,8.123,1.1855],"rotation":0,"texture":"#0","tintindex":0},"south":{"uv":[5.002,9.377,5.3105,9.498],"rotation":0,"texture":"#0","tintindex":0},"north":{"uv":[0.9395,7.002,1.248,7.123],"rotation":0,"texture":"#0","tintindex":0},"west":{"uv":[9.377,7.752,9.6855,7.873],"rotation":0,"texture":"#0","tintindex":0},"up":{"uv":[0.6855,8.623,0.377,8.3145],"rotation":0,"texture":"#0","tintindex":0},"down":{"uv":[2.1855,8.3145,1.877,8.623],"rotation":0,"texture":"#0","tintindex":0}}},{"from":[6.0,5.779239,4.2312646],"to":[8.857142,6.350668,7.0884075],"rotation":{"angle":0.0,"axis":"y","origin":[7.457143,7.2555323,6.64203]},"faces":{"east":{"uv":[9.5645,9.877,9.873,9.9355],"rotation":0,"texture":"#0","tintindex":0},"south":{"uv":[0.502,9.9395,0.8105,9.998],"rotation":0,"texture":"#0","tintindex":0},"north":{"uv":[9.877,3.4395,10.1855,3.498],"rotation":0,"texture":"#0","tintindex":0},"west":{"uv":[9.9395,0.9395,10.248,0.998],"rotation":0,"texture":"#0","tintindex":0},"up":{"uv":[8.623,7.8105,8.3145,7.502],"rotation":0,"texture":"#0","tintindex":0},"down":{"uv":[8.123,8.3145,7.8145,8.623],"rotation":0,"texture":"#0","tintindex":0}}},{"from":[6.0022855,6.9541206,4.905574],"to":[8.854857,8.092406,7.7581453],"rotation":{"angle":-22.5,"axis":"x","origin":[7.457143,7.2555323,6.64203]},"faces":{"east":{"uv":[8.377,9.377,8.6855,9.498],"rotation":0,"texture":"#0","tintindex":0},"south":{"uv":[8.752,9.377,9.0605,9.498],"rotation":0,"texture":"#0","tintindex":0},"north":{"uv":[9.377,7.9395,9.6855,8.0605],"rotation":0,"texture":"#0","tintindex":0},"west":{"uv":[9.4395,0.8145,9.748,0.9355],"rotation":0,"texture":"#0","tintindex":0},"up":{"uv":[8.498,8.623,8.1895,8.3145],"rotation":0,"texture":"#0","tintindex":0},"down":{"uv":[8.6855,0.6895,8.377,0.998],"rotation":0,"texture":"#0","tintindex":0}}}],"display":{"head":{"translation":[0.0,-6.4,0.0],"scale":[4.0,4.0,4.0]}}}