{"textures":{"0":"modelengine:entity/em_cursed_santa"},"elements":[{"from":[3.6,5.6,5.6],"to":[8.4,9.828571,10.971429],"rotation":{"angle":0.0,"axis":"y","origin":[10.571428,-6.285715,8.0]},"faces":{"east":{"uv":[3.877,5.252,4.4355,5.6855],"rotation":0,"texture":"#0","tintindex":0},"south":{"uv":[5.877,2.3145,6.373,2.748],"rotation":0,"texture":"#0","tintindex":0},"north":{"uv":[4.5645,5.752,5.0605,6.1855],"rotation":0,"texture":"#0","tintindex":0},"west":{"uv":[5.3145,1.8145,5.873,2.248],"rotation":0,"texture":"#0","tintindex":0},"up":{"uv":[1.623,5.1855,1.127,4.627],"rotation":0,"texture":"#0","tintindex":0},"down":{"uv":[3.248,4.627,2.752,5.1855],"rotation":0,"texture":"#0","tintindex":0}}},{"from":[3.7999997,2.9428568,5.8],"to":[8.2,5.0571427,10.771429],"rotation":{"angle":0.0,"axis":"y","origin":[10.571428,-6.285715,8.0]},"faces":{"east":{"uv":[7.502,1.752,8.0605,1.998],"rotation":0,"texture":"#0","tintindex":0},"south":{"uv":[7.8145,5.377,8.3105,5.623],"rotation":0,"texture":"#0","tintindex":0},"north":{"uv":[7.8145,5.0645,8.3105,5.3105],"rotation":0,"texture":"#0","tintindex":0},"west":{"uv":[7.502,2.0645,8.0605,2.3105],"rotation":0,"texture":"#0","tintindex":0},"up":{"uv":[0.498,5.1855,0.002,4.627],"rotation":0,"texture":"#0","tintindex":0},"down":{"uv":[1.0605,4.627,0.5645,5.1855],"rotation":0,"texture":"#0","tintindex":0}}},{"from":[4.9714284,3.5428567,5.2571425],"to":[8.742857,7.885714,11.314286],"rotation":{"angle":0.0,"axis":"y","origin":[11.142858,-5.714287,8.0]},"faces":{"east":{"uv":[2.627,0.627,3.3105,1.123],"rotation":0,"texture":"#0","tintindex":0},"south":{"uv":[4.0645,5.752,4.498,6.248],"rotation":0,"texture":"#0","tintindex":0},"north":{"uv":[1.6895,4.627,2.123,5.123],"rotation":0,"texture":"#0","tintindex":0},"west":{"uv":[2.6895,1.6895,3.373,2.1855],"rotation":0,"texture":"#0","tintindex":0},"up":{"uv":[3.248,3.9355,2.8145,3.252],"rotation":0,"texture":"#0","tintindex":0},"down":{"uv":[3.748,3.252,3.3145,3.9355],"rotation":0,"texture":"#0","tintindex":0}}},{"from":[3.5428567,4.9714284,5.542857],"to":[8.457143,5.885714,11.028572],"rotation":{"angle":0.0,"axis":"y","origin":[10.571428,-6.285715,8.0]},"faces":{"east":{"uv":[4.752,9.5645,5.3105,9.623],"rotation":0,"texture":"#0","tintindex":0},"south":{"uv":[6.0645,9.627,6.5605,9.6855],"rotation":0,"texture":"#0","tintindex":0},"north":{"uv":[9.627,0.6895,10.123,0.748],"rotation":0,"texture":"#0","tintindex":0},"west":{"uv":[9.5645,6.6895,10.123,6.748],"rotation":0,"texture":"#0","tintindex":0},"up":{"uv":[3.873,5.0605,3.377,4.502],"rotation":0,"texture":"#0","tintindex":0},"down":{"uv":[2.6855,4.5645,2.1895,5.123],"rotation":0,"texture":"#0","tintindex":0}}},{"from":[4.7214284,4.9714284,4.9714284],"to":[9.064285,5.885714,11.6],"rotation":{"angle":0.0,"axis":"y","origin":[11.142858,-6.285715,8.0]},"faces":{"east":{"uv":[9.252,3.127,9.9355,3.1855],"rotation":0,"texture":"#0","tintindex":0},"south":{"uv":[9.0645,9.627,9.498,9.6855],"rotation":0,"texture":"#0","tintindex":0},"north":{"uv":[9.627,8.502,10.0605,8.5605],"rotation":0,"texture":"#0","tintindex":0},"west":{"uv":[9.377,4.627,10.0605,4.6855],"rotation":0,"texture":"#0","tintindex":0},"up":{"uv":[1.6855,3.9355,1.252,3.252],"rotation":0,"texture":"#0","tintindex":0},"down":{"uv":[2.1855,3.252,1.752,3.9355],"rotation":0,"texture":"#0","tintindex":0}}}],"display":{"head":{"translation":[0.0,-6.4,0.0],"scale":[4.0,4.0,4.0]}}}