{"textures":{"0":"modelengine:entity/em_cursed_santa"},"elements":[{"from":[7.107143,7.0629144,6.7214284],"to":[9.964286,8.205771,10.15],"rotation":{"angle":0.0,"axis":"y","origin":[8.25,6.4914856,8.435715]},"faces":{"east":{"uv":[0.877,9.3145,1.248,9.4355],"rotation":0,"texture":"#0","tintindex":0},"south":{"uv":[4.377,9.502,4.6855,9.623],"rotation":0,"texture":"#0","tintindex":0},"north":{"uv":[4.002,9.502,4.3105,9.623],"rotation":0,"texture":"#0","tintindex":0},"west":{"uv":[9.3145,1.252,9.6855,1.373],"rotation":0,"texture":"#0","tintindex":0},"up":{"uv":[6.9355,8.4355,6.627,8.0645],"rotation":0,"texture":"#0","tintindex":0},"down":{"uv":[0.3105,8.127,0.002,8.498],"rotation":0,"texture":"#0","tintindex":0}}},{"from":[7.107143,5.348628,6.7214284],"to":[8.25,7.0629144,10.15],"rotation":{"angle":0.0,"axis":"y","origin":[8.25,6.4914856,8.435715]},"faces":{"east":{"uv":[3.1895,8.877,3.5605,9.0605],"rotation":0,"texture":"#0","tintindex":0},"south":{"uv":[2.627,9.8145,2.748,9.998],"rotation":0,"texture":"#0","tintindex":0},"north":{"uv":[2.4395,9.8145,2.5605,9.998],"rotation":0,"texture":"#0","tintindex":0},"west":{"uv":[8.877,3.627,9.248,3.8105],"rotation":0,"texture":"#0","tintindex":0},"up":{"uv":[0.623,9.6855,0.502,9.3145],"rotation":0,"texture":"#0","tintindex":0},"down":{"uv":[0.8105,9.3145,0.6895,9.6855],"rotation":0,"texture":"#0","tintindex":0}}},{"from":[8.135715,6.034343,7.178571],"to":[9.735714,7.0629144,9.921429],"rotation":{"angle":0.0,"axis":"y","origin":[8.25,6.4914856,8.435715]},"faces":{"east":{"uv":[9.502,3.252,9.8105,3.373],"rotation":0,"texture":"#0","tintindex":0},"south":{"uv":[2.1895,9.8145,2.373,9.9355],"rotation":0,"texture":"#0","tintindex":0},"north":{"uv":[1.9395,9.8145,2.123,9.9355],"rotation":0,"texture":"#0","tintindex":0},"west":{"uv":[9.502,3.4395,9.8105,3.5605],"rotation":0,"texture":"#0","tintindex":0},"up":{"uv":[3.8105,9.373,3.627,9.0645],"rotation":0,"texture":"#0","tintindex":0},"down":{"uv":[4.0605,9.0645,3.877,9.373],"rotation":0,"texture":"#0","tintindex":0}}},{"from":[9.392858,5.348628,6.7214284],"to":[10.535714,7.0629144,7.8642855],"rotation":{"angle":0.0,"axis":"y","origin":[8.25,6.4914856,8.435715]},"faces":{"east":{"uv":[1.377,9.8145,1.498,9.998],"rotation":0,"texture":"#0","tintindex":0},"south":{"uv":[1.5645,9.8145,1.6855,9.998],"rotation":0,"texture":"#0","tintindex":0},"north":{"uv":[1.1895,9.8145,1.3105,9.998],"rotation":0,"texture":"#0","tintindex":0},"west":{"uv":[1.752,9.8145,1.873,9.998],"rotation":0,"texture":"#0","tintindex":0},"up":{"uv":[8.998,10.248,8.877,10.127],"rotation":0,"texture":"#0","tintindex":0},"down":{"uv":[9.6855,10.127,9.5645,10.248],"rotation":0,"texture":"#0","tintindex":0}}},{"from":[7.2214284,5.2343426,6.607143],"to":[9.735714,6.034343,7.4071426],"rotation":{"angle":0.0,"axis":"y","origin":[8.25,6.4914856,8.435715]},"faces":{"east":{"uv":[10.4395,5.6895,10.498,5.748],"rotation":0,"texture":"#0","tintindex":0},"south":{"uv":[10.127,9.002,10.373,9.0605],"rotation":0,"texture":"#0","tintindex":0},"north":{"uv":[10.127,8.877,10.373,8.9355],"rotation":0,"texture":"#0","tintindex":0},"west":{"uv":[5.752,10.4395,5.8105,10.498],"rotation":0,"texture":"#0","tintindex":0},"up":{"uv":[10.373,9.1855,10.127,9.127],"rotation":0,"texture":"#0","tintindex":0},"down":{"uv":[10.373,9.252,10.127,9.3105],"rotation":0,"texture":"#0","tintindex":0}}},{"from":[7.2214284,5.2343426,7.607143],"to":[9.735714,6.034343,8.407143],"rotation":{"angle":0.0,"axis":"y","origin":[8.25,6.4914856,8.292857]},"faces":{"east":{"uv":[10.4395,5.5645,10.498,5.623],"rotation":0,"texture":"#0","tintindex":0},"south":{"uv":[10.127,8.502,10.373,8.5605],"rotation":0,"texture":"#0","tintindex":0},"north":{"uv":[10.127,8.377,10.373,8.4355],"rotation":0,"texture":"#0","tintindex":0},"west":{"uv":[5.627,10.4395,5.6855,10.498],"rotation":0,"texture":"#0","tintindex":0},"up":{"uv":[10.373,8.6855,10.127,8.627],"rotation":0,"texture":"#0","tintindex":0},"down":{"uv":[10.373,8.752,10.127,8.8105],"rotation":0,"texture":"#0","tintindex":0}}},{"from":[7.2214284,5.2343426,8.607142],"to":[9.735714,6.034343,9.407143],"rotation":{"angle":0.0,"axis":"y","origin":[8.25,6.4914856,8.721429]},"faces":{"east":{"uv":[10.4395,5.4395,10.498,5.498],"rotation":0,"texture":"#0","tintindex":0},"south":{"uv":[10.127,7.502,10.373,7.5605],"rotation":0,"texture":"#0","tintindex":0},"north":{"uv":[10.127,7.0645,10.373,7.123],"rotation":0,"texture":"#0","tintindex":0},"west":{"uv":[5.502,10.4395,5.5605,10.498],"rotation":0,"texture":"#0","tintindex":0},"up":{"uv":[10.373,7.6855,10.127,7.627],"rotation":0,"texture":"#0","tintindex":0},"down":{"uv":[8.498,10.127,8.252,10.1855],"rotation":0,"texture":"#0","tintindex":0}}},{"from":[7.2214284,5.2343426,9.464286],"to":[9.735714,6.034343,10.264286],"rotation":{"angle":0.0,"axis":"y","origin":[8.25,6.4914856,8.435715]},"faces":{"east":{"uv":[10.4395,5.3145,10.498,5.373],"rotation":0,"texture":"#0","tintindex":0},"south":{"uv":[10.127,6.4395,10.373,6.498],"rotation":0,"texture":"#0","tintindex":0},"north":{"uv":[10.127,4.5645,10.373,4.623],"rotation":0,"texture":"#0","tintindex":0},"west":{"uv":[5.377,10.4395,5.4355,10.498],"rotation":0,"texture":"#0","tintindex":0},"up":{"uv":[10.373,6.623,10.127,6.5645],"rotation":0,"texture":"#0","tintindex":0},"down":{"uv":[10.373,6.8145,10.127,6.873],"rotation":0,"texture":"#0","tintindex":0}}}],"display":{"head":{"translation":[0.0,-6.4,0.0],"scale":[4.0,4.0,4.0]}}}