{"textures":{"0":"modelengine:entity/em_cursed_santa"},"elements":[{"from":[6.328204,6.8629317,5.5276127],"to":[10.904204,8.581789,5.532184],"rotation":{"angle":-45.0,"axis":"x","origin":[9.473347,6.8932905,5.554613]},"faces":{"east":{"uv":[2.252,8.3145,2.252,8.498],"rotation":0,"texture":"#0","tintindex":0},"south":{"uv":[8.627,2.0645,9.123,2.248],"rotation":0,"texture":"#0","tintindex":0},"north":{"uv":[8.627,1.0645,9.123,1.248],"rotation":0,"texture":"#0","tintindex":0},"west":{"uv":[4.127,8.502,4.127,8.6855],"rotation":0,"texture":"#0","tintindex":0},"up":{"uv":[8.748,0.377,8.252,0.377],"rotation":0,"texture":"#0","tintindex":0},"down":{"uv":[9.748,4.252,9.252,4.252],"rotation":0,"texture":"#0","tintindex":0}}},{"from":[6.3100038,6.833862,5.4034715],"to":[6.314575,8.552719,10.5509],"rotation":{"angle":22.5,"axis":"z","origin":[6.312289,7.121862,7.4057574]},"faces":{"east":{"uv":[8.252,3.8145,8.8105,3.998],"rotation":0,"texture":"#0","tintindex":0},"south":{"uv":[0.4395,7.252,0.4395,7.4355],"rotation":0,"texture":"#0","tintindex":0},"north":{"uv":[5.877,6.127,5.877,6.3105],"rotation":0,"texture":"#0","tintindex":0},"west":{"uv":[8.3145,4.627,8.873,4.8105],"rotation":0,"texture":"#0","tintindex":0},"up":{"uv":[3.1895,10.998,3.1895,10.4395],"rotation":0,"texture":"#0","tintindex":0},"down":{"uv":[6.002,10.4395,6.002,10.998],"rotation":0,"texture":"#0","tintindex":0}}},{"from":[6.328204,6.8629317,10.467815],"to":[10.904204,8.581789,10.472387],"rotation":{"angle":22.5,"axis":"x","origin":[9.473347,6.8932905,10.445387]},"faces":{"east":{"uv":[3.5645,9.127,3.5645,9.3105],"rotation":0,"texture":"#0","tintindex":0},"south":{"uv":[0.002,8.6895,0.498,8.873],"rotation":0,"texture":"#0","tintindex":0},"north":{"uv":[8.627,2.3145,9.123,2.498],"rotation":0,"texture":"#0","tintindex":0},"west":{"uv":[8.877,9.752,8.877,9.9355],"rotation":0,"texture":"#0","tintindex":0},"up":{"uv":[10.0605,4.5645,9.5645,4.5645],"rotation":0,"texture":"#0","tintindex":0},"down":{"uv":[10.0605,9.127,9.5645,9.127],"rotation":0,"texture":"#0","tintindex":0}}},{"from":[11.015062,6.833862,5.4034715],"to":[11.019634,8.552719,10.5509],"rotation":{"angle":-22.5,"axis":"z","origin":[11.017348,7.121862,7.4057574]},"faces":{"east":{"uv":[8.3145,6.002,8.873,6.1855],"rotation":0,"texture":"#0","tintindex":0},"south":{"uv":[7.9395,10.002,7.9395,10.1855],"rotation":0,"texture":"#0","tintindex":0},"north":{"uv":[2.8145,9.8145,2.8145,9.998],"rotation":0,"texture":"#0","tintindex":0},"west":{"uv":[8.3145,6.252,8.873,6.4355],"rotation":0,"texture":"#0","tintindex":0},"up":{"uv":[1.752,11.0605,1.752,10.502],"rotation":0,"texture":"#0","tintindex":0},"down":{"uv":[1.8145,10.502,1.8145,11.0605],"rotation":0,"texture":"#0","tintindex":0}}},{"from":[6.4791045,6.644545,5.6],"to":[10.707676,8.587402,10.4],"rotation":{"angle":0.0,"axis":"y","origin":[13.16482,-1.6411695,7.714286]},"faces":{"east":{"uv":[0.4395,7.5645,0.998,7.8105],"rotation":0,"texture":"#0","tintindex":0},"south":{"uv":[7.0645,7.8145,7.5605,8.0605],"rotation":0,"texture":"#0","tintindex":0},"north":{"uv":[7.8145,5.6895,8.3105,5.9355],"rotation":0,"texture":"#0","tintindex":0},"west":{"uv":[1.9395,7.5645,2.498,7.8105],"rotation":0,"texture":"#0","tintindex":0},"up":{"uv":[5.248,2.4355,4.752,1.877],"rotation":0,"texture":"#0","tintindex":0},"down":{"uv":[5.4355,0.627,4.9395,1.1855],"rotation":0,"texture":"#0","tintindex":0}}},{"from":[6.307676,5.758831,5.428571],"to":[10.879105,6.901688,10.571428],"rotation":{"angle":0.0,"axis":"y","origin":[13.16482,-1.6411695,7.714286]},"faces":{"east":{"uv":[8.877,3.252,9.4355,3.373],"rotation":0,"texture":"#0","tintindex":0},"south":{"uv":[9.0645,0.627,9.5605,0.748],"rotation":0,"texture":"#0","tintindex":0},"north":{"uv":[7.752,9.002,8.248,9.123],"rotation":0,"texture":"#0","tintindex":0},"west":{"uv":[8.877,3.4395,9.4355,3.5605],"rotation":0,"texture":"#0","tintindex":0},"up":{"uv":[4.4355,5.1855,3.9395,4.627],"rotation":0,"texture":"#0","tintindex":0},"down":{"uv":[4.998,4.627,4.502,5.1855],"rotation":0,"texture":"#0","tintindex":0}}},{"from":[6.7648187,2.130259,6.1714287],"to":[10.421962,5.787402,9.828571],"rotation":{"angle":0.0,"axis":"y","origin":[13.16482,-1.6411695,7.714286]},"faces":{"east":{"uv":[0.002,6.752,0.4355,7.1855],"rotation":0,"texture":"#0","tintindex":0},"south":{"uv":[1.8145,6.752,2.248,7.1855],"rotation":0,"texture":"#0","tintindex":0},"north":{"uv":[6.377,6.6895,6.8105,7.123],"rotation":0,"texture":"#0","tintindex":0},"west":{"uv":[3.002,6.752,3.4355,7.1855],"rotation":0,"texture":"#0","tintindex":0},"up":{"uv":[4.748,7.1855,4.3145,6.752],"rotation":0,"texture":"#0","tintindex":0},"down":{"uv":[5.248,6.752,4.8145,7.1855],"rotation":0,"texture":"#0","tintindex":0}}},{"from":[6.59339,1.1874022,6.0],"to":[10.59339,2.3302593,10.0],"rotation":{"angle":0.0,"axis":"y","origin":[13.16482,-1.6411695,7.714286]},"faces":{"east":{"uv":[2.8145,9.127,3.248,9.248],"rotation":0,"texture":"#0","tintindex":0},"south":{"uv":[9.127,8.252,9.5605,8.373],"rotation":0,"texture":"#0","tintindex":0},"north":{"uv":[2.3145,9.127,2.748,9.248],"rotation":0,"texture":"#0","tintindex":0},"west":{"uv":[9.127,8.4395,9.5605,8.5605],"rotation":0,"texture":"#0","tintindex":0},"up":{"uv":[1.748,7.123,1.3145,6.6895],"rotation":0,"texture":"#0","tintindex":0},"down":{"uv":[2.9355,6.6895,2.502,7.123],"rotation":0,"texture":"#0","tintindex":0}}},{"from":[6.307676,4.5874014,6.857143],"to":[6.8791046,5.15883,7.428571],"rotation":{"angle":0.0,"axis":"y","origin":[13.16482,-5.1840267,5.714286]},"faces":{"east":{"uv":[9.252,10.4395,9.3105,10.498],"rotation":0,"texture":"#0","tintindex":0},"south":{"uv":[9.377,10.4395,9.4355,10.498],"rotation":0,"texture":"#0","tintindex":0},"north":{"uv":[10.4395,9.1895,10.498,9.248],"rotation":0,"texture":"#0","tintindex":0},"west":{"uv":[9.502,10.4395,9.5605,10.498],"rotation":0,"texture":"#0","tintindex":0},"up":{"uv":[9.6855,10.498,9.627,10.4395],"rotation":0,"texture":"#0","tintindex":0},"down":{"uv":[9.8105,10.4395,9.752,10.498],"rotation":0,"texture":"#0","tintindex":0}}},{"from":[6.307676,4.015973,6.857143],"to":[6.8791046,4.5874014,9.142858],"rotation":{"angle":0.0,"axis":"y","origin":[13.16482,-5.755456,7.428571]},"faces":{"east":{"uv":[10.1895,9.377,10.4355,9.4355],"rotation":0,"texture":"#0","tintindex":0},"south":{"uv":[10.0645,10.4395,10.123,10.498],"rotation":0,"texture":"#0","tintindex":0},"north":{"uv":[10.4395,9.752,10.498,9.8105],"rotation":0,"texture":"#0","tintindex":0},"west":{"uv":[10.0645,10.1895,10.3105,10.248],"rotation":0,"texture":"#0","tintindex":0},"up":{"uv":[3.9355,10.4355,3.877,10.1895],"rotation":0,"texture":"#0","tintindex":0},"down":{"uv":[0.1855,10.252,0.127,10.498],"rotation":0,"texture":"#0","tintindex":0}}},{"from":[6.307676,4.5874014,8.571428],"to":[6.8791046,5.15883,9.142858],"rotation":{"angle":0.0,"axis":"y","origin":[13.16482,-5.1840267,7.428571]},"faces":{"east":{"uv":[10.4395,10.252,10.498,10.3105],"rotation":0,"texture":"#0","tintindex":0},"south":{"uv":[10.3145,10.4395,10.373,10.498],"rotation":0,"texture":"#0","tintindex":0},"north":{"uv":[10.1895,10.4395,10.248,10.498],"rotation":0,"texture":"#0","tintindex":0},"west":{"uv":[10.4395,10.377,10.498,10.4355],"rotation":0,"texture":"#0","tintindex":0},"up":{"uv":[0.0605,10.5605,0.002,10.502],"rotation":0,"texture":"#0","tintindex":0},"down":{"uv":[10.5605,0.377,10.502,0.4355],"rotation":0,"texture":"#0","tintindex":0}}},{"from":[6.307676,5.15883,6.857143],"to":[6.8791046,5.730259,9.142858],"rotation":{"angle":0.0,"axis":"y","origin":[13.16482,-4.6125984,7.428571]},"faces":{"east":{"uv":[10.252,0.752,10.498,0.8105],"rotation":0,"texture":"#0","tintindex":0},"south":{"uv":[10.502,0.627,10.5605,0.6855],"rotation":0,"texture":"#0","tintindex":0},"north":{"uv":[10.502,0.502,10.5605,0.5605],"rotation":0,"texture":"#0","tintindex":0},"west":{"uv":[10.252,1.4395,10.498,1.498],"rotation":0,"texture":"#0","tintindex":0},"up":{"uv":[0.3105,10.498,0.252,10.252],"rotation":0,"texture":"#0","tintindex":0},