{"textures":{"0":"modelengine:entity/em_cursed_santa"},"elements":[{"from":[7.0285716,7.179257,8.602686],"to":[10.4,8.8364,10.831257],"rotation":{"angle":-22.5,"axis":"x","origin":[9.0,7.4935427,10.516972]},"faces":{"east":{"uv":[5.8145,9.252,6.0605,9.4355],"rotation":0,"texture":"#0","tintindex":0},"south":{"uv":[8.8145,4.0645,9.1855,4.248],"rotation":0,"texture":"#0","tintindex":0},"north":{"uv":[3.6895,8.8145,4.0605,8.998],"rotation":0,"texture":"#0","tintindex":0},"west":{"uv":[9.252,6.6895,9.498,6.873],"rotation":0,"texture":"#0","tintindex":0},"up":{"uv":[7.373,8.748,7.002,8.502],"rotation":0,"texture":"#0","tintindex":0},"down":{"uv":[1.498,8.5645,1.127,8.8105],"rotation":0,"texture":"#0","tintindex":0}}},{"from":[7.0285716,7.7725534,7.512622],"to":[10.4,8.858268,8.598336],"rotation":{"angle":-22.5,"axis":"x","origin":[9.0,7.5154104,10.569765]},"faces":{"east":{"uv":[8.252,4.0645,8.373,4.1855],"rotation":0,"texture":"#0","tintindex":0},"south":{"uv":[9.252,2.9395,9.623,3.0605],"rotation":0,"texture":"#0","tintindex":0},"north":{"uv":[9.252,2.752,9.623,2.873],"rotation":0,"texture":"#0","tintindex":0},"west":{"uv":[5.6895,8.3145,5.8105,8.4355],"rotation":0,"texture":"#0","tintindex":0},"up":{"uv":[9.623,4.1855,9.252,4.0645],"rotation":0,"texture":"#0","tintindex":0},"down":{"uv":[9.623,6.502,9.252,6.623],"rotation":0,"texture":"#0","tintindex":0}}},{"from":[7.142857,8.25878,6.0427485],"to":[10.0,9.973065,9.47132],"rotation":{"angle":22.5,"axis":"x","origin":[8.542857,7.2555504,6.0705934]},"faces":{"east":{"uv":[8.8145,2.752,9.1855,2.9355],"rotation":0,"texture":"#0","tintindex":0},"south":{"uv":[9.0645,0.8145,9.373,0.998],"rotation":0,"texture":"#0","tintindex":0},"north":{"uv":[0.502,9.0645,0.8105,9.248],"rotation":0,"texture":"#0","tintindex":0},"west":{"uv":[8.8145,3.002,9.1855,3.1855],"rotation":0,"texture":"#0","tintindex":0},"up":{"uv":[3.6855,8.4355,3.377,8.0645],"rotation":0,"texture":"#0","tintindex":0},"down":{"uv":[5.248,8.0645,4.9395,8.4355],"rotation":0,"texture":"#0","tintindex":0}}},{"from":[7.1257143,6.333543,6.4998283],"to":[10.017143,8.6535425,9.962686],"rotation":{"angle":0.0,"axis":"y","origin":[8.542857,7.2555504,6.0705934]},"faces":{"east":{"uv":[6.127,8.502,6.498,8.748],"rotation":0,"texture":"#0","tintindex":0},"south":{"uv":[0.5645,8.752,0.873,8.998],"rotation":0,"texture":"#0","tintindex":0},"north":{"uv":[8.002,8.6895,8.3105,8.9355],"rotation":0,"texture":"#0","tintindex":0},"west":{"uv":[6.5645,8.502,6.9355,8.748],"rotation":0,"texture":"#0","tintindex":0},"up":{"uv":[8.3105,8.248,8.002,7.877],"rotation":0,"texture":"#0","tintindex":0},"down":{"uv":[3.3105,8.0645,3.002,8.4355],"rotation":0,"texture":"#0","tintindex":0}}},{"from":[7.0,6.3506856,5.774114],"to":[10.428572,7.4935427,10.916971],"rotation":{"angle":0.0,"axis":"y","origin":[8.971429,7.2555504,5.3277364]},"faces":{"east":{"uv":[8.752,7.9395,9.3105,8.0605],"rotation":0,"texture":"#0","tintindex":0},"south":{"uv":[8.8145,9.1895,9.1855,9.3105],"rotation":0,"texture":"#0","tintindex":0},"north":{"uv":[8.377,9.1895,8.748,9.3105],"rotation":0,"texture":"#0","tintindex":0},"west":{"uv":[8.8145,2.5645,9.373,2.6855],"rotation":0,"texture":"#0","tintindex":0},"up":{"uv":[6.373,1.4355,6.002,0.877],"rotation":0,"texture":"#0","tintindex":0},"down":{"uv":[0.373,6.0645,0.002,6.623],"rotation":0,"texture":"#0","tintindex":0}}},{"from":[7.142857,5.779257,7.6598287],"to":[10.0,6.3506856,10.516972],"rotation":{"angle":0.0,"axis":"y","origin":[8.542857,7.2555504,5.499165]},"faces":{"east":{"uv":[9.9395,6.9395,10.248,6.998],"rotation":0,"texture":"#0","tintindex":0},"south":{"uv":[7.1895,9.9395,7.498,9.998],"rotation":0,"texture":"#0","tintindex":0},"north":{"uv":[6.8145,9.9395,7.123,9.998],"rotation":0,"texture":"#0","tintindex":0},"west":{"uv":[9.9395,7.252,10.248,7.3105],"rotation":0,"texture":"#0","tintindex":0},"up":{"uv":[8.8105,1.998,8.502,1.6895],"rotation":0,"texture":"#0","tintindex":0},"down":{"uv":[3.248,8.502,2.9395,8.8105],"rotation":0,"texture":"#0","tintindex":0}}},{"from":[7.142857,6.3506856,4.231257],"to":[10.0,7.4935427,7.0884],"rotation":{"angle":0.0,"axis":"y","origin":[8.542857,7.2555504,6.642022]},"faces":{"east":{"uv":[6.502,9.4395,6.8105,9.5605],"rotation":0,"texture":"#0","tintindex":0},"south":{"uv":[6.877,9.4395,7.1855,9.5605],"rotation":0,"texture":"#0","tintindex":0},"north":{"uv":[6.127,9.4395,6.4355,9.5605],"rotation":0,"texture":"#0","tintindex":0},"west":{"uv":[7.252,9.4395,7.5605,9.5605],"rotation":0,"texture":"#0","tintindex":0},"up":{"uv":[8.748,3.248,8.4395,2.9395],"rotation":0,"texture":"#0","tintindex":0},"down":{"uv":[8.748,4.0645,8.4395,4.373],"rotation":0,"texture":"#0","tintindex":0}}},{"from":[7.142857,5.779257,4.231257],"to":[10.0,6.3506856,7.0884],"rotation":{"angle":0.0,"axis":"y","origin":[8.542857,7.2555504,6.642022]},"faces":{"east":{"uv":[6.0645,9.9395,6.373,9.998],"rotation":0,"texture":"#0","tintindex":0},"south":{"uv":[9.9395,6.1895,10.248,6.248],"rotation":0,"texture":"#0","tintindex":0},"north":{"uv":[9.9395,4.877,10.248,4.9355],"rotation":0,"texture":"#0","tintindex":0},"west":{"uv":[6.4395,9.9395,6.748,9.998],"rotation":0,"texture":"#0","tintindex":0},"up":{"uv":[8.6855,8.1855,8.377,7.877],"rotation":0,"texture":"#0","tintindex":0},"down":{"uv":[8.748,2.5645,8.4395,2.873],"rotation":0,"texture":"#0","tintindex":0}}},{"from":[7.145143,6.9541388,4.905566],"to":[9.997714,8.092424,7.7581377],"rotation":{"angle":-22.5,"axis":"x","origin":[8.542857,7.2555504,6.642022]},"faces":{"east":{"uv":[3.252,9.4395,3.5605,9.5605],"rotation":0,"texture":"#0","tintindex":0},"south":{"uv":[3.627,9.4395,3.9355,9.5605],"rotation":0,"texture":"#0","tintindex":0},"north":{"uv":[9.4395,2.5645,9.748,2.6855],"rotation":0,"texture":"#0","tintindex":0},"west":{"uv":[9.4395,3.8145,9.748,3.9355],"rotation":0,"texture":"#0","tintindex":0},"up":{"uv":[8.6855,5.5605,8.377,5.252],"rotation":0,"texture":"#0","tintindex":0},"down":{"uv":[8.6855,5.627,8.377,5.9355],"rotation":0,"texture":"#0","tintindex":0}}}],"display":{"head":{"translation":[0.0,-6.4,0.0],"scale":[4.0,4.0,4.0]}}}