{"textures":{"0":"modelengine:entity/em_cursed_santa"},"elements":[{"from":[6.1944346,7.0629315,6.51836],"to":[9.051578,8.205789,9.946932],"rotation":{"angle":0.0,"axis":"y","origin":[7.9087205,6.4915032,8.232646]},"faces":{"east":{"uv":[9.252,6.9395,9.623,7.0605],"rotation":0,"texture":"#0","tintindex":0},"south":{"uv":[1.252,9.502,1.5605,9.623],"rotation":0,"texture":"#0","tintindex":0},"north":{"uv":[0.877,9.502,1.1855,9.623],"rotation":0,"texture":"#0","tintindex":0},"west":{"uv":[9.252,7.127,9.623,7.248],"rotation":0,"texture":"#0","tintindex":0},"up":{"uv":[6.1855,8.4355,5.877,8.0645],"rotation":0,"texture":"#0","tintindex":0},"down":{"uv":[6.5605,8.0645,6.252,8.4355],"rotation":0,"texture":"#0","tintindex":0}}},{"from":[7.9087205,5.3486457,6.51836],"to":[9.051578,7.0629315,9.946932],"rotation":{"angle":0.0,"axis":"y","origin":[7.9087205,6.4915032,8.232646]},"faces":{"east":{"uv":[6.3145,8.8145,6.6855,8.998],"rotation":0,"texture":"#0","tintindex":0},"south":{"uv":[1.377,8.877,1.498,9.0605],"rotation":0,"texture":"#0","tintindex":0},"north":{"uv":[5.3145,8.0645,5.4355,8.248],"rotation":0,"texture":"#0","tintindex":0},"west":{"uv":[6.752,8.8145,7.123,8.998],"rotation":0,"texture":"#0","tintindex":0},"up":{"uv":[0.9355,6.4355,0.8145,6.0645],"rotation":0,"texture":"#0","tintindex":0},"down":{"uv":[2.4355,6.752,2.3145,7.123],"rotation":0,"texture":"#0","tintindex":0}}},{"from":[6.423006,6.03436,6.975503],"to":[8.023006,7.0629315,9.718361],"rotation":{"angle":0.0,"axis":"y","origin":[7.9087205,6.4915032,8.232646]},"faces":{"east":{"uv":[7.627,9.4395,7.9355,9.5605],"rotation":0,"texture":"#0","tintindex":0},"south":{"uv":[9.6895,6.9395,9.873,7.0605],"rotation":0,"texture":"#0","tintindex":0},"north":{"uv":[2.3145,7.877,2.498,7.998],"rotation":0,"texture":"#0","tintindex":0},"west":{"uv":[8.002,9.4395,8.3105,9.5605],"rotation":0,"texture":"#0","tintindex":0},"up":{"uv":[0.748,2.498,0.5645,2.1895],"rotation":0,"texture":"#0","tintindex":0},"down":{"uv":[3.9355,7.3145,3.752,7.623],"rotation":0,"texture":"#0","tintindex":0}}},{"from":[5.623006,5.3486457,6.51836],"to":[6.7658634,7.0629315,7.661217],"rotation":{"angle":0.0,"axis":"y","origin":[7.9087205,6.4915032,8.232646]},"faces":{"east":{"uv":[7.377,2.627,7.498,2.8105],"rotation":0,"texture":"#0","tintindex":0},"south":{"uv":[3.5645,7.752,3.6855,7.9355],"rotation":0,"texture":"#0","tintindex":0},"north":{"uv":[6.4395,2.877,6.5605,3.0605],"rotation":0,"texture":"#0","tintindex":0},"west":{"uv":[7.752,6.377,7.873,6.5605],"rotation":0,"texture":"#0","tintindex":0},"up":{"uv":[5.248,8.623,5.127,8.502],"rotation":0,"texture":"#0","tintindex":0},"down":{"uv":[4.6855,9.3145,4.5645,9.4355],"rotation":0,"texture":"#0","tintindex":0}}},{"from":[6.423006,5.23436,6.4040747],"to":[8.937292,6.0343604,7.2040744],"rotation":{"angle":0.0,"axis":"y","origin":[7.9087205,6.4915032,8.232646]},"faces":{"east":{"uv":[10.3145,7.9395,10.373,7.998],"rotation":0,"texture":"#0","tintindex":0},"south":{"uv":[1.4395,10.0645,1.6855,10.123],"rotation":0,"texture":"#0","tintindex":0},"north":{"uv":[1.127,10.0645,1.373,10.123],"rotation":0,"texture":"#0","tintindex":0},"west":{"uv":[8.0645,10.3145,8.123,10.373],"rotation":0,"texture":"#0","tintindex":0},"up":{"uv":[2.6855,10.123,2.4395,10.0645],"rotation":0,"texture":"#0","tintindex":0},"down":{"uv":[10.3105,4.252,10.0645,4.3105],"rotation":0,"texture":"#0","tintindex":0}}},{"from":[6.423006,5.23436,7.4040747],"to":[8.937292,6.0343604,8.204075],"rotation":{"angle":0.0,"axis":"y","origin":[7.9087205,6.4915032,8.089788]},"faces":{"east":{"uv":[10.3145,7.377,10.373,7.4355],"rotation":0,"texture":"#0","tintindex":0},"south":{"uv":[9.5645,10.002,9.8105,10.0605],"rotation":0,"texture":"#0","tintindex":0},"north":{"uv":[10.002,7.752,10.248,7.8105],"rotation":0,"texture":"#0","tintindex":0},"west":{"uv":[7.9395,10.3145,7.998,10.373],"rotation":0,"texture":"#0","tintindex":0},"up":{"uv":[10.248,9.8105,10.002,9.752],"rotation":0,"texture":"#0","tintindex":0},"down":{"uv":[0.748,10.0645,0.502,10.123],"rotation":0,"texture":"#0","tintindex":0}}},{"from":[6.423006,5.23436,8.404075],"to":[8.937292,6.0343604,9.204075],"rotation":{"angle":0.0,"axis":"y","origin":[7.9087205,6.4915032,8.51836]},"faces":{"east":{"uv":[10.3145,6.1895,10.373,6.248],"rotation":0,"texture":"#0","tintindex":0},"south":{"uv":[10.002,5.752,10.248,5.8105],"rotation":0,"texture":"#0","tintindex":0},"north":{"uv":[10.002,5.627,10.248,5.6855],"rotation":0,"texture":"#0","tintindex":0},"west":{"uv":[10.3145,6.9395,10.373,6.998],"rotation":0,"texture":"#0","tintindex":0},"up":{"uv":[10.248,5.9355,10.002,5.877],"rotation":0,"texture":"#0","tintindex":0},"down":{"uv":[10.248,6.002,10.002,6.0605],"rotation":0,"texture":"#0","tintindex":0}}},{"from":[6.423006,5.23436,9.261217],"to":[8.937292,6.0343604,10.061217],"rotation":{"angle":0.0,"axis":"y","origin":[7.9087205,6.4915032,8.232646]},"faces":{"east":{"uv":[10.3145,2.4395,10.373,2.498],"rotation":0,"texture":"#0","tintindex":0},"south":{"uv":[10.002,5.252,10.248,5.3105],"rotation":0,"texture":"#0","tintindex":0},"north":{"uv":[10.002,5.127,10.248,5.1855],"rotation":0,"texture":"#0","tintindex":0},"west":{"uv":[10.3145,3.6895,10.373,3.748],"rotation":0,"texture":"#0","tintindex":0},"up":{"uv":[10.248,5.4355,10.002,5.377],"rotation":0,"texture":"#0","tintindex":0},"down":{"uv":[10.248,5.502,10.002,5.5605],"rotation":0,"texture":"#0","tintindex":0}}}],"display":{"head":{"translation":[0.0,-6.4,0.0],"scale":[4.0,4.0,4.0]}}}