{"textures":{"0":"modelengine:entity/em_cursed_santa"},"elements":[{"from":[6.9714284,8.0,6.6857142],"to":[10.171429,8.914286,9.885715],"rotation":{"angle":0.0,"axis":"y","origin":[6.9142857,0.45714283,7.714286]},"faces":{"east":{"uv":[9.1895,4.877,9.5605,4.998],"rotation":0,"texture":"#0","tintindex":0},"south":{"uv":[9.1895,5.0645,9.5605,5.1855],"rotation":0,"texture":"#0","tintindex":0},"north":{"uv":[9.1895,2.252,9.5605,2.373],"rotation":0,"texture":"#0","tintindex":0},"west":{"uv":[9.1895,5.252,9.5605,5.373],"rotation":0,"texture":"#0","tintindex":0},"up":{"uv":[4.373,7.623,4.002,7.252],"rotation":0,"texture":"#0","tintindex":0},"down":{"uv":[4.8105,7.252,4.4395,7.623],"rotation":0,"texture":"#0","tintindex":0}}},{"from":[6.857143,2.8571424,6.5714283],"to":[10.285714,8.0,10.0],"rotation":{"angle":0.0,"axis":"y","origin":[6.9142857,-0.57142925,7.714286]},"faces":{"east":{"uv":[3.377,4.002,3.748,4.4355],"rotation":0,"texture":"#0","tintindex":0},"south":{"uv":[6.9395,2.377,7.3105,2.8105],"rotation":0,"texture":"#0","tintindex":0},"north":{"uv":[3.9395,2.752,4.3105,3.1855],"rotation":0,"texture":"#0","tintindex":0},"west":{"uv":[5.8145,6.9395,6.1855,7.373],"rotation":0,"texture":"#0","tintindex":0},"up":{"uv":[1.873,7.623,1.502,7.252],"rotation":0,"texture":"#0","tintindex":0},"down":{"uv":[3.248,7.252,2.877,7.623],"rotation":0,"texture":"#0","tintindex":0}}},{"from":[8.3714285,4.3714285,6.3714285],"to":[10.485714,8.2,10.2],"rotation":{"angle":0.0,"axis":"y","origin":[8.6285715,-0.57142925,7.714286]},"faces":{"east":{"uv":[6.252,7.1895,6.623,7.5605],"rotation":0,"texture":"#0","tintindex":0},"south":{"uv":[4.3145,6.3145,4.498,6.6855],"rotation":0,"texture":"#0","tintindex":0},"north":{"uv":[0.502,3.5645,0.6855,3.9355],"rotation":0,"texture":"#0","tintindex":0},"west":{"uv":[0.002,7.252,0.373,7.623],"rotation":0,"texture":"#0","tintindex":0},"up":{"uv":[8.5605,9.123,8.377,8.752],"rotation":0,"texture":"#0","tintindex":0},"down":{"uv":[8.8105,8.752,8.627,9.123],"rotation":0,"texture":"#0","tintindex":0}}}],"display":{"head":{"translation":[0.0,-6.4,0.0],"scale":[4.0,4.0,4.0]}}}