{"textures":{"0":"modelengine:entity/em_cursed_santa"},"elements":[{"from":[7.0857143,5.771428,6.942857],"to":[10.342857,8.457143,10.2],"rotation":{"angle":0.0,"axis":"y","origin":[6.142857,7.9714284,8.285714]},"faces":{"east":{"uv":[8.002,2.627,8.373,2.9355],"rotation":0,"texture":"#0","tintindex":0},"south":{"uv":[8.002,3.002,8.373,3.3105],"rotation":0,"texture":"#0","tintindex":0},"north":{"uv":[0.8145,8.002,1.1855,8.3105],"rotation":0,"texture":"#0","tintindex":0},"west":{"uv":[8.002,4.252,8.373,4.5605],"rotation":0,"texture":"#0","tintindex":0},"up":{"uv":[5.6855,7.6855,5.3145,7.3145],"rotation":0,"texture":"#0","tintindex":0},"down":{"uv":[7.6855,6.1895,7.3145,6.5605],"rotation":0,"texture":"#0","tintindex":0}}},{"from":[7.571429,6.257143,6.428571],"to":[9.857143,7.9714284,7.0],"rotation":{"angle":0.0,"axis":"y","origin":[6.142857,7.9714284,7.857143]},"faces":{"east":{"uv":[6.1895,10.252,6.248,10.4355],"rotation":0,"texture":"#0","tintindex":0},"south":{"uv":[8.0645,9.1895,8.3105,9.373],"rotation":0,"texture":"#0","tintindex":0},"north":{"uv":[7.752,9.1895,7.998,9.373],"rotation":0,"texture":"#0","tintindex":0},"west":{"uv":[6.3145,10.252,6.373,10.4355],"rotation":0,"texture":"#0","tintindex":0},"up":{"uv":[5.248,10.0605,5.002,10.002],"rotation":0,"texture":"#0","tintindex":0},"down":{"uv":[10.248,5.002,10.002,5.0605],"rotation":0,"texture":"#0","tintindex":0}}},{"from":[7.3428574,4.9714284,6.6],"to":[10.085714,5.428571,9.342857],"rotation":{"angle":-22.5,"axis":"x","origin":[8.714286,5.2571425,8.571428]},"faces":{"east":{"uv":[9.9395,2.1895,10.248,2.248],"rotation":0,"texture":"#0","tintindex":0},"south":{"uv":[9.9395,2.3145,10.248,2.373],"rotation":0,"texture":"#0","tintindex":0},"north":{"uv":[9.9395,2.0645,10.248,2.123],"rotation":0,"texture":"#0","tintindex":0},"west":{"uv":[9.9395,2.4395,10.248,2.498],"rotation":0,"texture":"#0","tintindex":0},"up":{"uv":[1.0605,8.6855,0.752,8.377],"rotation":0,"texture":"#0","tintindex":0},"down":{"uv":[8.6855,4.877,8.377,5.1855],"rotation":0,"texture":"#0","tintindex":0}}},{"from":[7.4,0.22857094,6.8],"to":[10.028572,5.714286,10.0],"rotation":{"angle":0.0,"axis":"y","origin":[8.714286,4.685714,8.571428]},"faces":{"east":{"uv":[0.8145,1.377,1.1855,1.998],"rotation":0,"texture":"#0","tintindex":0},"south":{"uv":[0.4395,6.0645,0.748,6.6855],"rotation":0,"texture":"#0","tintindex":0},"north":{"uv":[5.127,5.752,5.4355,6.373],"rotation":0,"texture":"#0","tintindex":0},"west":{"uv":[1.252,5.252,1.623,5.873],"rotation":0,"texture":"#0","tintindex":0},"up":{"uv":[7.9355,8.248,7.627,7.877],"rotation":0,"texture":"#0","tintindex":0},"down":{"uv":[8.248,6.377,7.9395,6.748],"rotation":0,"texture":"#0","tintindex":0}}},{"from":[7.2,2.885714,6.5714283],"to":[10.228572,3.628571,10.171429],"rotation":{"angle":0.0,"axis":"y","origin":[8.714286,3.5428567,8.3714285]},"faces":{"east":{"uv":[4.877,9.6895,5.248,9.748],"rotation":0,"texture":"#0","tintindex":0},"south":{"uv":[9.9395,1.9395,10.248,1.998],"rotation":0,"texture":"#0","tintindex":0},"north":{"uv":[9.9395,1.0645,10.248,1.123],"rotation":0,"texture":"#0","tintindex":0},"west":{"uv":[9.6895,6.4395,10.0605,6.498],"rotation":0,"texture":"#0","tintindex":0},"up":{"uv":[8.1855,4.1855,7.877,3.8145],"rotation":0,"texture":"#0","tintindex":0},"down":{"uv":[5.8105,7.877,5.502,8.248],"rotation":0,"texture":"#0","tintindex":0}}},{"from":[6.9428573,4.6285715,6.5714283],"to":[10.485714,5.885714,10.114285],"rotation":{"angle":0.0,"axis":"y","origin":[8.428572,5.8285713,8.514286]},"faces":{"east":{"uv":[9.1895,5.627,9.5605,5.748],"rotation":0,"texture":"#0","tintindex":0},"south":{"uv":[9.1895,5.8145,9.5605,5.9355],"rotation":0,"texture":"#0","tintindex":0},"north":{"uv":[9.1895,5.4395,9.5605,5.5605],"rotation":0,"texture":"#0","tintindex":0},"west":{"uv":[9.1895,6.002,9.5605,6.123],"rotation":0,"texture":"#0","tintindex":0},"up":{"uv":[5.248,7.623,4.877,7.252],"rotation":0,"texture":"#0","tintindex":0},"down":{"uv":[3.6855,7.3145,3.3145,7.6855],"rotation":0,"texture":"#0","tintindex":0}}}],"display":{"head":{"translation":[0.0,-6.4,0.0],"scale":[4.0,4.0,4.0]}}}