{"textures":{"1":"modelengine:entity/em_rocket_launcher1"},"elements":[{"from":[7.9633064,-3.4706774,7.7714286],"to":[9.563307,15.843609,9.3714285],"rotation":{"angle":45.0,"axis":"y","origin":[7.191878,14.186466,8.0]},"faces":{"east":{"uv":[1.0,1.0,5.25,1.375],"rotation":90,"texture":"#1","tintindex":0},"south":{"uv":[1.875,2.0,1.5,6.25],"rotation":0,"texture":"#1","tintindex":0},"north":{"uv":[1.375,6.25,1.0,2.0],"rotation":180,"texture":"#1","tintindex":0},"west":{"uv":[1.0,1.5,5.25,1.875],"rotation":270,"texture":"#1","tintindex":0},"up":{"uv":[1.375,7.125,1.75,7.5],"rotation":0,"texture":"#1","tintindex":0},"down":{"uv":[5.25,7.0,5.625,7.375],"rotation":180,"texture":"#1","tintindex":0}}},{"from":[5.9633064,-3.4706774,7.7714286],"to":[7.5633063,15.843609,9.3714285],"rotation":{"angle":45.0,"axis":"y","origin":[7.191878,14.186466,8.0]},"faces":{"east":{"uv":[0.0,0.0,4.375,0.375],"rotation":90,"texture":"#1","tintindex":0},"south":{"uv":[0.875,1.0,0.5,5.375],"rotation":0,"texture":"#1","tintindex":0},"north":{"uv":[0.375,5.375,0.0,1.0],"rotation":180,"texture":"#1","tintindex":0},"west":{"uv":[0.0,0.5,4.375,0.875],"rotation":270,"texture":"#1","tintindex":0},"up":{"uv":[3.5,7.125,3.875,7.5],"rotation":0,"texture":"#1","tintindex":0},"down":{"uv":[3.0,7.125,3.375,7.5],"rotation":180,"texture":"#1","tintindex":0}}},{"from":[7.9061637,5.0436087,7.714286],"to":[9.620449,5.6150374,9.428572],"rotation":{"angle":45.0,"axis":"y","origin":[7.191878,14.186466,8.0]},"faces":{"east":{"uv":[4.0,7.125,4.125,7.5],"rotation":90,"texture":"#1","tintindex":0},"south":{"uv":[8.875,3.5,8.5,3.625],"rotation":0,"texture":"#1","tintindex":0},"north":{"uv":[8.875,3.375,8.5,3.25],"rotation":180,"texture":"#1","tintindex":0},"west":{"uv":[2.75,8.25,2.875,8.625],"rotation":270,"texture":"#1","tintindex":0},"up":{"uv":[7.125,5.5,7.5,5.875],"rotation":0,"texture":"#1","tintindex":0},"down":{"uv":[7.125,5.0,7.5,5.375],"rotation":180,"texture":"#1","tintindex":0}}},{"from":[5.906163,5.0436087,7.714286],"to":[7.6204495,5.6150374,9.428572],"rotation":{"angle":45.0,"axis":"y","origin":[7.191878,14.186466,8.0]},"faces":{"east":{"uv":[7.25,8.375,7.375,8.75],"rotation":90,"texture":"#1","tintindex":0},"south":{"uv":[9.0,1.375,8.625,1.5],"rotation":0,"texture":"#1","tintindex":0},"north":{"uv":[9.0,0.375,8.625,0.25],"rotation":180,"texture":"#1","tintindex":0},"west":{"uv":[8.625,0.875,8.75,1.25],"rotation":270,"texture":"#1","tintindex":0},"up":{"uv":[6.25,7.125,6.625,7.5],"rotation":0,"texture":"#1","tintindex":0},"down":{"uv":[5.75,7.125,6.125,7.5],"rotation":180,"texture":"#1","tintindex":0}}},{"from":[7.9061637,1.0436087,7.714286],"to":[9.620449,1.6150374,9.428572],"rotation":{"angle":45.0,"axis":"y","origin":[7.191878,14.186466,8.0]},"faces":{"east":{"uv":[3.5,8.625,3.625,9.0],"rotation":90,"texture":"#1","tintindex":0},"south":{"uv":[5.375,8.625,5.0,8.75],"rotation":0,"texture":"#1","tintindex":0},"north":{"uv":[4.875,8.75,4.5,8.625],"rotation":180,"texture":"#1","tintindex":0},"west":{"uv":[3.75,8.625,3.875,9.0],"rotation":270,"texture":"#1","tintindex":0},"up":{"uv":[6.75,7.125,7.125,7.5],"rotation":0,"texture":"#1","tintindex":0},"down":{"uv":[7.125,6.25,7.5,6.625],"rotation":180,"texture":"#1","tintindex":0}}},{"from":[5.906163,1.0436087,7.714286],"to":[7.6204495,1.6150374,9.428572],"rotation":{"angle":45.0,"axis":"y","origin":[7.191878,14.186466,8.0]},"faces":{"east":{"uv":[5.5,8.625,5.625,9.0],"rotation":90,"texture":"#1","tintindex":0},"south":{"uv":[8.625,8.625,8.25,8.75],"rotation":0,"texture":"#1","tintindex":0},"north":{"uv":[8.125,8.75,7.75,8.625],"rotation":180,"texture":"#1","tintindex":0},"west":{"uv":[7.5,8.625,7.625,9.0],"rotation":270,"texture":"#1","tintindex":0},"up":{"uv":[7.25,4.25,7.625,4.625],"rotation":0,"texture":"#1","tintindex":0},"down":{"uv":[7.25,3.75,7.625,4.125],"rotation":180,"texture":"#1","tintindex":0}}},{"from":[7.9061637,2.1864657,7.714286],"to":[9.620449,2.7578945,9.428572],"rotation":{"angle":45.0,"axis":"y","origin":[7.191878,14.186466,8.0]},"faces":{"east":{"uv":[0.0,8.75,0.125,9.125],"rotation":90,"texture":"#1","tintindex":0},"south":{"uv":[2.5,8.75,2.125,8.875],"rotation":0,"texture":"#1","tintindex":0},"north":{"uv":[2.0,8.875,1.625,8.75],"rotation":180,"texture":"#1","tintindex":0},"west":{"uv":[1.375,8.75,1.5,9.125],"rotation":270,"texture":"#1","tintindex":0},"up":{"uv":[7.25,7.25,7.625,7.625],"rotation":0,"texture":"#1","tintindex":0},"down":{"uv":[7.25,6.75,7.625,7.125],"rotation":180,"texture":"#1","tintindex":0}}},{"from":[7.5633063,2.27218,7.8],"to":[7.9633064,2.6721807,9.342857],"rotation":{"angle":45.0,"axis":"y","origin":[7.191878,14.186466,8.0]},"faces":{"east":{"uv":[4.0,8.75,4.125,9.125],"rotation":90,"texture":"#1","tintindex":0},"south":{"uv":[7.125,3.75,7.0,3.875],"rotation":0,"texture":"#1","tintindex":0},"north":{"uv":[1.5,7.0,1.375,6.875],"rotation":180,"texture":"#1","tintindex":0},"west":{"uv":[8.75,4.5,8.875,4.875],"rotation":270,"texture":"#1","tintindex":0},"up":{"uv":[4.25,8.75,4.375,9.125],"rotation":0,"texture":"#1","tintindex":0},"down":{"uv":[2.625,8.75,2.75,9.125],"rotation":180,"texture":"#1","tintindex":0}}},{"from":[7.5633063,1.129323,7.8],"to":[7.9633064,1.5293231,9.342857],"rotation":{"angle":45.0,"axis":"y","origin":[7.191878,14.186466,8.0]},"faces":{"east":{"uv":[8.75,5.5,8.875,5.875],"rotation":90,"texture":"#1","tintindex":0},"south":{"uv":[9.25,1.25,9.125,1.375],"rotation":0,"texture":"#1","tintindex":0},"north":{"uv":[9.25,1.125,9.125,1.0],"rotation":180,"texture":"#1","tintindex":0},"west":{"uv":[8.75,6.25,8.875,6.625],"rotation":270,"texture":"#1","tintindex":0},"up":{"uv":[6.125,8.75,6.25,9.125],"rotation":0,"texture":"#1","tintindex":0},"down":{"uv":[8.75,5.0,8.875,5.375],"rotation":180,"texture":"#1","tintindex":0}}},{"from":[5.906163,2.1864657,7.714286],"to":[7.6204495,2.7578945,9.428572],"rotation":{"angle":45.0,"axis":"y","origin":[7.191878,14.186466,8.0]},"faces":{"east":{"uv":[6.375,8.75,6.5,9.125],"rotation":90,"texture":"#1","tintindex":0},"south":{"uv":[9.125,7.875,8.75,8.0],"rotation":0,"texture":"#1","tintindex":0},"north":{"uv":[9.125,6.875,8.75,6.75],"rotation":180,"texture":"#1","tintindex":0},"west":{"uv":[6.625,8.75,6.75,9.125],"rotation":270,"texture":"#1","tintindex":0},"up":{"uv":[7.375,3.0,7.75,3.375],"rotation":0,"texture":"#1","tintindex":0},"down":{"uv":[0.375,7.375,0.75,7.75],"rotation":180,"texture":"#1","tintindex":0}}},{"from":[9.334735,-4.0421057,7.714286],"to":[9.620449,-3.4706774,9.428572],"rotation":{"angle":45.0,"axis":"y","origin":[7.191878,14.186466,8.0]},"faces":{"east":{"uv":[8.75,8.625,8.875,9.0],"rotation":90,"texture":"#1","tintindex":0},"south":{"uv":[9.25,2.125,9.125,2.25],"rotation":0,"texture":"#1","tintindex":0},"north":{"uv":[9.25,2.0,9.125,1.875],"rotation":180,"texture":"#1","tintindex":0},"west":{"uv":[0.5,8.875,0.625,9.25],"rotation":270,"texture":"#1","tintindex":0},"up":{"uv":[0.25,8.875,0.375,9.25],"rotation":0,"texture":"#1","tintindex":0},"down":{"uv":[6.875,8.75,7.0,9.125],"rotation":180,"texture":"#1","tintindex":0}}},{"from":[7.9061637,-4.0421057,7.714286],"to":[8.191878,-3.4706774,9.428572],"rotation":{"angle":45.0,"axis":"y","origin":[7.191878,14.186466,8.0]},"faces":{"east":{"uv":[8.875,1.875,9.0,2.25],"rotation":90,"texture":"#1","tintindex":0},"south":{"uv":[9.25,2.625,9.125,2.75],"rotation":0,"texture":"#1","tintindex":0},"north":{"uv":[9.25,2.5,9.125,2.375],"rotation":180,"texture":"#1","tintindex":0},"west":{"uv":[2.875,8.875,3.0,9.25],"rotation":270,"texture":"#1","tintindex":0},"up":{"uv":[8.875,2.375,9.0,2.75],"rotation":0,"texture":"#1","tintindex":0},"down":{"uv":[8.875,0.875,9.0,1.25],"rotation":180,"texture":"#1","tintindex":0}}},{"from":[8.191878,-4.0421057,9.142858],"to":[9.334735,-3.4706774,9.428572],"rotation":{"angle":45.0,"axis":"y","origin":[7.191878,14.186466,8.0]},"faces":{"east":{"uv":[9.125,2.875,9.25,3.0],"rotation":90,"texture":"#1","tintindex":0},"south":{"uv":[9.25,4.0,9.0,4.125],"rotation":0,