{"textures":{"0":"modelengine:entity/kobold_warrior"},"elements":[{"from":[7.4345565,7.4440475,5.5889645],"to":[8.577414,8.572619,7.8746786],"rotation":{"angle":0.0,"axis":"y","origin":[8.005985,8.008333,6.7318215]},"faces":{"east":{"uv":[7.125,7.0,7.625,7.25],"rotation":0,"texture":"#0","tintindex":0},"south":{"uv":[4.5,7.625,4.75,7.875],"rotation":0,"texture":"#0","tintindex":0},"north":{"uv":[7.625,4.25,7.875,4.5],"rotation":0,"texture":"#0","tintindex":0},"west":{"uv":[7.25,0.0,7.75,0.25],"rotation":0,"texture":"#0","tintindex":0},"up":{"uv":[7.5,1.625,7.25,1.125],"rotation":0,"texture":"#0","tintindex":0},"down":{"uv":[2.125,7.25,1.875,7.75],"rotation":0,"texture":"#0","tintindex":0}}},{"from":[6.5333214,7.429762,5.9387274],"to":[7.6761785,8.558333,8.224442],"rotation":{"angle":22.5,"axis":"y","origin":[7.10475,7.9940476,7.081585]},"faces":{"east":{"uv":[2.25,7.25,2.75,7.5],"rotation":0,"texture":"#0","tintindex":0},"south":{"uv":[1.5,7.75,1.75,8.0],"rotation":0,"texture":"#0","tintindex":0},"north":{"uv":[7.625,4.625,7.875,4.875],"rotation":0,"texture":"#0","tintindex":0},"west":{"uv":[4.125,7.25,4.625,7.5],"rotation":0,"texture":"#0","tintindex":0},"up":{"uv":[7.5,4.875,7.25,4.375],"rotation":0,"texture":"#0","tintindex":0},"down":{"uv":[7.375,7.375,7.125,7.875],"rotation":0,"texture":"#0","tintindex":0}}},{"from":[8.317837,7.429762,5.8914957],"to":[9.460693,8.558333,8.17721],"rotation":{"angle":-22.5,"axis":"y","origin":[8.889265,7.9940476,7.034353]},"faces":{"east":{"uv":[7.25,5.0,7.75,5.25],"rotation":0,"texture":"#0","tintindex":0},"south":{"uv":[4.875,7.75,5.125,8.0],"rotation":0,"texture":"#0","tintindex":0},"north":{"uv":[7.75,2.125,8.0,2.375],"rotation":0,"texture":"#0","tintindex":0},"west":{"uv":[7.5,2.5,8.0,2.75],"rotation":0,"texture":"#0","tintindex":0},"up":{"uv":[3.125,8.0,2.875,7.5],"rotation":0,"texture":"#0","tintindex":0},"down":{"uv":[7.75,2.875,7.5,3.375],"rotation":0,"texture":"#0","tintindex":0}}},{"from":[8.005985,7.429762,3.8746786],"to":[8.005985,8.572619,5.5889645],"rotation":{"angle":0.0,"axis":"y","origin":[8.005985,8.00119,4.7318215]},"faces":{"east":{"uv":[7.875,6.125,7.5,6.375],"rotation":0,"texture":"#0","tintindex":0},"south":{"uv":[6.125,7.125,6.125,7.375],"rotation":0,"texture":"#0","tintindex":0},"north":{"uv":[6.0,7.125,6.0,7.375],"rotation":0,"texture":"#0","tintindex":0},"west":{"uv":[7.5,6.125,7.875,6.375],"rotation":0,"texture":"#0","tintindex":0},"up":{"uv":[7.0,7.875,7.0,7.5],"rotation":0,"texture":"#0","tintindex":0},"down":{"uv":[5.875,7.75,5.875,8.125],"rotation":0,"texture":"#0","tintindex":0}}},{"from":[6.339383,7.429762,4.3766828],"to":[6.339383,8.572619,6.0909686],"rotation":{"angle":22.5,"axis":"y","origin":[6.339383,8.00119,5.2338257]},"faces":{"east":{"uv":[7.875,6.125,7.5,6.375],"rotation":0,"texture":"#0","tintindex":0},"south":{"uv":[7.875,1.25,7.875,1.5],"rotation":0,"texture":"#0","tintindex":0},"north":{"uv":[4.75,7.25,4.75,7.5],"rotation":0,"texture":"#0","tintindex":0},"west":{"uv":[7.5,6.125,7.875,6.375],"rotation":0,"texture":"#0","tintindex":0},"up":{"uv":[7.875,2.0,7.875,1.625],"rotation":0,"texture":"#0","tintindex":0},"down":{"uv":[1.875,7.875,1.875,8.25],"rotation":0,"texture":"#0","tintindex":0}}},{"from":[9.654632,7.429762,4.3294506],"to":[9.654632,8.572619,6.0437365],"rotation":{"angle":-22.5,"axis":"y","origin":[9.654632,8.00119,5.1865935]},"faces":{"east":{"uv":[7.875,6.125,7.5,6.375],"rotation":0,"texture":"#0","tintindex":0},"south":{"uv":[2.125,7.875,2.125,8.125],"rotation":0,"texture":"#0","tintindex":0},"north":{"uv":[2.0,7.875,2.0,8.125],"rotation":0,"texture":"#0","tintindex":0},"west":{"uv":[7.5,6.125,7.875,6.375],"rotation":0,"texture":"#0","tintindex":0},"up":{"uv":[7.875,3.25,7.875,2.875],"rotation":0,"texture":"#0","tintindex":0},"down":{"uv":[3.25,7.875,3.25,8.25],"rotation":0,"texture":"#0","tintindex":0}}}],"display":{"head":{"translation":[0.0,-6.4,0.0],"scale":[4.0,4.0,4.0]}}}