{"textures":{"1":"modelengine:entity/statuetex"},"elements":[{"from":[8.457143,11.078653,4.8080416],"to":[11.542857,13.02151,9.036613],"rotation":{"angle":-22.5,"axis":"z","origin":[10.285714,13.192939,6.9223275]},"faces":{"east":{"uv":[2.875,12.0,2.0,12.375],"rotation":0,"texture":"#1","tintindex":0},"south":{"uv":[9.375,12.0,8.75,12.375],"rotation":0,"texture":"#1","tintindex":0},"north":{"uv":[9.375,12.0,8.75,12.375],"rotation":0,"texture":"#1","tintindex":0},"west":{"uv":[2.875,12.0,2.0,12.375],"rotation":0,"texture":"#1","tintindex":0},"up":{"uv":[8.5,11.875,9.125,11.0],"rotation":0,"texture":"#1","tintindex":0},"down":{"uv":[9.25,11.0,9.875,11.875],"rotation":0,"texture":"#1","tintindex":0}}},{"from":[5.2,7.792607,5.429002],"to":[10.8,13.392607,11.029002],"rotation":{"angle":0.0,"axis":"y","origin":[8.0,-0.55025005,5.787299]},"faces":{"east":{"uv":[8.75,1.25,9.875,2.375],"rotation":0,"texture":"#1","tintindex":0},"south":{"uv":[8.75,2.5,9.875,3.625],"rotation":0,"texture":"#1","tintindex":0},"north":{"uv":[8.75,0.0,9.875,1.125],"rotation":0,"texture":"#1","tintindex":0},"west":{"uv":[9.875,1.25,8.75,2.375],"rotation":0,"texture":"#1","tintindex":0},"up":{"uv":[9.875,4.875,8.75,3.75],"rotation":0,"texture":"#1","tintindex":0},"down":{"uv":[5.125,8.75,4.0,9.875],"rotation":0,"texture":"#1","tintindex":0}}},{"from":[4.285714,1.1640353,5.371859],"to":[11.714286,13.164036,5.371859],"rotation":{"angle":0.0,"axis":"y","origin":[8.0,-0.55025005,5.787299]},"faces":{"east":{"uv":[8.75,1.25,9.875,2.375],"rotation":0,"texture":"#1","tintindex":0},"south":{"uv":[14.5625,3.125,12.9375,5.75],"rotation":0,"texture":"#1","tintindex":0},"north":{"uv":[12.9375,3.125,14.5625,5.75],"rotation":0,"texture":"#1","tintindex":0},"west":{"uv":[9.875,1.25,8.75,2.375],"rotation":0,"texture":"#1","tintindex":0},"up":{"uv":[9.875,4.875,8.75,3.75],"rotation":0,"texture":"#1","tintindex":0},"down":{"uv":[5.125,8.75,4.0,9.875],"rotation":0,"texture":"#1","tintindex":0}}},{"from":[4.457143,11.078653,4.8080416],"to":[7.542857,13.02151,9.036613],"rotation":{"angle":22.5,"axis":"z","origin":[5.714286,13.192939,6.9223275]},"faces":{"east":{"uv":[2.875,12.0,2.0,12.375],"rotation":0,"texture":"#1","tintindex":0},"south":{"uv":[9.375,12.0,8.75,12.375],"rotation":0,"texture":"#1","tintindex":0},"north":{"uv":[8.75,12.0,9.375,12.375],"rotation":0,"texture":"#1","tintindex":0},"west":{"uv":[2.0,12.0,2.875,12.375],"rotation":0,"texture":"#1","tintindex":0},"up":{"uv":[9.125,11.875,8.5,11.0],"rotation":0,"texture":"#1","tintindex":0},"down":{"uv":[9.875,11.0,9.25,11.875],"rotation":0,"texture":"#1","tintindex":0}}},{"from":[5.428571,8.021178,5.657573],"to":[10.571428,13.164036,10.80043],"rotation":{"angle":0.0,"axis":"y","origin":[8.0,10.5926075,8.229002]},"faces":{"east":{"uv":[2.75,7.5,3.875,8.625],"rotation":0,"texture":"#1","tintindex":0},"south":{"uv":[4.0,7.5,5.125,8.625],"rotation":0,"texture":"#1","tintindex":0},"north":{"uv":[7.5,1.5,8.625,2.625],"rotation":0,"texture":"#1","tintindex":0},"west":{"uv":[3.875,7.5,2.75,8.625],"rotation":0,"texture":"#1","tintindex":0},"up":{"uv":[8.625,8.875,7.5,7.75],"rotation":0,"texture":"#1","tintindex":0},"down":{"uv":[6.375,8.5,5.25,9.625],"rotation":0,"texture":"#1","tintindex":0}}},{"from":[5.428571,-1.5788221,11.943288],"to":[10.571428,12.706893,11.943288],"rotation":{"angle":-22.5,"axis":"x","origin":[8.0,6.0211782,11.657574]},"faces":{"east":{"uv":[8.75,1.25,9.875,2.375],"rotation":0,"texture":"#1","tintindex":0},"south":{"uv":[13.0,0.0,14.125,3.125],"rotation":0,"texture":"#1","tintindex":0},"north":{"uv":[14.125,0.0,13.0,3.125],"rotation":0,"texture":"#1","tintindex":0},"west":{"uv":[9.875,1.25,8.75,2.375],"rotation":0,"texture":"#1","tintindex":0},"up":{"uv":[9.875,4.875,8.75,3.75],"rotation":0,"texture":"#1","tintindex":0},"down":{"uv":[5.125,8.75,4.0,9.875],"rotation":0,"texture":"#1","tintindex":0}}}],"display":{"head":{"translation":[0.0,-6.4,0.0],"scale":[4.0,4.0,4.0]}}}