{"textures":{"1":"modelengine:entity/statuetex"},"elements":[{"from":[6.3268685,0.03789711,7.2193255],"to":[9.184011,8.323611,10.362183],"rotation":{"angle":0.0,"axis":"y","origin":[8.0,1.1428566,8.0]},"faces":{"east":{"uv":[6.5,8.5,7.1875,10.3125],"rotation":0,"texture":"#1","tintindex":0},"south":{"uv":[2.625,9.0,2.0,10.8125],"rotation":0,"texture":"#1","tintindex":0},"north":{"uv":[2.0,9.0,2.625,10.8125],"rotation":0,"texture":"#1","tintindex":0},"west":{"uv":[7.1875,8.5,6.5,10.3125],"rotation":0,"texture":"#1","tintindex":0},"up":{"uv":[7.625,11.9375,7.0,11.25],"rotation":0,"texture":"#1","tintindex":0},"down":{"uv":[11.875,8.75,11.25,9.4375],"rotation":0,"texture":"#1","tintindex":0}}},{"from":[6.82896,7.9051657,7.484377],"to":[8.543245,9.333737,10.055806],"rotation":{"angle":0.0,"axis":"y","origin":[8.0,1.1428566,8.0]},"faces":{"east":{"uv":[12.25,2.25,12.8125,2.5625],"rotation":0,"texture":"#1","tintindex":0},"south":{"uv":[10.875,7.75,10.5,8.0625],"rotation":0,"texture":"#1","tintindex":0},"north":{"uv":[10.5,7.75,10.875,8.0625],"rotation":0,"texture":"#1","tintindex":0},"west":{"uv":[12.25,2.75,12.8125,3.0625],"rotation":0,"texture":"#1","tintindex":0},"up":{"uv":[9.875,8.8125,9.5,8.25],"rotation":0,"texture":"#1","tintindex":0},"down":{"uv":[10.625,12.0,10.25,12.5625],"rotation":0,"texture":"#1","tintindex":0}}}],"display":{"head":{"translation":[0.0,-6.4,0.0],"scale":[4.0,4.0,4.0]}}}