{"textures":{"1":"modelengine:entity/statuetex"},"elements":[{"from":[6.0996227,3.5662627,7.0857143],"to":[9.24248,7.2805486,10.514286],"rotation":{"angle":0.0,"axis":"y","origin":[8.0,8.0,8.0]},"faces":{"east":{"uv":[11.5625,3.25,10.75,4.0],"rotation":270,"texture":"#1","tintindex":0},"south":{"uv":[11.8125,0.75,11.0,1.4375],"rotation":270,"texture":"#1","tintindex":0},"north":{"uv":[11.0,0.75,11.8125,1.4375],"rotation":90,"texture":"#1","tintindex":0},"west":{"uv":[11.5625,3.25,10.75,4.0],"rotation":270,"texture":"#1","tintindex":0},"up":{"uv":[0.75,11.25,1.5,11.9375],"rotation":270,"texture":"#1","tintindex":0},"down":{"uv":[2.75,11.25,3.5,11.9375],"rotation":270,"texture":"#1","tintindex":0}}},{"from":[6.385337,2.137691,7.3714285],"to":[8.956766,4.994834,10.228572],"rotation":{"angle":0.0,"axis":"y","origin":[8.0,8.0,8.0]},"faces":{"east":{"uv":[11.5,11.0,12.125,11.625],"rotation":270,"texture":"#1","tintindex":0},"south":{"uv":[11.75,7.75,12.375,8.3125],"rotation":270,"texture":"#1","tintindex":0},"north":{"uv":[12.375,7.75,11.75,8.3125],"rotation":90,"texture":"#1","tintindex":0},"west":{"uv":[11.5,11.0,12.125,11.625],"rotation":270,"texture":"#1","tintindex":0},"up":{"uv":[12.625,0.0,12.0,0.5625],"rotation":270,"texture":"#1","tintindex":0},"down":{"uv":[12.125,11.75,11.5,12.3125],"rotation":270,"texture":"#1","tintindex":0}}},{"from":[7.971051,0.09483433,6.9142857],"to":[8.656766,2.3805485,7.4857144],"rotation":{"angle":0.0,"axis":"y","origin":[8.0,8.0,8.0]},"faces":{"east":{"uv":[10.75,4.75,11.25,4.875],"rotation":90,"texture":"#1","tintindex":0},"south":{"uv":[11.0,9.25,11.125,8.75],"rotation":180,"texture":"#1","tintindex":0},"north":{"uv":[11.125,9.25,11.0,8.75],"rotation":180,"texture":"#1","tintindex":0},"west":{"uv":[10.75,4.75,11.25,4.875],"rotation":90,"texture":"#1","tintindex":0},"up":{"uv":[11.75,2.25,11.875,2.375],"rotation":0,"texture":"#1","tintindex":0},"down":{"uv":[11.5,2.25,11.625,2.375],"rotation":180,"texture":"#1","tintindex":0}}},{"from":[7.971051,-1.3337374,7.4857144],"to":[8.656766,2.3805485,10.057143],"rotation":{"angle":0.0,"axis":"y","origin":[8.0,8.0,8.0]},"faces":{"east":{"uv":[10.5,10.25,11.3125,10.8125],"rotation":90,"texture":"#1","tintindex":0},"south":{"uv":[11.375,12.0,11.25,13.3125],"rotation":0,"texture":"#1","tintindex":0},"north":{"uv":[4.125,13.3125,4.0,12.0],"rotation":180,"texture":"#1","tintindex":0},"west":{"uv":[10.5,10.25,11.3125,10.8125],"rotation":90,"texture":"#1","tintindex":0},"up":{"uv":[6.25,9.75,6.375,10.3125],"rotation":0,"texture":"#1","tintindex":0},"down":{"uv":[8.5,2.75,8.625,3.3125],"rotation":180,"texture":"#1","tintindex":0}}}],"display":{"head":{"translation":[0.0,-6.4,0.0],"scale":[4.0,4.0,4.0]}}}