{"textures":{"1":"modelengine:entity/statuetex"},"elements":[{"from":[6.7575197,3.5662627,7.0857143],"to":[9.900377,7.2805486,10.514286],"rotation":{"angle":0.0,"axis":"y","origin":[8.0,8.0,8.0]},"faces":{"east":{"uv":[11.5625,4.0,10.75,3.25],"rotation":270,"texture":"#1","tintindex":0},"south":{"uv":[11.8125,1.4375,11.0,0.75],"rotation":270,"texture":"#1","tintindex":0},"north":{"uv":[11.0,1.4375,11.8125,0.75],"rotation":90,"texture":"#1","tintindex":0},"west":{"uv":[11.5625,4.0,10.75,3.25],"rotation":270,"texture":"#1","tintindex":0},"up":{"uv":[0.75,11.9375,1.5,11.25],"rotation":270,"texture":"#1","tintindex":0},"down":{"uv":[2.75,11.9375,3.5,11.25],"rotation":270,"texture":"#1","tintindex":0}}},{"from":[7.0432343,2.137691,7.3714285],"to":[9.614663,4.994834,10.228572],"rotation":{"angle":0.0,"axis":"y","origin":[8.0,8.0,8.0]},"faces":{"east":{"uv":[11.5,11.625,12.125,11.0],"rotation":270,"texture":"#1","tintindex":0},"south":{"uv":[11.75,8.3125,12.375,7.75],"rotation":270,"texture":"#1","tintindex":0},"north":{"uv":[12.375,8.3125,11.75,7.75],"rotation":90,"texture":"#1","tintindex":0},"west":{"uv":[11.5,11.625,12.125,11.0],"rotation":270,"texture":"#1","tintindex":0},"up":{"uv":[12.625,0.5625,12.0,0.0],"rotation":270,"texture":"#1","tintindex":0},"down":{"uv":[12.125,12.3125,11.5,11.75],"rotation":270,"texture":"#1","tintindex":0}}},{"from":[7.343234,-1.3337374,7.4857144],"to":[8.028949,2.3805485,10.057143],"rotation":{"angle":0.0,"axis":"y","origin":[8.0,8.0,8.0]},"faces":{"east":{"uv":[10.5,10.8125,11.3125,10.25],"rotation":90,"texture":"#1","tintindex":0},"south":{"uv":[11.25,12.0,11.375,13.3125],"rotation":0,"texture":"#1","tintindex":0},"north":{"uv":[4.0,13.3125,4.125,12.0],"rotation":180,"texture":"#1","tintindex":0},"west":{"uv":[10.5,10.8125,11.3125,10.25],"rotation":90,"texture":"#1","tintindex":0},"up":{"uv":[6.375,9.75,6.25,10.3125],"rotation":0,"texture":"#1","tintindex":0},"down":{"uv":[8.625,2.75,8.5,3.3125],"rotation":180,"texture":"#1","tintindex":0}}},{"from":[7.343234,0.09483433,6.9142857],"to":[8.028949,2.3805485,7.4857144],"rotation":{"angle":0.0,"axis":"y","origin":[8.0,8.0,8.0]},"faces":{"east":{"uv":[10.75,4.875,11.25,4.75],"rotation":90,"texture":"#1","tintindex":0},"south":{"uv":[11.125,9.25,11.0,8.75],"rotation":180,"texture":"#1","tintindex":0},"north":{"uv":[11.0,9.25,11.125,8.75],"rotation":180,"texture":"#1","tintindex":0},"west":{"uv":[10.75,4.875,11.25,4.75],"rotation":90,"texture":"#1","tintindex":0},"up":{"uv":[11.875,2.25,11.75,2.375],"rotation":0,"texture":"#1","tintindex":0},"down":{"uv":[11.625,2.25,11.5,2.375],"rotation":180,"texture":"#1","tintindex":0}}}],"display":{"head":{"translation":[0.0,-6.4,0.0],"scale":[4.0,4.0,4.0]}}}