{"textures":{"1":"modelengine:entity/statuetex"},"elements":[{"from":[6.8506603,-8.33404,7.1],"to":[8.05066,-1.8340397,11.6],"faces":{"east":{"uv":[10.5,10.8125,11.3125,10.25],"tintindex":0,"rotation":90,"texture":"#1"},"south":{"uv":[11.25,12.0,11.375,13.3125],"tintindex":0,"rotation":0,"texture":"#1"},"north":{"uv":[4.0,13.3125,4.125,12.0],"tintindex":0,"rotation":180,"texture":"#1"},"west":{"uv":[10.5,10.8125,11.3125,10.25],"tintindex":0,"rotation":90,"texture":"#1"},"up":{"uv":[6.375,9.75,6.25,10.3125],"tintindex":0,"rotation":0,"texture":"#1"},"down":{"uv":[8.625,2.75,8.5,3.3125],"tintindex":0,"rotation":180,"texture":"#1"}}},{"from":[6.3256607,-2.2590408,6.9],"to":[10.825661,2.7409592,11.9],"faces":{"east":{"uv":[11.5,11.625,12.125,11.0],"tintindex":0,"rotation":270,"texture":"#1"},"south":{"uv":[11.75,8.3125,12.375,7.75],"tintindex":0,"rotation":270,"texture":"#1"},"north":{"uv":[12.375,8.3125,11.75,7.75],"tintindex":0,"rotation":90,"texture":"#1"},"west":{"uv":[11.5,11.625,12.125,11.0],"tintindex":0,"rotation":270,"texture":"#1"},"up":{"uv":[12.625,0.5625,12.0,0.0],"tintindex":0,"rotation":270,"texture":"#1"},"down":{"uv":[12.125,12.3125,11.5,11.75],"tintindex":0,"rotation":270,"texture":"#1"}}},{"from":[5.8256607,0.24095917,6.4],"to":[11.325661,6.740959,12.4],"faces":{"east":{"uv":[11.5625,4.0,10.75,3.25],"tintindex":0,"rotation":270,"texture":"#1"},"south":{"uv":[11.8125,1.4375,11.0,0.75],"tintindex":0,"rotation":270,"texture":"#1"},"north":{"uv":[11.0,1.4375,11.8125,0.75],"tintindex":0,"rotation":90,"texture":"#1"},"west":{"uv":[11.5625,4.0,10.75,3.25],"tintindex":0,"rotation":270,"texture":"#1"},"up":{"uv":[0.75,11.9375,1.5,11.25],"tintindex":0,"rotation":270,"texture":"#1"},"down":{"uv":[2.75,11.9375,3.5,11.25],"tintindex":0,"rotation":270,"texture":"#1"}}},{"from":[6.8506603,-5.8340397,6.1],"to":[8.05066,-1.8340397,7.1],"faces":{"east":{"uv":[10.75,4.875,11.25,4.75],"tintindex":0,"rotation":90,"texture":"#1"},"south":{"uv":[11.125,9.25,11.0,8.75],"tintindex":0,"rotation":180,"texture":"#1"},"north":{"uv":[11.0,9.25,11.125,8.75],"tintindex":0,"rotation":180,"texture":"#1"},"west":{"uv":[10.75,4.875,11.25,4.75],"tintindex":0,"rotation":90,"texture":"#1"},"up":{"uv":[11.875,2.25,11.75,2.375],"tintindex":0,"rotation":0,"texture":"#1"},"down":{"uv":[11.625,2.25,11.5,2.375],"tintindex":0,"rotation":180,"texture":"#1"}}}]}