{"textures":{"0":"modelengine:entity/sleighreindeer"},"elements":[{"from":[5.9195023,8.41308,5.142857],"to":[6.490931,8.984509,5.714286],"rotation":{"angle":0.0,"axis":"y","origin":[2.8571424,0.5714283,4.5714283]},"faces":{"east":{"uv":[0.0,0.0,0.25,0.25],"rotation":0,"texture":"#0","tintindex":0},"south":{"uv":[15.0,7.3125,15.25,7.5625],"rotation":0,"texture":"#0","tintindex":0},"north":{"uv":[15.0,7.3125,15.25,7.5625],"rotation":0,"texture":"#0","tintindex":0},"west":{"uv":[4.3125,15.025,4.5625,15.275],"rotation":0,"texture":"#0","tintindex":0},"up":{"uv":[15.0,7.3125,15.25,7.5625],"rotation":0,"texture":"#0","tintindex":0},"down":{"uv":[15.0,7.3125,15.25,7.5625],"rotation":0,"texture":"#0","tintindex":0}}},{"from":[5.9195023,9.555938,6.285714],"to":[6.490931,10.127366,6.857143],"rotation":{"angle":0.0,"axis":"y","origin":[2.8571424,0.5714283,4.5714283]},"faces":{"east":{"uv":[0.0,0.0,0.25,0.25],"rotation":0,"texture":"#0","tintindex":0},"south":{"uv":[15.0,7.3125,15.25,7.5625],"rotation":0,"texture":"#0","tintindex":0},"north":{"uv":[15.0,7.3125,15.25,7.5625],"rotation":0,"texture":"#0","tintindex":0},"west":{"uv":[4.3125,15.025,4.5625,15.275],"rotation":0,"texture":"#0","tintindex":0},"up":{"uv":[15.0,7.3125,15.25,7.5625],"rotation":0,"texture":"#0","tintindex":0},"down":{"uv":[15.0,7.3125,15.25,7.5625],"rotation":0,"texture":"#0","tintindex":0}}},{"from":[9.405217,8.41308,5.142857],"to":[9.976645,8.984509,5.714286],"rotation":{"angle":0.0,"axis":"y","origin":[13.096148,0.5714283,4.5714283]},"faces":{"east":{"uv":[4.3125,15.025,4.5625,15.275],"rotation":0,"texture":"#0","tintindex":0},"south":{"uv":[0.25,0.0,0.5,0.25],"rotation":0,"texture":"#0","tintindex":0},"north":{"uv":[15.0,7.3125,15.25,7.5625],"rotation":0,"texture":"#0","tintindex":0},"west":{"uv":[0.25,0.0,0.5,0.25],"rotation":0,"texture":"#0","tintindex":0},"up":{"uv":[15.0,7.3125,15.25,7.5625],"rotation":0,"texture":"#0","tintindex":0},"down":{"uv":[15.0,7.3125,15.25,7.5625],"rotation":0,"texture":"#0","tintindex":0}}},{"from":[9.405217,9.555938,6.285714],"to":[9.976645,10.127366,6.857143],"rotation":{"angle":0.0,"axis":"y","origin":[13.096148,0.5714283,4.5714283]},"faces":{"east":{"uv":[4.3125,15.025,4.5625,15.275],"rotation":0,"texture":"#0","tintindex":0},"south":{"uv":[0.25,0.0,0.5,0.25],"rotation":0,"texture":"#0","tintindex":0},"north":{"uv":[15.0,7.3125,15.25,7.5625],"rotation":0,"texture":"#0","tintindex":0},"west":{"uv":[0.25,0.0,0.5,0.25],"rotation":0,"texture":"#0","tintindex":0},"up":{"uv":[15.0,7.3125,15.25,7.5625],"rotation":0,"texture":"#0","tintindex":0},"down":{"uv":[15.0,7.3125,15.25,7.5625],"rotation":0,"texture":"#0","tintindex":0}}},{"from":[7.06236,7.841652,4.309533],"to":[7.633788,8.41308,4.8809614],"rotation":{"angle":0.0,"axis":"y","origin":[2.8571424,0.5714283,4.5714283]},"faces":{"east":{"uv":[15.0,7.3125,15.25,7.5625],"rotation":0,"texture":"#0","tintindex":0},"south":{"uv":[15.0,7.3125,15.25,7.5625],"rotation":0,"texture":"#0","tintindex":0},"north":{"uv":[4.3125,15.025,4.5625,15.275],"rotation":0,"texture":"#0","tintindex":0},"west":{"uv":[15.0,7.3125,15.25,7.5625],"rotation":0,"texture":"#0","tintindex":0},"up":{"uv":[15.0,7.3125,15.25,7.5625],"rotation":0,"texture":"#0","tintindex":0},"down":{"uv":[15.0,7.3125,15.25,7.5625],"rotation":0,"texture":"#0","tintindex":0}}},{"from":[8.205216,7.841652,4.309533],"to":[8.776646,8.41308,4.8809614],"rotation":{"angle":0.0,"axis":"y","origin":[2.8571424,0.5714283,4.5714283]},"faces":{"east":{"uv":[15.0,7.3125,15.25,7.5625],"rotation":0,"texture":"#0","tintindex":0},"south":{"uv":[15.0,7.3125,15.25,7.5625],"rotation":0,"texture":"#0","tintindex":0},"north":{"uv":[4.3125,15.025,4.5625,15.275],"rotation":0,"texture":"#0","tintindex":0},"west":{"uv":[15.0,7.3125,15.25,7.5625],"rotation":0,"texture":"#0","tintindex":0},"up":{"uv":[15.0,7.3125,15.25,7.5625],"rotation":0,"texture":"#0","tintindex":0},"down":{"uv":[15.0,7.3125,15.25,7.5625],"rotation":0,"texture":"#0","tintindex":0}}},{"from":[8.205216,10.698795,7.45239],"to":[8.776646,11.270224,8.023819],"rotation":{"angle":0.0,"axis":"y","origin":[2.8571424,0.5714283,4.5714283]},"faces":{"east":{"uv":[15.0,7.3125,15.25,7.5625],"rotation":0,"texture":"#0","tintindex":0},"south":{"uv":[4.3125,15.025,4.5625,15.275],"rotation":0,"texture":"#0","tintindex":0},"north":{"uv":[15.0,7.3125,15.25,7.5625],"rotation":0,"texture":"#0","tintindex":0},"west":{"uv":[15.0,7.3125,15.25,7.5625],"rotation":0,"texture":"#0","tintindex":0},"up":{"uv":[15.0,7.3125,15.25,7.5625],"rotation":0,"texture":"#0","tintindex":0},"down":{"uv":[15.0,7.3125,15.25,7.5625],"rotation":0,"texture":"#0","tintindex":0}}},{"from":[7.06236,10.698795,7.45239],"to":[7.633788,11.270224,8.023819],"rotation":{"angle":0.0,"axis":"y","origin":[2.8571424,0.5714283,4.5714283]},"faces":{"east":{"uv":[15.0,7.3125,15.25,7.5625],"rotation":0,"texture":"#0","tintindex":0},"south":{"uv":[4.3125,15.025,4.5625,15.275],"rotation":0,"texture":"#0","tintindex":0},"north":{"uv":[15.0,7.3125,15.25,7.5625],"rotation":0,"texture":"#0","tintindex":0},"west":{"uv":[15.0,7.3125,15.25,7.5625],"rotation":0,"texture":"#0","tintindex":0},"up":{"uv":[15.0,7.3125,15.25,7.5625],"rotation":0,"texture":"#0","tintindex":0},"down":{"uv":[15.0,7.3125,15.25,7.5625],"rotation":0,"texture":"#0","tintindex":0}}},{"from":[6.493778,7.333013,4.0811214],"to":[9.398568,10.742984,7.8699775],"rotation":{"angle":-45.0,"axis":"x","origin":[15.839623,10.048929,6.859616]},"faces":{"east":{"uv":[3.75,6.75,1.75,8.5],"rotation":0,"texture":"#0","tintindex":0},"south":{"uv":[0.0,8.75,1.5,9.8125],"rotation":0,"texture":"#0","tintindex":0},"north":{"uv":[5.75,8.5,7.25,10.25],"rotation":0,"texture":"#0","tintindex":0},"west":{"uv":[1.75,6.75,3.75,8.5],"rotation":0,"texture":"#0","tintindex":0},"up":{"uv":[1.75,6.75,0.0,8.75],"rotation":0,"texture":"#0","tintindex":0},"down":{"uv":[5.75,8.5,7.25,10.25],"rotation":0,"texture":"#0","tintindex":0}}}],"display":{"head":{"translation":[0.0,-6.4,0.0],"scale":[4.0,4.0,4.0]}}}