{"textures":{"0":"modelengine:entity/sleighreindeer"},"elements":[{"from":[6.2755113,3.047761,5.2486253],"to":[8.485678,9.015209,9.447941],"faces":{"east":{"uv":[8.5,9.75,7.25,11.5],"tintindex":0,"rotation":0,"texture":"#0"},"south":{"uv":[3.25,11.25,4.0,13.0],"tintindex":0,"rotation":0,"texture":"#0"},"north":{"uv":[3.25,11.25,4.0,13.0],"tintindex":0,"rotation":0,"texture":"#0"},"west":{"uv":[7.25,9.75,8.5,11.5],"tintindex":0,"rotation":0,"texture":"#0"},"up":{"uv":[2.75,13.0,3.25,13.75],"tintindex":0,"rotation":0,"texture":"#0"},"down":{"uv":[11.25,12.75,10.5,13.5],"tintindex":0,"rotation":0,"texture":"#0"}},"rotation":{"origin":[25.061922,9.015209,11.216074],"angle":-22.5,"axis":"x"}},{"from":[6.4965277,-0.26748848,7.679808],"to":[8.264661,2.716236,10.110991],"faces":{"east":{"uv":[11.25,12.75,10.5,13.5],"tintindex":0,"rotation":0,"texture":"#0"},"south":{"uv":[11.25,12.75,10.5,13.5],"tintindex":0,"rotation":0,"texture":"#0"},"north":{"uv":[11.25,12.75,10.5,13.5],"tintindex":0,"rotation":0,"texture":"#0"},"west":{"uv":[10.5,12.75,11.25,13.5],"tintindex":0,"rotation":0,"texture":"#0"},"up":{"uv":[13.5,11.75,13.0,11.0],"tintindex":0,"rotation":0,"texture":"#0"},"down":{"uv":[11.25,12.75,10.5,13.5],"tintindex":0,"rotation":0,"texture":"#0"}},"rotation":{"origin":[25.061922,4.5948772,11.216074],"angle":-22.5,"axis":"x"}}]}