{"textures":{"1":"modelengine:entity/ecsanta"},"elements":[{"from":[7.333623,8.137043,7.25235],"to":[9.220709,11.675328,9.127642],"rotation":{"angle":-22.5,"axis":"z","origin":[8.0,8.0,8.571428]},"faces":{"east":{"uv":[9.0,12.03125,9.40625,11.25],"rotation":0,"texture":"#1","tintindex":0},"south":{"uv":[9.0,12.03125,9.40625,11.25],"rotation":0,"texture":"#1","tintindex":0},"north":{"uv":[9.0,12.03125,9.40625,11.25],"rotation":0,"texture":"#1","tintindex":0},"west":{"uv":[9.0,12.03125,9.40625,11.25],"rotation":0,"texture":"#1","tintindex":0},"up":{"uv":[12.15625,7.90625,11.75,7.5],"rotation":0,"texture":"#1","tintindex":0},"down":{"uv":[12.15625,7.90625,11.75,7.5],"rotation":0,"texture":"#1","tintindex":0}}},{"from":[7.510537,11.519779,7.2769003],"to":[9.161737,15.058065,9.152192],"rotation":{"angle":-22.5,"axis":"z","origin":[8.0,8.0,8.571428]},"faces":{"east":{"uv":[7.375,11.375,8.15625,11.78125],"rotation":90,"texture":"#1","tintindex":0},"south":{"uv":[2.5,12.28125,2.875,11.5],"rotation":0,"texture":"#1","tintindex":0},"north":{"uv":[2.875,12.28125,2.5,11.5],"rotation":0,"texture":"#1","tintindex":0},"west":{"uv":[7.375,11.375,8.15625,11.78125],"rotation":90,"texture":"#1","tintindex":0},"up":{"uv":[7.0,11.75,7.375,12.15625],"rotation":0,"texture":"#1","tintindex":0},"down":{"uv":[8.125,11.875,7.75,12.28125],"rotation":0,"texture":"#1","tintindex":0}}}],"display":{"head":{"translation":[0.0,-6.4,0.0],"scale":[4.0,4.0,4.0]}}}