{"textures":{"0":"modelengine:entity/bs_ice_sentinel_texture"},"elements":[{"from":[-4.1071434,14.333331,3.5714283],"to":[20.464287,26.333332,15.571428],"rotation":{"angle":-45.0,"axis":"x","origin":[8.178572,19.761902,9.571428]},"faces":{"east":{"uv":[0.0,7.0625,1.3125,8.375],"rotation":0,"texture":"#0","tintindex":0},"south":{"uv":[0.0,1.3125,2.6875,2.625],"rotation":0,"texture":"#0","tintindex":0},"north":{"uv":[0.0,0.0,2.6875,1.3125],"rotation":0,"texture":"#0","tintindex":0},"west":{"uv":[1.3125,7.0625,2.625,8.375],"rotation":0,"texture":"#0","tintindex":0},"up":{"uv":[2.6875,3.9375,0.0,2.625],"rotation":0,"texture":"#0","tintindex":0},"down":{"uv":[5.375,0.0,2.6875,1.3125],"rotation":0,"texture":"#0","tintindex":0}}},{"from":[0.17857122,9.761902,4.714286],"to":[16.178572,17.761902,14.428572],"rotation":{"angle":0.0,"axis":"y","origin":[11.892858,-21.66667,11.0]},"faces":{"east":{"uv":[10.25,7.3125,11.3125,8.1875],"rotation":0,"texture":"#0","tintindex":0},"south":{"uv":[7.0625,3.6875,8.8125,4.5625],"rotation":0,"texture":"#0","tintindex":0},"north":{"uv":[2.625,7.0625,4.375,7.9375],"rotation":0,"texture":"#0","tintindex":0},"west":{"uv":[10.25,8.1875,11.3125,9.0625],"rotation":0,"texture":"#0","tintindex":0},"up":{"uv":[7.5625,2.625,5.8125,1.5625],"rotation":0,"texture":"#0","tintindex":0},"down":{"uv":[3.125,6.0,1.375,7.0625],"rotation":0,"texture":"#0","tintindex":0}}},{"from":[-2.6785717,20.571426,9.571428],"to":[5.892857,29.142857,19.285715],"rotation":{"angle":-22.5,"axis":"x","origin":[-14.107143,27.42857,13.857143]},"faces":{"east":{"uv":[9.6875,2.4375,10.75,3.375],"rotation":0,"texture":"#0","tintindex":0},"south":{"uv":[10.9375,3.375,11.875,4.3125],"rotation":0,"texture":"#0","tintindex":0},"north":{"uv":[10.625,10.875,11.5625,11.8125],"rotation":0,"texture":"#0","tintindex":0},"west":{"uv":[4.9375,9.875,6.0,10.8125],"rotation":0,"texture":"#0","tintindex":0},"up":{"uv":[6.9375,10.9375,6.0,9.875],"rotation":0,"texture":"#0","tintindex":0},"down":{"uv":[0.9375,9.9375,0.0,11.0],"rotation":0,"texture":"#0","tintindex":0}}},{"from":[1.3214283,11.961851,12.291662],"to":[7.607143,18.247566,19.148806],"rotation":{"angle":-22.5,"axis":"x","origin":[3.892857,15.104709,17.291662]},"faces":{"east":{"uv":[11.1875,12.4375,11.9375,13.125],"rotation":0,"texture":"#0","tintindex":0},"south":{"uv":[13.125,4.75,13.8125,5.4375],"rotation":0,"texture":"#0","tintindex":0},"north":{"uv":[13.125,1.1875,13.8125,1.875],"rotation":0,"texture":"#0","tintindex":0},"west":{"uv":[4.5,12.5,5.25,13.1875],"rotation":0,"texture":"#0","tintindex":0},"up":{"uv":[9.3125,13.25,8.625,12.5],"rotation":0,"texture":"#0","tintindex":0},"down":{"uv":[10.0,12.5,9.3125,13.25],"rotation":0,"texture":"#0","tintindex":0}}},{"from":[9.321428,15.428569,9.571428],"to":[17.892857,23.999998,19.857143],"rotation":{"angle":22.5,"axis":"y","origin":[14.178572,19.714283,14.428572]},"faces":{"east":{"uv":[9.125,0.0,10.25,0.9375],"rotation":0,"texture":"#0","tintindex":0},"south":{"uv":[11.0625,0.9375,12.0,1.875],"rotation":0,"texture":"#0","tintindex":0},"north":{"uv":[0.0,11.0,0.9375,11.9375],"rotation":0,"texture":"#0","tintindex":0},"west":{"uv":[9.3125,5.25,10.4375,6.1875],"rotation":0,"texture":"#0","tintindex":0},"up":{"uv":[10.375,7.3125,9.4375,6.1875],"rotation":0,"texture":"#0","tintindex":0},"down":{"uv":[2.8125,9.5,1.875,10.625],"rotation":0,"texture":"#0","tintindex":0}}},{"from":[11.035714,16.285711,5.0],"to":[19.607143,30.571428,13.571428],"rotation":{"angle":22.5,"axis":"x","origin":[9.607143,25.999998,13.857143]},"faces":{"east":{"uv":[8.375,5.4375,9.3125,7.0],"rotation":0,"texture":"#0","tintindex":0},"south":{"uv":[8.5625,8.0,9.5,9.5625],"rotation":0,"texture":"#0","tintindex":0},"north":{"uv":[0.9375,8.375,1.875,9.9375],"rotation":0,"texture":"#0","tintindex":0},"west":{"uv":[8.75,1.8125,9.6875,3.375],"rotation":0,"texture":"#0","tintindex":0},"up":{"uv":[6.8125,11.875,5.875,10.9375],"rotation":0,"texture":"#0","tintindex":0},"down":{"uv":[8.9375,10.9375,8.0,11.875],"rotation":0,"texture":"#0","tintindex":0}}},{"from":[-4.3928576,19.999998,2.7142854],"to":[2.4642854,32.0,9.571428],"rotation":{"angle":22.5,"axis":"z","origin":[0.7499995,25.999998,5.0]},"faces":{"east":{"uv":[9.125,10.0625,9.875,11.375],"rotation":0,"texture":"#0","tintindex":0},"south":{"uv":[9.875,10.0625,10.625,11.375],"rotation":0,"texture":"#0","tintindex":0},"north":{"uv":[0.9375,9.9375,1.6875,11.25],"rotation":0,"texture":"#0","tintindex":0},"west":{"uv":[10.1875,3.375,10.9375,4.6875],"rotation":0,"texture":"#0","tintindex":0},"up":{"uv":[3.25,12.8125,2.5,12.0625],"rotation":0,"texture":"#0","tintindex":0},"down":{"uv":[12.8125,4.1875,12.0625,4.9375],"rotation":0,"texture":"#0","tintindex":0}}}],"display":{"head":{"translation":[0.0,14.552393,0.0],"scale":[4.0,4.0,4.0]}}}