{"textures":{"0":"modelengine:entity/bs_ice_sentinel_texture"},"elements":[{"from":[3.4285712,6.0,-0.2857151],"to":[12.571428,14.0,8.285714],"rotation":{"angle":0.0,"axis":"y","origin":[11.714286,-38.000004,18.0]},"faces":{"east":{"uv":[11.25,0.0,12.1875,0.875],"rotation":0,"texture":"#0","tintindex":0},"south":{"uv":[6.8125,11.1875,7.8125,12.0625],"rotation":0,"texture":"#0","tintindex":0},"north":{"uv":[2.625,11.1875,3.625,12.0625],"rotation":0,"texture":"#0","tintindex":0},"west":{"uv":[3.625,11.25,4.5625,12.125],"rotation":0,"texture":"#0","tintindex":0},"up":{"uv":[11.25,0.9375,10.25,0.0],"rotation":0,"texture":"#0","tintindex":0},"down":{"uv":[3.8125,10.25,2.8125,11.1875],"rotation":0,"texture":"#0","tintindex":0}}},{"from":[6.5714283,12.095238,1.7142854],"to":[12.285715,20.095238,7.428571],"rotation":{"angle":-22.5,"axis":"z","origin":[0.85714245,9.666667,12.0]},"faces":{"east":{"uv":[7.0625,12.0625,7.6875,12.9375],"rotation":0,"texture":"#0","tintindex":0},"south":{"uv":[3.25,12.125,3.875,13.0],"rotation":0,"texture":"#0","tintindex":0},"north":{"uv":[6.4375,12.0625,7.0625,12.9375],"rotation":0,"texture":"#0","tintindex":0},"west":{"uv":[3.875,12.125,4.5,13.0],"rotation":0,"texture":"#0","tintindex":0},"up":{"uv":[7.625,9.5,7.0,8.875],"rotation":0,"texture":"#0","tintindex":0},"down":{"uv":[13.875,8.625,13.25,9.25],"rotation":0,"texture":"#0","tintindex":0}}},{"from":[3.8623152,15.886303,0.28571415],"to":[7.8623157,20.457731,4.285714],"rotation":{"angle":45.0,"axis":"z","origin":[11.290887,12.457731,4.5714283]},"faces":{"east":{"uv":[6.0,14.375,6.4375,14.875],"rotation":0,"texture":"#0","tintindex":0},"south":{"uv":[6.4375,14.375,6.875,14.875],"rotation":0,"texture":"#0","tintindex":0},"north":{"uv":[4.8125,14.375,5.25,14.875],"rotation":0,"texture":"#0","tintindex":0},"west":{"uv":[12.625,14.375,13.0625,14.875],"rotation":0,"texture":"#0","tintindex":0},"up":{"uv":[8.75,15.125,8.3125,14.6875],"rotation":0,"texture":"#0","tintindex":0},"down":{"uv":[15.125,11.625,14.6875,12.0625],"rotation":0,"texture":"#0","tintindex":0}}},{"from":[4.0,9.608002,5.762556],"to":[8.571428,16.465145,10.333984],"rotation":{"angle":45.0,"axis":"x","origin":[6.0,14.17943,8.04827]},"faces":{"east":{"uv":[11.625,13.5625,12.125,14.3125],"rotation":0,"texture":"#0","tintindex":0},"south":{"uv":[4.9375,13.625,5.4375,14.375],"rotation":0,"texture":"#0","tintindex":0},"north":{"uv":[9.875,13.375,10.375,14.125],"rotation":0,"texture":"#0","tintindex":0},"west":{"uv":[6.375,13.625,6.875,14.375],"rotation":0,"texture":"#0","tintindex":0},"up":{"uv":[12.625,14.8125,12.125,14.3125],"rotation":0,"texture":"#0","tintindex":0},"down":{"uv":[13.6875,14.3125,13.1875,14.8125],"rotation":0,"texture":"#0","tintindex":0}}}],"display":{"head":{"translation":[0.0,-6.4,0.0],"scale":[4.0,4.0,4.0]}}}