{"textures":{"0":"modelengine:entity/bs_ice_sentinel_texture"},"elements":[{"from":[1.0,10.814003,4.0844727],"to":[9.0,22.814003,12.084474],"faces":{"east":{"uv":[11.625,13.5625,12.125,14.3125],"tintindex":0,"rotation":0,"texture":"#0"},"south":{"uv":[4.9375,13.625,5.4375,14.375],"tintindex":0,"rotation":0,"texture":"#0"},"north":{"uv":[9.875,13.375,10.375,14.125],"tintindex":0,"rotation":0,"texture":"#0"},"west":{"uv":[6.375,13.625,6.875,14.375],"tintindex":0,"rotation":0,"texture":"#0"},"up":{"uv":[12.625,14.8125,12.125,14.3125],"tintindex":0,"rotation":0,"texture":"#0"},"down":{"uv":[13.6875,14.3125,13.1875,14.8125],"tintindex":0,"rotation":0,"texture":"#0"}},"rotation":{"origin":[4.5,18.814003,8.084473],"angle":45.0,"axis":"x"}},{"from":[5.5,15.166664,-3.0],"to":[15.5,29.166664,7.0],"faces":{"east":{"uv":[7.0625,12.0625,7.6875,12.9375],"tintindex":0,"rotation":0,"texture":"#0"},"south":{"uv":[3.25,12.125,3.875,13.0],"tintindex":0,"rotation":0,"texture":"#0"},"north":{"uv":[6.4375,12.0625,7.0625,12.9375],"tintindex":0,"rotation":0,"texture":"#0"},"west":{"uv":[3.875,12.125,4.5,13.0],"tintindex":0,"rotation":0,"texture":"#0"},"up":{"uv":[7.625,9.5,7.0,8.875],"tintindex":0,"rotation":0,"texture":"#0"},"down":{"uv":[13.875,8.625,13.25,9.25],"tintindex":0,"rotation":0,"texture":"#0"}},"rotation":{"origin":[-4.5,10.916664,15.0],"angle":-22.5,"axis":"z"}},{"from":[0.0,4.5,-6.5],"to":[16.0,18.5,8.5],"faces":{"east":{"uv":[11.25,0.0,12.1875,0.875],"tintindex":0,"rotation":0,"texture":"#0"},"south":{"uv":[6.8125,11.1875,7.8125,12.0625],"tintindex":0,"rotation":0,"texture":"#0"},"north":{"uv":[2.625,11.1875,3.625,12.0625],"tintindex":0,"rotation":0,"texture":"#0"},"west":{"uv":[3.625,11.25,4.5625,12.125],"tintindex":0,"rotation":0,"texture":"#0"},"up":{"uv":[11.25,0.9375,10.25,0.0],"tintindex":0,"rotation":0,"texture":"#0"},"down":{"uv":[3.8125,10.25,2.8125,11.1875],"tintindex":0,"rotation":0,"texture":"#0"}}},{"from":[0.7590523,21.801033,-5.5],"to":[7.7590523,29.801033,1.5],"faces":{"east":{"uv":[6.0,14.375,6.4375,14.875],"tintindex":0,"rotation":0,"texture":"#0"},"south":{"uv":[6.4375,14.375,6.875,14.875],"tintindex":0,"rotation":0,"texture":"#0"},"north":{"uv":[4.8125,14.375,5.25,14.875],"tintindex":0,"rotation":0,"texture":"#0"},"west":{"uv":[12.625,14.375,13.0625,14.875],"tintindex":0,"rotation":0,"texture":"#0"},"up":{"uv":[8.75,15.125,8.3125,14.6875],"tintindex":0,"rotation":0,"texture":"#0"},"down":{"uv":[15.125,11.625,14.6875,12.0625],"tintindex":0,"rotation":0,"texture":"#0"}},"rotation":{"origin":[13.759052,15.801033,2.0],"angle":45.0,"axis":"z"}}]}