{"textures":{"0":"modelengine:entity/bs_ice_sentinel_texture"},"elements":[{"from":[-4.285715,0.61904716,0.85714245],"to":[8.285714,14.904762,15.142858],"rotation":{"angle":0.0,"axis":"y","origin":[-12.428572,8.047619,8.0]},"faces":{"east":{"uv":[0.0,3.9375,1.5625,5.5],"rotation":0,"texture":"#0","tintindex":0},"south":{"uv":[5.625,2.875,7.0,4.4375],"rotation":0,"texture":"#0","tintindex":0},"north":{"uv":[0.0,5.5,1.375,7.0625],"rotation":0,"texture":"#0","tintindex":0},"west":{"uv":[4.25,1.3125,5.8125,2.875],"rotation":0,"texture":"#0","tintindex":0},"up":{"uv":[7.0625,6.0,5.6875,4.4375],"rotation":0,"texture":"#0","tintindex":0},"down":{"uv":[7.1875,0.0,5.8125,1.5625],"rotation":0,"texture":"#0","tintindex":0}}},{"from":[6.857143,7.428571,1.7142854],"to":[14.857143,13.714286,8.0],"rotation":{"angle":-22.5,"axis":"y","origin":[8.0,13.714286,3.4285712]},"faces":{"east":{"uv":[13.0625,7.9375,13.75,8.625],"rotation":0,"texture":"#0","tintindex":0},"south":{"uv":[11.5625,10.3125,12.4375,11.0],"rotation":0,"texture":"#0","tintindex":0},"north":{"uv":[11.5625,9.625,12.4375,10.3125],"rotation":0,"texture":"#0","tintindex":0},"west":{"uv":[13.125,0.5,13.8125,1.1875],"rotation":0,"texture":"#0","tintindex":0},"up":{"uv":[12.4375,11.6875,11.5625,11.0],"rotation":0,"texture":"#0","tintindex":0},"down":{"uv":[12.5625,2.4375,11.6875,3.125],"rotation":0,"texture":"#0","tintindex":0}}},{"from":[2.5021024,1.7142854,10.889342],"to":[9.359245,8.571428,23.460772],"rotation":{"angle":22.5,"axis":"y","origin":[5.6449594,7.142857,14.603628]},"faces":{"east":{"uv":[7.0,9.5625,8.375,10.3125],"rotation":0,"texture":"#0","tintindex":0},"south":{"uv":[12.0,7.5625,12.75,8.3125],"rotation":0,"texture":"#0","tintindex":0},"north":{"uv":[12.0,6.8125,12.75,7.5625],"rotation":0,"texture":"#0","tintindex":0},"west":{"uv":[9.6875,1.6875,11.0625,2.4375],"rotation":0,"texture":"#0","tintindex":0},"up":{"uv":[9.125,10.9375,8.375,9.5625],"rotation":0,"texture":"#0","tintindex":0},"down":{"uv":[4.9375,9.875,4.1875,11.25],"rotation":0,"texture":"#0","tintindex":0}}},{"from":[4.8571424,1.7142854,3.4285712],"to":[14.571428,6.285714,8.0],"rotation":{"angle":-45.0,"axis":"y","origin":[8.0,2.2857141,6.285714]},"faces":{"east":{"uv":[14.3125,10.625,14.8125,11.125],"rotation":0,"texture":"#0","tintindex":0},"south":{"uv":[12.3125,6.0,13.375,6.5],"rotation":0,"texture":"#0","tintindex":0},"north":{"uv":[12.1875,8.8125,13.25,9.3125],"rotation":0,"texture":"#0","tintindex":0},"west":{"uv":[11.625,14.3125,12.125,14.8125],"rotation":0,"texture":"#0","tintindex":0},"up":{"uv":[13.375,12.1875,12.3125,11.6875],"rotation":0,"texture":"#0","tintindex":0},"down":{"uv":[13.375,12.1875,12.3125,12.6875],"rotation":0,"texture":"#0","tintindex":0}}},{"from":[11.428572,9.714286,8.571428],"to":[19.428572,13.714286,12.571428],"rotation":{"angle":-45.0,"axis":"y","origin":[8.0,13.714286,4.5714283]},"faces":{"east":{"uv":[14.6875,2.5,15.125,2.9375],"rotation":0,"texture":"#0","tintindex":0},"south":{"uv":[13.375,1.875,14.25,2.3125],"rotation":0,"texture":"#0","tintindex":0},"north":{"uv":[13.3125,7.5,14.1875,7.9375],"rotation":0,"texture":"#0","tintindex":0},"west":{"uv":[14.6875,6.9375,15.125,7.375],"rotation":0,"texture":"#0","tintindex":0},"up":{"uv":[2.875,13.8125,2.0,13.375],"rotation":0,"texture":"#0","tintindex":0},"down":{"uv":[14.25,6.0,13.375,6.4375],"rotation":0,"texture":"#0","tintindex":0}}},{"from":[-2.0,13.714286,3.4285712],"to":[6.5714283,22.285715,17.714287],"rotation":{"angle":-45.0,"axis":"x","origin":[-1.4285717,15.428572,12.285715]},"faces":{"east":{"uv":[4.5,7.9375,6.0625,8.875],"rotation":0,"texture":"#0","tintindex":0},"south":{"uv":[4.9375,10.8125,5.875,11.75],"rotation":0,"texture":"#0","tintindex":0},"north":{"uv":[10.75,2.4375,11.6875,3.375],"rotation":0,"texture":"#0","tintindex":0},"west":{"uv":[6.0625,7.9375,7.625,8.875],"rotation":0,"texture":"#0","tintindex":0},"up":{"uv":[8.5625,9.5625,7.625,8.0],"rotation":0,"texture":"#0","tintindex":0},"down":{"uv":[0.9375,8.375,0.0,9.9375],"rotation":0,"texture":"#0","tintindex":0}}},{"from":[6.5714283,13.714286,11.428572],"to":[11.142858,22.285715,17.714287],"rotation":{"angle":-45.0,"axis":"x","origin":[-1.4285717,15.428572,12.285715]},"faces":{"east":{"uv":[11.3125,7.0625,12.0,8.0],"rotation":0,"texture":"#0","tintindex":0},"south":{"uv":[13.1875,9.3125,13.6875,10.25],"rotation":0,"texture":"#0","tintindex":0},"north":{"uv":[4.4375,13.1875,4.9375,14.125],"rotation":0,"texture":"#0","tintindex":0},"west":{"uv":[11.3125,8.0,12.0,8.9375],"rotation":0,"texture":"#0","tintindex":0},"up":{"uv":[14.25,4.0625,13.75,3.375],"rotation":0,"texture":"#0","tintindex":0},"down":{"uv":[14.25,4.0625,13.75,4.75],"rotation":0,"texture":"#0","tintindex":0}}},{"from":[0.09047842,8.571428,12.3105955],"to":[5.2333355,13.714286,20.310596],"rotation":{"angle":-22.5,"axis":"x","origin":[-0.1952362,7.714286,16.310596]},"faces":{"east":{"uv":[2.375,12.8125,3.25,13.375],"rotation":0,"texture":"#0","tintindex":0},"south":{"uv":[13.875,8.5,14.4375,9.0625],"rotation":0,"texture":"#0","tintindex":0},"north":{"uv":[13.8125,4.75,14.375,5.3125],"rotation":0,"texture":"#0","tintindex":0},"west":{"uv":[12.8125,4.1875,13.6875,4.75],"rotation":0,"texture":"#0","tintindex":0},"up":{"uv":[11.125,13.6875,10.5625,12.8125],"rotation":0,"texture":"#0","tintindex":0},"down":{"uv":[6.375,12.875,5.8125,13.75],"rotation":0,"texture":"#0","tintindex":0}}},{"from":[-3.3380938,1.7142854,12.3105955],"to":[1.8047643,6.857143,20.310596],"rotation":{"angle":22.5,"axis":"x","origin":[-0.1952362,7.714286,16.310596]},"faces":{"east":{"uv":[12.8125,5.4375,13.6875,6.0],"rotation":0,"texture":"#0","tintindex":0},"south":{"uv":[8.0,14.0,8.5625,14.5625],"rotation":0,"texture":"#0","tintindex":0},"north":{"uv":[0.5625,14.0,1.125,14.5625],"rotation":0,"texture":"#0","tintindex":0},"west":{"uv":[12.875,3.625,13.75,4.1875],"rotation":0,"texture":"#0","tintindex":0},"up":{"uv":[0.5625,13.8125,0.0,12.9375],"rotation":0,"texture":"#0","tintindex":0},"down":{"uv":[2.0,12.9375,1.4375,13.8125],"rotation":0,"texture":"#0","tintindex":0}}}],"display":{"head":{"translation":[0.0,-6.4,0.0],"scale":[4.0,4.0,4.0]}}}