{"textures":{"0":"modelengine:entity/bs_ice_sentinel_texture"},"elements":[{"from":[-0.75,13.0,4.0],"to":[6.75,20.5,16.5],"faces":{"east":{"uv":[4.5,7.9375,6.0625,8.875],"tintindex":0,"rotation":0,"texture":"#0"},"south":{"uv":[4.9375,10.8125,5.875,11.75],"tintindex":0,"rotation":0,"texture":"#0"},"north":{"uv":[10.75,2.4375,11.6875,3.375],"tintindex":0,"rotation":0,"texture":"#0"},"west":{"uv":[6.0625,7.9375,7.625,8.875],"tintindex":0,"rotation":0,"texture":"#0"},"up":{"uv":[8.5625,9.5625,7.625,8.0],"tintindex":0,"rotation":0,"texture":"#0"},"down":{"uv":[0.9375,8.375,0.0,9.9375],"tintindex":0,"rotation":0,"texture":"#0"}},"rotation":{"origin":[-0.25,14.5,11.75],"angle":-45.0,"axis":"x"}},{"from":[-2.75,1.5416679,1.75],"to":[8.25,14.041668,14.25],"faces":{"east":{"uv":[0.0,3.9375,1.5625,5.5],"tintindex":0,"rotation":0,"texture":"#0"},"south":{"uv":[5.625,2.875,7.0,4.4375],"tintindex":0,"rotation":0,"texture":"#0"},"north":{"uv":[0.0,5.5,1.375,7.0625],"tintindex":0,"rotation":0,"texture":"#0"},"west":{"uv":[4.25,1.3125,5.8125,2.875],"tintindex":0,"rotation":0,"texture":"#0"},"up":{"uv":[7.0625,6.0,5.6875,4.4375],"tintindex":0,"rotation":0,"texture":"#0"},"down":{"uv":[7.1875,0.0,5.8125,1.5625],"tintindex":0,"rotation":0,"texture":"#0"}}},{"from":[-1.9208317,2.500002,11.7717705],"to":[2.5791683,7.0,18.77177],"faces":{"east":{"uv":[12.8125,5.4375,13.6875,6.0],"tintindex":0,"rotation":0,"texture":"#0"},"south":{"uv":[8.0,14.0,8.5625,14.5625],"tintindex":0,"rotation":0,"texture":"#0"},"north":{"uv":[0.5625,14.0,1.125,14.5625],"tintindex":0,"rotation":0,"texture":"#0"},"west":{"uv":[12.875,3.625,13.75,4.1875],"tintindex":0,"rotation":0,"texture":"#0"},"up":{"uv":[0.5625,13.8125,0.0,12.9375],"tintindex":0,"rotation":0,"texture":"#0"},"down":{"uv":[2.0,12.9375,1.4375,13.8125],"tintindex":0,"rotation":0,"texture":"#0"}},"rotation":{"origin":[0.8291683,7.75,15.2717705],"angle":22.5,"axis":"x"}},{"from":[6.75,13.0,11.0],"to":[10.75,20.5,16.5],"faces":{"east":{"uv":[11.3125,7.0625,12.0,8.0],"tintindex":0,"rotation":0,"texture":"#0"},"south":{"uv":[13.1875,9.3125,13.6875,10.25],"tintindex":0,"rotation":0,"texture":"#0"},"north":{"uv":[4.4375,13.1875,4.9375,14.125],"tintindex":0,"rotation":0,"texture":"#0"},"west":{"uv":[11.3125,8.0,12.0,8.9375],"tintindex":0,"rotation":0,"texture":"#0"},"up":{"uv":[14.25,4.0625,13.75,3.375],"tintindex":0,"rotation":0,"texture":"#0"},"down":{"uv":[14.25,4.0625,13.75,4.75],"tintindex":0,"rotation":0,"texture":"#0"}},"rotation":{"origin":[-0.25,14.5,11.75],"angle":-45.0,"axis":"x"}},{"from":[11.0,9.5,8.5],"to":[18.0,13.0,12.0],"faces":{"east":{"uv":[14.6875,2.5,15.125,2.9375],"tintindex":0,"rotation":0,"texture":"#0"},"south":{"uv":[13.375,1.875,14.25,2.3125],"tintindex":0,"rotation":0,"texture":"#0"},"north":{"uv":[13.3125,7.5,14.1875,7.9375],"tintindex":0,"rotation":0,"texture":"#0"},"west":{"uv":[14.6875,6.9375,15.125,7.375],"tintindex":0,"rotation":0,"texture":"#0"},"up":{"uv":[2.875,13.8125,2.0,13.375],"tintindex":0,"rotation":0,"texture":"#0"},"down":{"uv":[14.25,6.0,13.375,6.4375],"tintindex":0,"rotation":0,"texture":"#0"}},"rotation":{"origin":[8.0,13.0,5.0],"angle":-45.0,"axis":"y"}},{"from":[7.0,7.5,2.5],"to":[14.0,13.0,8.0],"faces":{"east":{"uv":[13.0625,7.9375,13.75,8.625],"tintindex":0,"rotation":0,"texture":"#0"},"south":{"uv":[11.5625,10.3125,12.4375,11.0],"tintindex":0,"rotation":0,"texture":"#0"},"north":{"uv":[11.5625,9.625,12.4375,10.3125],"tintindex":0,"rotation":0,"texture":"#0"},"west":{"uv":[13.125,0.5,13.8125,1.1875],"tintindex":0,"rotation":0,"texture":"#0"},"up":{"uv":[12.4375,11.6875,11.5625,11.0],"tintindex":0,"rotation":0,"texture":"#0"},"down":{"uv":[12.5625,2.4375,11.6875,3.125],"tintindex":0,"rotation":0,"texture":"#0"}},"rotation":{"origin":[8.0,13.0,4.0],"angle":-22.5,"axis":"y"}},{"from":[1.0791683,8.5,11.7717705],"to":[5.5791683,13.0,18.77177],"faces":{"east":{"uv":[2.375,12.8125,3.25,13.375],"tintindex":0,"rotation":0,"texture":"#0"},"south":{"uv":[13.875,8.5,14.4375,9.0625],"tintindex":0,"rotation":0,"texture":"#0"},"north":{"uv":[13.8125,4.75,14.375,5.3125],"tintindex":0,"rotation":0,"texture":"#0"},"west":{"uv":[12.8125,4.1875,13.6875,4.75],"tintindex":0,"rotation":0,"texture":"#0"},"up":{"uv":[11.125,13.6875,10.5625,12.8125],"tintindex":0,"rotation":0,"texture":"#0"},"down":{"uv":[6.375,12.875,5.8125,13.75],"tintindex":0,"rotation":0,"texture":"#0"}},"rotation":{"origin":[0.8291683,7.75,15.2717705],"angle":-22.5,"axis":"x"}},{"from":[3.1893406,2.500002,10.528174],"to":[9.18934,8.5,21.528175],"faces":{"east":{"uv":[7.0,9.5625,8.375,10.3125],"tintindex":0,"rotation":0,"texture":"#0"},"south":{"uv":[12.0,7.5625,12.75,8.3125],"tintindex":0,"rotation":0,"texture":"#0"},"north":{"uv":[12.0,6.8125,12.75,7.5625],"tintindex":0,"rotation":0,"texture":"#0"},"west":{"uv":[9.6875,1.6875,11.0625,2.4375],"tintindex":0,"rotation":0,"texture":"#0"},"up":{"uv":[9.125,10.9375,8.375,9.5625],"tintindex":0,"rotation":0,"texture":"#0"},"down":{"uv":[4.9375,9.875,4.1875,11.25],"tintindex":0,"rotation":0,"texture":"#0"}},"rotation":{"origin":[5.9393396,7.25,13.778174],"angle":22.5,"axis":"y"}},{"from":[5.25,2.500002,4.0],"to":[13.75,6.5,8.0],"faces":{"east":{"uv":[14.3125,10.625,14.8125,11.125],"tintindex":0,"rotation":0,"texture":"#0"},"south":{"uv":[12.3125,6.0,13.375,6.5],"tintindex":0,"rotation":0,"texture":"#0"},"north":{"uv":[12.1875,8.8125,13.25,9.3125],"tintindex":0,"rotation":0,"texture":"#0"},"west":{"uv":[11.625,14.3125,12.125,14.8125],"tintindex":0,"rotation":0,"texture":"#0"},"up":{"uv":[13.375,12.1875,12.3125,11.6875],"tintindex":0,"rotation":0,"texture":"#0"},"down":{"uv":[13.375,12.1875,12.3125,12.6875],"tintindex":0,"rotation":0,"texture":"#0"}},"rotation":{"origin":[8.0,3.000002,6.5],"angle":-45.0,"axis":"y"}}]}