{"textures":{"0":"modelengine:entity/bs_ice_sentinel_texture"},"elements":[{"from":[-5.000001,4.0,3.142857],"to":[11.0,12.0,12.857143],"rotation":{"angle":0.0,"axis":"y","origin":[0.0,8.0,8.0]},"faces":{"east":{"uv":[10.375,6.1875,11.4375,7.0625],"rotation":0,"texture":"#0","tintindex":0},"south":{"uv":[7.1875,0.0,8.9375,0.875],"rotation":0,"texture":"#0","tintindex":0},"north":{"uv":[6.125,7.0625,7.875,7.9375],"rotation":0,"texture":"#0","tintindex":0},"west":{"uv":[10.4375,4.6875,11.5,5.5625],"rotation":0,"texture":"#0","tintindex":0},"up":{"uv":[8.375,7.0625,6.625,6.0],"rotation":0,"texture":"#0","tintindex":0},"down":{"uv":[8.75,2.625,7.0,3.6875],"rotation":0,"texture":"#0","tintindex":0}}},{"from":[0.9999995,10.489147,7.157215],"to":[6.142857,15.632004,16.300072],"rotation":{"angle":-45.0,"axis":"x","origin":[3.5714283,13.34629,11.442929]},"faces":{"east":{"uv":[11.875,3.625,12.875,4.1875],"rotation":0,"texture":"#0","tintindex":0},"south":{"uv":[2.25,13.8125,2.8125,14.375],"rotation":0,"texture":"#0","tintindex":0},"north":{"uv":[1.6875,13.8125,2.25,14.375],"rotation":0,"texture":"#0","tintindex":0},"west":{"uv":[7.8125,11.875,8.8125,12.4375],"rotation":0,"texture":"#0","tintindex":0},"up":{"uv":[6.4375,12.875,5.875,11.875],"rotation":0,"texture":"#0","tintindex":0},"down":{"uv":[0.5625,11.9375,0.0,12.9375],"rotation":0,"texture":"#0","tintindex":0}}},{"from":[6.142857,10.489147,11.728643],"to":[9.0,15.632004,16.300072],"rotation":{"angle":-45.0,"axis":"x","origin":[3.5714283,13.34629,11.442929]},"faces":{"east":{"uv":[14.25,3.9375,14.75,4.5],"rotation":0,"texture":"#0","tintindex":0},"south":{"uv":[2.5,14.375,2.8125,14.9375],"rotation":0,"texture":"#0","tintindex":0},"north":{"uv":[1.125,13.25,1.4375,13.8125],"rotation":0,"texture":"#0","tintindex":0},"west":{"uv":[14.25,5.3125,14.75,5.875],"rotation":0,"texture":"#0","tintindex":0},"up":{"uv":[5.5625,15.3125,5.25,14.8125],"rotation":0,"texture":"#0","tintindex":0},"down":{"uv":[5.875,14.8125,5.5625,15.3125],"rotation":0,"texture":"#0","tintindex":0}}},{"from":[-4.4285717,9.666667,7.428571],"to":[-0.4285717,13.666667,13.714286],"rotation":{"angle":-22.5,"axis":"x","origin":[11.0,15.380953,12.285715]},"faces":{"east":{"uv":[9.5625,14.125,10.25,14.5625],"rotation":0,"texture":"#0","tintindex":0},"south":{"uv":[3.875,14.625,4.3125,15.0625],"rotation":0,"texture":"#0","tintindex":0},"north":{"uv":[9.5,14.5625,9.9375,15.0],"rotation":0,"texture":"#0","tintindex":0},"west":{"uv":[14.125,11.1875,14.8125,11.625],"rotation":0,"texture":"#0","tintindex":0},"up":{"uv":[9.0,14.6875,8.5625,14.0],"rotation":0,"texture":"#0","tintindex":0},"down":{"uv":[4.8125,14.125,4.375,14.8125],"rotation":0,"texture":"#0","tintindex":0}}},{"from":[1.2857141,5.0952377,11.428572],"to":[6.428571,9.666667,21.714287],"rotation":{"angle":45.0,"axis":"y","origin":[1.5714283,7.6666665,11.428572]},"faces":{"east":{"uv":[12.0,0.875,13.125,1.375],"rotation":0,"texture":"#0","tintindex":0},"south":{"uv":[14.25,9.0625,14.8125,9.5625],"rotation":0,"texture":"#0","tintindex":0},"north":{"uv":[14.25,5.875,14.8125,6.375],"rotation":0,"texture":"#0","tintindex":0},"west":{"uv":[12.0,1.375,13.125,1.875],"rotation":0,"texture":"#0","tintindex":0},"up":{"uv":[10.625,12.5,10.0625,11.375],"rotation":0,"texture":"#0","tintindex":0},"down":{"uv":[12.0625,4.3125,11.5,5.4375],"rotation":0,"texture":"#0","tintindex":0}}},{"from":[-3.8571434,4.5238094,10.285714],"to":[1.2857141,9.095238,17.142857],"rotation":{"angle":22.5,"axis":"y","origin":[1.5714283,7.6666665,11.428572]},"faces":{"east":{"uv":[13.375,12.375,14.125,12.875],"rotation":0,"texture":"#0","tintindex":0},"south":{"uv":[5.4375,14.3125,6.0,14.8125],"rotation":0,"texture":"#0","tintindex":0},"north":{"uv":[2.8125,14.3125,3.375,14.8125],"rotation":0,"texture":"#0","tintindex":0},"west":{"uv":[13.375,12.875,14.125,13.375],"rotation":0,"texture":"#0","tintindex":0},"up":{"uv":[1.125,14.0,0.5625,13.25],"rotation":0,"texture":"#0","tintindex":0},"down":{"uv":[9.0,13.25,8.4375,14.0],"rotation":0,"texture":"#0","tintindex":0}}}],"display":{"head":{"translation":[0.0,-6.4,0.0],"scale":[4.0,4.0,4.0]}}}