{"textures":{"0":"modelengine:entity/bs_ice_sentinel_texture"},"elements":[{"from":[22.75,10.916664,7.0],"to":[29.75,17.916664,18.0],"faces":{"east":{"uv":[10.9375,14.0625,11.625,14.5],"tintindex":0,"rotation":0,"texture":"#0"},"south":{"uv":[7.875,14.5625,8.3125,15.0],"tintindex":0,"rotation":0,"texture":"#0"},"north":{"uv":[0.4375,14.5625,0.875,15.0],"tintindex":0,"rotation":0,"texture":"#0"},"west":{"uv":[14.125,0.0,14.8125,0.4375],"tintindex":0,"rotation":0,"texture":"#0"},"up":{"uv":[5.8125,0.6875,5.375,0.0],"tintindex":0,"rotation":0,"texture":"#0"},"down":{"uv":[4.375,13.9375,3.9375,14.625],"tintindex":0,"rotation":0,"texture":"#0"}},"rotation":{"origin":[2.75,20.916664,15.5],"angle":-22.5,"axis":"x"}},{"from":[11.25,12.356003,6.5251265],"to":[20.25,21.356003,22.525127],"faces":{"east":{"uv":[7.0625,5.4375,8.0625,6.0],"tintindex":0,"rotation":0,"texture":"#0"},"south":{"uv":[13.75,10.625,14.3125,11.1875],"tintindex":0,"rotation":0,"texture":"#0"},"north":{"uv":[13.75,7.9375,14.3125,8.5],"tintindex":0,"rotation":0,"texture":"#0"},"west":{"uv":[11.8125,5.4375,12.8125,6.0],"tintindex":0,"rotation":0,"texture":"#0"},"up":{"uv":[5.875,12.75,5.3125,11.75],"tintindex":0,"rotation":0,"texture":"#0"},"down":{"uv":[11.1875,11.8125,10.625,12.8125],"tintindex":0,"rotation":0,"texture":"#0"}},"rotation":{"origin":[15.75,17.356003,14.025126],"angle":-45.0,"axis":"x"}},{"from":[10.75,2.916668,14.0],"to":[19.75,10.916664,32.0],"faces":{"east":{"uv":[1.5625,3.9375,2.6875,4.4375],"tintindex":0,"rotation":0,"texture":"#0"},"south":{"uv":[14.1875,6.4375,14.75,6.9375],"tintindex":0,"rotation":0,"texture":"#0"},"north":{"uv":[14.125,12.625,14.6875,13.125],"tintindex":0,"rotation":0,"texture":"#0"},"west":{"uv":[11.875,3.125,13.0,3.625],"tintindex":0,"rotation":0,"texture":"#0"},"up":{"uv":[9.5,12.5,8.9375,11.375],"tintindex":0,"rotation":0,"texture":"#0"},"down":{"uv":[10.0625,11.375,9.5,12.5],"tintindex":0,"rotation":0,"texture":"#0"}},"rotation":{"origin":[19.25,7.416664,14.0],"angle":-45.0,"axis":"y"}},{"from":[2.75,1.0,-0.5],"to":[30.75,15.0,16.5],"faces":{"east":{"uv":[10.25,9.0625,11.3125,9.9375],"tintindex":0,"rotation":0,"texture":"#0"},"south":{"uv":[7.0625,4.5625,8.8125,5.4375],"tintindex":0,"rotation":0,"texture":"#0"},"north":{"uv":[4.375,7.0625,6.125,7.9375],"tintindex":0,"rotation":0,"texture":"#0"},"west":{"uv":[6.9375,10.3125,8.0,11.1875],"tintindex":0,"rotation":0,"texture":"#0"},"up":{"uv":[4.875,7.0625,3.125,6.0],"tintindex":0,"rotation":0,"texture":"#0"},"down":{"uv":[6.625,6.0,4.875,7.0625],"tintindex":0,"rotation":0,"texture":"#0"}}},{"from":[6.25,12.356003,14.525126],"to":[11.25,21.356003,22.525127],"faces":{"east":{"uv":[14.1875,6.9375,14.6875,7.5],"tintindex":0,"rotation":0,"texture":"#0"},"south":{"uv":[8.4375,1.8125,8.75,2.375],"tintindex":0,"rotation":0,"texture":"#0"},"north":{"uv":[8.0625,5.4375,8.375,6.0],"tintindex":0,"rotation":0,"texture":"#0"},"west":{"uv":[14.25,1.5625,14.75,2.125],"tintindex":0,"rotation":0,"texture":"#0"},"up":{"uv":[10.25,15.0625,9.9375,14.5625],"tintindex":0,"rotation":0,"texture":"#0"},"down":{"uv":[14.0,14.75,13.6875,15.25],"tintindex":0,"rotation":0,"texture":"#0"}},"rotation":{"origin":[15.75,17.356003,14.025126],"angle":-45.0,"axis":"x"}},{"from":[19.75,1.9166679,12.0],"to":[28.75,9.916664,24.0],"faces":{"east":{"uv":[13.375,11.375,14.125,11.875],"tintindex":0,"rotation":0,"texture":"#0"},"south":{"uv":[14.25,3.4375,14.8125,3.9375],"tintindex":0,"rotation":0,"texture":"#0"},"north":{"uv":[14.25,2.9375,14.8125,3.4375],"tintindex":0,"rotation":0,"texture":"#0"},"west":{"uv":[13.375,11.875,14.125,12.375],"tintindex":0,"rotation":0,"texture":"#0"},"up":{"uv":[11.0625,1.6875,10.5,0.9375],"tintindex":0,"rotation":0,"texture":"#0"},"down":{"uv":[13.75,10.625,13.1875,11.375],"tintindex":0,"rotation":0,"texture":"#0"}},"rotation":{"origin":[19.25,7.416664,14.0],"angle":-22.5,"axis":"y"}}]}