{"textures":{"0":"modelengine:entity/bs_ice_sentinel_texture"},"elements":[{"from":[14.142858,5.142857,5.428571],"to":[19.285715,10.857143,10.571428],"rotation":{"angle":0.0,"axis":"y","origin":[9.146356,8.000879,8.020301]},"faces":{"east":{"uv":[12.6875,13.6875,12.125,14.3125],"rotation":0,"texture":"#0","tintindex":0},"south":{"uv":[10.9375,13.6875,10.375,14.3125],"rotation":0,"texture":"#0","tintindex":0},"north":{"uv":[9.5625,13.6875,9.0,14.3125],"rotation":0,"texture":"#0","tintindex":0},"west":{"uv":[14.25,9.25,13.6875,9.875],"rotation":0,"texture":"#0","tintindex":0},"up":{"uv":[13.8125,1.5625,14.375,1.0],"rotation":0,"texture":"#0","tintindex":0},"down":{"uv":[1.125,13.8125,1.6875,14.375],"rotation":0,"texture":"#0","tintindex":0}}},{"from":[24.910044,9.743736,6.129868],"to":[27.195759,10.829451,7.844154],"rotation":{"angle":-45.0,"axis":"y","origin":[25.026903,8.000879,7.14361]},"faces":{"east":{"uv":[1.875,10.3125,1.6875,10.4375],"rotation":0,"texture":"#0","tintindex":0},"south":{"uv":[12.375,13.5625,12.125,13.6875],"rotation":0,"texture":"#0","tintindex":0},"north":{"uv":[12.8125,3.0,12.5625,3.125],"rotation":0,"texture":"#0","tintindex":0},"west":{"uv":[1.875,10.1875,1.6875,10.3125],"rotation":0,"texture":"#0","tintindex":0},"up":{"uv":[9.5625,14.125,9.8125,13.9375],"rotation":0,"texture":"#0","tintindex":0},"down":{"uv":[14.375,1.375,14.625,1.5625],"rotation":0,"texture":"#0","tintindex":0}}},{"from":[25.314104,7.4580216,4.3462563],"to":[27.59982,8.543736,6.060542],"rotation":{"angle":-45.0,"axis":"y","origin":[25.026903,8.000879,6.5721817]},"faces":{"east":{"uv":[2.8125,10.625,2.625,10.75],"rotation":0,"texture":"#0","tintindex":0},"south":{"uv":[14.0625,1.75,13.8125,1.875],"rotation":0,"texture":"#0","tintindex":0},"north":{"uv":[5.6875,13.625,5.4375,13.75],"rotation":0,"texture":"#0","tintindex":0},"west":{"uv":[1.875,10.4375,1.6875,10.5625],"rotation":0,"texture":"#0","tintindex":0},"up":{"uv":[14.4375,2.6875,14.6875,2.5],"rotation":0,"texture":"#0","tintindex":0},"down":{"uv":[0.875,14.5625,1.125,14.75],"rotation":0,"texture":"#0","tintindex":0}}},{"from":[24.910044,5.172307,6.129868],"to":[27.195759,6.258022,7.844154],"rotation":{"angle":-45.0,"axis":"y","origin":[25.026903,8.000879,7.14361]},"faces":{"east":{"uv":[2.8125,10.875,2.625,11.0],"rotation":0,"texture":"#0","tintindex":0},"south":{"uv":[6.25,14.25,6.0,14.375],"rotation":0,"texture":"#0","tintindex":0},"north":{"uv":[14.0625,5.3125,13.8125,5.4375],"rotation":0,"texture":"#0","tintindex":0},"west":{"uv":[2.8125,10.75,2.625,10.875],"rotation":0,"texture":"#0","tintindex":0},"up":{"uv":[10.25,15.0,10.5,14.8125],"rotation":0,"texture":"#0","tintindex":0},"down":{"uv":[10.5,14.8125,10.75,15.0],"rotation":0,"texture":"#0","tintindex":0}}},{"from":[20.518238,9.715164,6.344154],"to":[25.661095,10.858022,8.058439],"rotation":{"angle":0.0,"axis":"y","origin":[25.026903,8.000879,7.14361]},"faces":{"east":{"uv":[2.8125,11.0,2.625,11.125],"rotation":0,"texture":"#0","tintindex":0},"south":{"uv":[15.4375,8.625,14.875,8.75],"rotation":0,"texture":"#0","tintindex":0},"north":{"uv":[15.4375,8.5,14.875,8.625],"rotation":0,"texture":"#0","tintindex":0},"west":{"uv":[9.125,10.9375,8.9375,11.0625],"rotation":0,"texture":"#0","tintindex":0},"up":{"uv":[14.875,1.0,15.4375,0.8125],"rotation":0,"texture":"#0","tintindex":0},"down":{"uv":[14.875,1.0,15.4375,1.1875],"rotation":0,"texture":"#0","tintindex":0}}},{"from":[23.853462,7.4580216,11.668235],"to":[26.139177,8.543736,13.382521],"rotation":{"angle":22.5,"axis":"y","origin":[23.8188,8.000879,11.741766]},"faces":{"east":{"uv":[8.0,11.1875,7.8125,11.3125],"rotation":0,"texture":"#0","tintindex":0},"south":{"uv":[14.6875,8.9375,14.4375,9.0625],"rotation":0,"texture":"#0","tintindex":0},"north":{"uv":[14.625,5.1875,14.375,5.3125],"rotation":0,"texture":"#0","tintindex":0},"west":{"uv":[9.125,11.0625,8.9375,11.1875],"rotation":0,"texture":"#0","tintindex":0},"up":{"uv":[12.1875,15.0,12.4375,14.8125],"rotation":0,"texture":"#0","tintindex":0},"down":{"uv":[0.0,14.875,0.25,15.0625],"rotation":0,"texture":"#0","tintindex":0}}},{"from":[19.860641,7.42945,11.163158],"to":[25.0035,8.572308,12.877443],"rotation":{"angle":-22.5,"axis":"y","origin":[23.8188,8.000879,11.741766]},"faces":{"east":{"uv":[8.0,11.3125,7.8125,11.4375],"rotation":0,"texture":"#0","tintindex":0},"south":{"uv":[15.4375,10.125,14.875,10.25],"rotation":0,"texture":"#0","tintindex":0},"north":{"uv":[15.4375,8.75,14.875,8.875],"rotation":0,"texture":"#0","tintindex":0},"west":{"uv":[9.125,11.1875,8.9375,11.3125],"rotation":0,"texture":"#0","tintindex":0},"up":{"uv":[14.875,1.375,15.4375,1.1875],"rotation":0,"texture":"#0","tintindex":0},"down":{"uv":[1.5,14.875,2.0625,15.0625],"rotation":0,"texture":"#0","tintindex":0}}},{"from":[21.089664,7.42945,5.201297],"to":[26.803951,8.572308,6.915582],"rotation":{"angle":0.0,"axis":"y","origin":[25.026903,8.000879,6.5721817]},"faces":{"east":{"uv":[8.0,11.5625,7.8125,11.6875],"rotation":0,"texture":"#0","tintindex":0},"south":{"uv":[15.375,6.8125,14.75,6.9375],"rotation":0,"texture":"#0","tintindex":0},"north":{"uv":[15.3125,13.0,14.6875,13.125],"rotation":0,"texture":"#0","tintindex":0},"west":{"uv":[8.0,11.4375,7.8125,11.5625],"rotation":0,"texture":"#0","tintindex":0},"up":{"uv":[14.75,14.6875,15.375,14.5],"rotation":0,"texture":"#0","tintindex":0},"down":{"uv":[14.8125,10.5625,15.4375,10.75],"rotation":0,"texture":"#0","tintindex":0}}},{"from":[20.518238,5.143736,6.344154],"to":[25.661095,6.286593,8.058439],"rotation":{"angle":0.0,"axis":"y","origin":[25.026903,8.000879,7.14361]},"faces":{"east":{"uv":[11.875,3.25,11.6875,3.375],"rotation":0,"texture":"#0","tintindex":0},"south":{"uv":[15.4375,10.375,14.875,10.5],"rotation":0,"texture":"#0","tintindex":0},"north":{"uv":[15.4375,10.25,14.875,10.375],"rotation":0,"texture":"#0","tintindex":0},"west":{"uv":[11.875,3.125,11.6875,3.25],"rotation":0,"texture":"#0","tintindex":0},"up":{"uv":[14.875,4.9375,15.4375,4.75],"rotation":0,"texture":"#0","tintindex":0},"down":{"uv":[14.875,4.9375,15.4375,5.125],"rotation":0,"texture":"#0","tintindex":0}}},{"from":[7.8606286,5.714286,6.020301],"to":[12.432057,10.285714,10.020301],"rotation":{"angle":0.0,"axis":"y","origin":[4.003498,8.000879,8.020301]},"faces":{"east":{"uv":[2.5,14.375,2.0625,14.875],"rotation":0,"texture":"#0","tintindex":0},"south":{"uv":[10.75,14.3125,10.25,14.8125],"rotation":0,"texture":"#0","tintindex":0},"north":{"uv":[9.5,14.3125,9.0,14.8125],"rotation":0,"texture":"#0","tintindex":0},"west":{"uv":[2.0625,14.375,1.625,14.875],"rotation":0,"texture":"#0","tintindex":0},"up":{"uv":[3.375,14.8125,3.875,14.375],"rotation":0,"texture":"#0","tintindex":0},"down":{"uv":[14.375,4.75,14.875,5.1875],"rotation":0,"texture":"#0","tintindex":0}}},{"from":[8.717784,7.6675453,2.3060145],"to":[11.574927,10.524689,6.877444],"rotation":{"angle":45.0,"axis":"x","origin":[10.146356,7.6675453,4.591729]},"faces":{"east":{"uv":[15.3125,3.25,14.8125,3.5625],"rotation":0,"texture":"#0","tintindex":0},"south":{"uv":[8.3125,13.6875,8.0,14.0],"rotation":0,"texture":"#0","tintindex":0},"north":{"uv":[3.1875,13.375,2.875,13.6875],"rotation":0,"texture":"#0","tintindex":0},"west":{"uv":[15.3125,2.9375,14.8125,3.25],"rotation":0,"texture":"#0","tintindex":0},"up":{"uv":[1.1875,15.3125,1.5,14.8125],"rotation":0,"texture":"#0","tintindex":0},"down":{"uv":[3.3125,14.8125,3.625,15.3125],"rotation":0,"texture":"#0","tintindex":0}}},{"from":[8.289212,9.381831,6.877444],"to":[10.574927,13.95326,9.163158],"rotation":{"angle":45.0,"axis":"z","origin":[10.146356,11.381831,8.020301]},"faces":{"east":{"uv":[9.5,14.8125,9.25,15.3125],"rotation":0,"texture":"#0","tintindex":0},"south":{"uv":[9.25,14.8125,9.0,15.3125],"rotation":0,"texture":"#0","tintindex":0},"north":{"uv":[7.875,14.8125,7.625,15.3125],"rotation":0,"texture":"#0","tintindex":0},"west":{"uv":[15.0625,8.9375,14.8125,9.4375],"rotation":0,"texture":"#0","tintindex":0},"up":{"uv":[13.5,3.625,13.75,3.375],