{"textures":{"0":"modelengine:entity/bs_ice_sentinel_texture"},"elements":[{"from":[7.714286,0.61904716,0.85714245],"to":[20.285715,14.904762,15.142858],"rotation":{"angle":0.0,"axis":"y","origin":[28.428572,8.047619,8.0]},"faces":{"east":{"uv":[2.6875,1.3125,4.25,2.875],"rotation":0,"texture":"#0","tintindex":0},"south":{"uv":[1.5625,4.4375,2.9375,6.0],"rotation":0,"texture":"#0","tintindex":0},"north":{"uv":[4.25,2.875,5.625,4.4375],"rotation":0,"texture":"#0","tintindex":0},"west":{"uv":[2.6875,2.875,4.25,4.4375],"rotation":0,"texture":"#0","tintindex":0},"up":{"uv":[4.3125,6.0,2.9375,4.4375],"rotation":0,"texture":"#0","tintindex":0},"down":{"uv":[5.6875,4.4375,4.3125,6.0],"rotation":0,"texture":"#0","tintindex":0}}},{"from":[1.1428566,7.428571,1.7142854],"to":[9.142858,13.714286,8.0],"rotation":{"angle":22.5,"axis":"y","origin":[8.0,13.714286,3.4285712]},"faces":{"east":{"uv":[7.0625,13.0,7.75,13.6875],"rotation":0,"texture":"#0","tintindex":0},"south":{"uv":[11.3125,8.9375,12.1875,9.625],"rotation":0,"texture":"#0","tintindex":0},"north":{"uv":[7.5625,1.8125,8.4375,2.5],"rotation":0,"texture":"#0","tintindex":0},"west":{"uv":[7.75,13.0,8.4375,13.6875],"rotation":0,"texture":"#0","tintindex":0},"up":{"uv":[12.3125,6.8125,11.4375,6.125],"rotation":0,"texture":"#0","tintindex":0},"down":{"uv":[2.5,11.5625,1.625,12.25],"rotation":0,"texture":"#0","tintindex":0}}},{"from":[6.640754,1.7142854,10.889342],"to":[13.497898,8.571428,23.460772],"rotation":{"angle":-22.5,"axis":"y","origin":[10.355041,7.142857,14.603628]},"faces":{"east":{"uv":[9.125,0.9375,10.5,1.6875],"rotation":0,"texture":"#0","tintindex":0},"south":{"uv":[4.5625,11.75,5.3125,12.5],"rotation":0,"texture":"#0","tintindex":0},"north":{"uv":[11.5625,11.6875,12.3125,12.4375],"rotation":0,"texture":"#0","tintindex":0},"west":{"uv":[2.8125,9.5,4.1875,10.25],"rotation":0,"texture":"#0","tintindex":0},"up":{"uv":[10.25,8.6875,9.5,7.3125],"rotation":0,"texture":"#0","tintindex":0},"down":{"uv":[10.25,8.6875,9.5,10.0625],"rotation":0,"texture":"#0","tintindex":0}}},{"from":[1.4285712,1.7142854,3.4285712],"to":[11.142858,6.285714,8.0],"rotation":{"angle":45.0,"axis":"y","origin":[8.0,2.2857141,6.285714]},"faces":{"east":{"uv":[14.3125,7.5,14.8125,8.0],"rotation":0,"texture":"#0","tintindex":0},"south":{"uv":[12.0625,4.9375,13.125,5.4375],"rotation":0,"texture":"#0","tintindex":0},"north":{"uv":[12.0,8.3125,13.0625,8.8125],"rotation":0,"texture":"#0","tintindex":0},"west":{"uv":[14.3125,8.0,14.8125,8.5],"rotation":0,"texture":"#0","tintindex":0},"up":{"uv":[13.25,0.5,12.1875,0.0],"rotation":0,"texture":"#0","tintindex":0},"down":{"uv":[1.625,12.1875,0.5625,12.6875],"rotation":0,"texture":"#0","tintindex":0}}},{"from":[-3.4285717,9.714286,8.571428],"to":[4.5714283,13.714286,12.571428],"rotation":{"angle":45.0,"axis":"y","origin":[8.0,13.714286,4.5714283]},"faces":{"east":{"uv":[10.75,14.5,11.1875,14.9375],"rotation":0,"texture":"#0","tintindex":0},"south":{"uv":[9.0,13.25,9.875,13.6875],"rotation":0,"texture":"#0","tintindex":0},"north":{"uv":[13.25,0.0,14.125,0.4375],"rotation":0,"texture":"#0","tintindex":0},"west":{"uv":[11.1875,14.5,11.625,14.9375],"rotation":0,"texture":"#0","tintindex":0},"up":{"uv":[13.375,13.6875,12.5,13.25],"rotation":0,"texture":"#0","tintindex":0},"down":{"uv":[14.1875,7.0625,13.3125,7.5],"rotation":0,"texture":"#0","tintindex":0}}},{"from":[9.428572,13.714286,3.4285712],"to":[18.0,22.285715,17.714287],"rotation":{"angle":-45.0,"axis":"x","origin":[17.428572,15.428572,12.285715]},"faces":{"east":{"uv":[7.5625,0.875,9.125,1.8125],"rotation":0,"texture":"#0","tintindex":0},"south":{"uv":[10.625,9.9375,11.5625,10.875],"rotation":0,"texture":"#0","tintindex":0},"north":{"uv":[1.6875,10.625,2.625,11.5625],"rotation":0,"texture":"#0","tintindex":0},"west":{"uv":[7.875,7.0625,9.4375,8.0],"rotation":0,"texture":"#0","tintindex":0},"up":{"uv":[3.5625,9.5,2.625,7.9375],"rotation":0,"texture":"#0","tintindex":0},"down":{"uv":[4.5,7.9375,3.5625,9.5],"rotation":0,"texture":"#0","tintindex":0}}},{"from":[4.8571424,13.714286,11.428572],"to":[9.428572,22.285715,17.714287],"rotation":{"angle":-45.0,"axis":"x","origin":[17.428572,15.428572,12.285715]},"faces":{"east":{"uv":[1.875,8.375,2.5625,9.3125],"rotation":0,"texture":"#0","tintindex":0},"south":{"uv":[11.125,13.125,11.625,14.0625],"rotation":0,"texture":"#0","tintindex":0},"north":{"uv":[3.9375,13.0,4.4375,13.9375],"rotation":0,"texture":"#0","tintindex":0},"west":{"uv":[0.9375,11.25,1.625,12.1875],"rotation":0,"texture":"#0","tintindex":0},"up":{"uv":[3.9375,14.375,3.4375,13.6875],"rotation":0,"texture":"#0","tintindex":0},"down":{"uv":[13.1875,13.6875,12.6875,14.375],"rotation":0,"texture":"#0","tintindex":0}}},{"from":[10.7666645,8.571428,12.3105955],"to":[15.909521,13.714286,20.310596],"rotation":{"angle":-22.5,"axis":"x","origin":[16.195236,7.714286,16.310596]},"faces":{"east":{"uv":[12.5625,2.4375,13.4375,3.0],"rotation":0,"texture":"#0","tintindex":0},"south":{"uv":[13.75,13.75,14.3125,14.3125],"rotation":0,"texture":"#0","tintindex":0},"north":{"uv":[13.1875,13.75,13.75,14.3125],"rotation":0,"texture":"#0","tintindex":0},"west":{"uv":[0.5625,12.6875,1.4375,13.25],"rotation":0,"texture":"#0","tintindex":0},"up":{"uv":[10.5625,13.375,10.0,12.5],"rotation":0,"texture":"#0","tintindex":0},"down":{"uv":[12.5,12.6875,11.9375,13.5625],"rotation":0,"texture":"#0","tintindex":0}}},{"from":[14.195236,1.7142854,12.3105955],"to":[19.338093,6.857143,20.310596],"rotation":{"angle":22.5,"axis":"x","origin":[16.195236,7.714286,16.310596]},"faces":{"east":{"uv":[12.5,12.6875,13.375,13.25],"rotation":0,"texture":"#0","tintindex":0},"south":{"uv":[13.8125,0.4375,14.375,1.0],"rotation":0,"texture":"#0","tintindex":0},"north":{"uv":[0.0,13.8125,0.5625,14.375],"rotation":0,"texture":"#0","tintindex":0},"west":{"uv":[12.75,6.5,13.625,7.0625],"rotation":0,"texture":"#0","tintindex":0},"up":{"uv":[5.8125,13.625,5.25,12.75],"rotation":0,"texture":"#0","tintindex":0},"down":{"uv":[13.3125,7.0625,12.75,7.9375],"rotation":0,"texture":"#0","tintindex":0}}}],"display":{"head":{"translation":[0.0,-6.4,0.0],"scale":[4.0,4.0,4.0]}}}