{"textures":{"0":"modelengine:entity/bs_ice_sentinel_texture"},"elements":[{"from":[9.25,13.0,4.0],"to":[16.75,20.5,16.5],"faces":{"east":{"uv":[7.5625,0.875,9.125,1.8125],"tintindex":0,"rotation":0,"texture":"#0"},"south":{"uv":[10.625,9.9375,11.5625,10.875],"tintindex":0,"rotation":0,"texture":"#0"},"north":{"uv":[1.6875,10.625,2.625,11.5625],"tintindex":0,"rotation":0,"texture":"#0"},"west":{"uv":[7.875,7.0625,9.4375,8.0],"tintindex":0,"rotation":0,"texture":"#0"},"up":{"uv":[3.5625,9.5,2.625,7.9375],"tintindex":0,"rotation":0,"texture":"#0"},"down":{"uv":[4.5,7.9375,3.5625,9.5],"tintindex":0,"rotation":0,"texture":"#0"}},"rotation":{"origin":[16.25,14.5,11.75],"angle":-45.0,"axis":"x"}},{"from":[7.75,1.5416679,1.75],"to":[18.75,14.041668,14.25],"faces":{"east":{"uv":[2.6875,1.3125,4.25,2.875],"tintindex":0,"rotation":0,"texture":"#0"},"south":{"uv":[1.5625,4.4375,2.9375,6.0],"tintindex":0,"rotation":0,"texture":"#0"},"north":{"uv":[4.25,2.875,5.625,4.4375],"tintindex":0,"rotation":0,"texture":"#0"},"west":{"uv":[2.6875,2.875,4.25,4.4375],"tintindex":0,"rotation":0,"texture":"#0"},"up":{"uv":[4.3125,6.0,2.9375,4.4375],"tintindex":0,"rotation":0,"texture":"#0"},"down":{"uv":[5.6875,4.4375,4.3125,6.0],"tintindex":0,"rotation":0,"texture":"#0"}}},{"from":[5.25,13.0,11.0],"to":[9.25,20.5,16.5],"faces":{"east":{"uv":[1.875,8.375,2.5625,9.3125],"tintindex":0,"rotation":0,"texture":"#0"},"south":{"uv":[11.125,13.125,11.625,14.0625],"tintindex":0,"rotation":0,"texture":"#0"},"north":{"uv":[3.9375,13.0,4.4375,13.9375],"tintindex":0,"rotation":0,"texture":"#0"},"west":{"uv":[0.9375,11.25,1.625,12.1875],"tintindex":0,"rotation":0,"texture":"#0"},"up":{"uv":[3.9375,14.375,3.4375,13.6875],"tintindex":0,"rotation":0,"texture":"#0"},"down":{"uv":[13.1875,13.6875,12.6875,14.375],"tintindex":0,"rotation":0,"texture":"#0"}},"rotation":{"origin":[16.25,14.5,11.75],"angle":-45.0,"axis":"x"}},{"from":[6.8106604,2.500002,10.528174],"to":[12.810659,8.5,21.528175],"faces":{"east":{"uv":[9.125,0.9375,10.5,1.6875],"tintindex":0,"rotation":0,"texture":"#0"},"south":{"uv":[4.5625,11.75,5.3125,12.5],"tintindex":0,"rotation":0,"texture":"#0"},"north":{"uv":[11.5625,11.6875,12.3125,12.4375],"tintindex":0,"rotation":0,"texture":"#0"},"west":{"uv":[2.8125,9.5,4.1875,10.25],"tintindex":0,"rotation":0,"texture":"#0"},"up":{"uv":[10.25,8.6875,9.5,7.3125],"tintindex":0,"rotation":0,"texture":"#0"},"down":{"uv":[10.25,8.6875,9.5,10.0625],"tintindex":0,"rotation":0,"texture":"#0"}},"rotation":{"origin":[10.06066,7.25,13.778174],"angle":-22.5,"axis":"y"}},{"from":[13.420832,2.500002,11.7717705],"to":[17.920832,7.0,18.77177],"faces":{"east":{"uv":[12.5,12.6875,13.375,13.25],"tintindex":0,"rotation":0,"texture":"#0"},"south":{"uv":[13.8125,0.4375,14.375,1.0],"tintindex":0,"rotation":0,"texture":"#0"},"north":{"uv":[0.0,13.8125,0.5625,14.375],"tintindex":0,"rotation":0,"texture":"#0"},"west":{"uv":[12.75,6.5,13.625,7.0625],"tintindex":0,"rotation":0,"texture":"#0"},"up":{"uv":[5.8125,13.625,5.25,12.75],"tintindex":0,"rotation":0,"texture":"#0"},"down":{"uv":[13.3125,7.0625,12.75,7.9375],"tintindex":0,"rotation":0,"texture":"#0"}},"rotation":{"origin":[15.170832,7.75,15.2717705],"angle":22.5,"axis":"x"}},{"from":[10.420832,8.5,11.7717705],"to":[14.920832,13.0,18.77177],"faces":{"east":{"uv":[12.5625,2.4375,13.4375,3.0],"tintindex":0,"rotation":0,"texture":"#0"},"south":{"uv":[13.75,13.75,14.3125,14.3125],"tintindex":0,"rotation":0,"texture":"#0"},"north":{"uv":[13.1875,13.75,13.75,14.3125],"tintindex":0,"rotation":0,"texture":"#0"},"west":{"uv":[0.5625,12.6875,1.4375,13.25],"tintindex":0,"rotation":0,"texture":"#0"},"up":{"uv":[10.5625,13.375,10.0,12.5],"tintindex":0,"rotation":0,"texture":"#0"},"down":{"uv":[12.5,12.6875,11.9375,13.5625],"tintindex":0,"rotation":0,"texture":"#0"}},"rotation":{"origin":[15.170832,7.75,15.2717705],"angle":-22.5,"axis":"x"}},{"from":[2.0,7.5,2.5],"to":[9.0,13.0,8.0],"faces":{"east":{"uv":[7.0625,13.0,7.75,13.6875],"tintindex":0,"rotation":0,"texture":"#0"},"south":{"uv":[11.3125,8.9375,12.1875,9.625],"tintindex":0,"rotation":0,"texture":"#0"},"north":{"uv":[7.5625,1.8125,8.4375,2.5],"tintindex":0,"rotation":0,"texture":"#0"},"west":{"uv":[7.75,13.0,8.4375,13.6875],"tintindex":0,"rotation":0,"texture":"#0"},"up":{"uv":[12.3125,6.8125,11.4375,6.125],"tintindex":0,"rotation":0,"texture":"#0"},"down":{"uv":[2.5,11.5625,1.625,12.25],"tintindex":0,"rotation":0,"texture":"#0"}},"rotation":{"origin":[8.0,13.0,4.0],"angle":22.5,"axis":"y"}},{"from":[2.25,2.500002,4.0],"to":[10.75,6.5,8.0],"faces":{"east":{"uv":[14.3125,7.5,14.8125,8.0],"tintindex":0,"rotation":0,"texture":"#0"},"south":{"uv":[12.0625,4.9375,13.125,5.4375],"tintindex":0,"rotation":0,"texture":"#0"},"north":{"uv":[12.0,8.3125,13.0625,8.8125],"tintindex":0,"rotation":0,"texture":"#0"},"west":{"uv":[14.3125,8.0,14.8125,8.5],"tintindex":0,"rotation":0,"texture":"#0"},"up":{"uv":[13.25,0.5,12.1875,0.0],"tintindex":0,"rotation":0,"texture":"#0"},"down":{"uv":[1.625,12.1875,0.5625,12.6875],"tintindex":0,"rotation":0,"texture":"#0"}},"rotation":{"origin":[8.0,3.000002,6.5],"angle":45.0,"axis":"y"}},{"from":[-2.0,9.5,8.5],"to":[5.0,13.0,12.0],"faces":{"east":{"uv":[10.75,14.5,11.1875,14.9375],"tintindex":0,"rotation":0,"texture":"#0"},"south":{"uv":[9.0,13.25,9.875,13.6875],"tintindex":0,"rotation":0,"texture":"#0"},"north":{"uv":[13.25,0.0,14.125,0.4375],"tintindex":0,"rotation":0,"texture":"#0"},"west":{"uv":[11.1875,14.5,11.625,14.9375],"tintindex":0,"rotation":0,"texture":"#0"},"up":{"uv":[13.375,13.6875,12.5,13.25],"tintindex":0,"rotation":0,"texture":"#0"},"down":{"uv":[14.1875,7.0625,13.3125,7.5],"tintindex":0,"rotation":0,"texture":"#0"}},"rotation":{"origin":[8.0,13.0,5.0],"angle":45.0,"axis":"y"}}]}