{"textures":{"0":"modelengine:entity/bs_ice_sentinel_texture"},"elements":[{"from":[5.714286,5.714286,6.0],"to":[10.857143,10.285714,10.0],"rotation":{"angle":0.0,"axis":"y","origin":[8.857143,-4.5714293,9.428572]},"faces":{"east":{"uv":[5.375,0.6875,5.8125,1.1875],"rotation":0,"texture":"#0","tintindex":0},"south":{"uv":[14.125,12.125,14.6875,12.625],"rotation":0,"texture":"#0","tintindex":0},"north":{"uv":[14.125,11.625,14.6875,12.125],"rotation":0,"texture":"#0","tintindex":0},"west":{"uv":[14.3125,14.1875,14.75,14.6875],"rotation":0,"texture":"#0","tintindex":0},"up":{"uv":[14.25,14.75,13.6875,14.3125],"rotation":0,"texture":"#0","tintindex":0},"down":{"uv":[14.875,13.75,14.3125,14.1875],"rotation":0,"texture":"#0","tintindex":0}}}],"display":{"head":{"translation":[0.0,-6.4,0.0],"scale":[4.0,4.0,4.0]}}}