{"textures":{"0":"modelengine:entity/bs_ice_sentinel_texture"},"elements":[{"from":[6.285714,6.285714,6.0],"to":[10.285714,9.714286,10.0],"rotation":{"angle":0.0,"axis":"y","origin":[16.285715,-1.7142859,9.428572]},"faces":{"east":{"uv":[14.6875,14.6875,15.125,15.0625],"rotation":0,"texture":"#0","tintindex":0},"south":{"uv":[14.75,1.375,15.1875,1.75],"rotation":0,"texture":"#0","tintindex":0},"north":{"uv":[14.25,14.6875,14.6875,15.0625],"rotation":0,"texture":"#0","tintindex":0},"west":{"uv":[14.75,1.75,15.1875,2.125],"rotation":0,"texture":"#0","tintindex":0},"up":{"uv":[14.875,8.9375,14.4375,8.5],"rotation":0,"texture":"#0","tintindex":0},"down":{"uv":[14.875,10.125,14.4375,10.5625],"rotation":0,"texture":"#0","tintindex":0}}}],"display":{"head":{"translation":[0.0,-6.4,0.0],"scale":[4.0,4.0,4.0]}}}