{"textures":{"0":"modelengine:entity/slime_beehive"},"elements":[{"from":[12.6,10.799999,4.5999994],"to":[16.6,14.799999,4.5999994],"faces":{"south":{"uv":[0.375,4.75,0.75,5.125],"tintindex":0,"rotation":0,"texture":"#0"},"north":{"uv":[0.0,4.75,0.375,5.125],"tintindex":0,"rotation":0,"texture":"#0"}}},{"from":[-0.5,10.799999,4.5999994],"to":[3.5,14.799999,4.5999994],"faces":{"south":{"uv":[0.0,4.75,0.375,5.125],"tintindex":0,"rotation":0,"texture":"#0"},"north":{"uv":[0.375,4.75,0.75,5.125],"tintindex":0,"rotation":0,"texture":"#0"}}}]}