{"textures":{"0":"modelengine:entity/elephant"},"elements":[{"from":[1.5,4.7666664,-3.5250006],"to":[14.2,17.766666,9.375],"faces":{"east":{"uv":[3.24375,0.8125,2.4375,0.0],"tintindex":0,"rotation":0,"texture":"#0"},"south":{"uv":[3.23125,0.8125,2.4375,0.0],"tintindex":0,"rotation":0,"texture":"#0"},"north":{"uv":[3.23125,0.8125,2.4375,0.0],"tintindex":0,"rotation":0,"texture":"#0"},"west":{"uv":[3.24375,0.8125,2.4375,0.0],"tintindex":0,"rotation":0,"texture":"#0"},"up":{"uv":[3.23125,0.80625,2.4375,0.0],"tintindex":0,"rotation":0,"texture":"#0"},"down":{"uv":[3.23125,0.80625,2.4375,0.0],"tintindex":0,"rotation":0,"texture":"#0"}},"rotation":{"origin":[21.4,6.3166676,2.0249996],"angle":22.5,"axis":"x"}},{"from":[1.6000004,-1.3333321,-2.625],"to":[14.099999,6.966667,8.275],"faces":{"east":{"uv":[3.11875,0.51875,2.4375,0.0],"tintindex":0,"rotation":0,"texture":"#0"},"south":{"uv":[3.21875,0.51875,2.4375,0.0],"tintindex":0,"rotation":0,"texture":"#0"},"north":{"uv":[3.21875,0.51875,2.4375,0.0],"tintindex":0,"rotation":0,"texture":"#0"},"west":{"uv":[3.11875,0.51875,2.4375,0.0],"tintindex":0,"rotation":0,"texture":"#0"},"up":{"uv":[4.3125,2.375,2.4375,0.0],"tintindex":0,"rotation":0,"texture":"#0"},"down":{"uv":[4.3125,2.375,2.4375,0.0],"tintindex":0,"rotation":0,"texture":"#0"}},"rotation":{"origin":[7.8999996,12.316666,1.125],"angle":0.0,"axis":"x"}},{"from":[1.8999996,-7.7333336,-2.0250006],"to":[12.9,-0.33333206,8.174999],"faces":{"east":{"uv":[3.075,0.4625,2.4375,0.0],"tintindex":0,"rotation":0,"texture":"#0"},"south":{"uv":[3.125,0.4625,2.4375,0.0],"tintindex":0,"rotation":0,"texture":"#0"},"north":{"uv":[3.125,0.4625,2.4375,0.0],"tintindex":0,"rotation":0,"texture":"#0"},"west":{"uv":[3.075,0.4625,2.4375,0.0],"tintindex":0,"rotation":0,"texture":"#0"},"up":{"uv":[4.3125,2.375,2.4375,0.0],"tintindex":0,"rotation":0,"texture":"#0"},"down":{"uv":[3.125,0.6375,2.4375,0.0],"tintindex":0,"rotation":0,"texture":"#0"}}}]}