{"textures":{"0":"modelengine:entity/elephant"},"elements":[{"from":[5.1000004,7.450001,7.049999],"to":[6.25,8.799999,8.799999],"faces":{"east":{"uv":[2.58125,0.21875,2.4375,0.0],"tintindex":0,"rotation":0,"texture":"#0"},"south":{"uv":[2.58125,0.21875,2.4375,0.0],"tintindex":0,"rotation":0,"texture":"#0"},"north":{"uv":[2.58125,0.21875,2.4375,0.0],"tintindex":0,"rotation":0,"texture":"#0"},"west":{"uv":[2.58125,0.21875,2.4375,0.0],"tintindex":0,"rotation":0,"texture":"#0"},"up":{"uv":[2.58125,0.21875,2.4375,0.0],"tintindex":0,"rotation":0,"texture":"#0"},"down":{"uv":[2.58125,0.21875,2.4375,0.0],"tintindex":0,"rotation":0,"texture":"#0"}}},{"from":[-1.4129429,5.8070736,7.5999994],"to":[0.73705673,6.657074,8.45],"faces":{"east":{"uv":[2.70625,0.10625,2.4375,0.0],"tintindex":0,"rotation":0,"texture":"#0"},"south":{"uv":[2.70625,0.10625,2.4375,0.0],"tintindex":0,"rotation":0,"texture":"#0"},"north":{"uv":[2.70625,0.10625,2.4375,0.0],"tintindex":0,"rotation":0,"texture":"#0"},"west":{"uv":[2.70625,0.10625,2.4375,0.0],"tintindex":0,"rotation":0,"texture":"#0"},"up":{"uv":[2.70625,0.10625,2.4375,0.0],"tintindex":0,"rotation":0,"texture":"#0"},"down":{"uv":[2.70625,0.10625,2.4375,0.0],"tintindex":0,"rotation":0,"texture":"#0"}},"rotation":{"origin":[-0.4379425,6.657074,7.95],"angle":45.0,"axis":"z"}},{"from":[3.3537703,7.682621,7.299999],"to":[5.1037693,8.732622,8.549999],"faces":{"east":{"uv":[2.65625,0.13125,2.4375,0.0],"tintindex":0,"rotation":0,"texture":"#0"},"south":{"uv":[2.65625,0.13125,2.4375,0.0],"tintindex":0,"rotation":0,"texture":"#0"},"north":{"uv":[2.65625,0.13125,2.4375,0.0],"tintindex":0,"rotation":0,"texture":"#0"},"west":{"uv":[2.65625,0.13125,2.4375,0.0],"tintindex":0,"rotation":0,"texture":"#0"},"up":{"uv":[2.65625,0.13125,2.4375,0.0],"tintindex":0,"rotation":0,"texture":"#0"},"down":{"uv":[2.65625,0.13125,2.4375,0.0],"tintindex":0,"rotation":0,"texture":"#0"}}},{"from":[-0.76294327,-0.49292564,7.6499996],"to":[-0.012943268,5.7570744,8.4],"faces":{"east":{"uv":[2.53125,0.78125,2.4375,0.0],"tintindex":0,"rotation":0,"texture":"#0"},"south":{"uv":[2.53125,0.78125,2.4375,0.0],"tintindex":0,"rotation":0,"texture":"#0"},"north":{"uv":[2.53125,0.78125,2.4375,0.0],"tintindex":0,"rotation":0,"texture":"#0"},"west":{"uv":[2.53125,0.78125,2.4375,0.0],"tintindex":0,"rotation":0,"texture":"#0"},"up":{"uv":[2.53125,0.78125,2.4375,0.0],"tintindex":0,"rotation":0,"texture":"#0"},"down":{"uv":[2.53125,0.09375,2.4375,0.0],"tintindex":0,"rotation":0,"texture":"#0"}},"rotation":{"origin":[-0.4379425,6.657074,7.95],"angle":-22.5,"axis":"z"}},{"from":[6.25,7.25,6.799999],"to":[9.15,8.9,9.099999],"faces":{"east":{"uv":[2.8,0.20625,2.4375,0.0],"tintindex":0,"rotation":0,"texture":"#0"},"south":{"uv":[2.8,0.20625,2.4375,0.0],"tintindex":0,"rotation":0,"texture":"#0"},"north":{"uv":[2.8,0.20625,2.4375,0.0],"tintindex":0,"rotation":0,"texture":"#0"},"west":{"uv":[2.8,0.20625,2.4375,0.0],"tintindex":0,"rotation":0,"texture":"#0"},"up":{"uv":[2.8,0.20625,2.4375,0.0],"tintindex":0,"rotation":0,"texture":"#0"},"down":{"uv":[2.8,0.20625,2.4375,0.0],"tintindex":0,"rotation":0,"texture":"#0"}}},{"from":[-3.2893476,-0.4421959,7.658742],"to":[2.610652,5.4078026,8.248742],"faces":{"east":{"uv":[4.3125,2.375,2.4375,0.0],"tintindex":0,"rotation":0,"texture":"#0"},"south":{"uv":[3.175,0.73125,2.4375,0.0],"tintindex":0,"rotation":0,"texture":"#0"},"north":{"uv":[3.175,0.73125,2.4375,0.0],"tintindex":0,"rotation":0,"texture":"#0"},"west":{"uv":[4.3125,2.375,2.4375,0.0],"tintindex":0,"rotation":0,"texture":"#0"},"up":{"uv":[4.3125,2.375,2.4375,0.0],"tintindex":0,"rotation":0,"texture":"#0"},"down":{"uv":[3.175,0.07375,2.4375,0.0],"tintindex":0,"rotation":0,"texture":"#0"}},"rotation":{"origin":[-1.7143478,-1.367197,7.95],"angle":-22.5,"axis":"z"}},{"from":[0.30377007,7.5826225,7.549999],"to":[3.55377,8.532621,8.45],"faces":{"east":{"uv":[2.84375,0.11875,2.4375,0.0],"tintindex":0,"rotation":0,"texture":"#0"},"south":{"uv":[2.84375,0.11875,2.4375,0.0],"tintindex":0,"rotation":0,"texture":"#0"},"north":{"uv":[2.84375,0.11875,2.4375,0.0],"tintindex":0,"rotation":0,"texture":"#0"},"west":{"uv":[2.84375,0.11875,2.4375,0.0],"tintindex":0,"rotation":0,"texture":"#0"},"up":{"uv":[2.84375,0.11875,2.4375,0.0],"tintindex":0,"rotation":0,"texture":"#0"},"down":{"uv":[2.84375,0.11875,2.4375,0.0],"tintindex":0,"rotation":0,"texture":"#0"}},"rotation":{"origin":[2.9787703,8.207623,7.95],"angle":22.5,"axis":"z"}},{"from":[-1.3462296,-4.067378,7.6499996],"to":[5.9037695,1.7826214,8.25],"faces":{"east":{"uv":[4.3125,2.375,2.4375,0.0],"tintindex":0,"rotation":0,"texture":"#0"},"south":{"uv":[3.34375,0.73125,2.4375,0.0],"tintindex":0,"rotation":0,"texture":"#0"},"north":{"uv":[3.34375,0.73125,2.4375,0.0],"tintindex":0,"rotation":0,"texture":"#0"},"west":{"uv":[2.5125,0.73125,2.4375,0.0],"tintindex":0,"rotation":0,"texture":"#0"},"up":{"uv":[4.3125,2.375,2.4375,0.0],"tintindex":0,"rotation":0,"texture":"#0"},"down":{"uv":[3.34375,0.075,2.4375,0.0],"tintindex":0,"rotation":0,"texture":"#0"}},"rotation":{"origin":[2.9787703,8.207623,7.95],"angle":22.5,"axis":"z"}},{"from":[-1.3462296,1.7326221,7.6499996],"to":[5.9037695,7.5826225,8.25],"faces":{"east":{"uv":[4.3125,2.375,2.4375,0.0],"tintindex":0,"rotation":0,"texture":"#0"},"south":{"uv":[3.34375,0.73125,2.4375,0.0],"tintindex":0,"rotation":0,"texture":"#0"},"north":{"uv":[3.34375,0.73125,2.4375,0.0],"tintindex":0,"rotation":0,"texture":"#0"},"west":{"uv":[4.3125,2.375,2.4375,0.0],"tintindex":0,"rotation":0,"texture":"#0"},"up":{"uv":[4.3125,2.375,2.4375,0.0],"tintindex":0,"rotation":0,"texture":"#0"},"down":{"uv":[4.3125,2.375,2.4375,0.0],"tintindex":0,"rotation":0,"texture":"#0"}},"rotation":{"origin":[2.9787703,8.207623,7.95],"angle":22.5,"axis":"z"}},{"from":[5.9037695,2.682621,7.6499996],"to":[7.05377,6.132622,8.25],"faces":{"east":{"uv":[4.3125,2.375,2.4375,0.0],"tintindex":0,"rotation":0,"texture":"#0"},"south":{"uv":[4.3125,2.375,2.4375,0.0],"tintindex":0,"rotation":0,"texture":"#0"},"north":{"uv":[4.3125,2.375,2.4375,0.0],"tintindex":0,"rotation":0,"texture":"#0"},"west":{"uv":[4.3125,2.375,2.4375,0.0],"tintindex":0,"rotation":0,"texture":"#0"},"up":{"uv":[4.3125,2.375,2.4375,0.0],"tintindex":0,"rotation":0,"texture":"#0"},"down":{"uv":[4.3125,2.375,2.4375,0.0],"tintindex":0,"rotation":0,"texture":"#0"}},"rotation":{"origin":[2.9787703,8.207623,7.95],"angle":22.5,"axis":"z"}}]}