{"textures":{"0":"modelengine:entity/elephant"},"elements":[{"from":[5.2,-3.5047626,6.042857],"to":[11.485714,4.609524,11.928572],"rotation":{"angle":0.0,"axis":"y","origin":[8.342857,4.295238,7.785714]},"faces":{"east":{"uv":[3.08125,0.8875,2.4375,0.0],"rotation":0,"texture":"#0","tintindex":0},"south":{"uv":[3.125,0.8875,2.4375,0.0],"rotation":0,"texture":"#0","tintindex":0},"north":{"uv":[3.125,0.8875,2.4375,0.0],"rotation":0,"texture":"#0","tintindex":0},"west":{"uv":[3.08125,0.8875,2.4375,0.0],"rotation":0,"texture":"#0","tintindex":0},"up":{"uv":[4.3125,2.375,2.4375,0.0],"rotation":0,"texture":"#0","tintindex":0},"down":{"uv":[3.125,0.64375,2.4375,0.0],"rotation":0,"texture":"#0","tintindex":0}}},{"from":[5.2,3.5809522,5.8142853],"to":[9.257143,11.180952,12.157143],"rotation":{"angle":22.5,"axis":"z","origin":[8.342857,10.695238,7.785714]},"faces":{"east":{"uv":[3.13125,0.83125,2.4375,0.0],"rotation":0,"texture":"#0","tintindex":0},"south":{"uv":[2.88125,0.83125,2.4375,0.0],"rotation":0,"texture":"#0","tintindex":0},"north":{"uv":[2.88125,0.83125,2.4375,0.0],"rotation":0,"texture":"#0","tintindex":0},"west":{"uv":[3.13125,0.83125,2.4375,0.0],"rotation":0,"texture":"#0","tintindex":0},"up":{"uv":[4.3125,2.375,2.4375,0.0],"rotation":0,"texture":"#0","tintindex":0},"down":{"uv":[2.88125,0.69375,2.4375,0.0],"rotation":0,"texture":"#0","tintindex":0}}},{"from":[4.2285714,6.3809524,5.928571],"to":[8.914286,12.095238,12.042857],"rotation":{"angle":-22.5,"axis":"z","origin":[7.3714285,11.609524,7.785714]},"faces":{"east":{"uv":[4.3125,2.375,2.4375,0.0],"rotation":0,"texture":"#0","tintindex":0},"south":{"uv":[4.3125,2.375,2.4375,0.0],"rotation":0,"texture":"#0","tintindex":0},"north":{"uv":[4.3125,2.375,2.4375,0.0],"rotation":0,"texture":"#0","tintindex":0},"west":{"uv":[4.3125,2.375,2.4375,0.0],"rotation":0,"texture":"#0","tintindex":0},"up":{"uv":[2.95,0.66875,2.4375,0.0],"rotation":0,"texture":"#0","tintindex":0},"down":{"uv":[4.3125,2.375,2.4375,0.0],"rotation":0,"texture":"#0","tintindex":0}}}],"display":{"head":{"translation":[0.0,-6.4,0.0],"scale":[4.0,4.0,4.0]}}}