{"textures":{"0":"modelengine:entity/elephant"},"elements":[{"from":[1.4000001,5.166668,4.375],"to":[9.6,15.166668,15.075001],"faces":{"east":{"uv":[4.3125,2.375,2.4375,0.0],"tintindex":0,"rotation":0,"texture":"#0"},"south":{"uv":[4.3125,2.375,2.4375,0.0],"tintindex":0,"rotation":0,"texture":"#0"},"north":{"uv":[4.3125,2.375,2.4375,0.0],"tintindex":0,"rotation":0,"texture":"#0"},"west":{"uv":[4.3125,2.375,2.4375,0.0],"tintindex":0,"rotation":0,"texture":"#0"},"up":{"uv":[2.95,0.66875,2.4375,0.0],"tintindex":0,"rotation":0,"texture":"#0"},"down":{"uv":[4.3125,2.375,2.4375,0.0],"tintindex":0,"rotation":0,"texture":"#0"}},"rotation":{"origin":[6.9,14.316666,7.625],"angle":-22.5,"axis":"z"}},{"from":[3.1000004,0.2666664,4.175001],"to":[10.2,13.566666,15.275001],"faces":{"east":{"uv":[3.13125,0.83125,2.4375,0.0],"tintindex":0,"rotation":0,"texture":"#0"},"south":{"uv":[2.88125,0.83125,2.4375,0.0],"tintindex":0,"rotation":0,"texture":"#0"},"north":{"uv":[2.88125,0.83125,2.4375,0.0],"tintindex":0,"rotation":0,"texture":"#0"},"west":{"uv":[3.13125,0.83125,2.4375,0.0],"tintindex":0,"rotation":0,"texture":"#0"},"up":{"uv":[4.3125,2.375,2.4375,0.0],"tintindex":0,"rotation":0,"texture":"#0"},"down":{"uv":[2.88125,0.69375,2.4375,0.0],"tintindex":0,"rotation":0,"texture":"#0"}},"rotation":{"origin":[8.6,12.716667,7.625],"angle":22.5,"axis":"z"}},{"from":[3.1000004,-12.133333,4.575001],"to":[14.1,2.0666656,14.875],"faces":{"east":{"uv":[3.08125,0.8875,2.4375,0.0],"tintindex":0,"rotation":0,"texture":"#0"},"south":{"uv":[3.125,0.8875,2.4375,0.0],"tintindex":0,"rotation":0,"texture":"#0"},"north":{"uv":[3.125,0.8875,2.4375,0.0],"tintindex":0,"rotation":0,"texture":"#0"},"west":{"uv":[3.08125,0.8875,2.4375,0.0],"tintindex":0,"rotation":0,"texture":"#0"},"up":{"uv":[4.3125,2.375,2.4375,0.0],"tintindex":0,"rotation":0,"texture":"#0"},"down":{"uv":[3.125,0.64375,2.4375,0.0],"tintindex":0,"rotation":0,"texture":"#0"}}}]}