{"textures":{"0":"modelengine:entity/elephant"},"elements":[{"from":[4.4500003,-1.2468624,4.17976],"to":[13.8,7.7531376,13.67976],"faces":{"east":{"uv":[3.625,1.125,2.4375,0.0],"tintindex":0,"rotation":0,"texture":"#0"},"south":{"uv":[3.60625,1.125,2.4375,0.0],"tintindex":0,"rotation":0,"texture":"#0"},"north":{"uv":[4.3125,2.375,2.4375,0.0],"tintindex":0,"rotation":0,"texture":"#0"},"west":{"uv":[4.3125,2.375,2.4375,0.0],"tintindex":0,"rotation":0,"texture":"#0"},"up":{"uv":[3.60625,1.1875,2.4375,0.0],"tintindex":0,"rotation":0,"texture":"#0"},"down":{"uv":[4.3125,2.375,2.4375,0.0],"tintindex":0,"rotation":0,"texture":"#0"}}},{"from":[4.9500003,5.2531376,13.57976],"to":[13.3,10.103138,19.37976],"faces":{"east":{"uv":[3.1375,0.60625,2.4375,0.0],"tintindex":0,"rotation":0,"texture":"#0"},"south":{"uv":[3.48125,0.60625,2.4375,0.0],"tintindex":0,"rotation":0,"texture":"#0"},"north":{"uv":[4.3125,2.375,2.4375,0.0],"tintindex":0,"rotation":0,"texture":"#0"},"west":{"uv":[3.1375,0.60625,2.4375,0.0],"tintindex":0,"rotation":0,"texture":"#0"},"up":{"uv":[3.48125,0.7,2.4375,0.0],"tintindex":0,"rotation":0,"texture":"#0"},"down":{"uv":[4.3125,2.375,2.4375,0.0],"tintindex":0,"rotation":0,"texture":"#0"}},"rotation":{"origin":[9.125,6.728138,11.52976],"angle":45.0,"axis":"x"}},{"from":[8.1,4.3500004,16.9],"to":[10.1,6.1000004,19.5],"faces":{"east":{"uv":[2.7625,0.21875,2.4375,0.0],"tintindex":0,"rotation":0,"texture":"#0"},"south":{"uv":[2.6875,0.21875,2.4375,0.0],"tintindex":0,"rotation":0,"texture":"#0"},"north":{"uv":[4.3125,2.375,2.4375,0.0],"tintindex":0,"rotation":0,"texture":"#0"},"west":{"uv":[2.7625,0.21875,2.4375,0.0],"tintindex":0,"rotation":0,"texture":"#0"},"up":{"uv":[2.6875,0.325,2.4375,0.0],"tintindex":0,"rotation":0,"texture":"#0"},"down":{"uv":[4.3125,2.375,2.4375,0.0],"tintindex":0,"rotation":0,"texture":"#0"}},"rotation":{"origin":[9.1,5.5,19.25],"angle":22.5,"axis":"x"}},{"from":[5.85,-0.596447,-4.239891],"to":[12.25,4.7535534,-1.6398916],"faces":{"east":{"uv":[2.7625,0.66875,2.4375,0.0],"tintindex":0,"rotation":0,"texture":"#0"},"south":{"uv":[4.3125,2.375,2.4375,0.0],"tintindex":0,"rotation":0,"texture":"#0"},"north":{"uv":[4.3125,2.375,2.4375,0.0],"tintindex":0,"rotation":0,"texture":"#0"},"west":{"uv":[2.7625,0.66875,2.4375,0.0],"tintindex":0,"rotation":0,"texture":"#0"},"up":{"uv":[3.2375,0.46875,2.4375,0.0],"tintindex":0,"rotation":0,"texture":"#0"},"down":{"uv":[4.3125,2.375,2.4375,0.0],"tintindex":0,"rotation":0,"texture":"#0"}},"rotation":{"origin":[9.1,6.7535534,-0.96489143],"angle":-22.5,"axis":"x"}},{"from":[4.6,-1.2468624,13.67976],"to":[13.65,7.7531376,15.42976],"faces":{"east":{"uv":[2.65625,1.125,2.4375,0.0],"tintindex":0,"rotation":0,"texture":"#0"},"south":{"uv":[3.56875,1.125,2.4375,0.0],"tintindex":0,"rotation":0,"texture":"#0"},"north":{"uv":[4.3125,2.375,2.4375,0.0],"tintindex":0,"rotation":0,"texture":"#0"},"west":{"uv":[2.65625,1.125,2.4375,0.0],"tintindex":0,"rotation":0,"texture":"#0"},"up":{"uv":[3.56875,0.21875,2.4375,0.0],"tintindex":0,"rotation":0,"texture":"#0"},"down":{"uv":[4.3125,2.375,2.4375,0.0],"tintindex":0,"rotation":0,"texture":"#0"}}},{"from":[8.2,3.3999996,18.2],"to":[10.0,5.8500004,19.75],"faces":{"east":{"uv":[2.63125,0.30625,2.4375,0.0],"tintindex":0,"rotation":0,"texture":"#0"},"south":{"uv":[2.6625,0.30625,2.4375,0.0],"tintindex":0,"rotation":0,"texture":"#0"},"north":{"uv":[4.3125,2.375,2.4375,0.0],"tintindex":0,"rotation":0,"texture":"#0"},"west":{"uv":[2.63125,0.30625,2.4375,0.0],"tintindex":0,"rotation":0,"texture":"#0"},"up":{"uv":[2.6875,0.325,2.4375,0.0],"tintindex":0,"rotation":0,"texture":"#0"},"down":{"uv":[4.3125,2.375,2.4375,0.0],"tintindex":0,"rotation":0,"texture":"#0"}},"rotation":{"origin":[9.1,5.5,19.25],"angle":-22.5,"axis":"x"}},{"from":[8.0,5.200001,14.7],"to":[10.2,7.049999,17.3],"faces":{"east":{"uv":[2.7625,0.23125,2.4375,0.0],"tintindex":0,"rotation":0,"texture":"#0"},"south":{"uv":[2.7125,0.23125,2.4375,0.0],"tintindex":0,"rotation":0,"texture":"#0"},"north":{"uv":[4.3125,2.375,2.4375,0.0],"tintindex":0,"rotation":0,"texture":"#0"},"west":{"uv":[2.7625,0.23125,2.4375,0.0],"tintindex":0,"rotation":0,"texture":"#0"},"up":{"uv":[2.7125,0.325,2.4375,0.0],"tintindex":0,"rotation":0,"texture":"#0"},"down":{"uv":[4.3125,2.375,2.4375,0.0],"tintindex":0,"rotation":0,"texture":"#0"}}},{"from":[4.05,-10.299999,3.3000002],"to":[14.15,-0.25,15.55],"faces":{"east":{"uv":[3.96875,1.25625,2.4375,0.0],"tintindex":0,"rotation":0,"texture":"#0"},"south":{"uv":[4.3125,2.375,2.4375,0.0],"tintindex":0,"rotation":0,"texture":"#0"},"north":{"uv":[4.3125,2.375,2.4375,0.0],"tintindex":0,"rotation":0,"texture":"#0"},"west":{"uv":[3.96875,1.25625,2.4375,0.0],"tintindex":0,"rotation":0,"texture":"#0"},"up":{"uv":[3.7,1.53125,2.4375,0.0],"tintindex":0,"rotation":0,"texture":"#0"},"down":{"uv":[3.7,1.53125,2.4375,0.0],"tintindex":0,"rotation":0,"texture":"#0"}},"rotation":{"origin":[9.0,1.5,24.0],"angle":22.5,"axis":"x"}},{"from":[5.1,-11.299999,1.75],"to":[13.1,0.8500004,7.35],"faces":{"east":{"uv":[6.25,2.375,4.375,0.0],"tintindex":0,"rotation":0,"texture":"#0"},"south":{"uv":[6.25,2.375,4.375,0.0],"tintindex":0,"rotation":0,"texture":"#0"},"north":{"uv":[6.25,2.375,4.375,0.0],"tintindex":0,"rotation":0,"texture":"#0"},"west":{"uv":[5.075,1.51875,4.375,0.0],"tintindex":0,"rotation":0,"texture":"#0"},"up":{"uv":[5.375,0.7,4.375,0.0],"tintindex":0,"rotation":0,"texture":"#0"},"down":{"uv":[6.25,2.375,4.375,0.0],"tintindex":0,"rotation":0,"texture":"#0"}},"rotation":{"origin":[9.0,1.5,24.0],"angle":22.5,"axis":"x"}},{"from":[5.4500003,-5.865608,7.9747868],"to":[12.8,-3.8656082,11.724787],"faces":{"east":{"uv":[2.9375,0.25,2.4375,0.0],"tintindex":0,"rotation":0,"texture":"#0"},"south":{"uv":[4.3125,2.375,2.4375,0.0],"tintindex":0,"rotation":0,"texture":"#0"},"north":{"uv":[4.3125,2.375,2.4375,0.0],"tintindex":0,"rotation":0,"texture":"#0"},"west":{"uv":[2.9375,0.25,2.4375,0.0],"tintindex":0,"rotation":0,"texture":"#0"},"up":{"uv":[4.3125,2.375,2.4375,0.0],"tintindex":0,"rotation":0,"texture":"#0"},"down":{"uv":[3.35625,0.5,2.4375,0.0],"tintindex":0,"rotation":0,"texture":"#0"}}},{"from":[5.1,-5.821706,0.20465517],"to":[13.1,-3.8217058,10.404655],"faces":{"east":{"uv":[3.7125,0.25,2.4375,0.0],"tintindex":0,"rotation":0,"texture":"#0"},"south":{"uv":[4.3125,2.375,2.4375,0.0],"tintindex":0,"rotation":0,"texture":"#0"},"north":{"uv":[4.3125,2.375,2.4375,0.0],"tintindex":0,"rotation":0,"texture":"#0"},"west":{"uv":[3.7125,0.25,2.4375,0.0],"tintindex":0,"rotation":0,"texture":"#0"},"up":{"uv":[4.3125,2.375,2.4375,0.0],"tintindex":0,"rotation":0,"texture":"#0"},"down":{"uv":[3.4375,1.275,2.4375,0.0],"tintindex":0,"rotation":0,"texture":"#0"}},"rotation":{"origin":[9.025,0.17829418,9.029655],"angle":22.5,"axis":"x"}},{"from":[6.2,-6.9446917,-2.0680618],"to":[10.9,-4.9446917,1.4319382],"faces":{"east":{"uv":[0.875,12.0625,1.3125,12.3125],"tintindex":0,"rotation":0,"texture":"#0"},"south":{"uv":[1.5,11.8125,2.0625,12.0625],"tintindex":0,"rotation":0,"texture":"#0"},"north":{"uv":[0.9375,11.8125,1.5,12.0625],"tintindex":0,"rotation":0,"texture":"#0"},"west":{"uv":[1.3125,12.0625,1.75,12.3125],"tintindex":0,"rotation":0,"texture":"#0"},"up":{"uv":[0.5625,11.6875,0.0,11.25],"tintindex":0,"rotation":0,"texture":"#0"},"down":{"uv":[11.8125,3.875,11.25,4.3125],"tintindex":0,"rotation":0,"texture":"#0"}},"rotation":{"origin":[9.1,-4.594692,4.4819384],"angle":45.0,"axis":"x"}},{"from":[5.85,2.9535542,-1.8398914],"to":[12.25,10.703554,1.9101086],"faces":{"east":{"uv":[2.90625,0.96875,2.4375,0.0],"tintindex":0,"rotation":0,"texture":"#0"},"south":{"uv":[4.3125,2.375,2.4375,0.0],"tintindex":0,"rotation":0,"texture":"#0"},"north":{"uv":[3.2375,0.96875,2.4375,0.0],"tintindex":0,"rotation":0,"texture":"#0"},"west":{"uv":[2.90625,0.96875,2.4375,0.0],"tintindex":0,"rotation":0,"texture":"#0"},"up":{"uv":[3.2375,0.46875,2.4375,0.0],"tintindex":0,"rotation":0,"texture":"#0"},"down":{"uv":[4.3125,2.375,2.4375,0.0],"tintindex":0,