{"textures":{"0":"modelengine:entity/em_redvelvet_cake"},"elements":[{"from":[4.574395,10.4478445,2.9534388],"to":[5.7172523,10.4478445,4.6677246],"rotation":{"angle":0.0,"axis":"y","origin":[5.1458235,10.4478445,4.6677246]},"faces":{"east":{"uv":[12.5,11.875,12.875,11.875],"rotation":0,"texture":"#0","tintindex":0},"south":{"uv":[12.875,0.75,13.125,0.75],"rotation":0,"texture":"#0","tintindex":0},"north":{"uv":[7.0,12.25,7.25,12.25],"rotation":0,"texture":"#0","tintindex":0},"west":{"uv":[13.0,10.125,13.375,10.125],"rotation":0,"texture":"#0","tintindex":0},"up":{"uv":[10.25,12.75,10.0,12.375],"rotation":0,"texture":"#0","tintindex":0},"down":{"uv":[10.625,12.375,10.375,12.75],"rotation":0,"texture":"#0","tintindex":0}}},{"from":[3.3529668,9.283559,3.4534388],"to":[12.495824,10.426416,12.596296],"rotation":{"angle":0.0,"axis":"y","origin":[7.924395,10.140701,8.024868]},"faces":{"east":{"uv":[10.375,3.375,12.375,3.625],"rotation":0,"texture":"#0","tintindex":0},"south":{"uv":[10.375,3.75,12.375,4.0],"rotation":0,"texture":"#0","tintindex":0},"north":{"uv":[10.375,3.0,12.375,3.25],"rotation":0,"texture":"#0","tintindex":0},"west":{"uv":[10.375,4.125,12.375,4.375],"rotation":0,"texture":"#0","tintindex":0},"up":{"uv":[4.125,2.0,2.125,0.0],"rotation":0,"texture":"#0","tintindex":0},"down":{"uv":[4.125,2.125,2.125,4.125],"rotation":0,"texture":"#0","tintindex":0}}},{"from":[10.574395,14.047845,4.0820103],"to":[11.602966,15.076416,5.110582],"rotation":{"angle":-45.0,"axis":"z","origin":[11.088681,14.56213,4.5962963]},"faces":{"east":{"uv":[8.375,13.0,8.125,13.25],"rotation":270,"texture":"#0","tintindex":0},"south":{"uv":[13.0,2.5,13.25,2.75],"rotation":270,"texture":"#0","tintindex":0},"north":{"uv":[1.625,13.0,1.875,13.25],"rotation":90,"texture":"#0","tintindex":0},"west":{"uv":[13.25,5.0,13.0,4.75],"rotation":270,"texture":"#0","tintindex":0},"up":{"uv":[13.0,2.125,13.25,2.375],"rotation":270,"texture":"#0","tintindex":0},"down":{"uv":[13.0,4.375,13.25,4.625],"rotation":270,"texture":"#0","tintindex":0}}},{"from":[10.702967,14.4478445,11.95344],"to":[11.845824,14.4478445,13.667725],"rotation":{"angle":22.5,"axis":"z","origin":[11.845824,14.4478445,12.524868]},"faces":{"east":{"uv":[13.625,4.125,14.0,4.125],"rotation":0,"texture":"#0","tintindex":0},"south":{"uv":[13.625,4.25,13.875,4.25],"rotation":0,"texture":"#0","tintindex":0},"north":{"uv":[13.5,13.25,13.75,13.25],"rotation":0,"texture":"#0","tintindex":0},"west":{"uv":[2.25,13.75,2.625,13.75],"rotation":0,"texture":"#0","tintindex":0},"up":{"uv":[12.75,0.75,12.5,0.375],"rotation":0,"texture":"#0","tintindex":0},"down":{"uv":[0.75,12.5,0.5,12.875],"rotation":0,"texture":"#0","tintindex":0}}},{"from":[3.3529668,6.426416,3.4534388],"to":[12.495824,8.140701,12.596296],"rotation":{"angle":0.0,"axis":"y","origin":[7.924395,6.426416,8.024868]},"faces":{"east":{"uv":[10.375,0.0,12.375,0.375],"rotation":0,"texture":"#0","tintindex":0},"south":{"uv":[10.375,0.5,12.375,0.875],"rotation":0,"texture":"#0","tintindex":0},"north":{"uv":[0.0,10.375,2.0,10.75],"rotation":0,"texture":"#0","tintindex":0},"west":{"uv":[10.375,1.0,12.375,1.375],"rotation":0,"texture":"#0","tintindex":0},"up":{"uv":[2.0,2.0,0.0,0.0],"rotation":0,"texture":"#0","tintindex":0},"down":{"uv":[2.0,2.125,0.0,4.125],"rotation":0,"texture":"#0","tintindex":0}}},{"from":[3.8101091,8.026416,3.910582],"to":[12.038681,9.397844,12.1391535],"rotation":{"angle":0.0,"axis":"y","origin":[7.924395,6.426416,8.024868]},"faces":{"east":{"uv":[6.0,11.125,7.75,11.375],"rotation":0,"texture":"#0","tintindex":0},"south":{"uv":[0.875,11.25,2.625,11.5],"rotation":0,"texture":"#0","tintindex":0},"north":{"uv":[0.875,10.875,2.625,11.125],"rotation":0,"texture":"#0","tintindex":0},"west":{"uv":[11.25,5.625,13.0,5.875],"rotation":0,"texture":"#0","tintindex":0},"up":{"uv":[1.75,10.25,0.0,8.5],"rotation":0,"texture":"#0","tintindex":0},"down":{"uv":[10.25,0.0,8.5,1.75],"rotation":0,"texture":"#0","tintindex":0}}},{"from":[2.8601093,10.4478445,4.6677246],"to":[4.574395,10.4478445,5.810582],"rotation":{"angle":0.0,"axis":"y","origin":[4.574395,10.4478445,5.2391534]},"faces":{"east":{"uv":[9.0,8.375,9.25,8.375],"rotation":0,"texture":"#0","tintindex":0},"south":{"uv":[2.125,12.25,2.5,12.25],"rotation":0,"texture":"#0","tintindex":0},"north":{"uv":[8.5,8.375,8.875,8.375],"rotation":0,"texture":"#0","tintindex":0},"west":{"uv":[7.0,12.125,7.25,12.125],"rotation":0,"texture":"#0","tintindex":0},"up":{"uv":[4.0,11.125,3.625,10.875],"rotation":0,"texture":"#0","tintindex":0},"down":{"uv":[9.875,12.375,9.5,12.625],"rotation":0,"texture":"#0","tintindex":0}}},{"from":[11.845824,14.4478445,10.810582],"to":[13.56011,14.4478445,11.95344],"rotation":{"angle":0.0,"axis":"y","origin":[12.417253,14.4478445,11.38201]},"faces":{"east":{"uv":[13.5,7.0,13.75,7.0],"rotation":0,"texture":"#0","tintindex":0},"south":{"uv":[13.5,10.125,13.875,10.125],"rotation":0,"texture":"#0","tintindex":0},"north":{"uv":[13.0,10.25,13.375,10.25],"rotation":0,"texture":"#0","tintindex":0},"west":{"uv":[13.5,10.25,13.75,10.25],"rotation":0,"texture":"#0","tintindex":0},"up":{"uv":[0.375,12.75,0.0,12.5],"rotation":0,"texture":"#0","tintindex":0},"down":{"uv":[12.875,0.0,12.5,0.25],"rotation":0,"texture":"#0","tintindex":0}}},{"from":[11.381538,10.883559,3.910582],"to":[12.181538,12.254988,12.1391535],"rotation":{"angle":0.0,"axis":"y","origin":[7.924395,6.426416,8.024868]},"faces":{"east":{"uv":[11.25,6.375,13.0,6.625],"rotation":0,"texture":"#0","tintindex":0},"south":{"uv":[13.0,6.75,13.125,7.0],"rotation":0,"texture":"#0","tintindex":0},"north":{"uv":[11.25,6.0,11.375,6.25],"rotation":0,"texture":"#0","tintindex":0},"west":{"uv":[7.875,11.375,9.625,11.625],"rotation":0,"texture":"#0","tintindex":0},"up":{"uv":[2.0,10.25,1.875,8.5],"rotation":0,"texture":"#0","tintindex":0},"down":{"uv":[10.25,1.875,8.5,3.625],"rotation":0,"texture":"#0","tintindex":0}}},{"from":[11.352966,10.426416,3.4534388],"to":[12.495824,10.997845,12.596296],"rotation":{"angle":0.0,"axis":"y","origin":[7.924395,10.140701,8.024868]},"faces":{"east":{"uv":[2.75,11.875,4.75,12.0],"rotation":0,"texture":"#0","tintindex":0},"south":{"uv":[12.625,12.0,12.875,12.125],"rotation":0,"texture":"#0","tintindex":0},"north":{"uv":[11.75,10.375,12.0,10.5],"rotation":0,"texture":"#0","tintindex":0},"west":{"uv":[2.75,12.125,4.75,12.25],"rotation":0,"texture":"#0","tintindex":0},"up":{"uv":[0.25,6.25,0.0,4.25],"rotation":0,"texture":"#0","tintindex":0},"down":{"uv":[6.25,0.0,4.25,2.0],"rotation":0,"texture":"#0","tintindex":0}}},{"from":[11.352966,12.140701,3.4534388],"to":[12.495824,14.426416,12.596296],"rotation":{"angle":0.0,"axis":"y","origin":[7.924395,6.426416,8.024868]},"faces":{"east":{"uv":[8.5,7.5,10.5,8.0],"rotation":0,"texture":"#0","tintindex":0},"south":{"uv":[9.25,9.125,9.5,9.625],"rotation":0,"texture":"#0","tintindex":0},"north":{"uv":[7.5,8.5,7.75,9.0],"rotation":0,"texture":"#0","tintindex":0},"west":{"uv":[9.625,8.125,11.625,8.625],"rotation":0,"texture":"#0","tintindex":0},"up":{"uv":[2.375,6.25,2.125,4.25],"rotation":0,"texture":"#0","tintindex":0},"down":{"uv":[6.25,2.125,4.25,4.125],"rotation":0,"texture":"#0","tintindex":0}}},{"from":[11.4573765,13.033102,6.4820104],"to":[11.685947,16.118816,8.424868],"rotation":{"angle":-45.0,"axis":"x","origin":[11.571662,14.57596,7.453439]},"faces":{"east":{"uv":[1.875,11.625,2.625,12.125],"rotation":270,"texture":"#0","tintindex":0},"south":{"uv":[0.75,12.125,0.0,12.0],"rotation":90,"texture":"#0","tintindex":0},"north":{"uv":[1.625,12.0,0.875,12.125],"rotation":90,"texture":"#0","tintindex":0},"west":{"uv":[11.625,11.375,12.375,11.875],"rotation":90,"texture":"#0","tintindex":0},"up":{"uv":[7.625,12.625,7.75,13.125],"rotation":180,"texture":"#0","tintindex":0},"down":{"uv":[7.375,12.625,7.5,13.125],"rotation":0,"texture":"#0","tintindex":0}}},{"from":[10.567252,14.190702,8.6534395],"to":[11.595824,15.219273,9.682011],"rotation":{"angle":22.5,"axis":"z",