{"textures":{"0":"modelengine:entity/em_redvelvet_cake"},"elements":[{"from":[6.781538,6.426416,3.4534388],"to":[12.495824,8.140701,12.596296],"rotation":{"angle":0.0,"axis":"y","origin":[7.924395,6.426416,8.024868]},"faces":{"east":{"uv":[10.375,0.0,12.375,0.375],"rotation":0,"texture":"#0","tintindex":0},"south":{"uv":[11.0,0.5,12.25,0.875],"rotation":0,"texture":"#0","tintindex":0},"north":{"uv":[0.0,10.375,1.25,10.75],"rotation":0,"texture":"#0","tintindex":0},"west":{"uv":[9.625,8.25,11.625,8.625],"rotation":0,"texture":"#0","tintindex":0},"up":{"uv":[1.25,2.0,0.0,0.0],"rotation":0,"texture":"#0","tintindex":0},"down":{"uv":[2.0,2.125,0.0,4.125],"rotation":0,"texture":"#0","tintindex":0}}},{"from":[6.845824,8.026416,3.910582],"to":[12.217253,9.397844,12.1391535],"rotation":{"angle":0.0,"axis":"y","origin":[8.102966,6.426416,8.024868]},"faces":{"east":{"uv":[6.0,11.125,7.75,11.375],"rotation":0,"texture":"#0","tintindex":0},"south":{"uv":[1.5,11.25,2.625,11.5],"rotation":0,"texture":"#0","tintindex":0},"north":{"uv":[0.875,10.875,2.0,11.125],"rotation":0,"texture":"#0","tintindex":0},"west":{"uv":[11.25,5.625,13.0,5.875],"rotation":0,"texture":"#0","tintindex":0},"up":{"uv":[1.125,10.25,0.0,8.5],"rotation":0,"texture":"#0","tintindex":0},"down":{"uv":[10.25,0.0,8.5,1.75],"rotation":0,"texture":"#0","tintindex":0}}},{"from":[11.274395,10.4478445,9.096296],"to":[12.988681,10.4478445,10.239154],"rotation":{"angle":0.0,"axis":"y","origin":[11.845824,10.4478445,9.667725]},"faces":{"east":{"uv":[13.5,7.0,13.75,7.0],"rotation":0,"texture":"#0","tintindex":0},"south":{"uv":[13.5,10.125,13.875,10.125],"rotation":0,"texture":"#0","tintindex":0},"north":{"uv":[13.0,10.25,13.375,10.25],"rotation":0,"texture":"#0","tintindex":0},"west":{"uv":[13.5,10.25,13.75,10.25],"rotation":0,"texture":"#0","tintindex":0},"up":{"uv":[0.375,12.75,0.0,12.5],"rotation":0,"texture":"#0","tintindex":0},"down":{"uv":[12.875,0.0,12.5,0.25],"rotation":0,"texture":"#0","tintindex":0}}},{"from":[6.781538,9.283559,3.4534388],"to":[12.495824,10.426416,12.596296],"rotation":{"angle":0.0,"axis":"y","origin":[7.924395,10.140701,8.024868]},"faces":{"east":{"uv":[10.375,3.375,12.375,3.625],"rotation":0,"texture":"#0","tintindex":0},"south":{"uv":[11.0,3.75,12.25,4.0],"rotation":0,"texture":"#0","tintindex":0},"north":{"uv":[10.375,3.0,11.625,3.25],"rotation":0,"texture":"#0","tintindex":0},"west":{"uv":[9.625,8.375,11.625,8.625],"rotation":0,"texture":"#0","tintindex":0},"up":{"uv":[3.375,2.0,2.125,0.0],"rotation":0,"texture":"#0","tintindex":0},"down":{"uv":[4.125,2.125,2.125,4.125],"rotation":0,"texture":"#0","tintindex":0}}},{"from":[10.131538,10.4478445,10.239154],"to":[11.274395,10.4478445,11.95344],"rotation":{"angle":0.0,"axis":"y","origin":[11.274395,10.4478445,10.810582]},"faces":{"east":{"uv":[13.625,4.125,14.0,4.125],"rotation":0,"texture":"#0","tintindex":0},"south":{"uv":[13.625,4.25,13.875,4.25],"rotation":0,"texture":"#0","tintindex":0},"north":{"uv":[13.5,13.25,13.75,13.25],"rotation":0,"texture":"#0","tintindex":0},"west":{"uv":[2.25,13.75,2.625,13.75],"rotation":0,"texture":"#0","tintindex":0},"up":{"uv":[12.75,0.75,12.5,0.375],"rotation":0,"texture":"#0","tintindex":0},"down":{"uv":[0.75,12.5,0.5,12.875],"rotation":0,"texture":"#0","tintindex":0}}}],"display":{"head":{"translation":[0.0,-6.4,0.0],"scale":[4.0,4.0,4.0]}}}