{"textures":{"0":"modelengine:entity/manticore_aether"},"elements":[{"from":[6.253925,3.7605686,7.142857],"to":[7.9682107,8.331997,8.857143],"rotation":{"angle":-22.5,"axis":"z","origin":[7.111068,6.046283,8.0]},"faces":{"east":{"uv":[4.5625,8.5625,4.75,9.0625],"rotation":0,"texture":"#0","tintindex":0},"south":{"uv":[0.9375,7.75,1.125,8.25],"rotation":0,"texture":"#0","tintindex":0},"north":{"uv":[0.9375,7.75,1.125,8.25],"rotation":0,"texture":"#0","tintindex":0},"west":{"uv":[4.5625,8.5625,4.75,9.0625],"rotation":0,"texture":"#0","tintindex":0},"up":{"uv":[5.6875,9.3125,5.5,9.5],"rotation":0,"texture":"#0","tintindex":0},"down":{"uv":[5.6875,9.3125,5.5,9.5],"rotation":0,"texture":"#0","tintindex":0}}},{"from":[5.1587515,3.4054298,6.857143],"to":[7.444466,4.548287,9.142858],"rotation":{"angle":0.0,"axis":"y","origin":[6.301609,3.9768581,8.0]},"faces":{"east":{"uv":[9.375,7.375,9.625,7.5],"rotation":0,"texture":"#0","tintindex":0},"south":{"uv":[9.375,7.5625,9.625,7.6875],"rotation":0,"texture":"#0","tintindex":0},"north":{"uv":[9.375,6.1875,9.625,6.3125],"rotation":0,"texture":"#0","tintindex":0},"west":{"uv":[3.25,9.4375,3.5,9.5625],"rotation":0,"texture":"#0","tintindex":0},"up":{"uv":[9.5625,1.25,9.3125,1.0],"rotation":0,"texture":"#0","tintindex":0},"down":{"uv":[1.6875,9.3125,1.4375,9.5625],"rotation":0,"texture":"#0","tintindex":0}}}],"display":{"head":{"translation":[0.0,-6.4,0.0],"scale":[4.0,4.0,4.0]}}}