{"textures":{"0":"modelengine:entity/manticore_aether"},"elements":[{"from":[6.65404,2.6424608,7.60142],"to":[9.511183,8.356747,10.458563],"rotation":{"angle":-22.5,"axis":"x","origin":[8.082611,5.4996033,9.029991]},"faces":{"east":{"uv":[7.8125,1.25,8.125,1.875],"rotation":0,"texture":"#0","tintindex":0},"south":{"uv":[7.75,3.9375,8.0625,4.5625],"rotation":0,"texture":"#0","tintindex":0},"north":{"uv":[7.75,3.9375,8.0625,4.5625],"rotation":0,"texture":"#0","tintindex":0},"west":{"uv":[7.8125,1.25,8.125,1.875],"rotation":0,"texture":"#0","tintindex":0},"up":{"uv":[8.875,5.625,8.5625,5.3125],"rotation":0,"texture":"#0","tintindex":0},"down":{"uv":[8.875,5.625,8.5625,5.3125],"rotation":0,"texture":"#0","tintindex":0}}}],"display":{"head":{"translation":[0.0,-6.4,0.0],"scale":[4.0,4.0,4.0]}}}