{"textures":{"0":"modelengine:entity/manticore_aether"},"elements":[{"from":[6.8657885,2.1724448,5.802212],"to":[10.865788,8.458159,10.373641],"rotation":{"angle":0.0,"axis":"y","origin":[8.865788,5.315302,8.087927]},"faces":{"east":{"uv":[1.5,6.875,2.0,7.5625],"rotation":0,"texture":"#0","tintindex":0},"south":{"uv":[0.6875,7.0,1.125,7.6875],"rotation":0,"texture":"#0","tintindex":0},"north":{"uv":[0.6875,7.0,1.125,7.6875],"rotation":0,"texture":"#0","tintindex":0},"west":{"uv":[1.5,6.875,2.0,7.5625],"rotation":0,"texture":"#0","tintindex":0},"up":{"uv":[7.5625,8.0625,7.125,7.5625],"rotation":0,"texture":"#0","tintindex":0},"down":{"uv":[7.5625,8.0625,7.125,7.5625],"rotation":0,"texture":"#0","tintindex":0}}},{"from":[6.8943596,4.0178175,8.746944],"to":[6.8943596,9.732103,13.889802],"rotation":{"angle":-22.5,"axis":"x","origin":[6.8943596,6.8749604,11.318374]},"faces":{"east":{"uv":[7.25,1.375,6.6875,2.0],"rotation":0,"texture":"#0","tintindex":0},"south":{"uv":[7.4375,9.5,7.4375,10.125],"rotation":0,"texture":"#0","tintindex":0},"north":{"uv":[1.375,9.5,1.375,10.125],"rotation":0,"texture":"#0","tintindex":0},"west":{"uv":[6.6875,1.375,7.25,2.0],"rotation":0,"texture":"#0","tintindex":0},"up":{"uv":[7.5,10.0625,7.5,9.5],"rotation":0,"texture":"#0","tintindex":0},"down":{"uv":[7.5625,9.5,7.5625,10.0625],"rotation":0,"texture":"#0","tintindex":0}}},{"from":[4.0086455,2.1724448,8.087927],"to":[6.8657885,8.458159,8.087927],"rotation":{"angle":0.0,"axis":"y","origin":[5.4372168,5.315302,8.087927]},"faces":{"east":{"uv":[9.25,9.5,9.25,10.1875],"rotation":0,"texture":"#0","tintindex":0},"south":{"uv":[6.0,7.625,5.6875,8.3125],"rotation":0,"texture":"#0","tintindex":0},"north":{"uv":[5.6875,7.625,6.0,8.3125],"rotation":0,"texture":"#0","tintindex":0},"west":{"uv":[0.5,9.5625,0.5,10.25],"rotation":0,"texture":"#0","tintindex":0},"up":{"uv":[3.125,5.0,2.8125,5.0],"rotation":0,"texture":"#0","tintindex":0},"down":{"uv":[3.125,5.0625,2.8125,5.0625],"rotation":0,"texture":"#0","tintindex":0}}}],"display":{"head":{"translation":[0.0,-6.4,0.0],"scale":[4.0,4.0,4.0]}}}