{"textures":{"0":"modelengine:entity/manticore_aether"},"elements":[{"from":[7.9142857,7.428571,7.142857],"to":[20.514286,8.571428,8.857143],"rotation":{"angle":0.0,"axis":"y","origin":[14.214286,8.0,8.0]},"faces":{"east":{"uv":[9.6875,1.3125,9.5,1.4375],"rotation":0,"texture":"#0","tintindex":0},"south":{"uv":[9.5,0.0,8.125,0.125],"rotation":0,"texture":"#0","tintindex":0},"north":{"uv":[9.5,0.0,8.125,0.125],"rotation":0,"texture":"#0","tintindex":0},"west":{"uv":[9.6875,1.3125,9.5,1.4375],"rotation":0,"texture":"#0","tintindex":0},"up":{"uv":[7.4375,2.875,8.8125,2.6875],"rotation":0,"texture":"#0","tintindex":0},"down":{"uv":[7.4375,2.875,8.8125,2.6875],"rotation":0,"texture":"#0","tintindex":0}}},{"from":[7.9142857,8.571428,8.857143],"to":[20.514286,8.571428,26.57143],"rotation":{"angle":0.0,"axis":"y","origin":[14.214286,8.571428,17.714287]},"faces":{"east":{"uv":[11.4375,5.125,9.5,5.125],"rotation":0,"texture":"#0","tintindex":0},"south":{"uv":[10.875,5.0625,9.5,5.0625],"rotation":0,"texture":"#0","tintindex":0},"north":{"uv":[10.875,1.5625,9.5,1.5625],"rotation":0,"texture":"#0","tintindex":0},"west":{"uv":[11.4375,5.0,9.5,5.0],"rotation":0,"texture":"#0","tintindex":0},"up":{"uv":[0.0,3.9375,1.375,2.0],"rotation":0,"texture":"#0","tintindex":0},"down":{"uv":[0.0,2.0,1.375,3.9375],"rotation":0,"texture":"#0","tintindex":0}}}],"display":{"head":{"translation":[0.0,-6.4,0.0],"scale":[4.0,4.0,4.0]}}}