{"textures":{"0":"modelengine:entity/manticore_aether"},"elements":[{"from":[4.0,5.369806,2.186204],"to":[12.0,12.798378,8.471918],"rotation":{"angle":22.5,"axis":"x","origin":[8.0,9.084092,5.3290615]},"faces":{"east":{"uv":[1.625,6.0,2.3125,6.8125],"rotation":0,"texture":"#0","tintindex":0},"south":{"uv":[4.5625,0.0,5.4375,0.8125],"rotation":0,"texture":"#0","tintindex":0},"north":{"uv":[4.5625,0.0,5.4375,0.8125],"rotation":0,"texture":"#0","tintindex":0},"west":{"uv":[4.3125,6.125,5.0,6.9375],"rotation":0,"texture":"#0","tintindex":0},"up":{"uv":[1.5625,6.25,0.6875,5.5625],"rotation":0,"texture":"#0","tintindex":0},"down":{"uv":[1.5625,6.25,0.6875,5.5625],"rotation":0,"texture":"#0","tintindex":0}}},{"from":[3.4285712,11.394536,4.06969],"to":[12.571428,13.108822,9.212547],"rotation":{"angle":22.5,"axis":"x","origin":[8.0,12.251678,6.641119]},"faces":{"east":{"uv":[3.5625,8.5625,4.125,8.75],"rotation":0,"texture":"#0","tintindex":0},"south":{"uv":[7.9375,6.875,8.9375,7.0625],"rotation":0,"texture":"#0","tintindex":0},"north":{"uv":[7.9375,6.875,8.9375,7.0625],"rotation":0,"texture":"#0","tintindex":0},"west":{"uv":[8.5625,3.625,9.125,3.8125],"rotation":0,"texture":"#0","tintindex":0},"up":{"uv":[6.875,3.25,5.875,2.6875],"rotation":0,"texture":"#0","tintindex":0},"down":{"uv":[6.875,3.25,5.875,2.6875],"rotation":0,"texture":"#0","tintindex":0}}},{"from":[12.571428,6.512663,2.7576323],"to":[12.571428,11.65552,7.90049],"rotation":{"angle":22.5,"axis":"x","origin":[12.571428,9.084092,5.3290615]},"faces":{"east":{"uv":[6.6875,2.0625,7.25,2.625],"rotation":0,"texture":"#0","tintindex":0},"south":{"uv":[3.0,9.5625,3.0,10.125],"rotation":0,"texture":"#0","tintindex":0},"north":{"uv":[2.9375,9.5625,2.9375,10.125],"rotation":0,"texture":"#0","tintindex":0},"west":{"uv":[7.25,2.0625,6.6875,2.625],"rotation":0,"texture":"#0","tintindex":0},"up":{"uv":[3.0625,10.125,3.0625,9.5625],"rotation":0,"texture":"#0","tintindex":0},"down":{"uv":[3.125,9.5625,3.125,10.125],"rotation":0,"texture":"#0","tintindex":0}}},{"from":[3.4285712,6.512663,2.7576323],"to":[3.4285712,11.65552,7.90049],"rotation":{"angle":22.5,"axis":"x","origin":[3.4285712,9.084092,5.3290615]},"faces":{"east":{"uv":[6.6875,2.0625,7.25,2.625],"rotation":0,"texture":"#0","tintindex":0},"south":{"uv":[3.0,9.5625,3.0,10.125],"rotation":0,"texture":"#0","tintindex":0},"north":{"uv":[2.9375,9.5625,2.9375,10.125],"rotation":0,"texture":"#0","tintindex":0},"west":{"uv":[7.25,2.0625,6.6875,2.625],"rotation":0,"texture":"#0","tintindex":0},"up":{"uv":[3.0625,10.125,3.0625,9.5625],"rotation":0,"texture":"#0","tintindex":0},"down":{"uv":[3.125,9.5625,3.125,10.125],"rotation":0,"texture":"#0","tintindex":0}}},{"from":[5.142857,12.962972,3.6260662],"to":[10.857143,15.820114,4.7689233],"rotation":{"angle":-22.5,"axis":"x","origin":[8.0,14.391542,4.1974945]},"faces":{"east":{"uv":[5.0625,8.875,5.1875,9.1875],"rotation":0,"texture":"#0","tintindex":0},"south":{"uv":[7.9375,6.25,8.5625,6.5625],"rotation":0,"texture":"#0","tintindex":0},"north":{"uv":[7.9375,6.25,8.5625,6.5625],"rotation":0,"texture":"#0","tintindex":0},"west":{"uv":[0.3125,9.3125,0.4375,9.625],"rotation":0,"texture":"#0","tintindex":0},"up":{"uv":[9.0,7.875,8.375,7.75],"rotation":0,"texture":"#0","tintindex":0},"down":{"uv":[9.0,7.75,8.375,7.875],"rotation":0,"texture":"#0","tintindex":0}}},{"from":[5.142857,15.492695,3.1228728],"to":[10.857143,17.778408,3.1228728],"rotation":{"angle":0.0,"axis":"y","origin":[8.0,16.635551,3.1228728]},"faces":{"east":{"uv":[9.5625,2.4375,9.5625,2.6875],"rotation":0,"texture":"#0","tintindex":0},"south":{"uv":[5.8125,5.125,6.4375,5.375],"rotation":0,"texture":"#0","tintindex":0},"north":{"uv":[6.4375,5.125,5.8125,5.375],"rotation":0,"texture":"#0","tintindex":0},"west":{"uv":[9.5625,2.75,9.5625,3.0],"rotation":0,"texture":"#0","tintindex":0},"up":{"uv":[10.1875,3.4375,9.5625,3.4375],"rotation":0,"texture":"#0","tintindex":0},"down":{"uv":[10.1875,3.5,9.5625,3.5],"rotation":0,"texture":"#0","tintindex":0}}}],"display":{"head":{"translation":[0.0,-6.4,0.0],"scale":[4.0,4.0,4.0]}}}