{"textures":{"1":"modelengine:entity/em_peppermint_knight"},"elements":[{"from":[3.4262857,9.140572,6.2834287],"to":[12.573714,13.716572,10.288],"rotation":{"angle":0.0,"axis":"y","origin":[8.0,-1.1428576,7.428571]},"faces":{"east":{"uv":[4.1875,0.875,4.625,1.375],"rotation":0,"texture":"#1","tintindex":0},"south":{"uv":[0.0,0.5625,1.0,1.0625],"rotation":0,"texture":"#1","tintindex":0},"north":{"uv":[0.0,0.0,1.0,0.5],"rotation":0,"texture":"#1","tintindex":0},"west":{"uv":[1.375,4.1875,1.8125,4.6875],"rotation":0,"texture":"#1","tintindex":0},"up":{"uv":[1.0,1.5625,0.0,1.125],"rotation":0,"texture":"#1","tintindex":0},"down":{"uv":[1.0,1.625,0.0,2.0625],"rotation":0,"texture":"#1","tintindex":0}}},{"from":[3.4571428,7.1142855,10.857143],"to":[4.028571,12.828571,12.0],"rotation":{"angle":0.0,"axis":"y","origin":[12.6,-9.685715,13.171429]},"faces":{"east":{"uv":[3.75,7.9375,3.875,8.5625],"rotation":0,"texture":"#1","tintindex":0},"south":{"uv":[8.0,8.875,8.0625,9.5],"rotation":0,"texture":"#1","tintindex":0},"north":{"uv":[7.875,8.875,7.9375,9.5],"rotation":0,"texture":"#1","tintindex":0},"west":{"uv":[3.9375,7.9375,4.0625,8.5625],"rotation":0,"texture":"#1","tintindex":0},"up":{"uv":[10.125,3.9375,10.0625,3.8125],"rotation":0,"texture":"#1","tintindex":0},"down":{"uv":[4.0625,10.0625,4.0,10.1875],"rotation":0,"texture":"#1","tintindex":0}}},{"from":[12.028572,7.1142855,10.857143],"to":[12.6,12.828571,12.0],"rotation":{"angle":0.0,"axis":"y","origin":[12.6,-9.685715,13.171429]},"faces":{"east":{"uv":[7.875,2.5625,8.0,3.1875],"rotation":0,"texture":"#1","tintindex":0},"south":{"uv":[4.5,8.875,4.5625,9.5],"rotation":0,"texture":"#1","tintindex":0},"north":{"uv":[3.75,8.875,3.8125,9.5],"rotation":0,"texture":"#1","tintindex":0},"west":{"uv":[3.5625,7.9375,3.6875,8.5625],"rotation":0,"texture":"#1","tintindex":0},"up":{"uv":[2.4375,10.1875,2.375,10.0625],"rotation":0,"texture":"#1","tintindex":0},"down":{"uv":[10.125,2.6875,10.0625,2.8125],"rotation":0,"texture":"#1","tintindex":0}}},{"from":[4.028571,6.542857,10.857143],"to":[4.6,13.4,12.0],"rotation":{"angle":0.0,"axis":"y","origin":[12.6,-9.685715,13.171429]},"faces":{"east":{"uv":[5.75,7.5625,5.875,8.3125],"rotation":0,"texture":"#1","tintindex":0},"south":{"uv":[0.75,8.625,0.8125,9.375],"rotation":0,"texture":"#1","tintindex":0},"north":{"uv":[3.0625,8.5625,3.125,9.3125],"rotation":0,"texture":"#1","tintindex":0},"west":{"uv":[0.0,7.75,0.125,8.5],"rotation":0,"texture":"#1","tintindex":0},"up":{"uv":[2.3125,10.1875,2.25,10.0625],"rotation":0,"texture":"#1","tintindex":0},"down":{"uv":[10.125,2.3125,10.0625,2.4375],"rotation":0,"texture":"#1","tintindex":0}}},{"from":[11.457143,6.542857,10.857143],"to":[12.028572,13.4,12.0],"rotation":{"angle":0.0,"axis":"y","origin":[12.6,-9.685715,13.171429]},"faces":{"east":{"uv":[4.5625,7.5625,4.6875,8.3125],"rotation":0,"texture":"#1","tintindex":0},"south":{"uv":[2.8125,8.0625,2.875,8.8125],"rotation":0,"texture":"#1","tintindex":0},"north":{"uv":[1.0,8.0625,1.0625,8.8125],"rotation":0,"texture":"#1","tintindex":0},"west":{"uv":[5.5625,7.5625,5.6875,8.3125],"rotation":0,"texture":"#1","tintindex":0},"up":{"uv":[2.0625,10.1875,2.0,10.0625],"rotation":0,"texture":"#1","tintindex":0},"down":{"uv":[2.1875,10.0625,2.125,10.1875],"rotation":0,"texture":"#1","tintindex":0}}},{"from":[4.6,5.9714284,10.857143],"to":[5.742857,13.971429,12.0],"rotation":{"angle":0.0,"axis":"y","origin":[12.6,-9.685715,13.171429]},"faces":{"east":{"uv":[5.0,7.125,5.125,8.0],"rotation":0,"texture":"#1","tintindex":0},"south":{"uv":[5.1875,7.125,5.3125,8.0],"rotation":0,"texture":"#1","tintindex":0},"north":{"uv":[4.8125,7.125,4.9375,8.0],"rotation":0,"texture":"#1","tintindex":0},"west":{"uv":[5.375,7.125,5.5,8.0],"rotation":0,"texture":"#1","tintindex":0},"up":{"uv":[9.9375,3.5,9.8125,3.375],"rotation":0,"texture":"#1","tintindex":0},"down":{"uv":[9.9375,4.125,9.8125,4.25],"rotation":0,"texture":"#1","tintindex":0}}},{"from":[10.314286,5.9714284,10.857143],"to":[11.457143,13.971429,12.0],"rotation":{"angle":0.0,"axis":"y","origin":[12.6,-9.685715,13.171429]},"faces":{"east":{"uv":[2.75,7.125,2.875,8.0],"rotation":0,"texture":"#1","tintindex":0},"south":{"uv":[3.1875,7.125,3.3125,8.0],"rotation":0,"texture":"#1","tintindex":0},"north":{"uv":[0.9375,7.125,1.0625,8.0],"rotation":0,"texture":"#1","tintindex":0},"west":{"uv":[3.375,7.125,3.5,8.0],"rotation":0,"texture":"#1","tintindex":0},"up":{"uv":[9.875,7.0,9.75,6.875],"rotation":0,"texture":"#1","tintindex":0},"down":{"uv":[9.9375,3.0,9.8125,3.125],"rotation":0,"texture":"#1","tintindex":0}}},{"from":[5.742857,5.3999996,10.857143],"to":[10.314286,14.542857,12.0],"rotation":{"angle":0.0,"axis":"y","origin":[12.6,-9.685715,13.171429]},"faces":{"east":{"uv":[4.625,6.5,4.75,7.5],"rotation":0,"texture":"#1","tintindex":0},"south":{"uv":[1.0625,1.0625,1.5625,2.0625],"rotation":0,"texture":"#1","tintindex":0},"north":{"uv":[1.0625,0.0,1.5625,1.0],"rotation":0,"texture":"#1","tintindex":0},"west":{"uv":[0.75,6.5625,0.875,7.5625],"rotation":0,"texture":"#1","tintindex":0},"up":{"uv":[8.5625,0.5625,8.0625,0.4375],"rotation":0,"texture":"#1","tintindex":0},"down":{"uv":[8.5625,3.0625,8.0625,3.1875],"rotation":0,"texture":"#1","tintindex":0}}},{"from":[6.857143,8.0,5.5069437],"to":[9.142858,13.714286,7.221229],"rotation":{"angle":0.0,"axis":"y","origin":[8.857143,12.0,7.1069436]},"faces":{"east":{"uv":[7.0625,2.0625,7.25,2.6875],"rotation":0,"texture":"#1","tintindex":0},"south":{"uv":[4.0625,5.1875,4.3125,5.8125],"rotation":0,"texture":"#1","tintindex":0},"north":{"uv":[0.375,5.1875,0.625,5.8125],"rotation":0,"texture":"#1","tintindex":0},"west":{"uv":[2.125,7.0625,2.3125,7.6875],"rotation":0,"texture":"#1","tintindex":0},"up":{"uv":[8.875,0.5625,8.625,0.375],"rotation":0,"texture":"#1","tintindex":0},"down":{"uv":[8.875,3.0,8.625,3.1875],"rotation":0,"texture":"#1","tintindex":0}}},{"from":[6.8605714,6.8605714,5.7470655],"to":[9.139429,8.568,6.883065],"rotation":{"angle":-45.0,"axis":"x","origin":[8.0,8.0,6.3150654]},"faces":{"east":{"uv":[1.375,9.5625,1.5,9.75],"rotation":0,"texture":"#1","tintindex":0},"south":{"uv":[8.625,4.5625,8.875,4.75],"rotation":0,"texture":"#1","tintindex":0},"north":{"uv":[3.5625,8.625,3.8125,8.8125],"rotation":0,"texture":"#1","tintindex":0},"west":{"uv":[9.5625,2.3125,9.6875,2.5],"rotation":0,"texture":"#1","tintindex":0},"up":{"uv":[9.25,7.0625,9.0,6.9375],"rotation":0,"texture":"#1","tintindex":0},"down":{"uv":[9.3125,1.0,9.0625,1.125],"rotation":0,"texture":"#1","tintindex":0}}},{"from":[4.0,8.0,5.9355145],"to":[5.142857,12.0,7.078372],"rotation":{"angle":22.5,"axis":"z","origin":[5.546918,11.118347,6.506943]},"faces":{"east":{"uv":[5.3125,8.3125,5.4375,8.75],"rotation":0,"texture":"#1","tintindex":0},"south":{"uv":[5.9375,8.3125,6.0625,8.75],"rotation":0,"texture":"#1","tintindex":0},"north":{"uv":[5.125,8.3125,5.25,8.75],"rotation":0,"texture":"#1","tintindex":0},"west":{"uv":[6.125,8.3125,6.25,8.75],"rotation":0,"texture":"#1","tintindex":0},"up":{"uv":[8.8125,9.9375,8.6875,9.8125],"rotation":0,"texture":"#1","tintindex":0},"down":{"uv":[9.9375,9.6875,9.8125,9.8125],"rotation":0,"texture":"#1","tintindex":0}}},{"from":[5.0389843,11.85726,5.9326577],"to":[6.1875563,13.005831,7.081229],"rotation":{"angle":-22.5,"axis":"z","origin":[5.546918,11.118347,6.506943]},"faces":{"east":{"uv":[8.125,9.8125,8.25,9.9375],"rotation":0,"texture":"#1","tintindex":0},"south":{"uv":[9.8125,8.1875,9.9375,8.3125],"rotation":0,"texture":"#1","tintindex":0},"north":{"uv":[9.8125,8.0,9.9375,8.125],"rotation":0,"texture":"#1","tintindex":0},"west":{"uv":[8.3125,9.8125,8.4375,9.9375],"rotation":0,"texture":"#1","tintindex":0},"up":{"uv":[9.9375,8.5,9.8125,8.375],"rotation":0,"texture":"#1","tintindex":0},"down":{"uv":[8.625,9.8125,8.5,9.9375],"rotation":0,"texture":"#1","tintindex":0}}},{"from":[4.8081217,11.665265,5.935515],"to":[6.5224075,12.808123,7.078372],"rotation":{"angle":22.5,"axis":"z","origin":[5.546918,11.118347,6.506943]},