{"textures":{"1":"modelengine:entity/em_peppermint_knight"},"elements":[{"from":[5.7,-0.25714302,8.0],"to":[10.271429,6.028571,8.0],"rotation":{"angle":0.0,"axis":"y","origin":[7.7,-0.8285713,10.0]},"faces":{"east":{"uv":[6.5,6.5625,6.5,7.25],"rotation":0,"texture":"#1","tintindex":0},"south":{"uv":[1.625,0.75,2.125,1.4375],"rotation":0,"texture":"#1","tintindex":0},"north":{"uv":[1.625,0.0,2.125,0.6875],"rotation":0,"texture":"#1","tintindex":0},"west":{"uv":[4.875,10.0625,4.875,10.75],"rotation":0,"texture":"#1","tintindex":0},"up":{"uv":[4.4375,3.625,3.9375,3.625],"rotation":0,"texture":"#1","tintindex":0},"down":{"uv":[4.6875,2.0625,4.1875,2.0625],"rotation":0,"texture":"#1","tintindex":0}}},{"from":[5.7,5.3999996,7.6],"to":[6.2714286,7.6857142,8.171429],"rotation":{"angle":0.0,"axis":"y","origin":[3.985714,0.9999995,10.0]},"faces":{"east":{"uv":[5.25,9.6875,5.3125,9.9375],"rotation":0,"texture":"#1","tintindex":0},"south":{"uv":[7.375,9.6875,7.4375,9.9375],"rotation":0,"texture":"#1","tintindex":0},"north":{"uv":[1.125,9.6875,1.1875,9.9375],"rotation":0,"texture":"#1","tintindex":0},"west":{"uv":[7.5,9.6875,7.5625,9.9375],"rotation":0,"texture":"#1","tintindex":0},"up":{"uv":[9.9375,10.125,9.875,10.0625],"rotation":0,"texture":"#1","tintindex":0},"down":{"uv":[10.0625,10.0625,10.0,10.125],"rotation":0,"texture":"#1","tintindex":0}}},{"from":[9.7,5.3999996,7.6],"to":[10.271429,7.6857142,8.171429],"rotation":{"angle":0.0,"axis":"y","origin":[3.985714,0.9999995,10.0]},"faces":{"east":{"uv":[9.5625,9.6875,9.625,9.9375],"rotation":0,"texture":"#1","tintindex":0},"south":{"uv":[9.6875,9.6875,9.75,9.9375],"rotation":0,"texture":"#1","tintindex":0},"north":{"uv":[8.9375,9.6875,9.0,9.9375],"rotation":0,"texture":"#1","tintindex":0},"west":{"uv":[0.375,9.75,0.4375,10.0],"rotation":0,"texture":"#1","tintindex":0},"up":{"uv":[10.1875,0.0625,10.125,0.0],"rotation":0,"texture":"#1","tintindex":0},"down":{"uv":[10.1875,0.125,10.125,0.1875],"rotation":0,"texture":"#1","tintindex":0}}},{"from":[9.1285715,4.8285713,7.6],"to":[9.7,8.257143,8.171429],"rotation":{"angle":0.0,"axis":"y","origin":[3.985714,0.9999995,10.0]},"faces":{"east":{"uv":[0.75,9.4375,0.8125,9.8125],"rotation":0,"texture":"#1","tintindex":0},"south":{"uv":[0.875,9.4375,0.9375,9.8125],"rotation":0,"texture":"#1","tintindex":0},"north":{"uv":[1.125,9.25,1.1875,9.625],"rotation":0,"texture":"#1","tintindex":0},"west":{"uv":[1.0,9.4375,1.0625,9.8125],"rotation":0,"texture":"#1","tintindex":0},"up":{"uv":[10.1875,0.4375,10.125,0.375],"rotation":0,"texture":"#1","tintindex":0},"down":{"uv":[10.1875,0.5,10.125,0.5625],"rotation":0,"texture":"#1","tintindex":0}}},{"from":[6.842857,4.2571425,7.6],"to":[9.1285715,8.828571,8.171429],"rotation":{"angle":0.0,"axis":"y","origin":[3.985714,0.9999995,10.0]},"faces":{"east":{"uv":[7.25,9.0,7.3125,9.5],"rotation":0,"texture":"#1","tintindex":0},"south":{"uv":[2.4375,6.5,2.6875,7.0],"rotation":0,"texture":"#1","tintindex":0},"north":{"uv":[2.125,6.5,2.375,7.0],"rotation":0,"texture":"#1","tintindex":0},"west":{"uv":[7.375,9.0,7.4375,9.5],"rotation":0,"texture":"#1","tintindex":0},"up":{"uv":[2.0625,9.8125,1.8125,9.75],"rotation":0,"texture":"#1","tintindex":0},"down":{"uv":[2.375,9.75,2.125,9.8125],"rotation":0,"texture":"#1","tintindex":0}}},{"from":[6.2714286,4.8285713,7.6],"to":[6.842857,8.257143,8.171429],"rotation":{"angle":0.0,"axis":"y","origin":[3.985714,0.9999995,10.0]},"faces":{"east":{"uv":[4.375,9.4375,4.4375,9.8125],"rotation":0,"texture":"#1","tintindex":0},"south":{"uv":[9.4375,9.0625,9.5,9.4375],"rotation":0,"texture":"#1","tintindex":0},"north":{"uv":[4.25,9.4375,4.3125,9.8125],"rotation":0,"texture":"#1","tintindex":0},"west":{"uv":[9.5,0.0,9.5625,0.375],"rotation":0,"texture":"#1","tintindex":0},"up":{"uv":[10.1875,0.6875,10.125,0.625],"rotation":0,"texture":"#1","tintindex":0},"down":{"uv":[10.1875,0.75,10.125,0.8125],"rotation":0,"texture":"#1","tintindex":0}}}],"display":{"head":{"translation":[0.0,-6.4,0.0],"scale":[4.0,4.0,4.0]}}}