{"textures":{"1":"modelengine:entity/em_peppermint_knight"},"elements":[{"from":[7.7325377,16.0,3.032123],"to":[10.732538,18.0,4.032123],"faces":{"east":{"uv":[10.0,7.0,10.0625,7.125],"tintindex":0,"rotation":0,"texture":"#1"},"south":{"uv":[9.375,4.5625,9.5625,4.6875],"tintindex":0,"rotation":0,"texture":"#1"},"north":{"uv":[9.375,1.0,9.5625,1.125],"tintindex":0,"rotation":0,"texture":"#1"},"west":{"uv":[7.125,10.0,7.1875,10.125],"tintindex":0,"rotation":0,"texture":"#1"},"up":{"uv":[10.125,6.9375,9.9375,6.875],"tintindex":0,"rotation":0,"texture":"#1"},"down":{"uv":[10.1875,0.25,10.0,0.3125],"tintindex":0,"rotation":0,"texture":"#1"}},"rotation":{"origin":[8.732538,19.5,3.532123],"angle":-22.5,"axis":"y"}},{"from":[4.0,9.0,3.8874998],"to":[12.0,19.0,11.8875],"faces":{"east":{"uv":[2.1875,1.125,2.6875,1.75],"tintindex":0,"rotation":0,"texture":"#1"},"south":{"uv":[2.1875,1.8125,2.6875,2.4375],"tintindex":0,"rotation":0,"texture":"#1"},"north":{"uv":[2.1875,0.4375,2.6875,1.0625],"tintindex":0,"rotation":0,"texture":"#1"},"west":{"uv":[1.5,2.25,2.0,2.875],"tintindex":0,"rotation":0,"texture":"#1"},"up":{"uv":[3.875,3.625,3.375,3.125],"tintindex":0,"rotation":0,"texture":"#1"},"down":{"uv":[3.9375,0.0,3.4375,0.5],"tintindex":0,"rotation":0,"texture":"#1"}}},{"from":[7.7325377,12.0,2.2321234],"to":[12.732538,13.0,5.2321234],"faces":{"east":{"uv":[6.5,0.3125,6.6875,0.375],"tintindex":0,"rotation":0,"texture":"#1"},"south":{"uv":[9.625,0.125,9.9375,0.1875],"tintindex":0,"rotation":0,"texture":"#1"},"north":{"uv":[9.625,0.0,9.9375,0.0625],"tintindex":0,"rotation":0,"texture":"#1"},"west":{"uv":[8.5,4.25,8.6875,4.3125],"tintindex":0,"rotation":0,"texture":"#1"},"up":{"uv":[6.8125,8.3125,6.5,8.125],"tintindex":0,"rotation":0,"texture":"#1"},"down":{"uv":[8.5,5.375,8.1875,5.5625],"tintindex":0,"rotation":0,"texture":"#1"}},"rotation":{"origin":[8.732538,13.5,2.7321234],"angle":-22.5,"axis":"y"}},{"from":[11.732538,13.0,2.2321234],"to":[12.732538,16.0,3.2321234],"faces":{"east":{"uv":[10.0,1.4375,10.0625,1.625],"tintindex":0,"rotation":0,"texture":"#1"},"south":{"uv":[10.0,1.6875,10.0625,1.875],"tintindex":0,"rotation":0,"texture":"#1"},"north":{"uv":[10.0,1.1875,10.0625,1.375],"tintindex":0,"rotation":0,"texture":"#1"},"west":{"uv":[10.0,1.9375,10.0625,2.125],"tintindex":0,"rotation":0,"texture":"#1"},"up":{"uv":[10.125,9.375,10.0625,9.3125],"tintindex":0,"rotation":0,"texture":"#1"},"down":{"uv":[10.125,9.4375,10.0625,9.5],"tintindex":0,"rotation":0,"texture":"#1"}},"rotation":{"origin":[8.732538,14.5,2.7321234],"angle":-22.5,"axis":"y"}},{"from":[7.7325377,13.0,2.2321234],"to":[8.732538,15.0,3.2321234],"faces":{"east":{"uv":[8.25,10.0,8.3125,10.125],"tintindex":0,"rotation":0,"texture":"#1"},"south":{"uv":[10.0,8.3125,10.0625,8.4375],"tintindex":0,"rotation":0,"texture":"#1"},"north":{"uv":[10.0,8.125,10.0625,8.25],"tintindex":0,"rotation":0,"texture":"#1"},"west":{"uv":[8.375,10.0,8.4375,10.125],"tintindex":0,"rotation":0,"texture":"#1"},"up":{"uv":[2.5625,10.1875,2.5,10.125],"tintindex":0,"rotation":0,"texture":"#1"},"down":{"uv":[2.6875,10.125,2.625,10.1875],"tintindex":0,"rotation":0,"texture":"#1"}},"rotation":{"origin":[8.732538,15.5,2.7321234],"angle":-22.5,"axis":"y"}},{"from":[9.732538,13.0,2.2321234],"to":[10.732538,15.0,3.2321234],"faces":{"east":{"uv":[10.0,7.9375,10.0625,8.0625],"tintindex":0,"rotation":0,"texture":"#1"},"south":{"uv":[8.0,10.0,8.0625,10.125],"tintindex":0,"rotation":0,"texture":"#1"},"north":{"uv":[7.875,10.0,7.9375,10.125],"tintindex":0,"rotation":0,"texture":"#1"},"west":{"uv":[8.125,10.0,8.1875,10.125],"tintindex":0,"rotation":0,"texture":"#1"},"up":{"uv":[10.1875,1.9375,10.125,1.875],"tintindex":0,"rotation":0,"texture":"#1"},"down":{"uv":[10.1875,2.0,10.125,2.0625],"tintindex":0,"rotation":0,"texture":"#1"}},"rotation":{"origin":[8.732538,15.5,2.7321234],"angle":-22.5,"axis":"y"}},{"from":[3.9999995,10.0,11.8875],"to":[12.0,18.0,12.8875],"faces":{"east":{"uv":[7.0,9.0,7.0625,9.5],"tintindex":0,"rotation":0,"texture":"#1"},"south":{"uv":[0.0,3.5,0.5,4.0],"tintindex":0,"rotation":0,"texture":"#1"},"north":{"uv":[3.4375,0.5625,3.9375,1.0625],"tintindex":0,"rotation":0,"texture":"#1"},"west":{"uv":[7.125,9.0,7.1875,9.5],"tintindex":0,"rotation":0,"texture":"#1"},"up":{"uv":[9.5,6.125,9.0,6.0625],"tintindex":0,"rotation":0,"texture":"#1"},"down":{"uv":[9.5,6.1875,9.0,6.25],"tintindex":0,"rotation":0,"texture":"#1"}}},{"from":[6.3245525,8.0,3.019136],"to":[8.324553,9.0,4.0191355],"faces":{"east":{"uv":[10.125,2.875,10.1875,2.9375],"tintindex":0,"rotation":0,"texture":"#1"},"south":{"uv":[10.0,9.8125,10.125,9.875],"tintindex":0,"rotation":0,"texture":"#1"},"north":{"uv":[10.0,9.6875,10.125,9.75],"tintindex":0,"rotation":0,"texture":"#1"},"west":{"uv":[3.0,10.125,3.0625,10.1875],"tintindex":0,"rotation":0,"texture":"#1"},"up":{"uv":[10.125,10.0,10.0,9.9375],"tintindex":0,"rotation":0,"texture":"#1"},"down":{"uv":[0.5,10.0625,0.375,10.125],"tintindex":0,"rotation":0,"texture":"#1"}},"rotation":{"origin":[6.5745525,9.5,3.519136],"angle":22.5,"axis":"y"}},{"from":[7.6564174,9.0,3.1148067],"to":[10.656418,12.0,4.1148067],"faces":{"east":{"uv":[5.875,10.0,5.9375,10.1875],"tintindex":0,"rotation":0,"texture":"#1"},"south":{"uv":[1.5625,9.0,1.75,9.1875],"tintindex":0,"rotation":0,"texture":"#1"},"north":{"uv":[9.0,0.5625,9.1875,0.75],"tintindex":0,"rotation":0,"texture":"#1"},"west":{"uv":[6.0,10.0,6.0625,10.1875],"tintindex":0,"rotation":0,"texture":"#1"},"up":{"uv":[10.1875,2.25,10.0,2.1875],"tintindex":0,"rotation":0,"texture":"#1"},"down":{"uv":[10.1875,2.5625,10.0,2.625],"tintindex":0,"rotation":0,"texture":"#1"}},"rotation":{"origin":[9.656418,10.5,3.6148067],"angle":-22.5,"axis":"y"}},{"from":[3.2674623,13.0,2.2321234],"to":[4.2674623,16.0,3.2321234],"faces":{"east":{"uv":[3.75,10.0,3.8125,10.1875],"tintindex":0,"rotation":0,"texture":"#1"},"south":{"uv":[10.0,4.0625,10.0625,4.25],"tintindex":0,"rotation":0,"texture":"#1"},"north":{"uv":[10.0,3.3125,10.0625,3.5],"tintindex":0,"rotation":0,"texture":"#1"},"west":{"uv":[10.0,4.75,10.0625,4.9375],"tintindex":0,"rotation":0,"texture":"#1"},"up":{"uv":[10.125,9.625,10.0625,9.5625],"tintindex":0,"rotation":0,"texture":"#1"},"down":{"uv":[9.8125,10.0625,9.75,10.125],"tintindex":0,"rotation":0,"texture":"#1"}},"rotation":{"origin":[7.2674623,14.5,2.7321234],"angle":22.5,"axis":"y"}},{"from":[5.2674623,16.0,3.032123],"to":[8.267462,18.0,4.032123],"faces":{"east":{"uv":[6.875,10.0,6.9375,10.125],"tintindex":0,"rotation":0,"texture":"#1"},"south":{"uv":[9.3125,5.375,9.5,5.5],"tintindex":0,"rotation":0,"texture":"#1"},"north":{"uv":[9.3125,3.0625,9.5,3.1875],"tintindex":0,"rotation":0,"texture":"#1"},"west":{"uv":[7.0,10.0,7.0625,10.125],"tintindex":0,"rotation":0,"texture":"#1"},"up":{"uv":[10.125,3.625,9.9375,3.5625],"tintindex":0,"rotation":0,"texture":"#1"},"down":{"uv":[10.125,5.6875,9.9375,5.75],"tintindex":0,"rotation":0,"texture":"#1"}},"rotation":{"origin":[7.2674623,19.5,3.532123],"angle":22.5,"axis":"y"}},{"from":[12.0,9.0,3.8874998],"to":[13.0,18.0,11.8875],"faces":{"east":{"uv":[2.75,2.4375,3.25,3.0],"tintindex":0,"rotation":0,"texture":"#1"},"south":{"uv":[7.75,8.9375,7.8125,9.5],"tintindex":0,"rotation":0,"texture":"#1"},"north":{"uv":[1.4375,8.9375,1.5,9.5],"tintindex":0,"rotation":0,"texture":"#1"},"west":{"uv":[0.0,2.875,0.5,3.4375],"tintindex":0,"rotation":0,"texture":"#1"},"up":{"uv":[6.1875,9.5,6.125,9.0],"tintindex":0,"rotation":0,"texture":"#1"},"down":{"uv":[6.6875,9.0,6.625,9.5],"tintindex":0,"rotation":0,"texture":"#1"}}},{"from":[4.005,13.005,3.7800002],"to":[11.995,15.995,4.7699995],"faces":{"east":{"uv":[4.9375,10.0,5.0,10.1875],"tintindex":0,"rotation":0,"texture":"#1"},"south":{"uv":[7.6875,6.5625,8.1875,6.75],"tintindex":0,"rotation":0,"texture":"#1"},"north":{"uv":[7.6875,4.375,8.1875,4.5625],"tintindex":0,"rotation":0,"texture":"#1"},"west":{"uv":[10.0,5.0,10.0625,5.1875],"tintindex":0,"rotation":0,"texture":"#1"},"up":{"uv":[9.5,3.625,9.0,3.5625],