{"textures":{"1":"modelengine:entity/em_peppermint_knight"},"elements":[{"from":[5.0,10.396866,11.792893],"to":[11.0,11.396866,12.792893],"faces":{"east":{"uv":[4.625,10.0625,4.6875,10.125],"tintindex":0,"rotation":0,"texture":"#1"},"south":{"uv":[9.125,6.625,9.5,6.6875],"tintindex":0,"rotation":0,"texture":"#1"},"north":{"uv":[4.625,4.375,5.0,4.4375],"tintindex":0,"rotation":0,"texture":"#1"},"west":{"uv":[4.75,10.0625,4.8125,10.125],"tintindex":0,"rotation":0,"texture":"#1"},"up":{"uv":[9.5625,2.625,9.1875,2.5625],"tintindex":0,"rotation":0,"texture":"#1"},"down":{"uv":[9.5625,3.25,9.1875,3.3125],"tintindex":0,"rotation":0,"texture":"#1"}},"rotation":{"origin":[8.5,10.896866,12.292893],"angle":45.0,"axis":"x"}},{"from":[7.0,10.896866,5.0],"to":[9.0,15.896866,6.0],"faces":{"east":{"uv":[2.0,7.375,2.0625,7.6875],"tintindex":0,"rotation":0,"texture":"#1"},"south":{"uv":[1.25,8.75,1.375,9.0625],"tintindex":0,"rotation":0,"texture":"#1"},"north":{"uv":[3.875,8.625,4.0,8.9375],"tintindex":0,"rotation":0,"texture":"#1"},"west":{"uv":[9.5625,5.9375,9.625,6.25],"tintindex":0,"rotation":0,"texture":"#1"},"up":{"uv":[7.25,4.375,7.125,4.3125],"tintindex":0,"rotation":0,"texture":"#1"},"down":{"uv":[7.4375,2.625,7.3125,2.6875],"tintindex":0,"rotation":0,"texture":"#1"}}},{"from":[11.506095,8.504,6.004],"to":[13.4980955,11.496,11.996],"faces":{"east":{"uv":[4.75,8.0625,5.125,8.25],"tintindex":0,"rotation":0,"texture":"#1"},"south":{"uv":[3.0,9.375,3.125,9.5625],"tintindex":0,"rotation":0,"texture":"#1"},"north":{"uv":[9.375,2.3125,9.5,2.5],"tintindex":0,"rotation":0,"texture":"#1"},"west":{"uv":[5.9375,8.0625,6.3125,8.25],"tintindex":0,"rotation":0,"texture":"#1"},"up":{"uv":[3.5,8.9375,3.375,8.5625],"tintindex":0,"rotation":0,"texture":"#1"},"down":{"uv":[8.6875,5.5625,8.5625,5.9375],"tintindex":0,"rotation":0,"texture":"#1"}},"rotation":{"origin":[12.502095,10.0,9.0],"angle":22.5,"axis":"z"}},{"from":[10.5,10.896866,11.792893],"to":[11.5,17.896866,12.792893],"faces":{"east":{"uv":[5.625,9.0625,5.6875,9.5],"tintindex":0,"rotation":0,"texture":"#1"},"south":{"uv":[6.25,9.0625,6.3125,9.5],"tintindex":0,"rotation":0,"texture":"#1"},"north":{"uv":[4.0625,4.6875,4.125,5.125],"tintindex":0,"rotation":0,"texture":"#1"},"west":{"uv":[6.375,9.0625,6.4375,9.5],"tintindex":0,"rotation":0,"texture":"#1"},"up":{"uv":[4.5625,10.125,4.5,10.0625],"tintindex":0,"rotation":0,"texture":"#1"},"down":{"uv":[10.125,4.5625,10.0625,4.625],"tintindex":0,"rotation":0,"texture":"#1"}},"rotation":{"origin":[11.0,13.396866,12.292893],"angle":45.0,"axis":"y"}},{"from":[3.0,8.896866,6.0],"to":[13.0,16.896866,12.0],"faces":{"east":{"uv":[3.625,4.6875,4.0,5.1875],"tintindex":0,"rotation":0,"texture":"#1"},"south":{"uv":[0.5625,2.5625,1.1875,3.0625],"tintindex":0,"rotation":0,"texture":"#1"},"north":{"uv":[2.0625,2.5,2.6875,3.0],"tintindex":0,"rotation":0,"texture":"#1"},"west":{"uv":[1.375,4.75,1.75,5.25],"tintindex":0,"rotation":0,"texture":"#1"},"up":{"uv":[2.9375,4.125,2.3125,3.75],"tintindex":0,"rotation":0,"texture":"#1"},"down":{"uv":[4.5,2.3125,3.875,2.6875],"tintindex":0,"rotation":0,"texture":"#1"}}},{"from":[6.5,7.896866,7.075],"to":[9.5,9.896866,10.925],"faces":{"east":{"uv":[2.25,5.4375,2.5,5.5625],"tintindex":0,"rotation":0,"texture":"#1"},"south":{"uv":[0.875,9.25,1.0625,9.375],"tintindex":0,"rotation":0,"texture":"#1"},"north":{"uv":[9.1875,7.625,9.375,7.75],"tintindex":0,"rotation":0,"texture":"#1"},"west":{"uv":[0.375,5.875,0.625,6.0],"tintindex":0,"rotation":0,"texture":"#1"},"up":{"uv":[1.4375,8.6875,1.25,8.4375],"tintindex":0,"rotation":0,"texture":"#1"},"down":{"uv":[2.1875,8.4375,2.0,8.6875],"tintindex":0,"rotation":0,"texture":"#1"}}},{"from":[3.8,6.696866,6.8],"to":[12.2,8.096866,11.2],"faces":{"east":{"uv":[9.625,8.6875,9.875,8.75],"tintindex":0,"rotation":0,"texture":"#1"},"south":{"uv":[9.0,3.4375,9.5,3.5],"tintindex":0,"rotation":0,"texture":"#1"},"north":{"uv":[5.1875,2.8125,5.6875,2.875],"tintindex":0,"rotation":0,"texture":"#1"},"west":{"uv":[9.625,8.8125,9.875,8.875],"tintindex":0,"rotation":0,"texture":"#1"},"up":{"uv":[7.0,0.25,6.5,0.0],"tintindex":0,"rotation":0,"texture":"#1"},"down":{"uv":[7.0,0.875,6.5,1.125],"tintindex":0,"rotation":0,"texture":"#1"}}},{"from":[5.0,10.896866,12.0],"to":[11.0,17.896866,13.0],"faces":{"east":{"uv":[0.375,9.125,0.4375,9.5625],"tintindex":0,"rotation":0,"texture":"#1"},"south":{"uv":[5.125,3.875,5.5,4.3125],"tintindex":0,"rotation":0,"texture":"#1"},"north":{"uv":[5.0625,4.375,5.4375,4.8125],"tintindex":0,"rotation":0,"texture":"#1"},"west":{"uv":[0.5,9.125,0.5625,9.5625],"tintindex":0,"rotation":0,"texture":"#1"},"up":{"uv":[9.5625,3.9375,9.1875,3.875],"tintindex":0,"rotation":0,"texture":"#1"},"down":{"uv":[9.5625,5.8125,9.1875,5.875],"tintindex":0,"rotation":0,"texture":"#1"}}},{"from":[7.9712114,9.899866,5.9401507],"to":[9.965211,15.893866,9.934151],"faces":{"east":{"uv":[7.6875,6.8125,7.9375,7.1875],"tintindex":0,"rotation":0,"texture":"#1"},"south":{"uv":[3.1875,8.625,3.3125,9.0],"tintindex":0,"rotation":0,"texture":"#1"},"north":{"uv":[2.625,8.625,2.75,9.0],"tintindex":0,"rotation":0,"texture":"#1"},"west":{"uv":[7.75,0.1875,8.0,0.5625],"tintindex":0,"rotation":0,"texture":"#1"},"up":{"uv":[3.3125,9.3125,3.1875,9.0625],"tintindex":0,"rotation":0,"texture":"#1"},"down":{"uv":[9.1875,4.8125,9.0625,5.0625],"tintindex":0,"rotation":0,"texture":"#1"}},"rotation":{"origin":[10.468211,12.896866,7.937151],"angle":-22.5,"axis":"y"}},{"from":[1.7,6.396865,5.7],"to":[14.3,8.996865,12.3],"faces":{"east":{"uv":[6.6875,8.4375,7.0625,8.5625],"tintindex":0,"rotation":0,"texture":"#1"},"south":{"uv":[7.6875,0.0,8.4375,0.125],"tintindex":0,"rotation":0,"texture":"#1"},"north":{"uv":[7.5625,3.6875,8.3125,3.8125],"tintindex":0,"rotation":0,"texture":"#1"},"west":{"uv":[8.4375,6.75,8.8125,6.875],"tintindex":0,"rotation":0,"texture":"#1"},"up":{"uv":[3.5,1.9375,2.75,1.5625],"tintindex":0,"rotation":0,"texture":"#1"},"down":{"uv":[3.5,2.0,2.75,2.375],"tintindex":0,"rotation":0,"texture":"#1"}}},{"from":[1.5019047,12.39773,6.004],"to":[3.4939048,15.38973,11.996],"faces":{"east":{"uv":[8.0625,2.5625,8.4375,2.75],"tintindex":0,"rotation":0,"texture":"#1"},"south":{"uv":[9.375,0.75,9.5,0.9375],"tintindex":0,"rotation":0,"texture":"#1"},"north":{"uv":[9.375,0.5,9.5,0.6875],"tintindex":0,"rotation":0,"texture":"#1"},"west":{"uv":[8.0625,2.8125,8.4375,3.0],"tintindex":0,"rotation":0,"texture":"#1"},"up":{"uv":[2.375,8.9375,2.25,8.5625],"tintindex":0,"rotation":0,"texture":"#1"},"down":{"uv":[2.5625,8.5625,2.4375,8.9375],"tintindex":0,"rotation":0,"texture":"#1"}},"rotation":{"origin":[2.4979048,13.89373,9.0],"angle":22.5,"axis":"z"}},{"from":[12.506095,12.39773,6.004],"to":[14.4980955,15.38973,11.996],"faces":{"east":{"uv":[8.0625,0.1875,8.4375,0.375],"tintindex":0,"rotation":0,"texture":"#1"},"south":{"uv":[9.25,9.3125,9.375,9.5],"tintindex":0,"rotation":0,"texture":"#1"},"north":{"uv":[9.3125,6.875,9.4375,7.0625],"tintindex":0,"rotation":0,"texture":"#1"},"west":{"uv":[1.625,8.0625,2.0,8.25],"tintindex":0,"rotation":0,"texture":"#1"},"up":{"uv":[4.25,8.875,4.125,8.5],"tintindex":0,"rotation":0,"texture":"#1"},"down":{"uv":[0.125,8.5625,0.0,8.9375],"tintindex":0,"rotation":0,"texture":"#1"}},"rotation":{"origin":[13.502095,13.89373,9.0],"angle":-22.5,"axis":"z"}},{"from":[6.034788,9.899866,5.9401507],"to":[8.028789,15.893866,9.934151],"faces":{"east":{"uv":[3.125,0.0,3.375,0.375],"tintindex":0,"rotation":0,"texture":"#1"},"south":{"uv":[4.375,5.1875,4.5,5.5625],"tintindex":0,"rotation":0,"texture":"#1"},"north":{"uv":[2.5625,4.8125,2.6875,5.1875],"tintindex":0,"rotation":0,"texture":"#1"},"west":{"uv":[4.0,7.5,4.25,7.875],"tintindex":0,"rotation":0,"texture":"#1"},"up":{"uv":[6.0625,4.75,5.9375,4.5],"tintindex":0,"rotation":0,"texture":"#1"},"down":{"uv":[6.25,4.9375,6.125,5.1875],"tintindex":0,"rotation":0,"texture":"#1"}},"rotation":{"origin":[5.531789,12.896866,7.937151],"angle":22.5,"axis":"y"}},{"from":[2.5019047,8.504,6.004],