{"textures":{"1":"modelengine:entity/em_peppermint_knight"},"elements":[{"from":[5.0,4.1136684,1.4047132],"to":[10.0,5.1136684,6.404713],"faces":{"east":{"uv":[9.5625,7.5,9.875,7.5625],"tintindex":0,"rotation":0,"texture":"#1"},"south":{"uv":[7.75,9.5625,8.0625,9.625],"tintindex":0,"rotation":0,"texture":"#1"},"north":{"uv":[9.5625,7.375,9.875,7.4375],"tintindex":0,"rotation":0,"texture":"#1"},"west":{"uv":[8.375,9.5625,8.6875,9.625],"tintindex":0,"rotation":0,"texture":"#1"},"up":{"uv":[3.875,7.5625,3.5625,7.25],"tintindex":0,"rotation":0,"texture":"#1"},"down":{"uv":[7.625,1.875,7.3125,2.1875],"tintindex":0,"rotation":0,"texture":"#1"}}},{"from":[5.009,6.174711,2.5897539],"to":[9.991,8.156712,7.5717545],"faces":{"east":{"uv":[6.6875,8.8125,7.0,8.9375],"tintindex":0,"rotation":0,"texture":"#1"},"south":{"uv":[8.8125,7.625,9.125,7.75],"tintindex":0,"rotation":0,"texture":"#1"},"north":{"uv":[5.875,8.8125,6.1875,8.9375],"tintindex":0,"rotation":0,"texture":"#1"},"west":{"uv":[8.8125,8.6875,9.125,8.8125],"tintindex":0,"rotation":0,"texture":"#1"},"up":{"uv":[7.625,2.5625,7.3125,2.25],"tintindex":0,"rotation":0,"texture":"#1"},"down":{"uv":[7.625,4.3125,7.3125,4.625],"tintindex":0,"rotation":0,"texture":"#1"}},"rotation":{"origin":[7.55,6.6971817,5.623552],"angle":-22.5,"axis":"x"}},{"from":[4.3,6.5636687,9.054713],"to":[10.2,9.463668,12.954713],"faces":{"east":{"uv":[8.5,2.3125,8.75,2.5],"tintindex":0,"rotation":0,"texture":"#1"},"south":{"uv":[0.375,8.0,0.75,8.1875],"tintindex":0,"rotation":0,"texture":"#1"},"north":{"uv":[7.75,7.9375,8.125,8.125],"tintindex":0,"rotation":0,"texture":"#1"},"west":{"uv":[8.5,2.5625,8.75,2.75],"tintindex":0,"rotation":0,"texture":"#1"},"up":{"uv":[8.0625,2.0,7.6875,1.75],"tintindex":0,"rotation":0,"texture":"#1"},"down":{"uv":[8.0625,2.0625,7.6875,2.3125],"tintindex":0,"rotation":0,"texture":"#1"}},"rotation":{"origin":[6.75,7.1136684,12.404713],"angle":-22.5,"axis":"x"}},{"from":[4.3,7.6019373,7.1471014],"to":[10.2,9.501937,9.047101],"faces":{"east":{"uv":[1.5,9.9375,1.625,10.0625],"tintindex":0,"rotation":0,"texture":"#1"},"south":{"uv":[8.625,5.0,9.0,5.125],"tintindex":0,"rotation":0,"texture":"#1"},"north":{"uv":[8.625,4.8125,9.0,4.9375],"tintindex":0,"rotation":0,"texture":"#1"},"west":{"uv":[2.5625,9.9375,2.6875,10.0625],"tintindex":0,"rotation":0,"texture":"#1"},"up":{"uv":[9.0,5.3125,8.625,5.1875],"tintindex":0,"rotation":0,"texture":"#1"},"down":{"uv":[7.0625,8.625,6.6875,8.75],"tintindex":0,"rotation":0,"texture":"#1"}},"rotation":{"origin":[6.75,7.151937,12.497101],"angle":-22.5,"axis":"x"}},{"from":[4.97,7.083668,5.374713],"to":[10.03,9.143668,11.434712],"faces":{"east":{"uv":[8.5,2.8125,8.875,2.9375],"tintindex":0,"rotation":0,"texture":"#1"},"south":{"uv":[8.8125,3.875,9.125,4.0],"tintindex":0,"rotation":0,"texture":"#1"},"north":{"uv":[8.8125,2.5,9.125,2.625],"tintindex":0,"rotation":0,"texture":"#1"},"west":{"uv":[8.5,4.0625,8.875,4.1875],"tintindex":0,"rotation":0,"texture":"#1"},"up":{"uv":[7.0,6.625,6.6875,6.25],"tintindex":0,"rotation":0,"texture":"#1"},"down":{"uv":[7.0,6.6875,6.6875,7.0625],"tintindex":0,"rotation":0,"texture":"#1"}}},{"from":[5.0,5.1136684,1.4047132],"to":[10.0,7.1136684,13.404713],"faces":{"east":{"uv":[7.6875,2.375,8.4375,2.5],"tintindex":0,"rotation":0,"texture":"#1"},"south":{"uv":[5.0625,8.8125,5.375,8.9375],"tintindex":0,"rotation":0,"texture":"#1"},"north":{"uv":[4.6875,8.8125,5.0,8.9375],"tintindex":0,"rotation":0,"texture":"#1"},"west":{"uv":[7.6875,4.1875,8.4375,4.3125],"tintindex":0,"rotation":0,"texture":"#1"},"up":{"uv":[3.75,4.625,3.4375,3.875],"tintindex":0,"rotation":0,"texture":"#1"},"down":{"uv":[4.125,3.875,3.8125,4.625],"tintindex":0,"rotation":0,"texture":"#1"}}},{"from":[5.0,8.952833,4.5748234],"to":[10.0,11.952833,10.574823],"faces":{"east":{"uv":[8.0,1.0625,8.375,1.25],"tintindex":0,"rotation":0,"texture":"#1"},"south":{"uv":[5.1875,8.0625,5.5,8.25],"tintindex":0,"rotation":0,"texture":"#1"},"north":{"uv":[5.4375,3.1875,5.75,3.375],"tintindex":0,"rotation":0,"texture":"#1"},"west":{"uv":[8.0,1.3125,8.375,1.5],"tintindex":0,"rotation":0,"texture":"#1"},"up":{"uv":[7.0,5.75,6.6875,5.375],"tintindex":0,"rotation":0,"texture":"#1"},"down":{"uv":[7.0,5.8125,6.6875,6.1875],"tintindex":0,"rotation":0,"texture":"#1"}},"rotation":{"origin":[7.55,6.6971817,4.623552],"angle":22.5,"axis":"x"}},{"from":[5.0,4.1136684,7.404713],"to":[10.0,5.1136684,13.404713],"faces":{"east":{"uv":[9.25,4.8125,9.625,4.875],"tintindex":0,"rotation":0,"texture":"#1"},"south":{"uv":[9.5625,7.25,9.875,7.3125],"tintindex":0,"rotation":0,"texture":"#1"},"north":{"uv":[7.125,9.5625,7.4375,9.625],"tintindex":0,"rotation":0,"texture":"#1"},"west":{"uv":[9.25,4.9375,9.625,5.0],"tintindex":0,"rotation":0,"texture":"#1"},"up":{"uv":[7.0625,0.6875,6.75,0.3125],"tintindex":0,"rotation":0,"texture":"#1"},"down":{"uv":[7.0625,4.0,6.75,4.375],"tintindex":0,"rotation":0,"texture":"#1"}}}]}