{"textures":{"1":"modelengine:entity/em_peppermint_knight"},"elements":[{"from":[7.0857143,6.3428574,7.5142856],"to":[9.771429,8.457143,10.2],"rotation":{"angle":0.0,"axis":"y","origin":[6.142857,8.542857,8.857143]},"faces":{"east":{"uv":[7.8125,5.875,8.125,6.125],"rotation":0,"texture":"#1","tintindex":0},"south":{"uv":[7.8125,6.1875,8.125,6.4375],"rotation":0,"texture":"#1","tintindex":0},"north":{"uv":[7.8125,5.5625,8.125,5.8125],"rotation":0,"texture":"#1","tintindex":0},"west":{"uv":[6.5,7.8125,6.8125,8.0625],"rotation":0,"texture":"#1","tintindex":0},"up":{"uv":[7.75,5.0,7.4375,4.6875],"rotation":0,"texture":"#1","tintindex":0},"down":{"uv":[7.75,5.0625,7.4375,5.375],"rotation":0,"texture":"#1","tintindex":0}}},{"from":[7.571429,6.8285713,7.0],"to":[9.285714,8.542857,7.5714283],"rotation":{"angle":0.0,"axis":"y","origin":[6.142857,8.542857,8.428572]},"faces":{"east":{"uv":[10.0,0.9375,10.0625,1.125],"rotation":0,"texture":"#1","tintindex":0},"south":{"uv":[8.125,8.9375,8.3125,9.125],"rotation":0,"texture":"#1","tintindex":0},"north":{"uv":[7.5,8.9375,7.6875,9.125],"rotation":0,"texture":"#1","tintindex":0},"west":{"uv":[1.125,10.0,1.1875,10.1875],"rotation":0,"texture":"#1","tintindex":0},"up":{"uv":[1.3125,5.25,1.125,5.1875],"rotation":0,"texture":"#1","tintindex":0},"down":{"uv":[6.0625,5.6875,5.875,5.75],"rotation":0,"texture":"#1","tintindex":0}}},{"from":[7.0,6.8285713,7.0],"to":[7.571429,8.542857,7.5714283],"rotation":{"angle":22.5,"axis":"y","origin":[7.285714,7.6857142,7.285714]},"faces":{"east":{"uv":[10.0,0.0,10.0625,0.1875],"rotation":0,"texture":"#1","tintindex":0},"south":{"uv":[0.125,10.0,0.1875,10.1875],"rotation":0,"texture":"#1","tintindex":0},"north":{"uv":[9.9375,9.4375,10.0,9.625],"rotation":0,"texture":"#1","tintindex":0},"west":{"uv":[0.25,10.0,0.3125,10.1875],"rotation":0,"texture":"#1","tintindex":0},"up":{"uv":[10.125,7.75,10.0625,7.6875],"rotation":0,"texture":"#1","tintindex":0},"down":{"uv":[10.125,7.8125,10.0625,7.875],"rotation":0,"texture":"#1","tintindex":0}}},{"from":[9.285714,6.8285713,7.0],"to":[9.857143,8.542857,7.5714283],"rotation":{"angle":-22.5,"axis":"y","origin":[9.571428,7.6857142,7.285714]},"faces":{"east":{"uv":[9.9375,8.9375,10.0,9.125],"rotation":0,"texture":"#1","tintindex":0},"south":{"uv":[9.9375,9.1875,10.0,9.375],"rotation":0,"texture":"#1","tintindex":0},"north":{"uv":[9.9375,8.6875,10.0,8.875],"rotation":0,"texture":"#1","tintindex":0},"west":{"uv":[9.4375,9.9375,9.5,10.125],"rotation":0,"texture":"#1","tintindex":0},"up":{"uv":[10.125,7.5,10.0625,7.4375],"rotation":0,"texture":"#1","tintindex":0},"down":{"uv":[10.125,7.5625,10.0625,7.625],"rotation":0,"texture":"#1","tintindex":0}}},{"from":[7.0571427,5.542857,7.1714287],"to":[9.8,6.0,9.914286],"rotation":{"angle":-22.5,"axis":"x","origin":[8.428572,5.8285713,9.142858]},"faces":{"east":{"uv":[9.5625,9.3125,9.875,9.375],"rotation":0,"texture":"#1","tintindex":0},"south":{"uv":[9.5625,9.4375,9.875,9.5],"rotation":0,"texture":"#1","tintindex":0},"north":{"uv":[9.5625,9.1875,9.875,9.25],"rotation":0,"texture":"#1","tintindex":0},"west":{"uv":[9.5625,9.5625,9.875,9.625],"rotation":0,"texture":"#1","tintindex":0},"up":{"uv":[6.25,7.6875,5.9375,7.375],"rotation":0,"texture":"#1","tintindex":0},"down":{"uv":[7.375,7.375,7.0625,7.6875],"rotation":0,"texture":"#1","tintindex":0}}},{"from":[7.114286,0.79999924,7.3714285],"to":[9.742857,6.285714,10.571428],"rotation":{"angle":0.0,"axis":"y","origin":[8.428572,5.2571425,9.142858]},"faces":{"east":{"uv":[3.9375,2.75,4.3125,3.375],"rotation":0,"texture":"#1","tintindex":0},"south":{"uv":[2.75,4.5625,3.0625,5.1875],"rotation":0,"texture":"#1","tintindex":0},"north":{"uv":[4.1875,4.5,4.5,5.125],"rotation":0,"texture":"#1","tintindex":0},"west":{"uv":[4.0,0.0,4.375,0.625],"rotation":0,"texture":"#1","tintindex":0},"up":{"uv":[7.125,2.0,6.8125,1.625],"rotation":0,"texture":"#1","tintindex":0},"down":{"uv":[7.125,3.5,6.8125,3.875],"rotation":0,"texture":"#1","tintindex":0}}},{"from":[6.9142857,3.4571424,7.142857],"to":[9.942858,4.2,10.742857],"rotation":{"angle":0.0,"axis":"y","origin":[8.428572,4.1142855,8.942857]},"faces":{"east":{"uv":[9.25,6.75,9.625,6.8125],"rotation":0,"texture":"#1","tintindex":0},"south":{"uv":[9.5625,9.0625,9.875,9.125],"rotation":0,"texture":"#1","tintindex":0},"north":{"uv":[8.75,9.5625,9.0625,9.625],"rotation":0,"texture":"#1","tintindex":0},"west":{"uv":[9.25,7.125,9.625,7.1875],"rotation":0,"texture":"#1","tintindex":0},"up":{"uv":[5.875,7.125,5.5625,6.75],"rotation":0,"texture":"#1","tintindex":0},"down":{"uv":[7.125,1.1875,6.8125,1.5625],"rotation":0,"texture":"#1","tintindex":0}}},{"from":[6.6571426,5.2,7.142857],"to":[10.2,6.457143,10.685715],"rotation":{"angle":0.0,"axis":"y","origin":[8.142858,6.4,9.085714]},"faces":{"east":{"uv":[8.5,7.4375,8.875,7.5625],"rotation":0,"texture":"#1","tintindex":0},"south":{"uv":[8.4375,8.5,8.8125,8.625],"rotation":0,"texture":"#1","tintindex":0},"north":{"uv":[8.5,7.25,8.875,7.375],"rotation":0,"texture":"#1","tintindex":0},"west":{"uv":[8.5625,0.625,8.9375,0.75],"rotation":0,"texture":"#1","tintindex":0},"up":{"uv":[6.375,3.9375,6.0,3.5625],"rotation":0,"texture":"#1","tintindex":0},"down":{"uv":[0.375,6.0625,0.0,6.4375],"rotation":0,"texture":"#1","tintindex":0}}}],"display":{"head":{"translation":[0.0,-6.4,0.0],"scale":[4.0,4.0,4.0]}}}