{"textures":{"1":"modelengine:entity/em_peppermint_knight"},"elements":[{"from":[6.1944346,7.0629315,6.51836],"to":[9.051578,8.205789,9.946932],"rotation":{"angle":0.0,"axis":"y","origin":[7.9087205,6.4915032,8.232646]},"faces":{"east":{"uv":[8.4375,1.1875,8.8125,1.3125],"rotation":0,"texture":"#1","tintindex":0},"south":{"uv":[4.875,6.0625,5.1875,6.1875],"rotation":0,"texture":"#1","tintindex":0},"north":{"uv":[4.0,5.875,4.3125,6.0],"rotation":0,"texture":"#1","tintindex":0},"west":{"uv":[8.4375,1.375,8.8125,1.5],"rotation":0,"texture":"#1","tintindex":0},"up":{"uv":[6.875,4.875,6.5625,4.5],"rotation":0,"texture":"#1","tintindex":0},"down":{"uv":[6.4375,6.5625,6.125,6.9375],"rotation":0,"texture":"#1","tintindex":0}}},{"from":[7.9087205,5.3486457,6.51836],"to":[9.051578,7.0629315,9.946932],"rotation":{"angle":0.0,"axis":"y","origin":[7.9087205,6.4915032,8.232646]},"faces":{"east":{"uv":[7.875,0.8125,8.25,1.0],"rotation":0,"texture":"#1","tintindex":0},"south":{"uv":[5.375,3.625,5.5,3.8125],"rotation":0,"texture":"#1","tintindex":0},"north":{"uv":[4.0,0.875,4.125,1.0625],"rotation":0,"texture":"#1","tintindex":0},"west":{"uv":[7.9375,3.875,8.3125,4.0625],"rotation":0,"texture":"#1","tintindex":0},"up":{"uv":[1.1875,3.5,1.0625,3.125],"rotation":0,"texture":"#1","tintindex":0},"down":{"uv":[0.5,4.0625,0.375,4.4375],"rotation":0,"texture":"#1","tintindex":0}}},{"from":[6.423006,6.03436,6.975503],"to":[8.023006,7.0629315,9.718361],"rotation":{"angle":0.0,"axis":"y","origin":[7.9087205,6.4915032,8.232646]},"faces":{"east":{"uv":[0.375,8.75,0.6875,8.875],"rotation":0,"texture":"#1","tintindex":0},"south":{"uv":[9.125,7.9375,9.3125,8.0625],"rotation":0,"texture":"#1","tintindex":0},"north":{"uv":[9.125,6.4375,9.3125,6.5625],"rotation":0,"texture":"#1","tintindex":0},"west":{"uv":[8.75,6.5625,9.0625,6.6875],"rotation":0,"texture":"#1","tintindex":0},"up":{"uv":[1.4375,2.875,1.25,2.5625],"rotation":0,"texture":"#1","tintindex":0},"down":{"uv":[2.9375,4.1875,2.75,4.5],"rotation":0,"texture":"#1","tintindex":0}}},{"from":[5.623006,5.3486457,6.51836],"to":[6.7658634,7.0629315,7.661217],"rotation":{"angle":0.0,"axis":"y","origin":[7.9087205,6.4915032,8.232646]},"faces":{"east":{"uv":[5.9375,6.75,6.0625,6.9375],"rotation":0,"texture":"#1","tintindex":0},"south":{"uv":[9.1875,2.3125,9.3125,2.5],"rotation":0,"texture":"#1","tintindex":0},"north":{"uv":[1.75,6.25,1.875,6.4375],"rotation":0,"texture":"#1","tintindex":0},"west":{"uv":[9.1875,4.1875,9.3125,4.375],"rotation":0,"texture":"#1","tintindex":0},"up":{"uv":[5.8125,5.375,5.6875,5.25],"rotation":0,"texture":"#1","tintindex":0},"down":{"uv":[9.75,3.8125,9.625,3.9375],"rotation":0,"texture":"#1","tintindex":0}}},{"from":[6.423006,5.23436,6.4040747],"to":[8.937292,6.0343604,7.2040744],"rotation":{"angle":0.0,"axis":"y","origin":[7.9087205,6.4915032,8.232646]},"faces":{"east":{"uv":[2.25,7.75,2.3125,7.8125],"rotation":0,"texture":"#1","tintindex":0},"south":{"uv":[1.375,4.0625,1.625,4.125],"rotation":0,"texture":"#1","tintindex":0},"north":{"uv":[3.5625,2.3125,3.8125,2.375],"rotation":0,"texture":"#1","tintindex":0},"west":{"uv":[7.875,3.25,7.9375,3.3125],"rotation":0,"texture":"#1","tintindex":0},"up":{"uv":[3.375,4.625,3.125,4.5625],"rotation":0,"texture":"#1","tintindex":0},"down":{"uv":[5.875,1.3125,5.625,1.375],"rotation":0,"texture":"#1","tintindex":0}}},{"from":[6.423006,5.23436,7.4040747],"to":[8.937292,6.0343604,8.204075],"rotation":{"angle":0.0,"axis":"y","origin":[7.9087205,6.4915032,8.089788]},"faces":{"east":{"uv":[8.375,4.0625,8.4375,4.125],"rotation":0,"texture":"#1","tintindex":0},"south":{"uv":[6.5,1.1875,6.75,1.25],"rotation":0,"texture":"#1","tintindex":0},"north":{"uv":[3.25,6.125,3.5,6.1875],"rotation":0,"texture":"#1","tintindex":0},"west":{"uv":[8.4375,6.9375,8.5,7.0],"rotation":0,"texture":"#1","tintindex":0},"up":{"uv":[7.0,0.8125,6.75,0.75],"rotation":0,"texture":"#1","tintindex":0},"down":{"uv":[9.875,3.25,9.625,3.3125],"rotation":0,"texture":"#1","tintindex":0}}},{"from":[6.423006,5.23436,8.404075],"to":[8.937292,6.0343604,9.204075],"rotation":{"angle":0.0,"axis":"y","origin":[7.9087205,6.4915032,8.51836]},"faces":{"east":{"uv":[7.125,8.4375,7.1875,8.5],"rotation":0,"texture":"#1","tintindex":0},"south":{"uv":[9.625,4.6875,9.875,4.75],"rotation":0,"texture":"#1","tintindex":0},"north":{"uv":[9.625,4.5625,9.875,4.625],"rotation":0,"texture":"#1","tintindex":0},"west":{"uv":[8.8125,2.6875,8.875,2.75],"rotation":0,"texture":"#1","tintindex":0},"up":{"uv":[9.875,5.8125,9.625,5.75],"rotation":0,"texture":"#1","tintindex":0},"down":{"uv":[9.875,6.3125,9.625,6.375],"rotation":0,"texture":"#1","tintindex":0}}},{"from":[6.423006,5.23436,9.261217],"to":[8.937292,6.0343604,10.061217],"rotation":{"angle":0.0,"axis":"y","origin":[7.9087205,6.4915032,8.232646]},"faces":{"east":{"uv":[4.125,10.0625,4.1875,10.125],"rotation":0,"texture":"#1","tintindex":0},"south":{"uv":[9.625,7.625,9.875,7.6875],"rotation":0,"texture":"#1","tintindex":0},"north":{"uv":[9.625,6.4375,9.875,6.5],"rotation":0,"texture":"#1","tintindex":0},"west":{"uv":[4.25,10.0625,4.3125,10.125],"rotation":0,"texture":"#1","tintindex":0},"up":{"uv":[9.875,7.8125,9.625,7.75],"rotation":0,"texture":"#1","tintindex":0},"down":{"uv":[9.875,7.875,9.625,7.9375],"rotation":0,"texture":"#1","tintindex":0}}}],"display":{"head":{"translation":[0.0,-6.4,0.0],"scale":[4.0,4.0,4.0]}}}