{"textures":{"1":"modelengine:entity/em_peppermint_knight"},"elements":[{"from":[6.9714284,8.0,6.6857142],"to":[9.6,8.914286,9.314285],"rotation":{"angle":0.0,"axis":"y","origin":[6.9142857,0.45714283,7.714286]},"faces":{"east":{"uv":[8.875,3.6875,9.1875,3.8125],"rotation":0,"texture":"#1","tintindex":0},"south":{"uv":[5.4375,8.875,5.75,9.0],"rotation":0,"texture":"#1","tintindex":0},"north":{"uv":[8.875,1.375,9.1875,1.5],"rotation":0,"texture":"#1","tintindex":0},"west":{"uv":[6.25,8.875,6.5625,9.0],"rotation":0,"texture":"#1","tintindex":0},"up":{"uv":[0.3125,7.6875,0.0,7.375],"rotation":0,"texture":"#1","tintindex":0},"down":{"uv":[1.9375,7.375,1.625,7.6875],"rotation":0,"texture":"#1","tintindex":0}}},{"from":[6.857143,2.8571424,6.5714283],"to":[9.714286,8.0,9.428572],"rotation":{"angle":0.0,"axis":"y","origin":[6.9142857,-0.57142925,7.714286]},"faces":{"east":{"uv":[0.75,4.875,1.0625,5.4375],"rotation":0,"texture":"#1","tintindex":0},"south":{"uv":[4.5625,5.0,4.875,5.5625],"rotation":0,"texture":"#1","tintindex":0},"north":{"uv":[0.0,4.875,0.3125,5.4375],"rotation":0,"texture":"#1","tintindex":0},"west":{"uv":[4.9375,5.0,5.25,5.5625],"rotation":0,"texture":"#1","tintindex":0},"up":{"uv":[7.625,6.9375,7.3125,6.625],"rotation":0,"texture":"#1","tintindex":0},"down":{"uv":[7.625,7.0,7.3125,7.3125],"rotation":0,"texture":"#1","tintindex":0}}},{"from":[6.6,3.885714,6.457143],"to":[7.9714284,8.114285,9.542857],"rotation":{"angle":0.0,"axis":"y","origin":[6.9142857,-0.57142925,7.714286]},"faces":{"east":{"uv":[0.375,6.5,0.6875,6.9375],"rotation":0,"texture":"#1","tintindex":0},"south":{"uv":[4.9375,8.3125,5.0625,8.75],"rotation":0,"texture":"#1","tintindex":0},"north":{"uv":[4.75,8.3125,4.875,8.75],"rotation":0,"texture":"#1","tintindex":0},"west":{"uv":[1.75,6.5,2.0625,6.9375],"rotation":0,"texture":"#1","tintindex":0},"up":{"uv":[3.6875,9.1875,3.5625,8.875],"rotation":0,"texture":"#1","tintindex":0},"down":{"uv":[4.4375,8.875,4.3125,9.1875],"rotation":0,"texture":"#1","tintindex":0}}},{"from":[8.6,3.885714,6.457143],"to":[9.971429,8.114285,9.542857],"rotation":{"angle":0.0,"axis":"y","origin":[8.6285715,-0.57142925,7.714286]},"faces":{"east":{"uv":[6.4375,3.5,6.75,3.9375],"rotation":0,"texture":"#1","tintindex":0},"south":{"uv":[1.8125,8.3125,1.9375,8.75],"rotation":0,"texture":"#1","tintindex":0},"north":{"uv":[1.625,8.3125,1.75,8.75],"rotation":0,"texture":"#1","tintindex":0},"west":{"uv":[0.0,6.5,0.3125,6.9375],"rotation":0,"texture":"#1","tintindex":0},"up":{"uv":[1.1875,9.1875,1.0625,8.875],"rotation":0,"texture":"#1","tintindex":0},"down":{"uv":[2.9375,8.875,2.8125,9.1875],"rotation":0,"texture":"#1","tintindex":0}}}],"display":{"head":{"translation":[0.0,-6.4,0.0],"scale":[4.0,4.0,4.0]}}}