{"textures":{"0":"modelengine:entity/toro_rabbit"},"elements":[{"from":[2.3571424,8.142858,1.8571424],"to":[4.0714283,11.285714,3.5714283],"rotation":{"angle":0.0,"axis":"y","origin":[7.5,-4.5714293,16.57143]},"faces":{"east":{"uv":[12.125,3.4375,12.3125,3.8125],"rotation":0,"texture":"#0","tintindex":0},"south":{"uv":[12.125,3.8125,12.3125,4.1875],"rotation":0,"texture":"#0","tintindex":0},"north":{"uv":[7.5625,12.0625,7.75,12.4375],"rotation":0,"texture":"#0","tintindex":0},"west":{"uv":[12.125,4.1875,12.3125,4.5625],"rotation":0,"texture":"#0","tintindex":0},"up":{"uv":[0.8125,9.25,0.625,9.0625],"rotation":0,"texture":"#0","tintindex":0},"down":{"uv":[1.0,9.0625,0.8125,9.25],"rotation":0,"texture":"#0","tintindex":0}}},{"from":[3.9285712,8.142858,0.9999995],"to":[5.642857,10.571428,2.7142854],"rotation":{"angle":-45.0,"axis":"z","origin":[2.9285712,10.285714,1.7142854]},"faces":{"east":{"uv":[7.75,8.6875,7.9375,8.9375],"rotation":0,"texture":"#0","tintindex":0},"south":{"uv":[10.1875,1.375,10.375,1.625],"rotation":0,"texture":"#0","tintindex":0},"north":{"uv":[7.75,1.125,7.9375,1.375],"rotation":0,"texture":"#0","tintindex":0},"west":{"uv":[10.3125,5.9375,10.5,6.1875],"rotation":0,"texture":"#0","tintindex":0},"up":{"uv":[9.4375,3.4375,9.25,3.25],"rotation":0,"texture":"#0","tintindex":0},"down":{"uv":[9.625,3.25,9.4375,3.4375],"rotation":0,"texture":"#0","tintindex":0}}},{"from":[9.357143,8.142858,0.9999995],"to":[11.071428,10.571428,2.7142854],"rotation":{"angle":45.0,"axis":"z","origin":[12.071428,10.285714,1.7142854]},"faces":{"east":{"uv":[11.5,6.8125,11.6875,7.0625],"rotation":0,"texture":"#0","tintindex":0},"south":{"uv":[3.25,11.75,3.4375,12.0],"rotation":0,"texture":"#0","tintindex":0},"north":{"uv":[10.75,9.5625,10.9375,9.8125],"rotation":0,"texture":"#0","tintindex":0},"west":{"uv":[6.9375,12.125,7.125,12.375],"rotation":0,"texture":"#0","tintindex":0},"up":{"uv":[10.0,8.75,9.8125,8.5625],"rotation":0,"texture":"#0","tintindex":0},"down":{"uv":[9.125,10.1875,8.9375,10.375],"rotation":0,"texture":"#0","tintindex":0}}},{"from":[10.928572,8.142858,1.8571424],"to":[12.642858,11.285714,3.5714283],"rotation":{"angle":0.0,"axis":"y","origin":[7.5,-4.5714293,16.57143]},"faces":{"east":{"uv":[6.125,12.125,6.3125,12.5],"rotation":0,"texture":"#0","tintindex":0},"south":{"uv":[6.3125,12.125,6.5,12.5],"rotation":0,"texture":"#0","tintindex":0},"north":{"uv":[12.125,4.5625,12.3125,4.9375],"rotation":0,"texture":"#0","tintindex":0},"west":{"uv":[6.5,12.125,6.6875,12.5],"rotation":0,"texture":"#0","tintindex":0},"up":{"uv":[11.125,10.5,10.9375,10.3125],"rotation":0,"texture":"#0","tintindex":0},"down":{"uv":[11.3125,1.1875,11.125,1.375],"rotation":0,"texture":"#0","tintindex":0}}},{"from":[10.928572,8.142858,2.4285712],"to":[12.357143,10.657143,4.0857143],"rotation":{"angle":0.0,"axis":"y","origin":[7.5,-4.5714293,16.57143]},"faces":{"east":{"uv":[6.125,12.125,6.3125,12.5],"rotation":0,"texture":"#0","tintindex":0},"south":{"uv":[6.3125,12.125,6.5,12.5],"rotation":0,"texture":"#0","tintindex":0},"north":{"uv":[12.125,4.5625,12.3125,4.9375],"rotation":0,"texture":"#0","tintindex":0},"west":{"uv":[6.5,12.125,6.6875,12.5],"rotation":0,"texture":"#0","tintindex":0},"up":{"uv":[11.125,10.5,10.9375,10.3125],"rotation":0,"texture":"#0","tintindex":0},"down":{"uv":[11.3125,1.1875,11.125,1.375],"rotation":0,"texture":"#0","tintindex":0}}},{"from":[2.642857,8.142858,2.4285712],"to":[4.0714283,10.657143,4.0857143],"rotation":{"angle":0.0,"axis":"y","origin":[7.5,-4.5714293,16.57143]},"faces":{"east":{"uv":[6.6875,12.125,6.5,12.5],"rotation":0,"texture":"#0","tintindex":0},"south":{"uv":[6.5,12.125,6.3125,12.5],"rotation":0,"texture":"#0","tintindex":0},"north":{"uv":[12.3125,4.5625,12.125,4.9375],"rotation":0,"texture":"#0","tintindex":0},"west":{"uv":[6.3125,12.125,6.125,12.5],"rotation":0,"texture":"#0","tintindex":0},"up":{"uv":[10.9375,10.5,11.125,10.3125],"rotation":0,"texture":"#0","tintindex":0},"down":{"uv":[11.125,1.1875,11.3125,1.375],"rotation":0,"texture":"#0","tintindex":0}}},{"from":[4.3571424,3.4285712,-1.7142859],"to":[10.642858,12.0,6.857143],"rotation":{"angle":0.0,"axis":"y","origin":[7.214286,-4.5714293,16.57143]},"faces":{"east":{"uv":[5.8125,8.0,6.75,8.9375],"rotation":0,"texture":"#0","tintindex":0},"south":{"uv":[9.8125,6.1875,10.5,7.125],"rotation":0,"texture":"#0","tintindex":0},"north":{"uv":[3.5,7.0,4.1875,7.9375],"rotation":0,"texture":"#0","tintindex":0},"west":{"uv":[8.0,6.6875,8.9375,7.625],"rotation":0,"texture":"#0","tintindex":0},"up":{"uv":[10.5,8.0625,9.8125,7.125],"rotation":0,"texture":"#0","tintindex":0},"down":{"uv":[8.0625,9.875,7.375,10.8125],"rotation":0,"texture":"#0","tintindex":0}}},{"from":[4.642857,13.428572,10.142858],"to":[10.5,19.285715,15.0],"rotation":{"angle":-45.0,"axis":"x","origin":[7.214286,-4.5714293,16.57143]},"faces":{"east":{"uv":[5.8125,8.0,6.75,8.9375],"rotation":0,"texture":"#0","tintindex":0},"south":{"uv":[9.8125,6.1875,10.5,7.125],"rotation":0,"texture":"#0","tintindex":0},"north":{"uv":[3.5,7.0,4.1875,7.9375],"rotation":0,"texture":"#0","tintindex":0},"west":{"uv":[8.0,6.6875,8.9375,7.625],"rotation":0,"texture":"#0","tintindex":0},"up":{"uv":[10.5,8.0625,9.8125,7.125],"rotation":0,"texture":"#0","tintindex":0},"down":{"uv":[8.0625,9.875,7.375,10.8125],"rotation":0,"texture":"#0","tintindex":0}}},{"from":[4.3571424,7.428571,3.4285712],"to":[10.642858,10.0,8.0],"rotation":{"angle":-22.5,"axis":"x","origin":[7.214286,-4.5714293,16.57143]},"faces":{"east":{"uv":[5.8125,8.0,6.75,8.9375],"rotation":0,"texture":"#0","tintindex":0},"south":{"uv":[9.8125,6.1875,10.5,7.125],"rotation":0,"texture":"#0","tintindex":0},"north":{"uv":[3.5,7.0,4.1875,7.9375],"rotation":0,"texture":"#0","tintindex":0},"west":{"uv":[8.0,6.6875,8.9375,7.625],"rotation":0,"texture":"#0","tintindex":0},"up":{"uv":[10.5,8.0625,9.8125,7.125],"rotation":0,"texture":"#0","tintindex":0},"down":{"uv":[8.0625,9.875,7.375,10.8125],"rotation":0,"texture":"#0","tintindex":0}}},{"from":[3.7857141,6.9142857,1.1428566],"to":[11.214286,14.514286,8.514286],"rotation":{"angle":0.0,"axis":"y","origin":[7.214286,-4.5714293,16.57143]},"faces":{"east":{"uv":[9.25,8.75,10.0625,9.5625],"rotation":0,"texture":"#0","tintindex":0},"south":{"uv":[9.5,2.4375,10.3125,3.25],"rotation":0,"texture":"#0","tintindex":0},"north":{"uv":[8.75,1.625,9.5625,2.4375],"rotation":0,"texture":"#0","tintindex":0},"west":{"uv":[6.5625,9.5,7.375,10.3125],"rotation":0,"texture":"#0","tintindex":0},"up":{"uv":[10.375,2.4375,9.5625,1.625],"rotation":0,"texture":"#0","tintindex":0},"down":{"uv":[10.0625,9.5625,9.25,10.375],"rotation":0,"texture":"#0","tintindex":0}}},{"from":[2.8142858,3.628571,4.714286],"to":[12.185715,11.228572,12.085714],"rotation":{"angle":0.0,"axis":"y","origin":[7.3285713,-4.5714293,16.57143]},"faces":{"east":{"uv":[9.625,3.25,10.4375,4.0625],"rotation":0,"texture":"#0","tintindex":0},"south":{"uv":[6.75,8.6875,7.75,9.5],"rotation":0,"texture":"#0","tintindex":0},"north":{"uv":[8.5,2.4375,9.5,3.25],"rotation":0,"texture":"#0","tintindex":0},"west":{"uv":[9.6875,4.0625,10.5,4.875],"rotation":0,"texture":"#0","tintindex":0},"up":{"uv":[9.75,0.8125,8.75,0.0],"rotation":0,"texture":"#0","tintindex":0},"down":{"uv":[9.75,0.8125,8.75,1.625],"rotation":0,"texture":"#0","tintindex":0}}},{"from":[3.5857143,8.771429,1.4857144],"to":[11.414286,13.971429,9.257143],"rotation":{"angle":-22.5,"axis":"x","origin":[7.3,-4.5714293,16.57143]},"faces":{"east":{"uv":[8.0625,10.1875,8.9375,10.875],"rotation":0,"texture":"#0","tintindex":0},"south":{"uv":[10.25,0.0,11.125,0.6875],"rotation":0,"texture":"#0","tintindex":0},"north":{"uv":[4.3125,10.125,5.1875,10.8125],"rotation":0,"texture":"#0","tintindex":0},"west":{"uv":[10.25,0.6875,11.125,1.375],"rotation":0,"texture":"#0","tintindex":0},"up":{"uv":[9.8125,7.5625,8.9375,6.6875],"rotation":0,"texture":"#0","tintindex":0},"down":{"uv":[8.625,9.0,7.75,9.875],"rotation":0,"texture":"#0",