{"textures":{"0":"modelengine:entity/toro_rabbit"},"elements":[{"from":[3.437499,8.525,-10.595001],"to":[10.5875,14.575,9.315001],"faces":{"east":{"uv":[10.875,2.6875,12.125,3.0625],"tintindex":0,"rotation":0,"texture":"#0"},"south":{"uv":[3.6875,12.0625,4.125,12.4375],"tintindex":0,"rotation":0,"texture":"#0"},"north":{"uv":[3.25,12.0625,3.6875,12.4375],"tintindex":0,"rotation":0,"texture":"#0"},"west":{"uv":[10.875,3.0625,12.125,3.4375],"tintindex":0,"rotation":0,"texture":"#0"},"up":{"uv":[10.875,3.8125,10.4375,2.5625],"tintindex":0,"rotation":0,"texture":"#0"},"down":{"uv":[10.9375,5.9375,10.5,7.1875],"tintindex":0,"rotation":0,"texture":"#0"}},"rotation":{"origin":[4.5374994,19.8,14.43],"angle":-22.5,"axis":"x"}},{"from":[3.9875002,0.0,-10.869999],"to":[10.3125,6.05,2.7150002],"faces":{"east":{"uv":[11.125,0.8125,12.0,1.1875],"tintindex":0,"rotation":0,"texture":"#0"},"south":{"uv":[9.25,12.0,9.625,12.375],"tintindex":0,"rotation":0,"texture":"#0"},"north":{"uv":[7.375,9.5,7.75,9.875],"tintindex":0,"rotation":0,"texture":"#0"},"west":{"uv":[11.5,5.5625,12.375,5.9375],"tintindex":0,"rotation":0,"texture":"#0"},"up":{"uv":[11.875,6.8125,11.5,5.9375],"tintindex":0,"rotation":0,"texture":"#0"},"down":{"uv":[8.125,11.5,7.75,12.375],"tintindex":0,"rotation":0,"texture":"#0"}}}]}