{"textures":{"0":"modelengine:entity/toro_rabbit"},"elements":[{"from":[2.2352943,5.75,11.75],"to":[10.235294,12.75,24.0],"faces":{"east":{"uv":[0.4375,11.5625,1.1875,12.0],"tintindex":0,"rotation":0,"texture":"#0"},"south":{"uv":[11.875,5.9375,12.375,6.375],"tintindex":0,"rotation":0,"texture":"#0"},"north":{"uv":[9.875,11.75,10.375,12.1875],"tintindex":0,"rotation":0,"texture":"#0"},"west":{"uv":[1.1875,11.5625,1.9375,12.0],"tintindex":0,"rotation":0,"texture":"#0"},"up":{"uv":[11.6875,4.5625,11.1875,3.8125],"tintindex":0,"rotation":0,"texture":"#0"},"down":{"uv":[5.375,11.3125,4.875,12.0625],"tintindex":0,"rotation":0,"texture":"#0"}},"rotation":{"origin":[12.235294,15.0,14.5],"angle":45.0,"axis":"x"}},{"from":[4.2352943,1.75,8.25],"to":[12.235294,8.75,26.25],"faces":{"east":{"uv":[10.8125,10.5,11.9375,10.9375],"tintindex":0,"rotation":0,"texture":"#0"},"south":{"uv":[2.75,11.75,3.25,12.1875],"tintindex":0,"rotation":0,"texture":"#0"},"north":{"uv":[2.125,6.5625,2.625,7.0],"tintindex":0,"rotation":0,"texture":"#0"},"west":{"uv":[10.875,1.375,12.0,1.8125],"tintindex":0,"rotation":0,"texture":"#0"},"up":{"uv":[1.0625,11.5625,0.5625,10.4375],"tintindex":0,"rotation":0,"texture":"#0"},"down":{"uv":[1.5625,10.4375,1.0625,11.5625],"tintindex":0,"rotation":0,"texture":"#0"}},"rotation":{"origin":[12.235294,15.0,14.5],"angle":22.5,"axis":"x"}}]}