{"textures":{"0":"modelengine:entity/toro_rabbit"},"elements":[{"from":[6.705882,1.1428566,3.4285712],"to":[11.84874,13.571428,13.285715],"rotation":{"angle":0.0,"axis":"y","origin":[7.8487396,6.285714,6.857143]},"faces":{"east":{"uv":[6.4375,4.5,7.5,5.875],"rotation":0,"texture":"#0","tintindex":0},"south":{"uv":[4.0,8.75,4.5625,10.125],"rotation":0,"texture":"#0","tintindex":0},"north":{"uv":[3.4375,8.75,4.0,10.125],"rotation":0,"texture":"#0","tintindex":0},"west":{"uv":[0.0,6.5625,1.0625,7.9375],"rotation":0,"texture":"#0","tintindex":0},"up":{"uv":[0.5625,11.3125,0.0,10.25],"rotation":0,"texture":"#0","tintindex":0},"down":{"uv":[10.875,4.875,10.3125,5.9375],"rotation":0,"texture":"#0","tintindex":0}}},{"from":[3.8487396,-0.57142925,0.9999995],"to":[8.420168,11.428572,8.428572],"rotation":{"angle":22.5,"axis":"x","origin":[7.8487396,6.285714,6.857143]},"faces":{"east":{"uv":[1.0,7.9375,1.8125,9.25],"rotation":0,"texture":"#0","tintindex":0},"south":{"uv":[9.75,0.0,10.25,1.3125],"rotation":0,"texture":"#0","tintindex":0},"north":{"uv":[2.9375,9.25,3.4375,10.5625],"rotation":0,"texture":"#0","tintindex":0},"west":{"uv":[7.9375,1.125,8.75,2.4375],"rotation":0,"texture":"#0","tintindex":0},"up":{"uv":[11.625,0.8125,11.125,0.0],"rotation":0,"texture":"#0","tintindex":0},"down":{"uv":[6.1875,11.125,5.6875,11.9375],"rotation":0,"texture":"#0","tintindex":0}}}],"display":{"head":{"translation":[0.0,-6.4,0.0],"scale":[4.0,4.0,4.0]}}}