{"textures":{"0":"modelengine:entity/toro_rabbit"},"elements":[{"from":[4.5147057,4.3304834,-1.2503052],"to":[10.264706,10.580483,7.999695],"faces":{"east":{"uv":[1.0,12.0,0.4375,12.375],"tintindex":0,"rotation":0,"texture":"#0"},"south":{"uv":[12.4375,8.5,12.0625,8.875],"tintindex":0,"rotation":0,"texture":"#0"},"north":{"uv":[7.5625,12.0625,7.1875,12.4375],"tintindex":0,"rotation":0,"texture":"#0"},"west":{"uv":[12.5,11.1875,11.9375,11.5625],"tintindex":0,"rotation":0,"texture":"#0"},"up":{"uv":[10.375,12.3125,10.75,11.75],"tintindex":0,"rotation":0,"texture":"#0"},"down":{"uv":[12.0,0.5,12.375,1.0625],"tintindex":0,"rotation":0,"texture":"#0"}},"rotation":{"origin":[3.7647057,23.330482,1.9996948],"angle":22.5,"axis":"x"}},{"from":[4.2647057,4.254363,0.13237762],"to":[10.764706,9.504363,9.632378],"faces":{"east":{"uv":[11.8125,12.0,11.25,12.3125],"tintindex":0,"rotation":0,"texture":"#0"},"south":{"uv":[10.1875,1.3125,9.75,1.625],"tintindex":0,"rotation":0,"texture":"#0"},"north":{"uv":[9.25,5.0,8.8125,5.3125],"tintindex":0,"rotation":0,"texture":"#0"},"west":{"uv":[8.625,9.875,8.0625,10.1875],"tintindex":0,"rotation":0,"texture":"#0"},"up":{"uv":[11.6875,7.375,12.125,6.8125],"tintindex":0,"rotation":0,"texture":"#0"},"down":{"uv":[11.6875,7.375,12.125,7.9375],"tintindex":0,"rotation":0,"texture":"#0"}}}]}