{"textures":{"0":"modelengine:entity/toro_rabbit"},"elements":[{"from":[2.8487396,1.7142854,3.4285712],"to":[7.9915967,14.142858,13.285715],"rotation":{"angle":0.0,"axis":"y","origin":[6.8487396,6.857143,6.857143]},"faces":{"east":{"uv":[1.0625,6.5625,0.0,7.9375],"rotation":0,"texture":"#0","tintindex":0},"south":{"uv":[4.5625,8.75,4.0,10.125],"rotation":0,"texture":"#0","tintindex":0},"north":{"uv":[4.0,8.75,3.4375,10.125],"rotation":0,"texture":"#0","tintindex":0},"west":{"uv":[7.5,4.5,6.4375,5.875],"rotation":0,"texture":"#0","tintindex":0},"up":{"uv":[0.0,11.3125,0.5625,10.25],"rotation":0,"texture":"#0","tintindex":0},"down":{"uv":[10.3125,4.875,10.875,5.9375],"rotation":0,"texture":"#0","tintindex":0}}},{"from":[6.277311,0.0,0.9999995],"to":[10.84874,12.0,8.428572],"rotation":{"angle":22.5,"axis":"x","origin":[6.8487396,6.857143,6.857143]},"faces":{"east":{"uv":[8.75,1.125,7.9375,2.4375],"rotation":0,"texture":"#0","tintindex":0},"south":{"uv":[10.25,0.0,9.75,1.3125],"rotation":0,"texture":"#0","tintindex":0},"north":{"uv":[3.4375,9.25,2.9375,10.5625],"rotation":0,"texture":"#0","tintindex":0},"west":{"uv":[1.8125,7.9375,1.0,9.25],"rotation":0,"texture":"#0","tintindex":0},"up":{"uv":[11.125,0.8125,11.625,0.0],"rotation":0,"texture":"#0","tintindex":0},"down":{"uv":[5.6875,11.125,6.1875,11.9375],"rotation":0,"texture":"#0","tintindex":0}}}],"display":{"head":{"translation":[0.0,-6.4,0.0],"scale":[4.0,4.0,4.0]}}}