{"textures":{"0":"modelengine:entity/toro_rabbit"},"elements":[{"from":[3.6625004,8.525,-10.595001],"to":[10.812501,14.575,9.315001],"faces":{"east":{"uv":[10.875,3.4375,12.125,3.8125],"tintindex":0,"rotation":0,"texture":"#0"},"south":{"uv":[4.5625,12.0625,5.0,12.4375],"tintindex":0,"rotation":0,"texture":"#0"},"north":{"uv":[4.125,12.0625,4.5625,12.4375],"tintindex":0,"rotation":0,"texture":"#0"},"west":{"uv":[10.875,4.5625,12.125,4.9375],"tintindex":0,"rotation":0,"texture":"#0"},"up":{"uv":[10.375,11.75,9.9375,10.5],"tintindex":0,"rotation":0,"texture":"#0"},"down":{"uv":[10.8125,10.5,10.375,11.75],"tintindex":0,"rotation":0,"texture":"#0"}},"rotation":{"origin":[9.712501,19.8,14.43],"angle":-22.5,"axis":"x"}},{"from":[3.9375,0.0,-10.869999],"to":[10.2625,6.05,2.7150002],"faces":{"east":{"uv":[11.5,9.5625,12.375,9.9375],"tintindex":0,"rotation":0,"texture":"#0"},"south":{"uv":[5.0,12.0625,5.375,12.4375],"tintindex":0,"rotation":0,"texture":"#0"},"north":{"uv":[12.0625,4.9375,12.4375,5.3125],"tintindex":0,"rotation":0,"texture":"#0"},"west":{"uv":[11.5,9.9375,12.375,10.3125],"tintindex":0,"rotation":0,"texture":"#0"},"up":{"uv":[8.5,12.375,8.125,11.5],"tintindex":0,"rotation":0,"texture":"#0"},"down":{"uv":[8.875,11.5,8.5,12.375],"tintindex":0,"rotation":0,"texture":"#0"}}}]}