{"textures":{"0":"modelengine:entity/toro_rabbit"},"elements":[{"from":[5.6371427,4.3999996,7.0857143],"to":[9.888572,12.4,9.6],"rotation":{"angle":0.0,"axis":"y","origin":[5.0885715,-6.5714293,17.6]},"faces":{"east":{"uv":[9.625,11.5625,9.875,12.4375],"rotation":0,"texture":"#0","tintindex":0},"south":{"uv":[0.0,11.3125,0.4375,12.1875],"rotation":0,"texture":"#0","tintindex":0},"north":{"uv":[11.1875,8.6875,11.625,9.5625],"rotation":0,"texture":"#0","tintindex":0},"west":{"uv":[2.5,11.75,2.75,12.625],"rotation":0,"texture":"#0","tintindex":0},"up":{"uv":[12.5,5.5625,12.0625,5.3125],"rotation":0,"texture":"#0","tintindex":0},"down":{"uv":[12.5625,3.1875,12.125,3.4375],"rotation":0,"texture":"#0","tintindex":0}}},{"from":[5.8199997,12.4,7.0857143],"to":[8.997143,17.085714,9.028571],"rotation":{"angle":0.0,"axis":"y","origin":[5.0885715,-6.5714293,17.6]},"faces":{"east":{"uv":[4.875,10.8125,5.0625,11.3125],"rotation":0,"texture":"#0","tintindex":0},"south":{"uv":[8.875,12.0,9.25,12.5],"rotation":0,"texture":"#0","tintindex":0},"north":{"uv":[12.0,2.0,12.375,2.5],"rotation":0,"texture":"#0","tintindex":0},"west":{"uv":[4.6875,11.4375,4.875,11.9375],"rotation":0,"texture":"#0","tintindex":0},"up":{"uv":[8.875,3.4375,8.5,3.25],"rotation":0,"texture":"#0","tintindex":0},"down":{"uv":[9.25,3.25,8.875,3.4375],"rotation":0,"texture":"#0","tintindex":0}}},{"from":[6.0485716,16.971428,7.2],"to":[8.082857,19.257145,8.571428],"rotation":{"angle":0.0,"axis":"y","origin":[5.0885715,-6.5714293,17.6]},"faces":{"east":{"uv":[2.625,6.5625,2.75,6.8125],"rotation":0,"texture":"#0","tintindex":0},"south":{"uv":[12.125,6.8125,12.375,7.0625],"rotation":0,"texture":"#0","tintindex":0},"north":{"uv":[6.6875,12.125,6.9375,12.375],"rotation":0,"texture":"#0","tintindex":0},"west":{"uv":[9.125,8.75,9.25,9.0],"rotation":0,"texture":"#0","tintindex":0},"up":{"uv":[5.875,4.625,5.625,4.5],"rotation":0,"texture":"#0","tintindex":0},"down":{"uv":[6.125,4.5,5.875,4.625],"rotation":0,"texture":"#0","tintindex":0}}}],"display":{"head":{"translation":[0.0,-6.4,0.0],"scale":[4.0,4.0,4.0]}}}