{"textures":{"0":"modelengine:entity/toro_rabbit"},"elements":[{"from":[5.865546,5.859636,3.5042157],"to":[9.579832,8.859636,8.932788],"rotation":{"angle":0.0,"axis":"y","origin":[5.5798316,16.760277,4.571254]},"faces":{"east":{"uv":[11.8125,12.0,11.25,12.3125],"rotation":0,"texture":"#0","tintindex":0},"south":{"uv":[10.1875,1.3125,9.75,1.625],"rotation":0,"texture":"#0","tintindex":0},"north":{"uv":[9.25,5.0,8.8125,5.3125],"rotation":0,"texture":"#0","tintindex":0},"west":{"uv":[8.625,9.875,8.0625,10.1875],"rotation":0,"texture":"#0","tintindex":0},"up":{"uv":[11.6875,7.375,12.125,6.8125],"rotation":0,"texture":"#0","tintindex":0},"down":{"uv":[11.6875,7.375,12.125,7.9375],"rotation":0,"texture":"#0","tintindex":0}}},{"from":[6.0084033,5.9031334,2.7141113],"to":[9.294118,9.474562,7.9998255],"rotation":{"angle":22.5,"axis":"x","origin":[5.5798316,16.760277,4.571254]},"faces":{"east":{"uv":[1.0,12.0,0.4375,12.375],"rotation":0,"texture":"#0","tintindex":0},"south":{"uv":[12.4375,8.5,12.0625,8.875],"rotation":0,"texture":"#0","tintindex":0},"north":{"uv":[7.5625,12.0625,7.1875,12.4375],"rotation":0,"texture":"#0","tintindex":0},"west":{"uv":[12.5,11.1875,11.9375,11.5625],"rotation":0,"texture":"#0","tintindex":0},"up":{"uv":[10.375,12.3125,10.75,11.75],"rotation":0,"texture":"#0","tintindex":0},"down":{"uv":[12.0,0.5,12.375,1.0625],"rotation":0,"texture":"#0","tintindex":0}}}],"display":{"head":{"translation":[0.0,-6.4,0.0],"scale":[4.0,4.0,4.0]}}}