{"textures":{"0":"modelengine:entity/toro_rabbit"},"elements":[{"from":[4.277311,4.428571,8.142858],"to":[8.84874,8.428572,18.428572],"rotation":{"angle":22.5,"axis":"x","origin":[4.277311,12.0,11.714286]},"faces":{"east":{"uv":[12.0,1.375,10.875,1.8125],"rotation":0,"texture":"#0","tintindex":0},"south":{"uv":[3.25,11.75,2.75,12.1875],"rotation":0,"texture":"#0","tintindex":0},"north":{"uv":[2.625,6.5625,2.125,7.0],"rotation":0,"texture":"#0","tintindex":0},"west":{"uv":[11.9375,10.5,10.8125,10.9375],"rotation":0,"texture":"#0","tintindex":0},"up":{"uv":[0.5625,11.5625,1.0625,10.4375],"rotation":0,"texture":"#0","tintindex":0},"down":{"uv":[1.0625,10.4375,1.5625,11.5625],"rotation":0,"texture":"#0","tintindex":0}}},{"from":[5.420168,6.714286,10.142858],"to":[9.991596,10.714286,17.142857],"rotation":{"angle":45.0,"axis":"x","origin":[4.277311,12.0,11.714286]},"faces":{"east":{"uv":[1.9375,11.5625,1.1875,12.0],"rotation":0,"texture":"#0","tintindex":0},"south":{"uv":[12.375,5.9375,11.875,6.375],"rotation":0,"texture":"#0","tintindex":0},"north":{"uv":[10.375,11.75,9.875,12.1875],"rotation":0,"texture":"#0","tintindex":0},"west":{"uv":[1.1875,11.5625,0.4375,12.0],"rotation":0,"texture":"#0","tintindex":0},"up":{"uv":[11.1875,4.5625,11.6875,3.8125],"rotation":0,"texture":"#0","tintindex":0},"down":{"uv":[4.875,11.3125,5.375,12.0625],"rotation":0,"texture":"#0","tintindex":0}}}],"display":{"head":{"translation":[0.0,-6.4,0.0],"scale":[4.0,4.0,4.0]}}}