{"textures":{"0":"modelengine:entity/toro_rabbit"},"elements":[{"from":[5.521428,8.3,-2.6257143],"to":[9.607143,11.757143,8.751429],"rotation":{"angle":-22.5,"axis":"x","origin":[8.978572,14.742857,11.674286]},"faces":{"east":{"uv":[10.875,3.4375,12.125,3.8125],"rotation":0,"texture":"#0","tintindex":0},"south":{"uv":[4.5625,12.0625,5.0,12.4375],"rotation":0,"texture":"#0","tintindex":0},"north":{"uv":[4.125,12.0625,4.5625,12.4375],"rotation":0,"texture":"#0","tintindex":0},"west":{"uv":[10.875,4.5625,12.125,4.9375],"rotation":0,"texture":"#0","tintindex":0},"up":{"uv":[10.375,11.75,9.9375,10.5],"rotation":0,"texture":"#0","tintindex":0},"down":{"uv":[10.8125,10.5,10.375,11.75],"rotation":0,"texture":"#0","tintindex":0}}},{"from":[5.678571,3.4285712,-2.782858],"to":[9.292857,6.885714,4.98],"rotation":{"angle":0.0,"axis":"y","origin":[8.978572,14.742857,11.674286]},"faces":{"east":{"uv":[11.5,9.5625,12.375,9.9375],"rotation":0,"texture":"#0","tintindex":0},"south":{"uv":[5.0,12.0625,5.375,12.4375],"rotation":0,"texture":"#0","tintindex":0},"north":{"uv":[12.0625,4.9375,12.4375,5.3125],"rotation":0,"texture":"#0","tintindex":0},"west":{"uv":[11.5,9.9375,12.375,10.3125],"rotation":0,"texture":"#0","tintindex":0},"up":{"uv":[8.5,12.375,8.125,11.5],"rotation":0,"texture":"#0","tintindex":0},"down":{"uv":[8.875,11.5,8.5,12.375],"rotation":0,"texture":"#0","tintindex":0}}}],"display":{"head":{"translation":[0.0,-6.4,0.0],"scale":[4.0,4.0,4.0]}}}