{"textures":{"0":"modelengine:entity/toro_rabbit"},"elements":[{"from":[5.85,-0.8571434,3.9142857],"to":[10.092857,9.828571,9.477143],"rotation":{"angle":22.5,"axis":"x","origin":[8.521429,7.3142858,6.428571]},"faces":{"east":{"uv":[9.1875,7.5625,9.8125,8.75],"rotation":0,"texture":"#0","tintindex":0},"south":{"uv":[10.75,8.375,11.1875,9.5625],"rotation":0,"texture":"#0","tintindex":0},"north":{"uv":[10.75,7.1875,11.1875,8.375],"rotation":0,"texture":"#0","tintindex":0},"west":{"uv":[0.625,9.25,1.25,10.4375],"rotation":0,"texture":"#0","tintindex":0},"up":{"uv":[12.0625,9.3125,11.625,8.6875],"rotation":0,"texture":"#0","tintindex":0},"down":{"uv":[12.125,3.8125,11.6875,4.4375],"rotation":0,"texture":"#0","tintindex":0}}},{"from":[5.535714,0.7142854,5.485714],"to":[10.8785715,11.4,10.105715],"rotation":{"angle":22.5,"axis":"x","origin":[8.521429,7.3142858,6.428571]},"faces":{"east":{"uv":[8.9375,10.375,9.4375,11.5625],"rotation":0,"texture":"#0","tintindex":0},"south":{"uv":[9.25,5.0,9.8125,6.1875],"rotation":0,"texture":"#0","tintindex":0},"north":{"uv":[2.375,9.25,2.9375,10.4375],"rotation":0,"texture":"#0","tintindex":0},"west":{"uv":[9.4375,10.375,9.9375,11.5625],"rotation":0,"texture":"#0","tintindex":0},"up":{"uv":[4.0,12.0625,3.4375,11.5625],"rotation":0,"texture":"#0","tintindex":0},"down":{"uv":[12.1875,0.0,11.625,0.5],"rotation":0,"texture":"#0","tintindex":0}}}],"display":{"head":{"translation":[0.0,-6.4,0.0],"scale":[4.0,4.0,4.0]}}}