{"textures":{"0":"modelengine:entity/toro_rabbit"},"elements":[{"from":[1.4852943,1.75,8.25],"to":[9.485294,8.75,26.25],"faces":{"east":{"uv":[12.0,1.375,10.875,1.8125],"tintindex":0,"rotation":0,"texture":"#0"},"south":{"uv":[3.25,11.75,2.75,12.1875],"tintindex":0,"rotation":0,"texture":"#0"},"north":{"uv":[2.625,6.5625,2.125,7.0],"tintindex":0,"rotation":0,"texture":"#0"},"west":{"uv":[11.9375,10.5,10.8125,10.9375],"tintindex":0,"rotation":0,"texture":"#0"},"up":{"uv":[0.5625,11.5625,1.0625,10.4375],"tintindex":0,"rotation":0,"texture":"#0"},"down":{"uv":[1.0625,10.4375,1.5625,11.5625],"tintindex":0,"rotation":0,"texture":"#0"}},"rotation":{"origin":[1.4852943,15.0,14.5],"angle":22.5,"axis":"x"}},{"from":[3.4852943,5.75,11.75],"to":[11.485294,12.75,24.0],"faces":{"east":{"uv":[1.9375,11.5625,1.1875,12.0],"tintindex":0,"rotation":0,"texture":"#0"},"south":{"uv":[12.375,5.9375,11.875,6.375],"tintindex":0,"rotation":0,"texture":"#0"},"north":{"uv":[10.375,11.75,9.875,12.1875],"tintindex":0,"rotation":0,"texture":"#0"},"west":{"uv":[1.1875,11.5625,0.4375,12.0],"tintindex":0,"rotation":0,"texture":"#0"},"up":{"uv":[11.1875,4.5625,11.6875,3.8125],"tintindex":0,"rotation":0,"texture":"#0"},"down":{"uv":[4.875,11.3125,5.375,12.0625],"tintindex":0,"rotation":0,"texture":"#0"}},"rotation":{"origin":[1.4852943,15.0,14.5],"angle":45.0,"axis":"x"}}]}