{"textures":{"3":"modelengine:entity/ovni_extras"},"elements":[{"from":[4.852092,5.714286,4.897498],"to":[11.137807,6.857143,6.040355],"rotation":{"angle":0.0,"axis":"y","origin":[10.566378,11.428572,9.183212]},"faces":{"east":{"uv":[5.0,7.0,5.25,7.25],"rotation":0,"texture":"#3","tintindex":0},"south":{"uv":[6.625,0.25,8.0,0.5],"rotation":0,"texture":"#3","tintindex":0},"north":{"uv":[0.0,6.5,1.375,6.75],"rotation":0,"texture":"#3","tintindex":0},"west":{"uv":[5.25,7.0,5.5,7.25],"rotation":0,"texture":"#3","tintindex":0},"up":{"uv":[8.0,0.75,6.625,0.5],"rotation":0,"texture":"#3","tintindex":0},"down":{"uv":[8.0,0.75,6.625,1.0],"rotation":0,"texture":"#3","tintindex":0}}},{"from":[4.852092,5.714286,10.040356],"to":[11.137807,6.857143,11.183212],"rotation":{"angle":0.0,"axis":"y","origin":[10.566378,11.428572,8.040355]},"faces":{"east":{"uv":[6.875,7.0,7.125,7.25],"rotation":0,"texture":"#3","tintindex":0},"south":{"uv":[2.625,6.625,4.0,6.875],"rotation":0,"texture":"#3","tintindex":0},"north":{"uv":[6.625,1.0,8.0,1.25],"rotation":0,"texture":"#3","tintindex":0},"west":{"uv":[2.375,7.125,2.625,7.375],"rotation":0,"texture":"#3","tintindex":0},"up":{"uv":[1.375,7.0,0.0,6.75],"rotation":0,"texture":"#3","tintindex":0},"down":{"uv":[5.375,6.75,4.0,7.0],"rotation":0,"texture":"#3","tintindex":0}}},{"from":[4.852092,5.714286,6.040355],"to":[5.9949493,6.857143,10.040356],"rotation":{"angle":0.0,"axis":"y","origin":[10.566378,11.428572,8.040355]},"faces":{"east":{"uv":[4.375,6.375,5.25,6.625],"rotation":0,"texture":"#3","tintindex":0},"south":{"uv":[2.875,7.125,3.125,7.375],"rotation":0,"texture":"#3","tintindex":0},"north":{"uv":[2.625,7.125,2.875,7.375],"rotation":0,"texture":"#3","tintindex":0},"west":{"uv":[0.0,7.0,0.875,7.25],"rotation":0,"texture":"#3","tintindex":0},"up":{"uv":[3.875,7.75,3.625,6.875],"rotation":0,"texture":"#3","tintindex":0},"down":{"uv":[1.125,7.0,0.875,7.875],"rotation":0,"texture":"#3","tintindex":0}}},{"from":[9.994949,5.714286,6.040355],"to":[11.137807,6.857143,10.040356],"rotation":{"angle":0.0,"axis":"y","origin":[10.566378,11.428572,8.040355]},"faces":{"east":{"uv":[3.875,7.0,4.75,7.25],"rotation":0,"texture":"#3","tintindex":0},"south":{"uv":[3.375,7.125,3.625,7.375],"rotation":0,"texture":"#3","tintindex":0},"north":{"uv":[3.125,7.125,3.375,7.375],"rotation":0,"texture":"#3","tintindex":0},"west":{"uv":[6.0,7.0,6.875,7.25],"rotation":0,"texture":"#3","tintindex":0},"up":{"uv":[1.375,7.875,1.125,7.0],"rotation":0,"texture":"#3","tintindex":0},"down":{"uv":[5.0,7.0,4.75,7.875],"rotation":0,"texture":"#3","tintindex":0}}}],"display":{"head":{"translation":[0.0,-6.4,0.0],"scale":[4.0,4.0,4.0]}}}