{"textures":{"0":"modelengine:entity/christmas_pack"},"elements":[{"from":[5.6,6.485714,4.7571425],"to":[11.314286,11.057143,10.471429],"rotation":{"angle":0.0,"axis":"y","origin":[8.457143,-0.22857189,5.3285713]},"faces":{"east":{"uv":[9.4375,2.8125,10.0625,3.3125],"rotation":0,"texture":"#0","tintindex":0},"south":{"uv":[9.4375,2.8125,10.0625,3.3125],"rotation":0,"texture":"#0","tintindex":0},"north":{"uv":[9.4375,2.8125,10.0625,3.3125],"rotation":0,"texture":"#0","tintindex":0},"west":{"uv":[9.4375,2.8125,10.0625,3.3125],"rotation":0,"texture":"#0","tintindex":0},"up":{"uv":[10.125,2.75,10.75,3.375],"rotation":0,"texture":"#0","tintindex":0}}},{"from":[3.885714,6.485714,3.0428567],"to":[13.028572,6.485714,12.185715],"rotation":{"angle":0.0,"axis":"y","origin":[8.457143,-0.22857189,5.3285713]},"faces":{"east":{"uv":[0.0,0.0,0.9375,0.0],"rotation":0,"texture":"#missing","tintindex":0},"south":{"uv":[0.0,0.0,0.875,0.0],"rotation":0,"texture":"#missing","tintindex":0},"north":{"uv":[0.0,0.0,0.875,0.0],"rotation":0,"texture":"#missing","tintindex":0},"west":{"uv":[0.0,0.0,0.9375,0.0],"rotation":0,"texture":"#missing","tintindex":0},"up":{"uv":[10.8125,2.4375,11.8125,3.4375],"rotation":0,"texture":"#0","tintindex":0},"down":{"uv":[10.8125,3.4375,11.8125,2.4375],"rotation":0,"texture":"#0","tintindex":0}}},{"from":[5.542857,7.0571427,4.7],"to":[11.3714285,8.2,10.528572],"rotation":{"angle":0.0,"axis":"y","origin":[8.457143,-0.22857189,5.3285713]},"faces":{"east":{"uv":[5.4375,3.125,6.0625,3.25],"rotation":0,"texture":"#0","tintindex":0},"south":{"uv":[5.4375,3.125,6.0625,3.25],"rotation":0,"texture":"#0","tintindex":0},"north":{"uv":[5.4375,3.125,6.0625,3.25],"rotation":0,"texture":"#0","tintindex":0},"west":{"uv":[5.4375,3.125,6.0625,3.25],"rotation":0,"texture":"#0","tintindex":0}}},{"from":[9.142858,7.1142855,4.642857],"to":[11.428572,11.114285,7.5],"rotation":{"angle":0.0,"axis":"y","origin":[11.257143,-0.6000004,5.1]},"faces":{"east":{"uv":[6.125,5.625,5.8125,6.0625],"rotation":0,"texture":"#0","tintindex":0},"north":{"uv":[6.0625,5.1875,5.8125,5.625],"rotation":0,"texture":"#0","tintindex":0},"up":{"uv":[6.375,5.625,6.125,5.9375],"rotation":0,"texture":"#0","tintindex":0}}}],"display":{"head":{"translation":[0.0,-6.4,0.0],"scale":[4.0,4.0,4.0]}}}