{"textures":{"0":"modelengine:entity/mount_bunny_grey"},"elements":[{"from":[4.3017898,5.69863,-1.5886173],"to":[15.30179,16.698631,9.411382],"faces":{"east":{"uv":[1.5,4.125,2.875,5.5],"tintindex":0,"rotation":0,"texture":"#0"},"south":{"uv":[3.0,4.125,4.375,5.5],"tintindex":0,"rotation":0,"texture":"#0"},"north":{"uv":[0.0,4.125,1.375,5.5],"tintindex":0,"rotation":0,"texture":"#0"},"west":{"uv":[4.5,3.0,5.875,4.375],"tintindex":0,"rotation":0,"texture":"#0"},"up":{"uv":[5.875,5.875,4.5,4.5],"tintindex":0,"rotation":0,"texture":"#0"},"down":{"uv":[6.625,0.0,5.25,1.375],"tintindex":0,"rotation":0,"texture":"#0"}}},{"from":[5.3017898,2.6736298,-3.5636177],"to":[14.30179,5.67363,-3.5636177],"faces":{"south":{"uv":[10.25,3.125,9.125,3.5],"tintindex":0,"rotation":0,"texture":"#0"},"north":{"uv":[9.125,3.125,10.25,3.5],"tintindex":0,"rotation":0,"texture":"#0"}}},{"from":[4.3017898,16.508327,-0.6319103],"to":[15.30179,21.508327,-0.6319103],"faces":{"south":{"uv":[9.25,0.0,7.875,0.625],"tintindex":0,"rotation":0,"texture":"#0"},"north":{"uv":[7.875,0.0,9.25,0.625],"tintindex":0,"rotation":0,"texture":"#0"}},"rotation":{"origin":[9.80179,19.008327,-0.6319103],"angle":22.5,"axis":"x"}},{"from":[3.3017898,5.6736298,-3.5636177],"to":[16.30179,11.67363,1.4363818],"faces":{"east":{"uv":[3.0,9.0,3.625,9.75],"tintindex":0,"rotation":0,"texture":"#0"},"south":{"uv":[2.625,7.125,4.25,7.875],"tintindex":0,"rotation":0,"texture":"#0"},"north":{"uv":[7.0,5.875,8.625,6.625],"tintindex":0,"rotation":0,"texture":"#0"},"west":{"uv":[9.0,7.75,9.625,8.5],"tintindex":0,"rotation":0,"texture":"#0"},"up":{"uv":[9.25,4.625,7.625,4.0],"tintindex":0,"rotation":0,"texture":"#0"},"down":{"uv":[6.0,7.625,4.375,8.25],"tintindex":0,"rotation":0,"texture":"#0"}}}]}