{"textures":{"0":"modelengine:entity/mount_bunny_grey"},"elements":[{"from":[5.808333,2.129722,3.6019607],"to":[10.808332,9.129723,9.601961],"faces":{"east":{"uv":[3.5,8.0,4.25,8.875],"tintindex":0,"rotation":0,"texture":"#0"},"south":{"uv":[8.625,6.75,9.25,7.625],"tintindex":0,"rotation":0,"texture":"#0"},"north":{"uv":[8.625,6.75,9.25,7.625],"tintindex":0,"rotation":0,"texture":"#0"},"west":{"uv":[3.5,8.0,4.25,8.875],"tintindex":0,"rotation":0,"texture":"#0"},"up":{"uv":[5.875,6.75,5.25,6.0],"tintindex":0,"rotation":0,"texture":"#0"},"down":{"uv":[5.875,6.75,5.25,6.0],"tintindex":0,"rotation":0,"texture":"#0"}},"rotation":{"origin":[8.308332,5.629722,6.6019607],"angle":45.0,"axis":"x"}},{"from":[5.858333,7.225916,8.198154],"to":[5.858333,13.225916,14.198154],"faces":{"east":{"uv":[6.875,8.625,6.125,9.375],"tintindex":0,"rotation":0,"texture":"#0"},"west":{"uv":[6.125,8.625,6.875,9.375],"tintindex":0,"rotation":0,"texture":"#0"}},"rotation":{"origin":[5.858333,10.225916,11.198154],"angle":45.0,"axis":"x"}}]}