{"textures":{"0":"modelengine:entity/mount_bunny_grey"},"elements":[{"from":[2.212988,7.1929092,7.7625],"to":[9.212988,20.19291,7.7625],"faces":{"south":{"uv":[6.875,5.125,6.0,6.75],"tintindex":0,"rotation":0,"texture":"#0"},"north":{"uv":[6.0,5.125,6.875,6.75],"tintindex":0,"rotation":0,"texture":"#0"}},"rotation":{"origin":[5.7129874,13.692909,7.7625],"angle":22.5,"axis":"z"}},{"from":[3.7870126,7.30709,7.7375],"to":[8.787012,17.307089,8.7375],"faces":{"east":{"uv":[8.125,9.25,8.25,10.5],"tintindex":0,"rotation":0,"texture":"#0"},"south":{"uv":[8.0,0.75,8.625,2.0],"tintindex":0,"rotation":0,"texture":"#0"},"north":{"uv":[7.625,7.875,8.25,9.125],"tintindex":0,"rotation":0,"texture":"#0"},"west":{"uv":[1.875,9.375,2.0,10.625],"tintindex":0,"rotation":0,"texture":"#0"},"up":{"uv":[6.75,7.75,6.125,7.625],"tintindex":0,"rotation":0,"texture":"#0"},"down":{"uv":[10.5,5.25,9.875,5.375],"tintindex":0,"rotation":0,"texture":"#0"}},"rotation":{"origin":[6.2870126,12.307089,8.2375],"angle":22.5,"axis":"z"}}]}