{"textures":{"0":"modelengine:entity/goldfish"},"elements":[{"from":[8.0,8.535318,7.5203495],"to":[8.0,9.96389,8.5203495],"rotation":{"angle":0.0,"axis":"y","origin":[8.0,8.135587,7.336879]},"faces":{"east":{"uv":[3.032,7.032,4.968,9.968],"rotation":0,"texture":"#0","tintindex":0},"south":{"uv":[11.032,7.032,11.032,9.968],"rotation":0,"texture":"#0","tintindex":0},"north":{"uv":[7.032,11.032,7.032,13.968],"rotation":0,"texture":"#0","tintindex":0},"west":{"uv":[4.968,7.032,3.032,9.968],"rotation":0,"texture":"#0","tintindex":0},"up":{"uv":[8.032,12.968,8.032,11.032],"rotation":0,"texture":"#0","tintindex":0},"down":{"uv":[9.032,11.032,9.032,12.968],"rotation":0,"texture":"#0","tintindex":0}}},{"from":[7.714286,7.54452,7.342685],"to":[8.285714,8.544519,8.885543],"rotation":{"angle":0.0,"axis":"y","origin":[8.0,8.135587,7.336879]},"faces":{"east":{"uv":[0.032,4.032,2.968,5.968],"rotation":0,"texture":"#0","tintindex":0},"south":{"uv":[0.032,11.032,0.968,12.968],"rotation":0,"texture":"#0","tintindex":0},"north":{"uv":[9.032,8.032,9.968,9.968],"rotation":0,"texture":"#0","tintindex":0},"west":{"uv":[4.032,4.032,6.968,5.968],"rotation":0,"texture":"#0","tintindex":0},"up":{"uv":[9.968,2.968,9.032,0.032],"rotation":0,"texture":"#0","tintindex":0},"down":{"uv":[9.968,4.032,9.032,6.968],"rotation":0,"texture":"#0","tintindex":0}}}],"display":{"head":{"translation":[0.0,-6.4,0.0],"scale":[4.0,4.0,4.0]}}}