{"textures":{"0":"modelengine:entity/em_ssanta_present_red"},"elements":[{"from":[5.714286,5.6897955,5.714286],"to":[10.285714,9.689796,10.285714],"rotation":{"angle":0.0,"axis":"y","origin":[8.0,5.6897955,8.0]},"faces":{"east":{"uv":[2.254,4.504,4.246,6.246],"rotation":0,"texture":"#0","tintindex":0},"south":{"uv":[4.504,4.004,6.496,5.746],"rotation":0,"texture":"#0","tintindex":0},"north":{"uv":[4.504,2.004,6.496,3.746],"rotation":0,"texture":"#0","tintindex":0},"west":{"uv":[4.504,6.004,6.496,7.746],"rotation":0,"texture":"#0","tintindex":0},"up":{"uv":[1.996,1.996,0.004,0.004],"rotation":0,"texture":"#0","tintindex":0},"down":{"uv":[1.996,2.254,0.004,4.246],"rotation":0,"texture":"#0","tintindex":0}}},{"from":[5.6571426,5.632653,7.3714285],"to":[10.342857,9.746939,8.6285715],"rotation":{"angle":0.0,"axis":"y","origin":[8.0,5.6897955,8.0]},"faces":{"east":{"uv":[9.004,6.004,9.496,7.746],"rotation":0,"texture":"#0","tintindex":0},"south":{"uv":[2.254,6.504,4.246,8.246],"rotation":0,"texture":"#0","tintindex":0},"north":{"uv":[0.004,6.504,1.996,8.246],"rotation":0,"texture":"#0","tintindex":0},"west":{"uv":[0.004,9.254,0.496,10.996],"rotation":0,"texture":"#0","tintindex":0},"up":{"uv":[8.746,7.496,6.754,7.004],"rotation":0,"texture":"#0","tintindex":0},"down":{"uv":[8.746,7.754,6.754,8.246],"rotation":0,"texture":"#0","tintindex":0}}},{"from":[7.36,5.6212244,5.6457143],"to":[8.64,9.758368,10.354286],"rotation":{"angle":0.0,"axis":"y","origin":[8.0,5.6897955,8.0]},"faces":{"east":{"uv":[6.754,0.004,8.746,1.746],"rotation":0,"texture":"#0","tintindex":0},"south":{"uv":[1.504,9.254,1.996,10.996],"rotation":0,"texture":"#0","tintindex":0},"north":{"uv":[0.754,9.254,1.246,10.996],"rotation":0,"texture":"#0","tintindex":0},"west":{"uv":[6.754,2.004,8.746,3.746],"rotation":0,"texture":"#0","tintindex":0},"up":{"uv":[4.996,9.996,4.504,8.004],"rotation":0,"texture":"#0","tintindex":0},"down":{"uv":[5.746,8.004,5.254,9.996],"rotation":0,"texture":"#0","tintindex":0}}},{"from":[5.714286,10.261225,8.0],"to":[10.285714,14.261225,8.0],"rotation":{"angle":0.0,"axis":"y","origin":[8.0,5.6897955,8.0]},"faces":{"east":{"uv":[6.754,9.254,6.754,10.996],"rotation":0,"texture":"#0","tintindex":0},"south":{"uv":[4.504,0.004,6.496,1.746],"rotation":0,"texture":"#0","tintindex":0},"north":{"uv":[0.004,4.504,1.996,6.246],"rotation":0,"texture":"#0","tintindex":0},"west":{"uv":[7.004,9.254,7.004,10.996],"rotation":0,"texture":"#0","tintindex":0},"up":{"uv":[10.996,8.004,9.004,8.004],"rotation":0,"texture":"#0","tintindex":0},"down":{"uv":[10.996,8.254,9.004,8.254],"rotation":0,"texture":"#0","tintindex":0}}},{"from":[5.6,9.004082,5.6],"to":[10.4,10.37551,10.4],"rotation":{"angle":0.0,"axis":"y","origin":[8.0,5.6897955,8.0]},"faces":{"east":{"uv":[6.754,4.754,8.746,5.246],"rotation":0,"texture":"#0","tintindex":0},"south":{"uv":[6.754,5.504,8.746,5.996],"rotation":0,"texture":"#0","tintindex":0},"north":{"uv":[6.754,4.004,8.746,4.496],"rotation":0,"texture":"#0","tintindex":0},"west":{"uv":[6.754,6.254,8.746,6.746],"rotation":0,"texture":"#0","tintindex":0},"up":{"uv":[4.246,1.996,2.254,0.004],"rotation":0,"texture":"#0","tintindex":0},"down":{"uv":[4.246,2.254,2.254,4.246],"rotation":0,"texture":"#0","tintindex":0}}},{"from":[5.5771427,8.981224,7.2914286],"to":[10.422857,10.398367,8.708571],"rotation":{"angle":0.0,"axis":"y","origin":[8.0,5.6897955,8.0]},"faces":{"east":{"uv":[2.254,9.254,2.746,9.746],"rotation":0,"texture":"#0","tintindex":0},"south":{"uv":[2.254,8.504,4.246,8.996],"rotation":0,"texture":"#0","tintindex":0},"north":{"uv":[0.004,8.504,1.996,8.996],"rotation":0,"texture":"#0","tintindex":0},"west":{"uv":[3.004,9.254,3.496,9.746],"rotation":0,"texture":"#0","tintindex":0},"up":{"uv":[7.996,8.996,6.004,8.504],"rotation":0,"texture":"#0","tintindex":0},"down":{"uv":[10.246,8.504,8.254,8.996],"rotation":0,"texture":"#0","tintindex":0}}},{"from":[7.2685714,8.958367,5.5542855],"to":[8.731428,10.421225,10.445715],"rotation":{"angle":0.0,"axis":"y","origin":[8.0,5.6897955,8.0]},"faces":{"east":{"uv":[9.004,0.004,10.996,0.496],"rotation":0,"texture":"#0","tintindex":0},"south":{"uv":[6.004,9.254,6.496,9.746],"rotation":0,"texture":"#0","tintindex":0},"north":{"uv":[3.754,9.254,4.246,9.746],"rotation":0,"texture":"#0","tintindex":0},"west":{"uv":[9.004,0.754,10.996,1.246],"rotation":0,"texture":"#0","tintindex":0},"up":{"uv":[9.496,3.496,9.004,1.504],"rotation":0,"texture":"#0","tintindex":0},"down":{"uv":[9.496,3.754,9.004,5.746],"rotation":0,"texture":"#0","tintindex":0}}}],"display":{"head":{"translation":[0.0,-6.4,0.0],"scale":[4.0,4.0,4.0]}}}