{"textures":{"0":"modelengine:entity/bs_yeti_texture"},"elements":[{"from":[1.9999995,4.5714283,0.0],"to":[14.0,14.857143,10.285714],"rotation":{"angle":0.0,"axis":"y","origin":[3.142857,-28.57143,2.8571424]},"faces":{"east":{"uv":[2.5,9.9375,3.625,11.0625],"rotation":0,"texture":"#0","tintindex":0},"south":{"uv":[9.6875,4.75,11.0,5.875],"rotation":0,"texture":"#0","tintindex":0},"north":{"uv":[9.5625,0.0,10.875,1.125],"rotation":0,"texture":"#0","tintindex":0},"west":{"uv":[0.0,10.0,1.125,11.125],"rotation":0,"texture":"#0","tintindex":0},"up":{"uv":[10.75,11.0,9.4375,9.875],"rotation":0,"texture":"#0","tintindex":0},"down":{"uv":[2.5,9.9375,1.1875,11.0625],"rotation":0,"texture":"#0","tintindex":0}}},{"from":[14.8423815,5.142857,-0.013954163],"to":[14.8423815,14.857143,3.9860458],"rotation":{"angle":45.0,"axis":"y","origin":[15.41381,9.714286,1.4146175]},"faces":{"east":{"uv":[1.3125,7.5,1.75,8.5625],"rotation":0,"texture":"#0","tintindex":0},"south":{"uv":[0.0,0.0,0.0,1.0625],"rotation":0,"texture":"#0","tintindex":0},"north":{"uv":[0.0,0.0,0.0,1.0625],"rotation":0,"texture":"#0","tintindex":0},"west":{"uv":[1.75,7.5,1.3125,8.5625],"rotation":0,"texture":"#0","tintindex":0},"up":{"uv":[0.0,0.4375,0.0,0.0],"rotation":0,"texture":"#0","tintindex":0},"down":{"uv":[0.0,0.0,0.0,0.4375],"rotation":0,"texture":"#0","tintindex":0}}},{"from":[1.1576185,5.142857,-0.013954163],"to":[1.1576185,14.857143,3.9860458],"rotation":{"angle":-45.0,"axis":"y","origin":[0.5861902,9.714286,1.4146175]},"faces":{"east":{"uv":[2.125,13.3125,1.6875,14.375],"rotation":0,"texture":"#0","tintindex":0},"south":{"uv":[0.0,0.0,0.0,1.0625],"rotation":0,"texture":"#0","tintindex":0},"north":{"uv":[0.0,0.0,0.0,1.0625],"rotation":0,"texture":"#0","tintindex":0},"west":{"uv":[1.6875,13.3125,2.125,14.375],"rotation":0,"texture":"#0","tintindex":0},"up":{"uv":[0.0,0.4375,0.0,0.0],"rotation":0,"texture":"#0","tintindex":0},"down":{"uv":[0.0,0.0,0.0,0.4375],"rotation":0,"texture":"#0","tintindex":0}}},{"from":[6.285714,5.2986817,-1.3391905],"to":[9.714286,9.8701105,2.0893807],"rotation":{"angle":0.0,"axis":"y","origin":[8.0,9.012968,0.3750949]},"faces":{"east":{"uv":[1.6875,12.75,2.0625,13.25],"rotation":0,"texture":"#0","tintindex":0},"south":{"uv":[9.125,12.9375,9.5,13.4375],"rotation":0,"texture":"#0","tintindex":0},"north":{"uv":[9.5,12.125,9.875,12.625],"rotation":0,"texture":"#0","tintindex":0},"west":{"uv":[4.25,13.625,4.625,14.125],"rotation":0,"texture":"#0","tintindex":0},"up":{"uv":[1.3125,14.3125,0.9375,13.9375],"rotation":0,"texture":"#0","tintindex":0},"down":{"uv":[1.6875,13.9375,1.3125,14.3125],"rotation":0,"texture":"#0","tintindex":0}}},{"from":[2.5714283,9.088795,-1.3736372],"to":[13.428572,13.945938,2.6263633],"rotation":{"angle":22.5,"axis":"x","origin":[8.285714,10.660224,0.426363]},"faces":{"east":{"uv":[9.6875,5.875,10.125,6.4375],"rotation":0,"texture":"#0","tintindex":0},"south":{"uv":[5.3125,12.1875,6.5,12.75],"rotation":0,"texture":"#0","tintindex":0},"north":{"uv":[0.875,12.1875,2.0625,12.75],"rotation":0,"texture":"#0","tintindex":0},"west":{"uv":[7.25,12.1875,7.6875,12.75],"rotation":0,"texture":"#0","tintindex":0},"up":{"uv":[14.0625,1.625,12.875,1.1875],"rotation":0,"texture":"#0","tintindex":0},"down":{"uv":[14.0625,1.625,12.875,2.0625],"rotation":0,"texture":"#0","tintindex":0}}},{"from":[-5.714287,11.428572,1.1428566],"to":[5.142857,15.428572,4.0],"rotation":{"angle":22.5,"axis":"z","origin":[0.5714283,14.857143,2.5714283]},"faces":{"east":{"uv":[2.125,13.9375,2.4375,14.375],"rotation":0,"texture":"#0","tintindex":0},"south":{"uv":[7.25,12.875,8.4375,13.3125],"rotation":0,"texture":"#0","tintindex":0},"north":{"uv":[12.875,2.0625,14.0625,2.5],"rotation":0,"texture":"#0","tintindex":0},"west":{"uv":[2.4375,13.9375,2.75,14.375],"rotation":0,"texture":"#0","tintindex":0},"up":{"uv":[14.5625,8.3125,13.375,8.0],"rotation":0,"texture":"#0","tintindex":0},"down":{"uv":[14.6875,12.1875,13.5,12.5],"rotation":0,"texture":"#0","tintindex":0}}},{"from":[18.285715,15.428572,1.1428566],"to":[21.714287,20.0,4.0],"rotation":{"angle":-22.5,"axis":"z","origin":[15.428572,14.857143,2.5714283]},"faces":{"east":{"uv":[13.6875,13.875,14.0,14.375],"rotation":0,"texture":"#0","tintindex":0},"south":{"uv":[8.4375,13.6875,8.8125,14.1875],"rotation":0,"texture":"#0","tintindex":0},"north":{"uv":[13.6875,5.0,14.0625,5.5],"rotation":0,"texture":"#0","tintindex":0},"west":{"uv":[0.625,13.9375,0.9375,14.4375],"rotation":0,"texture":"#0","tintindex":0},"up":{"uv":[6.5,13.0625,6.125,12.75],"rotation":0,"texture":"#0","tintindex":0},"down":{"uv":[14.0625,5.5,13.6875,5.8125],"rotation":0,"texture":"#0","tintindex":0}}},{"from":[10.857143,11.428572,1.1428566],"to":[21.714287,15.428572,4.0],"rotation":{"angle":-22.5,"axis":"z","origin":[15.428572,14.857143,2.5714283]},"faces":{"east":{"uv":[2.75,13.9375,3.0625,14.375],"rotation":0,"texture":"#0","tintindex":0},"south":{"uv":[12.875,9.125,14.0625,9.5625],"rotation":0,"texture":"#0","tintindex":0},"north":{"uv":[12.875,8.6875,14.0625,9.125],"rotation":0,"texture":"#0","tintindex":0},"west":{"uv":[3.0625,13.9375,3.375,14.375],"rotation":0,"texture":"#0","tintindex":0},"up":{"uv":[14.75,9.875,13.5625,9.5625],"rotation":0,"texture":"#0","tintindex":0},"down":{"uv":[14.75,9.875,13.5625,10.1875],"rotation":0,"texture":"#0","tintindex":0}}},{"from":[-5.714287,15.428572,1.1428566],"to":[-2.285715,20.0,4.0],"rotation":{"angle":22.5,"axis":"z","origin":[0.5714283,14.857143,2.5714283]},"faces":{"east":{"uv":[12.1875,13.875,12.5,14.375],"rotation":0,"texture":"#0","tintindex":0},"south":{"uv":[0.0,13.6875,0.375,14.1875],"rotation":0,"texture":"#0","tintindex":0},"north":{"uv":[4.625,13.625,5.0,14.125],"rotation":0,"texture":"#0","tintindex":0},"west":{"uv":[13.375,13.875,13.6875,14.375],"rotation":0,"texture":"#0","tintindex":0},"up":{"uv":[6.25,8.6875,5.875,8.375],"rotation":0,"texture":"#0","tintindex":0},"down":{"uv":[9.25,10.6875,8.875,11.0],"rotation":0,"texture":"#0","tintindex":0}}},{"from":[2.5714283,2.8571424,0.9428568],"to":[3.7142854,5.142857,2.0857139],"rotation":{"angle":-22.5,"axis":"x","origin":[3.142857,3.7142854,1.1428566]},"faces":{"east":{"uv":[9.25,2.25,9.375,2.5],"rotation":0,"texture":"#0","tintindex":0},"south":{"uv":[1.1875,9.5,1.3125,9.75],"rotation":0,"texture":"#0","tintindex":0},"north":{"uv":[9.125,2.25,9.25,2.5],"rotation":0,"texture":"#0","tintindex":0},"west":{"uv":[9.5625,4.75,9.6875,5.0],"rotation":0,"texture":"#0","tintindex":0},"up":{"uv":[8.0625,6.375,7.9375,6.25],"rotation":0,"texture":"#0","tintindex":0},"down":{"uv":[8.1875,6.25,8.0625,6.375],"rotation":0,"texture":"#0","tintindex":0}}},{"from":[3.7142854,4.0,0.9428568],"to":[4.8571424,5.714286,2.0857139],"rotation":{"angle":-22.5,"axis":"x","origin":[3.142857,3.7142854,1.1428566]},"faces":{"east":{"uv":[4.75,6.1875,4.875,6.375],"rotation":0,"texture":"#0","tintindex":0},"south":{"uv":[4.875,6.1875,5.0,6.375],"rotation":0,"texture":"#0","tintindex":0},"north":{"uv":[4.625,6.1875,4.75,6.375],"rotation":0,"texture":"#0","tintindex":0},"west":{"uv":[5.0,6.1875,5.125,6.375],"rotation":0,"texture":"#0","tintindex":0},"up":{"uv":[4.0625,8.75,3.9375,8.625],"rotation":0,"texture":"#0","tintindex":0},"down":{"uv":[4.1875,8.625,4.0625,8.75],"rotation":0,"texture":"#0","tintindex":0}}},{"from":[12.285715,2.8571424,0.9428568],"to":[13.428572,5.142857,2.0857139],"rotation":{"angle":-22.5,"axis":"x","origin":[12.857143,3.7142854,1.1428566]},"faces":{"east":{"uv":[4.75,10.0625,4.875,10.3125],"rotation":0,"texture":"#0","tintindex":0},"south":{"uv":[10.125,2.0,10.25,2.25],"rotation":0,"texture":"#0","tintindex":0},"north":{"uv":[10.0,2.0,10.125,2.25],"rotation":0,"texture":"#0","tintindex":0},"west":{"uv":[10.125,6.8125,10.25,7.0625],"rotation":0,"texture":"#0","tintindex":0},"up":{"uv":[4.5625,8.75,4.4375,8.625],"rotation":0,"texture":"#0","tintindex":0},"down":{"uv":[9.1875,8.625,9.0625,8.75],"rotation":0,"texture":"#0","tintindex":0}}},{"from":[11.142858,4.0,0.9428568],