{"textures":{"0":"modelengine:entity/bs_yeti_texture"},"elements":[{"from":[13.142858,-1.7142859,-4.285715],"to":[14.285715,1.7142854,-3.1428576],"rotation":{"angle":-45.0,"axis":"x","origin":[11.428572,8.0,-8.285715]},"faces":{"east":{"uv":[1.75,7.875,1.875,8.25],"rotation":0,"texture":"#0","tintindex":0},"south":{"uv":[1.75,8.25,1.875,8.625],"rotation":0,"texture":"#0","tintindex":0},"north":{"uv":[1.75,7.5,1.875,7.875],"rotation":0,"texture":"#0","tintindex":0},"west":{"uv":[8.25,5.9375,8.375,6.3125],"rotation":0,"texture":"#0","tintindex":0},"up":{"uv":[7.0625,6.375,6.9375,6.25],"rotation":0,"texture":"#0","tintindex":0},"down":{"uv":[7.1875,6.25,7.0625,6.375],"rotation":0,"texture":"#0","tintindex":0}}},{"from":[12.0,-1.7142859,-4.285715],"to":[13.142858,0.5714283,-3.1428576],"rotation":{"angle":-45.0,"axis":"x","origin":[11.428572,8.0,-8.285715]},"faces":{"east":{"uv":[6.25,8.375,6.375,8.625],"rotation":0,"texture":"#0","tintindex":0},"south":{"uv":[6.375,8.375,6.5,8.625],"rotation":0,"texture":"#0","tintindex":0},"north":{"uv":[8.375,2.25,8.5,2.5],"rotation":0,"texture":"#0","tintindex":0},"west":{"uv":[8.5,2.25,8.625,2.5],"rotation":0,"texture":"#0","tintindex":0},"up":{"uv":[7.3125,6.375,7.1875,6.25],"rotation":0,"texture":"#0","tintindex":0},"down":{"uv":[7.4375,6.25,7.3125,6.375],"rotation":0,"texture":"#0","tintindex":0}}},{"from":[2.8571424,-1.7142859,-4.285715],"to":[4.0,0.5714283,-3.1428576],"rotation":{"angle":-45.0,"axis":"x","origin":[4.5714283,8.0,-8.285715]},"faces":{"east":{"uv":[8.75,2.25,8.875,2.5],"rotation":0,"texture":"#0","tintindex":0},"south":{"uv":[8.875,2.25,9.0,2.5],"rotation":0,"texture":"#0","tintindex":0},"north":{"uv":[8.625,2.25,8.75,2.5],"rotation":0,"texture":"#0","tintindex":0},"west":{"uv":[9.0,2.25,9.125,2.5],"rotation":0,"texture":"#0","tintindex":0},"up":{"uv":[7.8125,6.375,7.6875,6.25],"rotation":0,"texture":"#0","tintindex":0},"down":{"uv":[7.9375,6.25,7.8125,6.375],"rotation":0,"texture":"#0","tintindex":0}}},{"from":[1.7142854,-1.7142859,-4.285715],"to":[2.8571424,1.7142854,-3.1428576],"rotation":{"angle":-45.0,"axis":"x","origin":[4.5714283,8.0,-8.285715]},"faces":{"east":{"uv":[1.1875,8.75,1.3125,9.125],"rotation":0,"texture":"#0","tintindex":0},"south":{"uv":[1.1875,9.125,1.3125,9.5],"rotation":0,"texture":"#0","tintindex":0},"north":{"uv":[8.375,5.9375,8.5,6.3125],"rotation":0,"texture":"#0","tintindex":0},"west":{"uv":[9.4375,4.75,9.5625,5.125],"rotation":0,"texture":"#0","tintindex":0},"up":{"uv":[7.5625,6.375,7.4375,6.25],"rotation":0,"texture":"#0","tintindex":0},"down":{"uv":[7.6875,6.25,7.5625,6.375],"rotation":0,"texture":"#0","tintindex":0}}},{"from":[1.4285712,3.4285712,0.85714245],"to":[14.571428,6.857143,12.285715],"rotation":{"angle":-22.5,"axis":"x","origin":[8.0,4.5714283,6.0]},"faces":{"east":{"uv":[12.875,2.5,14.125,2.875],"rotation":0,"texture":"#0","tintindex":0},"south":{"uv":[12.875,0.8125,14.3125,1.1875],"rotation":0,"texture":"#0","tintindex":0},"north":{"uv":[12.625,8.3125,14.0625,8.6875],"rotation":0,"texture":"#0","tintindex":0},"west":{"uv":[12.875,10.3125,14.125,10.6875],"rotation":0,"texture":"#0","tintindex":0},"up":{"uv":[8.375,1.25,6.9375,0.0],"rotation":0,"texture":"#0","tintindex":0},"down":{"uv":[8.375,1.25,6.9375,2.5],"rotation":0,"texture":"#0","tintindex":0}}},{"from":[1.4285712,-0.57142925,0.85714245],"to":[14.571428,3.4285712,0.85714245],"rotation":{"angle":-22.5,"axis":"x","origin":[8.0,4.5714283,6.0]},"faces":{"east":{"uv":[0.0,0.0,0.0,0.4375],"rotation":0,"texture":"#0","tintindex":0},"south":{"uv":[14.0,5.8125,12.5625,6.25],"rotation":0,"texture":"#0","tintindex":0},"north":{"uv":[12.5625,5.8125,14.0,6.25],"rotation":0,"texture":"#0","tintindex":0},"west":{"uv":[0.0,0.0,0.0,0.4375],"rotation":0,"texture":"#0","tintindex":0},"up":{"uv":[1.4375,0.0,0.0,0.0],"rotation":0,"texture":"#0","tintindex":0},"down":{"uv":[1.4375,0.0,0.0,0.0],"rotation":0,"texture":"#0","tintindex":0}}},{"from":[1.4285712,-0.8565407,1.7095046],"to":[1.4285712,3.1434598,9.709505],"rotation":{"angle":-22.5,"axis":"x","origin":[1.4285712,2.2863169,5.709504]},"faces":{"east":{"uv":[1.5625,13.5,0.6875,13.9375],"rotation":0,"texture":"#0","tintindex":0},"south":{"uv":[0.0,0.0,0.0,0.4375],"rotation":0,"texture":"#0","tintindex":0},"north":{"uv":[0.0,0.0,0.0,0.4375],"rotation":0,"texture":"#0","tintindex":0},"west":{"uv":[0.6875,13.5,1.5625,13.9375],"rotation":0,"texture":"#0","tintindex":0},"up":{"uv":[0.0,0.875,0.0,0.0],"rotation":0,"texture":"#0","tintindex":0},"down":{"uv":[0.0,0.0,0.0,0.875],"rotation":0,"texture":"#0","tintindex":0}}},{"from":[14.571428,-0.8565407,1.7095046],"to":[14.571428,3.1434598,9.709505],"rotation":{"angle":-22.5,"axis":"x","origin":[14.571428,2.2863169,5.709504]},"faces":{"east":{"uv":[5.0625,13.5,5.9375,13.9375],"rotation":0,"texture":"#0","tintindex":0},"south":{"uv":[0.0,0.0,0.0,0.4375],"rotation":0,"texture":"#0","tintindex":0},"north":{"uv":[0.0,0.0,0.0,0.4375],"rotation":0,"texture":"#0","tintindex":0},"west":{"uv":[5.9375,13.5,5.0625,13.9375],"rotation":0,"texture":"#0","tintindex":0},"up":{"uv":[0.0,0.875,0.0,0.0],"rotation":0,"texture":"#0","tintindex":0},"down":{"uv":[0.0,0.0,0.0,0.875],"rotation":0,"texture":"#0","tintindex":0}}}],"display":{"head":{"translation":[0.0,-6.4,0.0],"scale":[4.0,4.0,4.0]}}}