{"textures":{"0":"modelengine:entity/bs_yeti_texture"},"elements":[{"from":[3.4285712,4.5714283,0.5714283],"to":[12.571428,8.0,9.714286],"rotation":{"angle":0.0,"axis":"y","origin":[9.142858,4.5714283,-1.1428576]},"faces":{"east":{"uv":[13.5625,0.375,14.5625,0.75],"rotation":0,"texture":"#0","tintindex":0},"south":{"uv":[13.5625,2.875,14.5625,3.25],"rotation":0,"texture":"#0","tintindex":0},"north":{"uv":[13.5625,0.0,14.5625,0.375],"rotation":0,"texture":"#0","tintindex":0},"west":{"uv":[13.5625,3.25,14.5625,3.625],"rotation":0,"texture":"#0","tintindex":0},"up":{"uv":[10.875,12.75,9.875,11.75],"rotation":0,"texture":"#0","tintindex":0},"down":{"uv":[11.875,11.75,10.875,12.75],"rotation":0,"texture":"#0","tintindex":0}}}],"display":{"head":{"translation":[0.0,-6.4,0.0],"scale":[4.0,4.0,4.0]}}}