{"textures":{"0":"modelengine:entity/bs_yeti_texture"},"elements":[{"from":[1.4285712,2.2857141,1.9999995],"to":[12.285715,13.714286,14.0],"rotation":{"angle":0.0,"axis":"y","origin":[19.714287,-25.14286,-0.8571434]},"faces":{"east":{"uv":[6.9375,5.0,8.25,6.25],"rotation":0,"texture":"#0","tintindex":0},"south":{"uv":[3.6875,8.8125,4.875,10.0625],"rotation":0,"texture":"#0","tintindex":0},"north":{"uv":[8.25,8.75,9.4375,10.0],"rotation":0,"texture":"#0","tintindex":0},"west":{"uv":[1.9375,7.375,3.25,8.625],"rotation":0,"texture":"#0","tintindex":0},"up":{"uv":[9.4375,5.125,8.25,3.8125],"rotation":0,"texture":"#0","tintindex":0},"down":{"uv":[9.5625,0.0,8.375,1.3125],"rotation":0,"texture":"#0","tintindex":0}}},{"from":[0.85714245,1.7142854,1.4285712],"to":[12.857143,14.285715,14.571428],"rotation":{"angle":0.0,"axis":"y","origin":[19.714287,-25.14286,-0.8571434]},"faces":{"east":{"uv":[3.25,7.375,4.5625,8.625],"rotation":0,"texture":"#0","tintindex":0},"south":{"uv":[9.4375,2.25,10.625,3.5],"rotation":0,"texture":"#0","tintindex":0},"north":{"uv":[9.0625,7.375,10.25,8.625],"rotation":0,"texture":"#0","tintindex":0},"west":{"uv":[6.5625,7.4375,7.875,8.6875],"rotation":0,"texture":"#0","tintindex":0},"up":{"uv":[9.6875,6.4375,8.5,5.125],"rotation":0,"texture":"#0","tintindex":0},"down":{"uv":[2.5,8.625,1.3125,9.9375],"rotation":0,"texture":"#0","tintindex":0}}}],"display":{"head":{"translation":[0.0,-6.4,0.0],"scale":[4.0,4.0,4.0]}}}