{"textures":{"0":"modelengine:entity/bs_yeti_texture"},"elements":[{"from":[-0.8571434,-1.1428576,2.5714283],"to":[16.857143,8.571428,13.428572],"rotation":{"angle":0.0,"axis":"y","origin":[3.142857,-18.857143,-0.8571434]},"faces":{"east":{"uv":[6.5,10.0,7.6875,11.0625],"rotation":0,"texture":"#0","tintindex":0},"south":{"uv":[6.5625,6.375,8.5,7.4375],"rotation":0,"texture":"#0","tintindex":0},"north":{"uv":[0.0,6.4375,1.9375,7.5],"rotation":0,"texture":"#0","tintindex":0},"west":{"uv":[7.6875,10.0,8.875,11.0625],"rotation":0,"texture":"#0","tintindex":0},"up":{"uv":[4.625,7.375,2.6875,6.1875],"rotation":0,"texture":"#0","tintindex":0},"down":{"uv":[6.5625,6.375,4.625,7.5625],"rotation":0,"texture":"#0","tintindex":0}}}],"display":{"head":{"translation":[0.0,-6.4,0.0],"scale":[4.0,4.0,4.0]}}}