{"textures":{"0":"modelengine:entity/bs_yeti_texture"},"elements":[{"from":[2.8571424,-1.7142859,1.7142854],"to":[13.142858,8.571428,13.142858],"rotation":{"angle":0.0,"axis":"y","origin":[-2.8571434,-10.285715,0.0]},"faces":{"east":{"uv":[2.125,11.0625,3.25,12.0625],"rotation":0,"texture":"#0","tintindex":0},"south":{"uv":[11.875,9.875,12.875,10.875],"rotation":0,"texture":"#0","tintindex":0},"north":{"uv":[11.875,8.875,12.875,9.875],"rotation":0,"texture":"#0","tintindex":0},"west":{"uv":[3.25,11.0625,4.375,12.0625],"rotation":0,"texture":"#0","tintindex":0},"up":{"uv":[6.75,12.1875,5.75,11.0625],"rotation":0,"texture":"#0","tintindex":0},"down":{"uv":[7.75,11.0625,6.75,12.1875],"rotation":0,"texture":"#0","tintindex":0}}},{"from":[3.4285712,-1.1428576,2.2857141],"to":[12.571428,8.0,12.571428],"rotation":{"angle":0.0,"axis":"y","origin":[-2.8571434,-10.285715,0.0]},"faces":{"east":{"uv":[3.625,10.0625,4.75,11.0625],"rotation":0,"texture":"#0","tintindex":0},"south":{"uv":[0.0,11.125,1.0,12.125],"rotation":0,"texture":"#0","tintindex":0},"north":{"uv":[7.75,11.0625,8.75,12.0625],"rotation":0,"texture":"#0","tintindex":0},"west":{"uv":[10.625,2.875,11.75,3.875],"rotation":0,"texture":"#0","tintindex":0},"up":{"uv":[5.875,9.9375,4.875,8.8125],"rotation":0,"texture":"#0","tintindex":0},"down":{"uv":[11.625,8.625,10.625,9.75],"rotation":0,"texture":"#0","tintindex":0}}}],"display":{"head":{"translation":[0.0,-6.4,0.0],"scale":[4.0,4.0,4.0]}}}