{"textures":{"0":"modelengine:entity/bs_yeti_texture"},"elements":[{"from":[-4.285715,1.1428566,0.85714245],"to":[20.285715,14.857143,15.142858],"rotation":{"angle":0.0,"axis":"y","origin":[3.142857,-25.14286,-0.8571434]},"faces":{"east":{"uv":[5.375,3.375,6.9375,4.875],"rotation":0,"texture":"#0","tintindex":0},"south":{"uv":[0.0,4.9375,2.6875,6.4375],"rotation":0,"texture":"#0","tintindex":0},"north":{"uv":[2.6875,4.6875,5.375,6.1875],"rotation":0,"texture":"#0","tintindex":0},"west":{"uv":[5.375,4.875,6.9375,6.375],"rotation":0,"texture":"#0","tintindex":0},"up":{"uv":[5.375,1.5625,2.6875,0.0],"rotation":0,"texture":"#0","tintindex":0},"down":{"uv":[5.375,1.5625,2.6875,3.125],"rotation":0,"texture":"#0","tintindex":0}}},{"from":[-4.8571434,-1.1428576,0.28571415],"to":[20.857143,15.428572,15.714286],"rotation":{"angle":0.0,"axis":"y","origin":[3.142857,-25.14286,-0.8571434]},"faces":{"east":{"uv":[5.375,0.0,6.9375,1.6875],"rotation":0,"texture":"#0","tintindex":0},"south":{"uv":[0.0,1.6875,2.6875,3.375],"rotation":0,"texture":"#0","tintindex":0},"north":{"uv":[0.0,0.0,2.6875,1.6875],"rotation":0,"texture":"#0","tintindex":0},"west":{"uv":[5.375,1.6875,6.9375,3.375],"rotation":0,"texture":"#0","tintindex":0},"up":{"uv":[5.375,4.6875,2.6875,3.125],"rotation":0,"texture":"#0","tintindex":0},"down":{"uv":[2.6875,3.375,0.0,4.9375],"rotation":0,"texture":"#0","tintindex":0}}}],"display":{"head":{"translation":[0.0,-6.4,0.0],"scale":[4.0,4.0,4.0]}}}