{"textures":{"0":"modelengine:entity/lion"},"elements":[{"from":[8.157351,8.191403,6.6876516],"to":[8.683059,8.6183405,6.840792],"rotation":{"angle":-22.5,"axis":"y","origin":[8.012775,7.769211,7.0509467]},"faces":{"east":{"uv":[6.375,9.75,6.5,10.0],"rotation":0,"texture":"#0","tintindex":0},"south":{"uv":[1.5,14.25,1.75,14.5],"rotation":0,"texture":"#0","tintindex":0},"north":{"uv":[1.25,14.25,1.5,14.5],"rotation":0,"texture":"#0","tintindex":0},"west":{"uv":[10.125,7.25,10.25,7.5],"rotation":0,"texture":"#0","tintindex":0},"up":{"uv":[2.25,10.875,2.0,10.75],"rotation":0,"texture":"#0","tintindex":0},"down":{"uv":[11.0,7.875,10.75,8.0],"rotation":0,"texture":"#0","tintindex":0}}},{"from":[7.2887836,7.758867,6.4276524],"to":[7.93963,8.199145,7.2139206],"rotation":{"angle":22.5,"axis":"z","origin":[8.012775,7.769211,7.193804]},"faces":{"east":{"uv":[12.375,13.625,13.0,13.875],"rotation":0,"texture":"#0","tintindex":0},"south":{"uv":[3.5,14.125,3.875,14.375],"rotation":0,"texture":"#0","tintindex":0},"north":{"uv":[14.125,3.375,14.5,3.625],"rotation":0,"texture":"#0","tintindex":0},"west":{"uv":[13.625,12.375,14.25,12.625],"rotation":0,"texture":"#0","tintindex":0},"up":{"uv":[9.75,8.625,9.375,8.0],"rotation":0,"texture":"#0","tintindex":0},"down":{"uv":[11.75,12.5,11.375,13.125],"rotation":0,"texture":"#0","tintindex":0}}},{"from":[7.92927,8.686699,7.615914],"to":[8.4652605,9.375831,7.7690544],"rotation":{"angle":45.0,"axis":"z","origin":[8.012775,7.769211,7.193804]},"faces":{"east":{"uv":[10.625,4.625,10.75,5.0],"rotation":0,"texture":"#0","tintindex":0},"south":{"uv":[6.625,10.625,6.875,11.5],"rotation":0,"texture":"#0","tintindex":0},"north":{"uv":[13.75,10.125,14.125,10.5],"rotation":0,"texture":"#0","tintindex":0},"west":{"uv":[5.75,10.625,5.875,11.0],"rotation":0,"texture":"#0","tintindex":0},"up":{"uv":[11.75,10.75,11.375,10.625],"rotation":0,"texture":"#0","tintindex":0},"down":{"uv":[11.875,1.125,11.5,1.25],"rotation":0,"texture":"#0","tintindex":0}}},{"from":[7.167175,7.3161697,6.9273953],"to":[8.875147,8.633749,8.229089],"rotation":{"angle":0.0,"axis":"y","origin":[7.872434,7.3949676,6.3751464]},"faces":{"east":{"uv":[7.625,10.5,6.875,11.25],"rotation":0,"texture":"#0","tintindex":0},"south":{"uv":[8.625,1.875,9.625,2.625],"rotation":0,"texture":"#0","tintindex":0},"north":{"uv":[8.25,3.5,9.25,4.25],"rotation":0,"texture":"#0","tintindex":0},"west":{"uv":[3.0,7.5,2.125,8.5],"rotation":0,"texture":"#0","tintindex":0},"up":{"uv":[9.75,5.0,8.75,4.25],"rotation":0,"texture":"#0","tintindex":0},"down":{"uv":[5.75,4.875,4.75,6.375],"rotation":0,"texture":"#0","tintindex":0}}},{"from":[7.3558583,8.191403,6.693188],"to":[7.8815665,8.6183405,6.8463283],"rotation":{"angle":22.5,"axis":"y","origin":[8.012775,7.769211,7.0509467]},"faces":{"east":{"uv":[8.5,7.625,8.625,7.875],"rotation":0,"texture":"#0","tintindex":0},"south":{"uv":[0.25,14.25,0.5,14.5],"rotation":0,"texture":"#0","tintindex":0},"north":{"uv":[0.0,14.25,0.25,14.5],"rotation":0,"texture":"#0","tintindex":0},"west":{"uv":[9.125,3.25,9.25,3.5],"rotation":0,"texture":"#0","tintindex":0},"up":{"uv":[3.25,8.375,3.0,8.25],"rotation":0,"texture":"#0","tintindex":0},"down":{"uv":[1.75,9.375,1.5,9.5],"rotation":0,"texture":"#0","tintindex":0}}},{"from":[7.456911,8.720004,7.190717],"to":[8.260899,8.9305725,8.191766],"rotation":{"angle":22.5,"axis":"z","origin":[8.012775,7.769211,7.193804]},"faces":{"east":{"uv":[8.75,5.0,9.375,5.125],"rotation":0,"texture":"#0","tintindex":0},"south":{"uv":[6.375,4.625,6.875,4.75],"rotation":0,"texture":"#0","tintindex":0},"north":{"uv":[5.25,4.75,5.75,4.875],"rotation":0,"texture":"#0","tintindex":0},"west":{"uv":[12.25,4.375,12.875,4.5],"rotation":0,"texture":"#0","tintindex":0},"up":{"uv":[6.875,10.5,7.625,11.25],"rotation":0,"texture":"#0","tintindex":0},"down":{"uv":[2.125,12.625,1.625,13.25],"rotation":0,"texture":"#0","tintindex":0}}},{"from":[7.432869,7.3299894,6.4467945],"to":[7.9497175,7.7319827,6.5439315],"rotation":{"angle":0.0,"axis":"y","origin":[8.012775,7.769211,7.193804]},"faces":{"east":{"uv":[14.25,1.75,14.5,2.0],"rotation":0,"texture":"#0","tintindex":0},"south":{"uv":[2.0,14.25,2.25,14.5],"rotation":0,"texture":"#0","tintindex":0},"north":{"uv":[1.75,14.25,2.0,14.5],"rotation":0,"texture":"#0","tintindex":0},"west":{"uv":[2.625,14.25,2.875,14.5],"rotation":0,"texture":"#0","tintindex":0},"up":{"uv":[3.125,14.5,2.875,14.25],"rotation":0,"texture":"#0","tintindex":0},"down":{"uv":[3.375,14.25,3.125,14.5],"rotation":0,"texture":"#0","tintindex":0}}},{"from":[7.6817217,7.823678,7.0296273],"to":[8.361282,8.608522,7.584761],"rotation":{"angle":-45.0,"axis":"x","origin":[8.012775,7.769211,7.193804]},"faces":{"east":{"uv":[13.5,7.125,13.875,7.625],"rotation":0,"texture":"#0","tintindex":0},"south":{"uv":[7.5,13.5,7.875,14.0],"rotation":0,"texture":"#0","tintindex":0},"north":{"uv":[7.125,13.5,7.5,14.0],"rotation":0,"texture":"#0","tintindex":0},"west":{"uv":[13.5,7.625,13.875,8.125],"rotation":0,"texture":"#0","tintindex":0},"up":{"uv":[3.5,14.25,3.125,13.875],"rotation":0,"texture":"#0","tintindex":0},"down":{"uv":[4.875,13.875,4.5,14.25],"rotation":0,"texture":"#0","tintindex":0}}},{"from":[7.796577,8.702452,7.195938],"to":[8.255999,8.9379635,8.153329],"rotation":{"angle":0.0,"axis":"y","origin":[8.012775,7.769211,7.193804]},"faces":{"east":{"uv":[14.125,1.25,14.875,1.375],"rotation":0,"texture":"#0","tintindex":0},"south":{"uv":[1.25,11.5,1.5,11.625],"rotation":0,"texture":"#0","tintindex":0},"north":{"uv":[3.0,11.0,3.25,11.125],"rotation":0,"texture":"#0","tintindex":0},"west":{"uv":[14.125,1.375,14.875,1.5],"rotation":0,"texture":"#0","tintindex":0},"up":{"uv":[6.625,10.625,6.875,11.5],"rotation":0,"texture":"#0","tintindex":0},"down":{"uv":[4.125,13.25,3.875,14.0],"rotation":0,"texture":"#0","tintindex":0}}},{"from":[7.57052,8.696929,7.615914],"to":[8.106511,9.386061,7.7690544],"rotation":{"angle":-45.0,"axis":"z","origin":[8.012775,7.769211,7.193804]},"faces":{"east":{"uv":[11.25,2.125,11.375,2.5],"rotation":0,"texture":"#0","tintindex":0},"south":{"uv":[6.625,10.625,6.875,11.5],"rotation":0,"texture":"#0","tintindex":0},"north":{"uv":[0.75,13.875,1.125,14.25],"rotation":0,"texture":"#0","tintindex":0},"west":{"uv":[9.75,11.75,9.875,12.125],"rotation":0,"texture":"#0","tintindex":0},"up":{"uv":[14.5,11.375,14.125,11.25],"rotation":0,"texture":"#0","tintindex":0},"down":{"uv":[14.625,2.75,14.25,2.875],"rotation":0,"texture":"#0","tintindex":0}}},{"from":[7.3180137,7.257572,6.687611],"to":[8.724991,7.535851,7.416452],"rotation":{"angle":22.5,"axis":"x","origin":[8.012775,7.769211,7.193804]},"faces":{"east":{"uv":[13.625,11.875,14.25,12.125],"rotation":0,"texture":"#0","tintindex":0},"south":{"uv":[13.125,12.625,14.0,12.875],"rotation":0,"texture":"#0","tintindex":0},"north":{"uv":[12.5,13.125,13.375,13.375],"rotation":0,"texture":"#0","tintindex":0},"west":{"uv":[13.625,12.375,14.25,12.625],"rotation":0,"texture":"#0","tintindex":0},"up":{"uv":[8.625,5.75,7.75,5.125],"rotation":0,"texture":"#0","tintindex":0},"down":{"uv":[12.25,3.875,11.375,4.5],"rotation":0,"texture":"#0","tintindex":0}}},{"from":[7.373289,8.087195,6.9076395],"to":[8.660144,8.287117,7.194778],"rotation":{"angle":0.0,"axis":"y","origin":[8.012775,7.769211,7.193804]},"faces":{"east":{"uv":[4.25,14.375,4.375,14.5],"rotation":0,"texture":"#0","tintindex":0},"south":{"uv":[9.875,1.25,10.625,1.375],"rotation":0,"texture":"#0","tintindex":0},"north":{"uv":[6.875,5.75,7.625,5.875],"rotation":0,"texture":"#0","tintindex":0},"west":{"uv":[4.375,14.375,4.5,14.5],"rotation":0,"texture":"#0","tintindex":0},"up":{"uv":[14.25,2.875,13.5,2.75],"rotation":0,"texture":"#0","tintindex":0},"down":{"uv":[14.75,10.0,14.0,10.125],"rotation":0,"texture":"#0","tintindex":0}}},{"from":[7.2797284,7.806029,6.989482],"to":[8.753704,8.208022,7.5829005],"rotation":{"angle":-45.0,"axis":"x","origin":[8.012775,7.769211,7.193804]},"faces":{"east":{"uv":[14.125,4.125,14.5,4.375],"rotation":0,"texture":"#0",