{"textures":{"0":"modelengine:entity/lion"},"elements":[{"from":[7.3530807,7.060325,6.957122],"to":[8.805687,8.193095,8.429839],"rotation":{"angle":0.0,"axis":"y","origin":[6.9531884,6.113965,8.624757]},"faces":{"east":{"uv":[6.875,10.5,7.625,11.25],"rotation":0,"texture":"#0","tintindex":0},"south":{"uv":[0.0,6.75,1.125,7.625],"rotation":0,"texture":"#0","tintindex":0},"north":{"uv":[6.875,10.5,7.625,11.25],"rotation":0,"texture":"#0","tintindex":0},"west":{"uv":[3.0,7.5,2.125,8.5],"rotation":0,"texture":"#0","tintindex":0},"up":{"uv":[6.875,10.5,7.625,11.25],"rotation":0,"texture":"#0","tintindex":0},"down":{"uv":[7.625,2.25,6.5,3.25],"rotation":0,"texture":"#0","tintindex":0}}},{"from":[7.4513135,6.8387213,6.892149],"to":[8.664139,8.366356,8.343208],"rotation":{"angle":0.0,"axis":"y","origin":[6.909873,6.287226,8.559784]},"faces":{"east":{"uv":[6.875,10.5,7.625,11.25],"rotation":0,"texture":"#0","tintindex":0},"south":{"uv":[6.5,9.0,7.25,10.0],"rotation":0,"texture":"#0","tintindex":0},"north":{"uv":[5.75,4.875,4.75,6.375],"rotation":0,"texture":"#0","tintindex":0},"west":{"uv":[6.875,10.5,7.625,11.25],"rotation":0,"texture":"#0","tintindex":0},"up":{"uv":[6.875,10.5,7.625,11.25],"rotation":0,"texture":"#0","tintindex":0},"down":{"uv":[5.75,4.875,4.75,6.375],"rotation":0,"texture":"#0","tintindex":0}}},{"from":[7.4946284,6.871981,7.09867],"to":[8.707455,8.399615,8.259672],"rotation":{"angle":0.0,"axis":"y","origin":[6.9531884,6.4171715,8.862991]},"faces":{"east":{"uv":[6.875,10.5,7.625,11.25],"rotation":0,"texture":"#0","tintindex":0},"south":{"uv":[8.625,7.625,9.375,8.625],"rotation":0,"texture":"#0","tintindex":0},"north":{"uv":[6.875,10.5,7.625,11.25],"rotation":0,"texture":"#0","tintindex":0},"west":{"uv":[6.875,10.5,7.625,11.25],"rotation":0,"texture":"#0","tintindex":0},"up":{"uv":[6.875,10.5,7.625,11.25],"rotation":0,"texture":"#0","tintindex":0},"down":{"uv":[0.75,10.75,0.0,11.5],"rotation":0,"texture":"#0","tintindex":0}}}],"display":{"head":{"translation":[0.0,-6.4,0.0],"scale":[4.0,4.0,4.0]}}}