{"textures":{"0":"modelengine:entity/lion"},"elements":[{"from":[9.789872,6.145264,5.5754557],"to":[9.952304,6.470128,5.90032],"faces":{"east":{"uv":[3.625,6.25,3.75,6.375],"tintindex":0,"rotation":0,"texture":"#0"},"south":{"uv":[5.625,7.875,5.75,8.0],"tintindex":0,"rotation":0,"texture":"#0"},"north":{"uv":[2.5,5.375,2.625,5.5],"tintindex":0,"rotation":0,"texture":"#0"},"west":{"uv":[8.125,3.125,8.25,3.25],"tintindex":0,"rotation":0,"texture":"#0"},"up":{"uv":[2.125,8.5,2.0,8.375],"tintindex":0,"rotation":0,"texture":"#0"},"down":{"uv":[9.375,7.5,9.25,7.625],"tintindex":0,"rotation":0,"texture":"#0"}},"rotation":{"origin":[9.465008,6.145264,4.465504],"angle":-22.5,"axis":"y"}},{"from":[7.7324,6.185872,5.90032],"to":[9.329648,6.754384,7.443424],"faces":{"east":{"uv":[7.875,13.25,8.625,13.5],"tintindex":0,"rotation":0,"texture":"#0"},"south":{"uv":[13.25,9.875,14.0,10.125],"tintindex":0,"rotation":0,"texture":"#0"},"north":{"uv":[2.0,13.25,2.75,13.5],"tintindex":0,"rotation":0,"texture":"#0"},"west":{"uv":[13.25,11.375,14.0,11.625],"tintindex":0,"rotation":0,"texture":"#0"},"up":{"uv":[11.0,9.5,10.25,8.75],"tintindex":0,"rotation":0,"texture":"#0"},"down":{"uv":[11.0,9.5,10.25,10.25],"tintindex":0,"rotation":0,"texture":"#0"}}},{"from":[7.109744,6.145264,5.5754557],"to":[7.272176,6.470128,5.90032],"faces":{"east":{"uv":[11.25,2.5,11.375,2.625],"tintindex":0,"rotation":0,"texture":"#0"},"south":{"uv":[11.375,4.5,11.5,4.625],"tintindex":0,"rotation":0,"texture":"#0"},"north":{"uv":[10.625,1.25,10.75,1.375],"tintindex":0,"rotation":0,"texture":"#0"},"west":{"uv":[11.5,5.25,11.625,5.375],"tintindex":0,"rotation":0,"texture":"#0"},"up":{"uv":[11.75,5.375,11.625,5.25],"tintindex":0,"rotation":0,"texture":"#0"},"down":{"uv":[2.875,11.75,2.75,11.875],"tintindex":0,"rotation":0,"texture":"#0"}},"rotation":{"origin":[7.678256,6.145264,4.465504],"angle":22.5,"axis":"y"}},{"from":[7.698976,7.133392,5.440096],"to":[9.146496,9.353296,6.57712],"faces":{"east":{"uv":[11.25,11.5,11.75,12.5],"tintindex":0,"rotation":0,"texture":"#0"},"south":{"uv":[1.25,11.625,1.75,12.625],"tintindex":0,"rotation":0,"texture":"#0"},"north":{"uv":[10.75,11.5,11.25,12.5],"tintindex":0,"rotation":0,"texture":"#0"},"west":{"uv":[1.75,11.625,2.25,12.625],"tintindex":0,"rotation":0,"texture":"#0"},"up":{"uv":[13.25,11.875,12.75,11.375],"tintindex":0,"rotation":0,"texture":"#0"},"down":{"uv":[0.5,12.875,0.0,13.375],"tintindex":0,"rotation":0,"texture":"#0"}},"rotation":{"origin":[9.140144,4.53448,4.898656],"angle":22.5,"axis":"x"}},{"from":[8.246768,6.212944,5.467168],"to":[8.923568,6.808528,6.279328],"faces":{"east":{"uv":[7.875,13.875,8.25,14.125],"tintindex":0,"rotation":0,"texture":"#0"},"south":{"uv":[13.875,7.875,14.25,8.125],"tintindex":0,"rotation":0,"texture":"#0"},"north":{"uv":[13.875,6.5,14.25,6.75],"tintindex":0,"rotation":0,"texture":"#0"},"west":{"uv":[10.125,13.875,10.5,14.125],"tintindex":0,"rotation":0,"texture":"#0"},"up":{"uv":[7.75,4.625,7.375,4.25],"tintindex":0,"rotation":0,"texture":"#0"},"down":{"uv":[13.375,13.625,13.0,14.0],"tintindex":0,"rotation":0,"texture":"#0"}}},{"from":[7.353392,6.212944,5.6296],"to":[8.00312,6.808528,6.44176],"faces":{"east":{"uv":[13.75,4.125,14.125,4.375],"tintindex":0,"rotation":0,"texture":"#0"},"south":{"uv":[10.125,14.125,10.375,14.375],"tintindex":0,"rotation":0,"texture":"#0"},"north":{"uv":[9.625,14.125,9.875,14.375],"tintindex":0,"rotation":0,"texture":"#0"},"west":{"uv":[13.75,5.0,14.125,5.25],"tintindex":0,"rotation":0,"texture":"#0"},"up":{"uv":[1.375,6.625,1.125,6.25],"tintindex":0,"rotation":0,"texture":"#0"},"down":{"uv":[5.0,8.375,4.75,8.75],"tintindex":0,"rotation":0,"texture":"#0"}},"rotation":{"origin":[8.00312,6.212944,5.6296],"angle":22.5,"axis":"y"}},{"from":[9.140144,6.212944,5.6296],"to":[9.681583,6.808528,6.44176],"faces":{"east":{"uv":[10.5,13.875,10.875,14.125],"tintindex":0,"rotation":0,"texture":"#0"},"south":{"uv":[10.375,14.125,10.625,14.375],"tintindex":0,"rotation":0,"texture":"#0"},"north":{"uv":[14.125,10.125,14.375,10.375],"tintindex":0,"rotation":0,"texture":"#0"},"west":{"uv":[10.875,13.875,11.25,14.125],"tintindex":0,"rotation":0,"texture":"#0"},"up":{"uv":[11.0,7.875,10.75,7.5],"tintindex":0,"rotation":0,"texture":"#0"},"down":{"uv":[11.75,4.875,11.5,5.25],"tintindex":0,"rotation":0,"texture":"#0"}},"rotation":{"origin":[9.140144,6.212944,5.6296],"angle":-22.5,"axis":"y"}},{"from":[8.5174885,6.145264,5.385952],"to":[8.67992,6.470128,5.710816],"faces":{"east":{"uv":[10.125,12.375,10.25,12.5],"tintindex":0,"rotation":0,"texture":"#0"},"south":{"uv":[12.375,12.0,12.5,12.125],"tintindex":0,"rotation":0,"texture":"#0"},"north":{"uv":[2.875,11.75,3.0,11.875],"tintindex":0,"rotation":0,"texture":"#0"},"west":{"uv":[1.125,12.5,1.25,12.625],"tintindex":0,"rotation":0,"texture":"#0"},"up":{"uv":[2.25,12.75,2.125,12.625],"tintindex":0,"rotation":0,"texture":"#0"},"down":{"uv":[3.625,12.625,3.5,12.75],"tintindex":0,"rotation":0,"texture":"#0"}}}]}