{"textures":{"0":"modelengine:entity/lion"},"elements":[{"from":[7.1077776,7.6416063,8.372021],"to":[8.5784645,9.667269,9.232233],"faces":{"east":{"uv":[9.75,12.375,10.125,13.25],"tintindex":0,"rotation":0,"texture":"#0"},"south":{"uv":[6.25,11.25,6.875,12.125],"tintindex":0,"rotation":0,"texture":"#0"},"north":{"uv":[11.25,1.25,11.875,2.125],"tintindex":0,"rotation":0,"texture":"#0"},"west":{"uv":[12.375,11.125,12.75,12.0],"tintindex":0,"rotation":0,"texture":"#0"},"up":{"uv":[13.5,2.125,12.875,1.75],"tintindex":0,"rotation":0,"texture":"#0"},"down":{"uv":[13.5,2.125,12.875,2.5],"tintindex":0,"rotation":0,"texture":"#0"}}},{"from":[7.080029,6.847991,7.5395565],"to":[8.744957,9.040146,9.53747],"faces":{"east":{"uv":[3.25,7.375,4.125,8.375],"tintindex":0,"rotation":0,"texture":"#0"},"south":{"uv":[1.75,8.5,2.5,9.5],"tintindex":0,"rotation":0,"texture":"#0"},"north":{"uv":[6.75,8.0,7.5,9.0],"tintindex":0,"rotation":0,"texture":"#0"},"west":{"uv":[7.375,3.25,8.25,4.25],"tintindex":0,"rotation":0,"texture":"#0"},"up":{"uv":[5.125,10.375,4.375,9.5],"tintindex":0,"rotation":0,"texture":"#0"},"down":{"uv":[8.0,9.625,7.25,10.5],"tintindex":0,"rotation":0,"texture":"#0"}},"rotation":{"origin":[6.774792,6.448408,7.373064],"angle":-22.5,"axis":"x"}}]}