{"textures":{"0":"modelengine:entity/lion"},"elements":[{"from":[8.075264,6.929152,7.64352],"to":[8.678583,8.027502,8.478885],"rotation":{"angle":0.0,"axis":"y","origin":[7.7504,7.2230763,7.5507016]},"faces":{"east":{"uv":[6.875,11.25,7.5,12.125],"rotation":0,"texture":"#0","tintindex":0},"south":{"uv":[12.0,1.875,12.5,2.75],"rotation":0,"texture":"#0","tintindex":0},"north":{"uv":[3.625,11.875,4.125,12.75],"rotation":0,"texture":"#0","tintindex":0},"west":{"uv":[7.5,11.25,8.125,12.125],"rotation":0,"texture":"#0","tintindex":0},"up":{"uv":[8.125,3.25,7.625,2.625],"rotation":0,"texture":"#0","tintindex":0},"down":{"uv":[11.25,1.25,10.75,1.875],"rotation":0,"texture":"#0","tintindex":0}}},{"from":[8.013385,7.470592,7.7672777],"to":[8.755932,8.460653,8.7573395],"rotation":{"angle":-45.0,"axis":"x","origin":[9.158144,7.59435,8.0457325]},"faces":{"east":{"uv":[10.25,6.75,11.0,7.5],"rotation":0,"texture":"#0","tintindex":0},"south":{"uv":[11.75,6.625,12.375,7.375],"rotation":0,"texture":"#0","tintindex":0},"north":{"uv":[11.75,5.875,12.375,6.625],"rotation":0,"texture":"#0","tintindex":0},"west":{"uv":[10.25,8.0,11.0,8.75],"rotation":0,"texture":"#0","tintindex":0},"up":{"uv":[12.375,8.125,11.75,7.375],"rotation":0,"texture":"#0","tintindex":0},"down":{"uv":[12.375,8.125,11.75,8.875],"rotation":0,"texture":"#0","tintindex":0}}}],"display":{"head":{"translation":[0.0,-6.4,0.0],"scale":[4.0,4.0,4.0]}}}