{"textures":{"0":"modelengine:entity/lion"},"elements":[{"from":[8.023424,7.073536,7.5927362],"to":[9.32288,8.806144,9.325344],"faces":{"east":{"uv":[10.25,6.75,11.0,7.5],"tintindex":0,"rotation":0,"texture":"#0"},"south":{"uv":[11.75,6.625,12.375,7.375],"tintindex":0,"rotation":0,"texture":"#0"},"north":{"uv":[11.75,5.875,12.375,6.625],"tintindex":0,"rotation":0,"texture":"#0"},"west":{"uv":[10.25,8.0,11.0,8.75],"tintindex":0,"rotation":0,"texture":"#0"},"up":{"uv":[12.375,8.125,11.75,7.375],"tintindex":0,"rotation":0,"texture":"#0"},"down":{"uv":[12.375,8.125,11.75,8.875],"tintindex":0,"rotation":0,"texture":"#0"}},"rotation":{"origin":[10.026752,7.290112,8.080032],"angle":-45.0,"axis":"x"}},{"from":[8.131712,6.126016,7.37616],"to":[9.18752,8.048128,8.838048],"faces":{"east":{"uv":[6.875,11.25,7.5,12.125],"tintindex":0,"rotation":0,"texture":"#0"},"south":{"uv":[12.0,1.875,12.5,2.75],"tintindex":0,"rotation":0,"texture":"#0"},"north":{"uv":[3.625,11.875,4.125,12.75],"tintindex":0,"rotation":0,"texture":"#0"},"west":{"uv":[7.5,11.25,8.125,12.125],"tintindex":0,"rotation":0,"texture":"#0"},"up":{"uv":[8.125,3.25,7.625,2.625],"tintindex":0,"rotation":0,"texture":"#0"},"down":{"uv":[11.25,1.25,10.75,1.875],"tintindex":0,"rotation":0,"texture":"#0"}}}]}