{"textures":{"0":"modelengine:entity/lion"},"elements":[{"from":[7.817692,7.5454235,10.424372],"to":[8.617327,8.311218,12.515352],"faces":{"east":{"uv":[13.25,11.625,14.0,11.875],"tintindex":0,"rotation":0,"texture":"#0"},"south":{"uv":[2.25,10.75,2.5,11.0],"tintindex":0,"rotation":0,"texture":"#0"},"north":{"uv":[6.5,8.75,6.75,9.0],"tintindex":0,"rotation":0,"texture":"#0"},"west":{"uv":[11.75,13.25,12.5,13.5],"tintindex":0,"rotation":0,"texture":"#0"},"up":{"uv":[1.375,6.25,1.125,5.5],"tintindex":0,"rotation":0,"texture":"#0"},"down":{"uv":[3.25,7.5,3.0,8.25],"tintindex":0,"rotation":0,"texture":"#0"}},"rotation":{"origin":[8.47131,7.589921,12.282022],"angle":-22.5,"axis":"x"}},{"from":[7.848166,9.513569,12.576862],"to":[8.553013,10.212806,14.410769],"faces":{"east":{"uv":[5.125,9.5,5.75,9.75],"tintindex":0,"rotation":0,"texture":"#0"},"south":{"uv":[5.75,14.125,6.0,14.375],"tintindex":0,"rotation":0,"texture":"#0"},"north":{"uv":[12.0,3.625,12.25,3.875],"tintindex":0,"rotation":0,"texture":"#0"},"west":{"uv":[11.75,9.625,12.375,9.875],"tintindex":0,"rotation":0,"texture":"#0"},"up":{"uv":[7.5,9.625,7.25,9.0],"tintindex":0,"rotation":0,"texture":"#0"},"down":{"uv":[11.0,5.375,10.75,6.0],"tintindex":0,"rotation":0,"texture":"#0"}},"rotation":{"origin":[6.7168617,8.422835,14.847323],"angle":-45.0,"axis":"x"}},{"from":[7.746646,7.1445827,6.870701],"to":[8.688373,7.8460636,10.095322],"faces":{"east":{"uv":[12.75,10.25,13.75,10.5],"tintindex":0,"rotation":0,"texture":"#0"},"south":{"uv":[9.75,7.25,10.125,7.5],"tintindex":0,"rotation":0,"texture":"#0"},"north":{"uv":[4.375,9.25,4.75,9.5],"tintindex":0,"rotation":0,"texture":"#0"},"west":{"uv":[12.75,11.125,13.75,11.375],"tintindex":0,"rotation":0,"texture":"#0"},"up":{"uv":[3.125,13.375,2.75,12.375],"tintindex":0,"rotation":0,"texture":"#0"},"down":{"uv":[3.5,12.375,3.125,13.375],"tintindex":0,"rotation":0,"texture":"#0"}},"rotation":{"origin":[6.7168617,5.5387163,9.436127],"angle":22.5,"axis":"x"}}]}