{"textures":{"1":"modelengine:entity/deadbeard_petboat"},"elements":[{"from":[13.307056,11.409887,4.149723],"to":[13.807056,11.909887,12.149723],"faces":{"east":{"uv":[6.8825,3.6325,8.8675,3.7425],"tintindex":0,"rotation":0,"texture":"#1"},"south":{"uv":[2.3825,2.8825,2.4925,2.9925],"tintindex":0,"rotation":0,"texture":"#1"},"north":{"uv":[2.2575,2.8825,2.3675,2.9925],"tintindex":0,"rotation":0,"texture":"#1"},"west":{"uv":[6.6325,6.8825,8.6175,6.9925],"tintindex":0,"rotation":0,"texture":"#1"},"up":{"uv":[0.6175,8.8675,0.5075,6.8825],"tintindex":0,"rotation":0,"texture":"#1"},"down":{"uv":[0.7425,6.8825,0.6325,8.8675],"tintindex":0,"rotation":0,"texture":"#1"}},"rotation":{"origin":[13.807056,10.409887,8.149723],"angle":-22.5,"axis":"z"}},{"from":[6.4405036,9.610638,6.899723],"to":[9.440504,11.110638,9.399723],"faces":{"east":{"uv":[7.0075,4.2575,7.6175,4.6175],"tintindex":0,"rotation":0,"texture":"#1"},"south":{"uv":[6.8825,3.0075,7.6175,3.3675],"tintindex":0,"rotation":0,"texture":"#1"},"north":{"uv":[6.8825,2.6325,7.6175,2.9925],"tintindex":0,"rotation":0,"texture":"#1"},"west":{"uv":[7.0075,4.6325,7.6175,4.9925],"tintindex":0,"rotation":0,"texture":"#1"},"up":{"uv":[1.4925,6.9925,0.7575,6.3825],"tintindex":0,"rotation":0,"texture":"#1"},"down":{"uv":[2.2425,6.3825,1.5075,6.9925],"tintindex":0,"rotation":0,"texture":"#1"}},"rotation":{"origin":[8.940504,8.860638,8.149723],"angle":-45.0,"axis":"z"}},{"from":[13.307056,19.528902,3.649723],"to":[13.807056,20.028902,12.649723],"faces":{"east":{"uv":[6.7575,6.5075,8.9925,6.6175],"tintindex":0,"rotation":0,"texture":"#1"},"south":{"uv":[2.1325,2.8825,2.2425,2.9925],"tintindex":0,"rotation":0,"texture":"#1"},"north":{"uv":[2.0075,2.8825,2.1175,2.9925],"tintindex":0,"rotation":0,"texture":"#1"},"west":{"uv":[6.8825,2.5075,9.1175,2.6175],"tintindex":0,"rotation":0,"texture":"#1"},"up":{"uv":[3.3675,8.6175,3.2575,6.3825],"tintindex":0,"rotation":0,"texture":"#1"},"down":{"uv":[3.4925,6.3825,3.3825,8.6175],"tintindex":0,"rotation":0,"texture":"#1"}},"rotation":{"origin":[13.807056,20.028902,8.149723],"angle":22.5,"axis":"z"}},{"from":[12.763727,10.219395,7.649723],"to":[13.763727,20.219395,8.649723],"faces":{"east":{"uv":[3.7575,5.8825,3.9925,8.3675],"tintindex":0,"rotation":0,"texture":"#1"},"south":{"uv":[4.0075,5.8825,4.2425,8.3675],"tintindex":0,"rotation":0,"texture":"#1"},"north":{"uv":[3.5075,5.8825,3.7425,8.3675],"tintindex":0,"rotation":0,"texture":"#1"},"west":{"uv":[4.2575,5.8825,4.4925,8.3675],"tintindex":0,"rotation":0,"texture":"#1"},"up":{"uv":[2.2425,2.8675,2.0075,2.6325],"tintindex":0,"rotation":0,"texture":"#1"},"down":{"uv":[2.4925,2.6325,2.2575,2.8675],"tintindex":0,"rotation":0,"texture":"#1"}}},{"from":[12.263727,20.219395,7.149723],"to":[14.263727,22.719395,9.149723],"faces":{"east":{"uv":[2.7575,6.3825,3.2425,6.9925],"tintindex":0,"rotation":0,"texture":"#1"},"south":{"uv":[6.7575,5.8825,7.2425,6.4925],"tintindex":0,"rotation":0,"texture":"#1"},"north":{"uv":[2.2575,6.3825,2.7425,6.9925],"tintindex":0,"rotation":0,"texture":"#1"},"west":{"uv":[0.0075,6.8825,0.4925,7.4925],"tintindex":0,"rotation":0,"texture":"#1"},"up":{"uv":[6.1175,7.3675,5.6325,6.8825],"tintindex":0,"rotation":0,"texture":"#1"},"down":{"uv":[6.6175,6.8825,6.1325,7.3675],"tintindex":0,"rotation":0,"texture":"#1"}}},{"from":[8.763727,9.838793,7.8131404],"to":[13.763727,20.338793,7.8131404],"faces":{"south":{"uv":[1.2425,0.0075,0.0075,2.6175],"tintindex":0,"rotation":0,"texture":"#1"},"north":{"uv":[0.0075,0.0075,1.2425,2.6175],"tintindex":0,"rotation":0,"texture":"#1"}},"rotation":{"origin":[13.763727,14.838793,7.8131404],"angle":22.5,"axis":"x"}},{"from":[18.10627,9.49732,7.649723],"to":[22.10627,10.497319,8.649723],"faces":{"east":{"uv":[1.2575,5.0075,1.4925,5.2425],"tintindex":0,"rotation":0,"texture":"#1"},"south":{"uv":[1.7575,7.0075,2.7425,7.2425],"tintindex":0,"rotation":0,"texture":"#1"},"north":{"uv":[0.7575,7.0075,1.7425,7.2425],"tintindex":0,"rotation":0,"texture":"#1"},"west":{"uv":[1.5075,5.0075,1.7425,5.2425],"tintindex":0,"rotation":0,"texture":"#1"},"up":{"uv":[7.9925,3.9925,7.0075,3.7575],"tintindex":0,"rotation":0,"texture":"#1"},"down":{"uv":[7.9925,4.0075,7.0075,4.2425],"tintindex":0,"rotation":0,"texture":"#1"}},"rotation":{"origin":[18.60627,7.99732,7.899723],"angle":22.5,"axis":"z"}},{"from":[8.763727,7.7193947,5.899723],"to":[16.263727,10.219395,10.399723],"faces":{"east":{"uv":[5.7575,2.5075,6.8675,3.1175],"tintindex":0,"rotation":0,"texture":"#1"},"south":{"uv":[5.3675,5.2575,3.5075,5.8675],"tintindex":0,"rotation":0,"texture":"#1"},"north":{"uv":[3.5075,5.2575,5.3675,5.8675],"tintindex":0,"rotation":0,"texture":"#1"},"west":{"uv":[5.7575,3.1325,6.8675,3.7425],"tintindex":0,"rotation":0,"texture":"#1"},"up":{"uv":[3.8675,4.1175,2.0075,3.0075],"tintindex":0,"rotation":0,"texture":"#1"},"down":{"uv":[1.8675,3.8825,0.0075,4.9925],"tintindex":0,"rotation":0,"texture":"#1"}}},{"from":[8.763727,9.838601,8.485844],"to":[13.763727,20.3386,8.485844],"faces":{"south":{"uv":[1.2425,0.0075,0.0075,2.6175],"tintindex":0,"rotation":0,"texture":"#1"},"north":{"uv":[0.0075,0.0075,1.2425,2.6175],"tintindex":0,"rotation":0,"texture":"#1"}},"rotation":{"origin":[13.763727,14.838601,8.485844],"angle":-22.5,"axis":"x"}},{"from":[14.013727,7.7193947,6.8317037],"to":[17.188728,10.719395,10.006704],"faces":{"east":{"uv":[5.2425,5.8825,4.5075,6.6175],"tintindex":0,"rotation":0,"texture":"#1"},"south":{"uv":[6.0075,5.8825,6.7425,6.6175],"tintindex":0,"rotation":0,"texture":"#1"},"north":{"uv":[4.5075,5.8825,5.2425,6.6175],"tintindex":0,"rotation":0,"texture":"#1"},"west":{"uv":[0.0075,6.1325,0.7425,6.8675],"tintindex":0,"rotation":0,"texture":"#1"},"up":{"uv":[6.9925,4.4925,6.2575,3.7575],"tintindex":0,"rotation":0,"texture":"#1"},"down":{"uv":[6.9925,4.5075,6.2575,5.2425],"tintindex":0,"rotation":0,"texture":"#1"}},"rotation":{"origin":[16.263727,8.969395,9.081703],"angle":-45.0,"axis":"y"}},{"from":[14.763727,12.719395,4.149723],"to":[14.763727,17.719395,12.149723],"faces":{"east":{"uv":[2.5075,1.7575,4.4925,2.9925],"tintindex":0,"rotation":0,"texture":"#1"},"west":{"uv":[4.4925,1.7575,2.5075,2.9925],"tintindex":0,"rotation":0,"texture":"#1"}}},{"from":[3.7637272,7.7193947,5.899723],"to":[8.763727,12.219395,10.399723],"faces":{"east":{"uv":[1.2575,5.2575,2.3675,6.3675],"tintindex":0,"rotation":0,"texture":"#1"},"south":{"uv":[4.9925,4.1325,3.7575,5.2425],"tintindex":0,"rotation":0,"texture":"#1"},"north":{"uv":[3.7575,4.1325,4.9925,5.2425],"tintindex":0,"rotation":0,"texture":"#1"},"west":{"uv":[2.3825,5.2575,3.4925,6.3675],"tintindex":0,"rotation":0,"texture":"#1"},"up":{"uv":[1.2425,6.1175,0.0075,5.0075],"tintindex":0,"rotation":0,"texture":"#1"},"down":{"uv":[6.2425,4.1325,5.0075,5.2425],"tintindex":0,"rotation":0,"texture":"#1"}}},{"from":[13.807056,17.528902,4.149723],"to":[13.807056,19.528902,12.149723],"faces":{"east":{"uv":[5.5075,0.0075,7.4925,0.4925],"tintindex":0,"rotation":0,"texture":"#1"},"west":{"uv":[7.4925,0.0075,5.5075,0.4925],"tintindex":0,"rotation":0,"texture":"#1"}},"rotation":{"origin":[13.807056,20.028902,8.149723],"angle":22.5,"axis":"z"}},{"from":[13.807056,11.909887,4.149723],"to":[13.807056,12.909887,12.149723],"faces":{"east":{"uv":[5.5075,1.0075,7.4925,1.2425],"tintindex":0,"rotation":0,"texture":"#1"},"west":{"uv":[7.4925,1.0075,5.5075,1.2425],"tintindex":0,"rotation":0,"texture":"#1"}},"rotation":{"origin":[13.807056,10.409887,7.899723],"angle":-22.5,"axis":"z"}},{"from":[8.763727,10.219395,5.899723],"to":[16.263727,11.219395,10.399723],"faces":{"east":{"uv":[6.8825,3.3825,7.9925,3.6175],"tintindex":0,"rotation":0,"texture":"#1"},"south":{"uv":[6.3675,6.6325,4.5075,6.8675],"tintindex":0,"rotation":0,"texture":"#1"},"north":{"uv":[4.5075,6.6325,6.3675,6.8675],"tintindex":0,"rotation":0,"texture":"#1"},"west":{"uv":[4.5075,6.8825,5.6175,7.1175],"tintindex":0,"rotation":0,"texture":"#1"},"up":{"uv":[5.7425,4.1175,3.8825,3.0075],"tintindex":0,"rotation":0,"texture":"#1"},