{"textures":{"0":"modelengine:entity/deadbeard_pet"},"elements":[{"from":[3.1467667,13.799501,3.164712],"to":[8.146767,16.799501,7.164712],"faces":{"east":{"uv":[10.0075,7.0075,10.9925,7.7425],"tintindex":0,"rotation":0,"texture":"#0"},"south":{"uv":[9.2575,8.7575,10.4925,9.4925],"tintindex":0,"rotation":0,"texture":"#0"},"north":{"uv":[5.2575,9.2575,6.4925,9.9925],"tintindex":0,"rotation":0,"texture":"#0"},"west":{"uv":[10.0075,9.5075,10.9925,10.2425],"tintindex":0,"rotation":0,"texture":"#0"},"up":{"uv":[9.9925,0.9925,8.7575,0.0075],"tintindex":0,"rotation":0,"texture":"#0"},"down":{"uv":[9.2425,8.7575,8.0075,9.7425],"tintindex":0,"rotation":0,"texture":"#0"}},"rotation":{"origin":[5.646767,15.799501,3.164712],"angle":22.5,"axis":"y"}},{"from":[3.1370678,13.799501,4.2214203],"to":[12.637068,16.799501,12.22142],"faces":{"east":{"uv":[0.0075,8.0075,1.9925,8.7425],"tintindex":0,"rotation":0,"texture":"#0"},"south":{"uv":[8.0075,6.2575,10.4925,6.9925],"tintindex":0,"rotation":0,"texture":"#0"},"north":{"uv":[8.0075,5.5075,10.4925,6.2425],"tintindex":0,"rotation":0,"texture":"#0"},"west":{"uv":[8.0075,7.0075,9.9925,7.7425],"tintindex":0,"rotation":0,"texture":"#0"},"up":{"uv":[2.4925,1.9925,0.0075,0.0075],"tintindex":0,"rotation":0,"texture":"#0"},"down":{"uv":[2.4925,2.0075,0.0075,3.9925],"tintindex":0,"rotation":0,"texture":"#0"}}},{"from":[3.9467669,7.7995014,4.014712],"to":[11.946767,15.799501,12.014711],"faces":{"east":{"uv":[2.5075,2.0075,4.4925,3.9925],"tintindex":0,"rotation":0,"texture":"#0"},"south":{"uv":[0.0075,4.0075,1.9925,5.9925],"tintindex":0,"rotation":0,"texture":"#0"},"north":{"uv":[2.5075,0.0075,4.4925,1.9925],"tintindex":0,"rotation":0,"texture":"#0"},"west":{"uv":[4.4925,2.0075,2.5075,3.9925],"tintindex":0,"rotation":0,"texture":"#0"},"up":{"uv":[5.9925,5.9925,4.0075,4.0075],"tintindex":0,"rotation":0,"texture":"#0"},"down":{"uv":[6.4925,0.0075,4.5075,1.9925],"tintindex":0,"rotation":0,"texture":"#0"}}},{"from":[7.766165,13.799501,3.164712],"to":[12.766165,16.799501,7.164712],"faces":{"east":{"uv":[10.9925,9.5075,10.0075,10.2425],"tintindex":0,"rotation":0,"texture":"#0"},"south":{"uv":[10.4925,8.7575,9.2575,9.4925],"tintindex":0,"rotation":0,"texture":"#0"},"north":{"uv":[6.4925,9.2575,5.2575,9.9925],"tintindex":0,"rotation":0,"texture":"#0"},"west":{"uv":[10.9925,7.0075,10.0075,7.7425],"tintindex":0,"rotation":0,"texture":"#0"},"up":{"uv":[8.7575,0.9925,9.9925,0.0075],"tintindex":0,"rotation":0,"texture":"#0"},"down":{"uv":[8.0075,8.7575,9.2425,9.7425],"tintindex":0,"rotation":0,"texture":"#0"}},"rotation":{"origin":[10.266165,15.799501,3.164712],"angle":-22.5,"axis":"y"}},{"from":[8.446767,8.299501,3.8147116],"to":[15.446767,11.299501,3.8147116],"faces":{"south":{"uv":[8.2575,4.5075,9.9925,5.2425],"tintindex":0,"rotation":0,"texture":"#0"},"north":{"uv":[9.9925,4.5075,8.2575,5.2425],"tintindex":0,"rotation":0,"texture":"#0"}},"rotation":{"origin":[11.946767,9.799501,3.8147116],"angle":-22.5,"axis":"z"}},{"from":[-2.4726305,13.799501,5.078129],"to":[8.5273695,20.799501,5.078129],"faces":{"south":{"uv":[11.5075,1.7575,14.2425,3.4925],"tintindex":0,"rotation":0,"texture":"#0"},"north":{"uv":[11.5075,0.0075,14.2425,1.7425],"tintindex":0,"rotation":0,"texture":"#0"}},"rotation":{"origin":[1.027369,15.799501,5.078129],"angle":22.5,"axis":"y"}},{"from":[7.766165,13.799501,3.164712],"to":[18.766165,20.799501,3.164712],"faces":{"south":{"uv":[14.2425,1.7575,11.5075,3.4925],"tintindex":0,"rotation":0,"texture":"#0"},"north":{"uv":[14.2425,0.0075,11.5075,1.7425],"tintindex":0,"rotation":0,"texture":"#0"}},"rotation":{"origin":[10.266165,15.799501,3.164712],"angle":-22.5,"axis":"y"}},{"from":[3.9467669,0.56489754,-0.805851],"to":[11.946767,8.564898,-0.805851],"faces":{"south":{"uv":[6.4925,2.0075,4.5075,3.9925],"tintindex":0,"rotation":0,"texture":"#0"},"north":{"uv":[4.5075,2.0075,6.4925,3.9925],"tintindex":0,"rotation":0,"texture":"#0"}},"rotation":{"origin":[7.946767,-3.4351025,2.1941495],"angle":22.5,"axis":"x"}},{"from":[0.94676685,8.299501,3.8147116],"to":[7.946767,11.299501,3.8147116],"faces":{"south":{"uv":[9.9925,4.5075,8.2575,5.2425],"tintindex":0,"rotation":0,"texture":"#0"},"north":{"uv":[8.2575,4.5075,9.9925,5.2425],"tintindex":0,"rotation":0,"texture":"#0"}},"rotation":{"origin":[4.446767,9.799501,3.8147116],"angle":22.5,"axis":"z"}}]}