{"textures":{"0":"modelengine:entity/deadbeard_pet"},"elements":[{"from":[8.0,4.944538,5.8007016],"to":[10.0,8.944538,9.800702],"faces":{"east":{"uv":[10.2425,2.0075,9.2575,2.9925],"tintindex":0,"rotation":0,"texture":"#0"},"south":{"uv":[4.7425,10.2575,4.2575,11.2425],"tintindex":0,"rotation":0,"texture":"#0"},"north":{"uv":[10.7425,3.0075,10.2575,3.9925],"tintindex":0,"rotation":0,"texture":"#0"},"west":{"uv":[10.2425,1.0075,9.2575,1.9925],"tintindex":0,"rotation":0,"texture":"#0"},"up":{"uv":[4.7575,11.2425,5.2425,10.2575],"tintindex":0,"rotation":0,"texture":"#0"},"down":{"uv":[10.2575,7.7575,10.7425,8.7425],"tintindex":0,"rotation":0,"texture":"#0"}}},{"from":[9.25,-6.119343,3.5945206],"to":[9.25,-0.11934471,9.594521],"faces":{"east":{"uv":[2.0075,7.5075,3.4925,8.9925],"tintindex":0,"rotation":0,"texture":"#0"},"west":{"uv":[3.4925,7.5075,2.0075,8.9925],"tintindex":0,"rotation":0,"texture":"#0"}},"rotation":{"origin":[13.0,2.3806553,6.8445206],"angle":22.5,"axis":"x"}},{"from":[7.75,1.8806553,4.5945206],"to":[10.75,5.8806553,8.594521],"faces":{"east":{"uv":[5.2425,9.2575,4.2575,10.2425],"tintindex":0,"rotation":0,"texture":"#0"},"south":{"uv":[10.7425,0.0075,10.0075,0.9925],"tintindex":0,"rotation":0,"texture":"#0"},"north":{"uv":[8.7425,9.7575,8.0075,10.7425],"tintindex":0,"rotation":0,"texture":"#0"},"west":{"uv":[10.2425,3.0075,9.2575,3.9925],"tintindex":0,"rotation":0,"texture":"#0"},"up":{"uv":[10.0075,5.4925,10.7425,4.5075],"tintindex":0,"rotation":0,"texture":"#0"},"down":{"uv":[5.2575,10.0075,5.9925,10.9925],"tintindex":0,"rotation":0,"texture":"#0"}},"rotation":{"origin":[9.0,2.3806553,6.8445206],"angle":22.5,"axis":"x"}},{"from":[8.25,-0.11934471,5.5945206],"to":[10.25,1.8806553,8.594521],"faces":{"east":{"uv":[11.4925,0.5075,10.7575,0.9925],"tintindex":0,"rotation":0,"texture":"#0"},"south":{"uv":[11.2425,7.7575,10.7575,8.2425],"tintindex":0,"rotation":0,"texture":"#0"},"north":{"uv":[8.2425,10.7575,7.7575,11.2425],"tintindex":0,"rotation":0,"texture":"#0"},"west":{"uv":[11.4925,0.0075,10.7575,0.4925],"tintindex":0,"rotation":0,"texture":"#0"},"up":{"uv":[10.7575,3.7425,11.2425,3.0075],"tintindex":0,"rotation":0,"texture":"#0"},"down":{"uv":[10.7575,4.5075,11.2425,5.2425],"tintindex":0,"rotation":0,"texture":"#0"}},"rotation":{"origin":[13.0,2.3806553,6.8445206],"angle":22.5,"axis":"x"}}]}