{"textures":{"0":"modelengine:entity/krampusbagsanta"},"elements":[{"from":[-2.6212912,6.3430386,-3.0312357],"to":[18.75951,10.619199,18.349567],"rotation":{"angle":0.0,"axis":"y","origin":[4.3467884,23.08704,6.6416454]},"faces":{"east":{"uv":[8.9375,6.75,6.875,7.1875],"rotation":0,"texture":"#0","tintindex":0},"south":{"uv":[6.875,6.25,8.9375,6.6875],"rotation":0,"texture":"#0","tintindex":0},"north":{"uv":[6.875,6.25,8.9375,6.6875],"rotation":0,"texture":"#0","tintindex":0},"west":{"uv":[6.875,6.75,8.9375,7.1875],"rotation":0,"texture":"#0","tintindex":0},"up":{"uv":[4.4375,2.0625,2.375,0.0],"rotation":90,"texture":"#0","tintindex":0},"down":{"uv":[4.4375,2.125,2.375,4.1875],"rotation":270,"texture":"#0","tintindex":0}}},{"from":[-2.6212912,27.72384,-5.1693153],"to":[18.75951,32.0,16.211487],"rotation":{"angle":0.0,"axis":"y","origin":[4.3467884,23.08704,6.6416454]},"faces":{"east":{"uv":[8.5625,7.75,6.5,8.1875],"rotation":0,"texture":"#0","tintindex":0},"south":{"uv":[2.0,7.75,4.0625,8.1875],"rotation":0,"texture":"#0","tintindex":0},"north":{"uv":[4.0625,7.75,2.0,8.1875],"rotation":0,"texture":"#0","tintindex":0},"west":{"uv":[6.5,7.75,8.5625,8.1875],"rotation":0,"texture":"#0","tintindex":0},"up":{"uv":[4.4375,2.0625,2.4375,0.0],"rotation":90,"texture":"#0","tintindex":0},"down":{"uv":[6.5625,0.0,4.5,2.0625],"rotation":270,"texture":"#0","tintindex":0}}},{"from":[-3.6903324,10.619199,-4.5381947],"to":[19.828548,27.72384,18.980686],"rotation":{"angle":0.0,"axis":"y","origin":[4.3467884,23.08704,6.6416454]},"faces":{"east":{"uv":[2.3125,4.75,0.0,6.4375],"rotation":0,"texture":"#0","tintindex":0},"south":{"uv":[4.5,3.875,6.8125,5.5625],"rotation":0,"texture":"#0","tintindex":0},"north":{"uv":[6.8125,3.875,4.5,5.5625],"rotation":0,"texture":"#0","tintindex":0},"west":{"uv":[0.0,4.75,2.3125,6.4375],"rotation":0,"texture":"#0","tintindex":0},"up":{"uv":[2.3125,2.3125,0.0,0.0],"rotation":90,"texture":"#0","tintindex":0},"down":{"uv":[2.3125,2.375,0.0,4.6875],"rotation":270,"texture":"#0","tintindex":0}}},{"from":[19.75127,12.396639,-3.301715],"to":[22.66215,26.564638,17.306286],"rotation":{"angle":0.0,"axis":"y","origin":[4.3467884,23.08704,6.6416454]},"faces":{"east":{"uv":[8.875,1.375,6.875,2.75],"rotation":0,"texture":"#0","tintindex":0},"south":{"uv":[5.875,8.375,6.1875,9.75],"rotation":0,"texture":"#0","tintindex":0},"north":{"uv":[1.0625,8.5,0.75,9.875],"rotation":0,"texture":"#0","tintindex":0},"west":{"uv":[0.0,6.5,2.0,7.875],"rotation":0,"texture":"#0","tintindex":0},"up":{"uv":[10.375,3.9375,8.375,3.625],"rotation":90,"texture":"#0","tintindex":0},"down":{"uv":[5.875,8.375,3.875,8.6875],"rotation":270,"texture":"#0","tintindex":0}}},{"from":[-6.652733,12.396639,-3.301715],"to":[-3.7418528,26.564638,17.306286],"rotation":{"angle":0.0,"axis":"y","origin":[4.3467884,23.08704,6.6416454]},"faces":{"east":{"uv":[6.625,0.0,8.625,1.375],"rotation":0,"texture":"#0","tintindex":0},"south":{"uv":[0.375,8.5,0.6875,9.875],"rotation":0,"texture":"#0","tintindex":0},"north":{"uv":[0.75,8.5,1.0625,9.875],"rotation":0,"texture":"#0","tintindex":0},"west":{"uv":[6.875,1.375,8.875,2.75],"rotation":0,"texture":"#0","tintindex":0},"up":{"uv":[10.375,4.3125,8.375,4.0],"rotation":90,"texture":"#0","tintindex":0},"down":{"uv":[10.375,4.375,8.375,4.6875],"rotation":270,"texture":"#0","tintindex":0}}}],"display":{"head":{"translation":[0.0,0.22784567,0.0],"scale":[4.0,4.0,4.0]}}}