{"textures":{"0":"modelengine:entity/krampusbagsanta"},"elements":[{"from":[2.0282722,5.7992244,-6.2719603],"to":[13.436274,8.427796,7.89604],"rotation":{"angle":22.5,"axis":"x","origin":[8.028775,8.085176,7.795241]},"faces":{"east":{"uv":[0.6875,8.5,0.375,9.875],"rotation":90,"texture":"#0","tintindex":0},"south":{"uv":[10.375,4.6875,8.375,4.375],"rotation":0,"texture":"#0","tintindex":0},"north":{"uv":[10.375,4.0,8.375,4.3125],"rotation":180,"texture":"#0","tintindex":0},"west":{"uv":[1.0625,8.5,0.75,9.875],"rotation":270,"texture":"#0","tintindex":0},"up":{"uv":[6.875,1.375,8.875,2.75],"rotation":0,"texture":"#0","tintindex":0},"down":{"uv":[8.875,1.375,6.875,2.75],"rotation":180,"texture":"#0","tintindex":0}}}],"display":{"head":{"translation":[0.0,-6.4,0.0],"scale":[4.0,4.0,4.0]}}}