{"textures":{"0":"modelengine:entity/krampusbagsanta"},"elements":[{"from":[7.8465014,5.3954735,2.4034858],"to":[22.014502,8.024045,13.811486],"rotation":{"angle":22.5,"axis":"z","origin":[7.530638,7.4195085,8.403989]},"faces":{"east":{"uv":[10.375,4.3125,8.375,4.0],"rotation":180,"texture":"#0","tintindex":0},"south":{"uv":[0.375,8.5,0.6875,9.875],"rotation":90,"texture":"#0","tintindex":0},"north":{"uv":[0.75,8.5,1.0625,9.875],"rotation":270,"texture":"#0","tintindex":0},"west":{"uv":[10.375,4.375,8.375,4.6875],"rotation":0,"texture":"#0","tintindex":0},"up":{"uv":[6.875,1.375,8.875,2.75],"rotation":90,"texture":"#0","tintindex":0},"down":{"uv":[6.875,1.375,8.875,2.75],"rotation":90,"texture":"#0","tintindex":0}}}],"display":{"head":{"translation":[0.0,-6.4,0.0],"scale":[4.0,4.0,4.0]}}}