{"textures":{"0":"modelengine:entity/nocsy_drakonin_roots"},"elements":[{"from":[0.9432869,7.4372063,6.1647263],"to":[8.371859,11.437206,10.164726],"rotation":{"angle":-22.5,"axis":"z","origin":[4.9432874,10.008635,8.45044]},"faces":{"east":{"uv":[3.75,6.25,4.625,7.125],"rotation":0,"texture":"#0","tintindex":0},"south":{"uv":[3.125,4.375,4.75,5.25],"rotation":0,"texture":"#0","tintindex":0},"north":{"uv":[4.75,4.375,3.125,5.25],"rotation":0,"texture":"#0","tintindex":0},"west":{"uv":[2.75,6.25,3.625,7.125],"rotation":0,"texture":"#0","tintindex":0},"up":{"uv":[4.875,4.375,6.5,5.25],"rotation":0,"texture":"#0","tintindex":0},"down":{"uv":[4.875,5.25,6.5,4.375],"rotation":0,"texture":"#0","tintindex":0}}},{"from":[-2.6280804,10.598197,6.4504404],"to":[2.5147772,14.02677,9.879012],"rotation":{"angle":-45.0,"axis":"z","origin":[-0.34236526,12.598198,8.736155]},"faces":{"east":{"uv":[6.375,5.375,7.125,6.125],"rotation":0,"texture":"#0","tintindex":0},"south":{"uv":[3.125,5.375,4.25,6.125],"rotation":0,"texture":"#0","tintindex":0},"north":{"uv":[4.25,5.375,3.125,6.125],"rotation":0,"texture":"#0","tintindex":0},"west":{"uv":[4.75,6.25,5.5,7.0],"rotation":0,"texture":"#0","tintindex":0},"up":{"uv":[0.0,5.625,1.125,6.375],"rotation":0,"texture":"#0","tintindex":0},"down":{"uv":[0.0,6.375,1.125,5.625],"rotation":0,"texture":"#0","tintindex":0}}},{"from":[-4.9137945,4.312483,7.5361547],"to":[4.229063,10.598197,7.5361547],"rotation":{"angle":-45.0,"axis":"z","origin":[-0.34236526,12.598198,8.736155]},"faces":{"east":{"uv":[1.75,7.125,1.75,8.5],"rotation":0,"texture":"#0","tintindex":0},"south":{"uv":[2.125,0.0,4.125,1.375],"rotation":0,"texture":"#0","tintindex":0},"north":{"uv":[4.125,0.0,2.125,1.375],"rotation":0,"texture":"#0","tintindex":0},"west":{"uv":[6.25,6.75,6.25,8.125],"rotation":0,"texture":"#0","tintindex":0},"up":{"uv":[6.625,5.25,8.625,5.25],"rotation":0,"texture":"#0","tintindex":0},"down":{"uv":[6.875,2.125,8.875,2.125],"rotation":0,"texture":"#0","tintindex":0}}},{"from":[-3.083003,12.900871,6.7361546],"to":[-0.22585964,18.615158,9.593298],"rotation":{"angle":0.0,"axis":"y","origin":[-2.797289,15.758014,8.164726]},"faces":{"east":{"uv":[2.0,5.75,2.625,7.0],"rotation":0,"texture":"#0","tintindex":0},"south":{"uv":[5.625,5.375,6.25,6.625],"rotation":0,"texture":"#0","tintindex":0},"north":{"uv":[6.25,5.375,5.625,6.625],"rotation":0,"texture":"#0","tintindex":0},"west":{"uv":[2.625,5.75,2.0,7.0],"rotation":0,"texture":"#0","tintindex":0},"up":{"uv":[6.625,3.75,7.25,4.375],"rotation":0,"texture":"#0","tintindex":0},"down":{"uv":[2.625,5.75,2.0,7.0],"rotation":0,"texture":"#0","tintindex":0}}},{"from":[-8.740147,13.186585,9.079012],"to":[-2.4544315,18.900871,9.079012],"rotation":{"angle":-22.5,"axis":"z","origin":[-5.597288,15.758014,8.45044]},"faces":{"east":{"uv":[2.0,7.125,2.0,8.375],"rotation":0,"texture":"#0","tintindex":0},"south":{"uv":[3.875,3.0,5.25,4.25],"rotation":0,"texture":"#0","tintindex":0},"north":{"uv":[5.25,3.0,3.875,4.25],"rotation":0,"texture":"#0","tintindex":0},"west":{"uv":[1.875,7.125,1.875,8.375],"rotation":0,"texture":"#0","tintindex":0},"up":{"uv":[7.125,2.75,8.5,2.75],"rotation":0,"texture":"#0","tintindex":0},"down":{"uv":[7.125,2.875,8.5,2.875],"rotation":0,"texture":"#0","tintindex":0}}},{"from":[-1.9401455,12.900871,6.7361546],"to":[-1.9401455,18.615158,14.164726],"rotation":{"angle":-22.5,"axis":"y","origin":[-0.22585964,15.758014,10.45044]},"faces":{"east":{"uv":[0.0,3.25,1.625,4.5],"rotation":0,"texture":"#0","tintindex":0},"south":{"uv":[2.125,7.125,2.125,8.375],"rotation":0,"texture":"#0","tintindex":0},"north":{"uv":[2.25,7.125,2.25,8.375],"rotation":0,"texture":"#0","tintindex":0},"west":{"uv":[1.625,3.25,0.0,4.5],"rotation":0,"texture":"#0","tintindex":0},"up":{"uv":[2.375,7.125,2.375,8.75],"rotation":0,"texture":"#0","tintindex":0},"down":{"uv":[2.5,8.75,2.5,7.125],"rotation":0,"texture":"#0","tintindex":0}}},{"from":[-1.0566711,17.109581,7.079012],"to":[1.229043,22.252438,9.364726],"rotation":{"angle":-45.0,"axis":"z","origin":[-0.31381416,19.966722,8.164726]},"faces":{"east":{"uv":[0.625,6.5,1.125,7.625],"rotation":0,"texture":"#0","tintindex":0},"south":{"uv":[6.375,6.25,6.875,7.375],"rotation":0,"texture":"#0","tintindex":0},"north":{"uv":[6.875,6.25,6.375,7.375],"rotation":0,"texture":"#0","tintindex":0},"west":{"uv":[1.125,6.5,0.625,7.625],"rotation":0,"texture":"#0","tintindex":0},"up":{"uv":[5.625,6.75,6.125,7.25],"rotation":0,"texture":"#0","tintindex":0},"down":{"uv":[7.0,6.75,7.5,6.25],"rotation":0,"texture":"#0","tintindex":0}}},{"from":[0.7137718,20.200052,7.2504406],"to":[4.713772,21.914337,8.964726],"rotation":{"angle":0.0,"axis":"y","origin":[2.9994864,22.714336,8.221869]},"faces":{"east":{"uv":[1.25,7.125,1.625,7.5],"rotation":0,"texture":"#0","tintindex":0},"south":{"uv":[5.375,3.75,6.25,4.125],"rotation":0,"texture":"#0","tintindex":0},"north":{"uv":[6.25,3.75,5.375,4.125],"rotation":0,"texture":"#0","tintindex":0},"west":{"uv":[7.125,0.75,7.5,1.125],"rotation":0,"texture":"#0","tintindex":0},"up":{"uv":[6.875,1.25,7.75,1.625],"rotation":0,"texture":"#0","tintindex":0},"down":{"uv":[6.875,1.625,7.75,1.25],"rotation":0,"texture":"#0","tintindex":0}}},{"from":[-2.3719425,19.57148,8.164726],"to":[6.770915,26.428625,8.164726],"rotation":{"angle":-22.5,"axis":"x","origin":[2.7137723,21.057194,8.107583]},"faces":{"east":{"uv":[4.75,7.125,4.75,8.625],"rotation":0,"texture":"#0","tintindex":0},"south":{"uv":[0.0,0.0,2.0,1.5],"rotation":0,"texture":"#0","tintindex":0},"north":{"uv":[2.0,0.0,0.0,1.5],"rotation":0,"texture":"#0","tintindex":0},"west":{"uv":[2.625,7.125,2.625,8.625],"rotation":0,"texture":"#0","tintindex":0},"up":{"uv":[7.125,3.0,9.125,3.0],"rotation":0,"texture":"#0","tintindex":0},"down":{"uv":[7.125,3.125,9.125,3.125],"rotation":0,"texture":"#0","tintindex":0}}},{"from":[6.379037,17.322605,8.107583],"to":[12.093323,23.03689,8.107583],"rotation":{"angle":-45.0,"axis":"z","origin":[5.521894,19.894032,8.107583]},"faces":{"east":{"uv":[5.0,7.125,5.0,8.375],"rotation":0,"texture":"#0","tintindex":0},"south":{"uv":[4.25,1.375,5.5,2.625],"rotation":0,"texture":"#0","tintindex":0},"north":{"uv":[5.5,1.375,4.25,2.625],"rotation":0,"texture":"#0","tintindex":0},"west":{"uv":[4.875,7.125,4.875,8.375],"rotation":0,"texture":"#0","tintindex":0},"up":{"uv":[7.125,3.25,8.375,3.25],"rotation":0,"texture":"#0","tintindex":0},"down":{"uv":[7.125,3.375,8.375,3.375],"rotation":0,"texture":"#0","tintindex":0}}},{"from":[3.521894,19.608318,7.5361547],"to":[6.379037,20.751175,8.679012],"rotation":{"angle":-45.0,"axis":"z","origin":[5.521894,19.894032,8.107583]},"faces":{"east":{"uv":[1.75,3.625,2.0,3.875],"rotation":0,"texture":"#0","tintindex":0},"south":{"uv":[6.875,1.75,7.5,2.0],"rotation":0,"texture":"#0","tintindex":0},"north":{"uv":[7.5,1.75,6.875,2.0],"rotation":0,"texture":"#0","tintindex":0},"west":{"uv":[1.75,3.25,2.0,3.5],"rotation":0,"texture":"#0","tintindex":0},"up":{"uv":[7.125,0.625,7.75,0.375],"rotation":0,"texture":"#0","tintindex":0},"down":{"uv":[7.125,0.625,7.75,0.375],"rotation":0,"texture":"#0","tintindex":0}}}],"display":{"head":{"translation":[0.0,-6.4,0.0],"scale":[4.0,4.0,4.0]}}}