{"textures":{"0":"modelengine:entity/nocsy_drakonin_roots"},"elements":[{"from":[7.6281414,7.4372063,5.8352737],"to":[15.056713,11.437206,9.835274],"rotation":{"angle":22.5,"axis":"z","origin":[11.056713,10.008635,7.5495596]},"faces":{"east":{"uv":[2.75,6.25,3.625,7.125],"rotation":0,"texture":"#0","tintindex":0},"south":{"uv":[4.75,4.375,3.125,5.25],"rotation":0,"texture":"#0","tintindex":0},"north":{"uv":[3.125,4.375,4.75,5.25],"rotation":0,"texture":"#0","tintindex":0},"west":{"uv":[3.75,6.25,4.625,7.125],"rotation":0,"texture":"#0","tintindex":0},"up":{"uv":[6.5,5.25,4.875,4.375],"rotation":0,"texture":"#0","tintindex":0},"down":{"uv":[6.5,4.375,4.875,5.25],"rotation":0,"texture":"#0","tintindex":0}}},{"from":[13.485223,10.598197,6.120988],"to":[18.62808,14.02677,9.54956],"rotation":{"angle":45.0,"axis":"z","origin":[16.342365,12.598198,7.263845]},"faces":{"east":{"uv":[4.75,6.25,5.5,7.0],"rotation":0,"texture":"#0","tintindex":0},"south":{"uv":[4.25,5.375,3.125,6.125],"rotation":0,"texture":"#0","tintindex":0},"north":{"uv":[3.125,5.375,4.25,6.125],"rotation":0,"texture":"#0","tintindex":0},"west":{"uv":[6.375,5.375,7.125,6.125],"rotation":0,"texture":"#0","tintindex":0},"up":{"uv":[1.125,6.375,0.0,5.625],"rotation":0,"texture":"#0","tintindex":0},"down":{"uv":[1.125,5.625,0.0,6.375],"rotation":0,"texture":"#0","tintindex":0}}},{"from":[11.770937,4.312483,8.463845],"to":[20.913795,10.598197,8.463845],"rotation":{"angle":45.0,"axis":"z","origin":[16.342365,12.598198,7.263845]},"faces":{"east":{"uv":[6.25,6.75,6.25,8.125],"rotation":0,"texture":"#0","tintindex":0},"south":{"uv":[4.125,0.0,2.125,1.375],"rotation":0,"texture":"#0","tintindex":0},"north":{"uv":[2.125,0.0,4.125,1.375],"rotation":0,"texture":"#0","tintindex":0},"west":{"uv":[1.75,7.125,1.75,8.5],"rotation":0,"texture":"#0","tintindex":0},"up":{"uv":[8.625,5.25,6.625,5.25],"rotation":0,"texture":"#0","tintindex":0},"down":{"uv":[8.875,2.125,6.875,2.125],"rotation":0,"texture":"#0","tintindex":0}}},{"from":[16.22586,12.900871,6.406702],"to":[19.083004,18.615158,9.263845],"rotation":{"angle":0.0,"axis":"y","origin":[18.797289,15.758014,7.8352737]},"faces":{"east":{"uv":[2.625,5.75,2.0,7.0],"rotation":0,"texture":"#0","tintindex":0},"south":{"uv":[6.25,5.375,5.625,6.625],"rotation":0,"texture":"#0","tintindex":0},"north":{"uv":[5.625,5.375,6.25,6.625],"rotation":0,"texture":"#0","tintindex":0},"west":{"uv":[2.0,5.75,2.625,7.0],"rotation":0,"texture":"#0","tintindex":0},"up":{"uv":[7.25,4.375,6.625,3.75],"rotation":0,"texture":"#0","tintindex":0},"down":{"uv":[2.0,7.0,2.625,5.75],"rotation":0,"texture":"#0","tintindex":0}}},{"from":[18.454432,13.186585,6.920988],"to":[24.740147,18.900871,6.920988],"rotation":{"angle":22.5,"axis":"z","origin":[21.597288,15.758014,7.5495596]},"faces":{"east":{"uv":[1.875,7.125,1.875,8.375],"rotation":0,"texture":"#0","tintindex":0},"south":{"uv":[5.25,3.0,3.875,4.25],"rotation":0,"texture":"#0","tintindex":0},"north":{"uv":[3.875,3.0,5.25,4.25],"rotation":0,"texture":"#0","tintindex":0},"west":{"uv":[2.0,7.125,2.0,8.375],"rotation":0,"texture":"#0","tintindex":0},"up":{"uv":[8.5,2.75,7.125,2.75],"rotation":0,"texture":"#0","tintindex":0},"down":{"uv":[8.5,2.875,7.125,2.875],"rotation":0,"texture":"#0","tintindex":0}}},{"from":[17.940145,12.900871,1.8352733],"to":[17.940145,18.615158,9.263845],"rotation":{"angle":-22.5,"axis":"y","origin":[16.22586,15.758014,5.5495596]},"faces":{"east":{"uv":[1.625,3.25,0.0,4.5],"rotation":0,"texture":"#0","tintindex":0},"south":{"uv":[2.25,7.125,2.25,8.375],"rotation":0,"texture":"#0","tintindex":0},"north":{"uv":[2.125,7.125,2.125,8.375],"rotation":0,"texture":"#0","tintindex":0},"west":{"uv":[0.0,3.25,1.625,4.5],"rotation":0,"texture":"#0","tintindex":0},"up":{"uv":[2.375,8.75,2.375,7.125],"rotation":0,"texture":"#0","tintindex":0},"down":{"uv":[2.5,7.125,2.5,8.75],"rotation":0,"texture":"#0","tintindex":0}}},{"from":[14.770957,17.109581,6.6352735],"to":[17.056671,22.252438,8.920988],"rotation":{"angle":45.0,"axis":"z","origin":[16.313814,19.966722,7.8352737]},"faces":{"east":{"uv":[1.125,6.5,0.625,7.625],"rotation":0,"texture":"#0","tintindex":0},"south":{"uv":[6.875,6.25,6.375,7.375],"rotation":0,"texture":"#0","tintindex":0},"north":{"uv":[6.375,6.25,6.875,7.375],"rotation":0,"texture":"#0","tintindex":0},"west":{"uv":[0.625,6.5,1.125,7.625],"rotation":0,"texture":"#0","tintindex":0},"up":{"uv":[6.125,7.25,5.625,6.75],"rotation":0,"texture":"#0","tintindex":0},"down":{"uv":[7.5,6.25,7.0,6.75],"rotation":0,"texture":"#0","tintindex":0}}},{"from":[11.286228,20.200052,7.0352736],"to":[15.286228,21.914337,8.749559],"rotation":{"angle":0.0,"axis":"y","origin":[13.000513,22.714336,7.778131]},"faces":{"east":{"uv":[7.125,0.75,7.5,1.125],"rotation":0,"texture":"#0","tintindex":0},"south":{"uv":[6.25,3.75,5.375,4.125],"rotation":0,"texture":"#0","tintindex":0},"north":{"uv":[5.375,3.75,6.25,4.125],"rotation":0,"texture":"#0","tintindex":0},"west":{"uv":[1.25,7.125,1.625,7.5],"rotation":0,"texture":"#0","tintindex":0},"up":{"uv":[7.75,1.625,6.875,1.25],"rotation":0,"texture":"#0","tintindex":0},"down":{"uv":[7.75,1.25,6.875,1.625],"rotation":0,"texture":"#0","tintindex":0}}},{"from":[9.229085,19.57148,7.8352737],"to":[18.371943,26.428625,7.8352737],"rotation":{"angle":22.5,"axis":"x","origin":[13.286228,21.057194,7.8924165]},"faces":{"east":{"uv":[2.625,7.125,2.625,8.625],"rotation":0,"texture":"#0","tintindex":0},"south":{"uv":[2.0,0.0,0.0,1.5],"rotation":0,"texture":"#0","tintindex":0},"north":{"uv":[0.0,0.0,2.0,1.5],"rotation":0,"texture":"#0","tintindex":0},"west":{"uv":[4.75,7.125,4.75,8.625],"rotation":0,"texture":"#0","tintindex":0},"up":{"uv":[9.125,3.0,7.125,3.0],"rotation":0,"texture":"#0","tintindex":0},"down":{"uv":[9.125,3.125,7.125,3.125],"rotation":0,"texture":"#0","tintindex":0}}},{"from":[3.9066772,17.322605,7.8924165],"to":[9.620963,23.03689,7.8924165],"rotation":{"angle":45.0,"axis":"z","origin":[10.478106,19.894032,7.8924165]},"faces":{"east":{"uv":[4.875,7.125,4.875,8.375],"rotation":0,"texture":"#0","tintindex":0},"south":{"uv":[5.5,1.375,4.25,2.625],"rotation":0,"texture":"#0","tintindex":0},"north":{"uv":[4.25,1.375,5.5,2.625],"rotation":0,"texture":"#0","tintindex":0},"west":{"uv":[5.0,7.125,5.0,8.375],"rotation":0,"texture":"#0","tintindex":0},"up":{"uv":[8.375,3.25,7.125,3.25],"rotation":0,"texture":"#0","tintindex":0},"down":{"uv":[8.375,3.375,7.125,3.375],"rotation":0,"texture":"#0","tintindex":0}}},{"from":[9.620963,19.608318,7.320988],"to":[12.478106,20.751175,8.463845],"rotation":{"angle":45.0,"axis":"z","origin":[10.478106,19.894032,7.8924165]},"faces":{"east":{"uv":[1.75,3.25,2.0,3.5],"rotation":0,"texture":"#0","tintindex":0},"south":{"uv":[7.5,1.75,6.875,2.0],"rotation":0,"texture":"#0","tintindex":0},"north":{"uv":[6.875,1.75,7.5,2.0],"rotation":0,"texture":"#0","tintindex":0},"west":{"uv":[1.75,3.625,2.0,3.875],"rotation":0,"texture":"#0","tintindex":0},"up":{"uv":[7.75,0.375,7.125,0.625],"rotation":0,"texture":"#0","tintindex":0},"down":{"uv":[7.75,0.375,7.125,0.625],"rotation":0,"texture":"#0","tintindex":0}}}],"display":{"head":{"translation":[0.0,-6.4,0.0],"scale":[4.0,4.0,4.0]}}}