{"textures":{"0":"modelengine:entity/dragon_glacial"},"elements":[{"from":[6.5772567,2.265942,5.180495],"to":[9.4344,8.551657,9.180495],"rotation":{"angle":22.5,"axis":"x","origin":[8.005828,5.408799,7.180495]},"faces":{"east":{"uv":[1.0625,7.625,0.625,8.3125],"rotation":0,"texture":"#0","tintindex":0},"south":{"uv":[6.875,7.75,6.5625,8.4375],"rotation":0,"texture":"#0","tintindex":0},"north":{"uv":[6.875,7.75,6.5625,8.4375],"rotation":0,"texture":"#0","tintindex":0},"west":{"uv":[1.0625,7.625,0.625,8.3125],"rotation":0,"texture":"#0","tintindex":0},"up":{"uv":[0.875,9.4375,1.1875,9.0],"rotation":0,"texture":"#0","tintindex":0},"down":{"uv":[0.875,9.4375,1.1875,9.0],"rotation":0,"texture":"#0","tintindex":0}}},{"from":[9.4344,2.5939565,6.388598],"to":[12.291543,8.879671,6.388598],"rotation":{"angle":22.5,"axis":"x","origin":[10.862971,5.7368135,6.388598]},"faces":{"east":{"uv":[3.1875,10.375,3.1875,11.0625],"rotation":0,"texture":"#0","tintindex":0},"south":{"uv":[8.1875,0.0,8.5,0.6875],"rotation":0,"texture":"#0","tintindex":0},"north":{"uv":[8.5,0.0,8.1875,0.6875],"rotation":0,"texture":"#0","tintindex":0},"west":{"uv":[3.125,10.375,3.125,11.0625],"rotation":0,"texture":"#0","tintindex":0},"up":{"uv":[8.6875,7.9375,9.0,7.9375],"rotation":0,"texture":"#0","tintindex":0},"down":{"uv":[3.625,8.875,3.9375,8.875],"rotation":0,"texture":"#0","tintindex":0}}}],"display":{"head":{"translation":[0.0,-6.4,0.0],"scale":[4.0,4.0,4.0]}}}