{"textures":{"1":"modelengine:entity/pet_rednose"},"elements":[{"from":[6.5714283,7.434784,6.3180637],"to":[9.428572,10.291927,9.175207],"rotation":{"angle":0.0,"axis":"y","origin":[7.714286,4.5776415,8.603778]},"faces":{"east":{"uv":[2.492,6.508,0.008,8.992],"rotation":0,"texture":"#1","tintindex":0},"south":{"uv":[5.008,4.008,7.492,6.492],"rotation":0,"texture":"#1","tintindex":0},"north":{"uv":[0.008,4.008,2.492,6.492],"rotation":0,"texture":"#1","tintindex":0},"west":{"uv":[0.008,6.508,2.492,8.992],"rotation":0,"texture":"#1","tintindex":0},"up":{"uv":[4.992,8.992,2.508,6.508],"rotation":0,"texture":"#1","tintindex":0},"down":{"uv":[7.492,6.508,5.008,8.992],"rotation":0,"texture":"#1","tintindex":0}}},{"from":[7.142857,7.434784,5.175206],"to":[8.857143,9.14907,6.3180637],"rotation":{"angle":0.0,"axis":"y","origin":[7.714286,4.5776415,8.603778]},"faces":{"east":{"uv":[1.508,9.008,2.492,10.492],"rotation":0,"texture":"#1","tintindex":0},"south":{"uv":[3.008,9.008,4.492,10.492],"rotation":0,"texture":"#1","tintindex":0},"north":{"uv":[0.008,9.008,1.492,10.492],"rotation":0,"texture":"#1","tintindex":0},"west":{"uv":[9.008,3.508,9.992,4.992],"rotation":0,"texture":"#1","tintindex":0},"up":{"uv":[5.992,9.992,4.508,9.008],"rotation":0,"texture":"#1","tintindex":0},"down":{"uv":[10.492,5.008,9.008,5.992],"rotation":0,"texture":"#1","tintindex":0}}},{"from":[7.428571,8.5776415,4.603778],"to":[8.571428,9.720499,5.7466354],"rotation":{"angle":0.0,"axis":"y","origin":[7.714286,4.5776415,8.603778]},"faces":{"east":{"uv":[4.008,10.508,4.992,11.492],"rotation":0,"texture":"#1","tintindex":0},"south":{"uv":[10.508,4.508,11.492,5.492],"rotation":0,"texture":"#1","tintindex":0},"north":{"uv":[10.508,3.508,11.492,4.492],"rotation":0,"texture":"#1","tintindex":0},"west":{"uv":[5.008,10.508,5.992,11.492],"rotation":0,"texture":"#1","tintindex":0},"up":{"uv":[11.492,6.492,10.508,5.508],"rotation":0,"texture":"#1","tintindex":0},"down":{"uv":[6.992,10.508,6.008,11.492],"rotation":0,"texture":"#1","tintindex":0}}},{"from":[7.142857,10.291927,7.460921],"to":[7.142857,12.5776415,11.460921],"rotation":{"angle":0.0,"axis":"y","origin":[7.714286,4.5776415,8.603778]},"faces":{"east":{"uv":[0.008,0.008,3.492,1.992],"rotation":0,"texture":"#1","tintindex":0},"south":{"uv":[0.008,0.008,-0.016,1.992],"rotation":0,"texture":"#1","tintindex":0},"north":{"uv":[0.008,0.008,-0.016,1.992],"rotation":0,"texture":"#1","tintindex":0},"west":{"uv":[3.492,0.008,0.008,1.992],"rotation":0,"texture":"#1","tintindex":0},"up":{"uv":[0.008,3.492,-0.016,0.008],"rotation":0,"texture":"#1","tintindex":0},"down":{"uv":[0.008,0.008,-0.016,3.492],"rotation":0,"texture":"#1","tintindex":0}}},{"from":[8.857143,10.291927,7.460921],"to":[8.857143,12.5776415,11.460921],"rotation":{"angle":0.0,"axis":"y","origin":[7.714286,4.5776415,8.603778]},"faces":{"east":{"uv":[0.008,0.008,3.492,1.992],"rotation":0,"texture":"#1","tintindex":0},"south":{"uv":[0.008,0.008,-0.016,1.992],"rotation":0,"texture":"#1","tintindex":0},"north":{"uv":[0.008,0.008,-0.016,1.992],"rotation":0,"texture":"#1","tintindex":0},"west":{"uv":[3.492,0.008,0.008,1.992],"rotation":0,"texture":"#1","tintindex":0},"up":{"uv":[0.008,3.492,-0.016,0.008],"rotation":0,"texture":"#1","tintindex":0},"down":{"uv":[0.008,0.008,-0.016,3.492],"rotation":0,"texture":"#1","tintindex":0}}},{"from":[4.8571424,9.720499,8.03235],"to":[7.714286,11.434784,8.03235],"rotation":{"angle":-22.5,"axis":"x","origin":[6.5714283,12.006213,8.746635]},"faces":{"east":{"uv":[0.008,0.008,-0.016,1.492],"rotation":0,"texture":"#1","tintindex":0},"south":{"uv":[6.492,11.508,4.008,12.992],"rotation":0,"texture":"#1","tintindex":0},"north":{"uv":[7.508,7.008,9.992,8.492],"rotation":0,"texture":"#1","tintindex":0},"west":{"uv":[0.008,0.008,-0.016,1.492],"rotation":0,"texture":"#1","tintindex":0},"up":{"uv":[2.492,0.008,0.008,-0.016],"rotation":0,"texture":"#1","tintindex":0},"down":{"uv":[2.492,0.008,0.008,-0.016],"rotation":0,"texture":"#1","tintindex":0}}},{"from":[8.285714,9.720499,8.03235],"to":[11.142858,11.434784,8.03235],"rotation":{"angle":-22.5,"axis":"x","origin":[8.857143,12.006213,8.746635]},"faces":{"east":{"uv":[0.008,0.008,-0.016,1.492],"rotation":0,"texture":"#1","tintindex":0},"south":{"uv":[4.008,11.508,6.492,12.992],"rotation":0,"texture":"#1","tintindex":0},"north":{"uv":[9.992,7.008,7.508,8.492],"rotation":0,"texture":"#1","tintindex":0},"west":{"uv":[0.008,0.008,-0.016,1.492],"rotation":0,"texture":"#1","tintindex":0},"up":{"uv":[0.008,0.008,2.492,-0.016],"rotation":0,"texture":"#1","tintindex":0},"down":{"uv":[0.008,0.008,2.492,-0.016],"rotation":0,"texture":"#1","tintindex":0}}}],"display":{"head":{"translation":[0.0,-6.4,0.0],"scale":[4.0,4.0,4.0]}}}