{"textures":{"0":"modelengine:entity/babykrakenpet"},"elements":[{"from":[7.502857,8.098792,8.172621],"to":[8.497143,9.093078,10.161192],"rotation":{"angle":22.5,"axis":"x","origin":[8.0,8.969858,6.6020155]},"faces":{"east":{"uv":[11.484,4.516,10.016,5.484],"rotation":0,"texture":"#0","tintindex":0},"south":{"uv":[10.484,12.016,9.516,12.984],"rotation":0,"texture":"#0","tintindex":0},"north":{"uv":[12.984,9.016,12.016,9.984],"rotation":0,"texture":"#0","tintindex":0},"west":{"uv":[6.484,10.016,5.016,10.984],"rotation":0,"texture":"#0","tintindex":0},"up":{"uv":[0.016,11.484,1.484,10.516],"rotation":90,"texture":"#0","tintindex":0},"down":{"uv":[10.516,0.016,11.984,0.984],"rotation":270,"texture":"#0","tintindex":0}}}],"display":{"head":{"translation":[0.0,-6.4,0.0],"scale":[4.0,4.0,4.0]}}}