{"textures":{"0":"modelengine:entity/babykrakenpet"},"elements":[{"from":[7.5471067,4.7681165,6.606947],"to":[9.867106,8.2481165,8.926947],"faces":{"east":{"uv":[7.516,10.516,8.484,11.984],"tintindex":0,"rotation":0,"texture":"#0"},"south":{"uv":[10.516,7.516,11.484,8.984],"tintindex":0,"rotation":0,"texture":"#0"},"north":{"uv":[1.516,10.516,2.484,11.984],"tintindex":0,"rotation":0,"texture":"#0"},"west":{"uv":[6.516,10.016,7.484,11.484],"tintindex":0,"rotation":0,"texture":"#0"},"up":{"uv":[12.016,10.016,12.984,10.984],"tintindex":0,"rotation":90,"texture":"#0"},"down":{"uv":[12.016,11.984,12.984,11.016],"tintindex":0,"rotation":270,"texture":"#0"}},"rotation":{"origin":[8.707107,7.9152994,7.078676],"angle":-45.0,"axis":"x"}}]}