{"textures":{"0":"modelengine:entity/babykrakenpet"},"elements":[{"from":[7.741204,6.153209,7.2039695],"to":[9.066918,8.141781,8.529684],"rotation":{"angle":-45.0,"axis":"x","origin":[8.404061,7.9515996,7.4735293]},"faces":{"east":{"uv":[7.516,10.516,8.484,11.984],"rotation":0,"texture":"#0","tintindex":0},"south":{"uv":[10.516,7.516,11.484,8.984],"rotation":0,"texture":"#0","tintindex":0},"north":{"uv":[1.516,10.516,2.484,11.984],"rotation":0,"texture":"#0","tintindex":0},"west":{"uv":[6.516,10.016,7.484,11.484],"rotation":0,"texture":"#0","tintindex":0},"up":{"uv":[12.016,10.016,12.984,10.984],"rotation":90,"texture":"#0","tintindex":0},"down":{"uv":[12.016,11.984,12.984,11.016],"rotation":270,"texture":"#0","tintindex":0}}}],"display":{"head":{"translation":[0.0,-6.4,0.0],"scale":[4.0,4.0,4.0]}}}