{"textures":{"0":"modelengine:entity/babykrakenpet"},"elements":[{"from":[7.502857,8.084506,6.0673795],"to":[8.497143,9.078793,8.055951],"rotation":{"angle":-22.5,"axis":"x","origin":[8.0,8.955572,9.626555]},"faces":{"east":{"uv":[10.016,4.516,11.484,5.484],"rotation":0,"texture":"#0","tintindex":0},"south":{"uv":[12.016,9.016,12.984,9.984],"rotation":0,"texture":"#0","tintindex":0},"north":{"uv":[9.516,12.016,10.484,12.984],"rotation":0,"texture":"#0","tintindex":0},"west":{"uv":[5.016,10.016,6.484,10.984],"rotation":0,"texture":"#0","tintindex":0},"up":{"uv":[1.484,11.484,0.016,10.516],"rotation":90,"texture":"#0","tintindex":0},"down":{"uv":[11.984,0.016,10.516,0.984],"rotation":270,"texture":"#0","tintindex":0}}}],"display":{"head":{"translation":[0.0,-6.4,0.0],"scale":[4.0,4.0,4.0]}}}