{"textures":{"0":"modelengine:entity/babykrakenpet"},"elements":[{"from":[6.84,4.7681165,6.8408203],"to":[9.16,8.2481165,9.16082],"faces":{"east":{"uv":[8.484,10.516,7.516,11.984],"tintindex":0,"rotation":0,"texture":"#0"},"south":{"uv":[2.484,10.516,1.516,11.984],"tintindex":0,"rotation":0,"texture":"#0"},"north":{"uv":[11.484,7.516,10.516,8.984],"tintindex":0,"rotation":0,"texture":"#0"},"west":{"uv":[7.484,10.016,6.516,11.484],"tintindex":0,"rotation":0,"texture":"#0"},"up":{"uv":[12.984,10.016,12.016,10.984],"tintindex":0,"rotation":90,"texture":"#0"},"down":{"uv":[12.984,11.984,12.016,11.016],"tintindex":0,"rotation":270,"texture":"#0"}},"rotation":{"origin":[8.0,7.9152994,8.689091],"angle":45.0,"axis":"x"}}]}