{"textures":{"0":"modelengine:entity/babykrakenpet"},"elements":[{"from":[6.0114284,7.9009523,6.1676188],"to":[9.988571,11.878096,10.144762],"rotation":{"angle":0.0,"axis":"y","origin":[8.0,7.8433533,8.035671]},"faces":{"east":{"uv":[0.016,3.016,2.984,5.984],"rotation":0,"texture":"#0","tintindex":0},"south":{"uv":[3.016,0.016,5.984,2.984],"rotation":0,"texture":"#0","tintindex":0},"north":{"uv":[0.016,0.016,2.984,2.984],"rotation":0,"texture":"#0","tintindex":0},"west":{"uv":[3.016,3.016,5.984,5.984],"rotation":0,"texture":"#0","tintindex":0},"up":{"uv":[2.984,8.984,0.016,6.016],"rotation":0,"texture":"#0","tintindex":0},"down":{"uv":[8.984,0.016,6.016,2.984],"rotation":0,"texture":"#0","tintindex":0}}},{"from":[6.674286,9.226666,7.4933333],"to":[9.325714,12.540953,10.807619],"rotation":{"angle":0.0,"axis":"y","origin":[8.0,7.8433533,8.035671]},"faces":{"east":{"uv":[3.016,6.016,5.484,8.484],"rotation":0,"texture":"#0","tintindex":0},"south":{"uv":[7.516,5.516,9.484,7.984],"rotation":0,"texture":"#0","tintindex":0},"north":{"uv":[5.516,6.016,7.484,8.484],"rotation":0,"texture":"#0","tintindex":0},"west":{"uv":[6.016,3.016,8.484,5.484],"rotation":0,"texture":"#0","tintindex":0},"up":{"uv":[9.484,10.484,7.516,8.016],"rotation":0,"texture":"#0","tintindex":0},"down":{"uv":[4.984,8.516,3.016,10.984],"rotation":0,"texture":"#0","tintindex":0}}},{"from":[7.337143,8.563809,5.5047617],"to":[8.662857,9.8895235,6.1676188],"rotation":{"angle":0.0,"axis":"y","origin":[8.0,7.8433533,8.035671]},"faces":{"east":{"uv":[7.016,8.516,7.484,9.484],"rotation":0,"texture":"#0","tintindex":0},"south":{"uv":[12.516,8.016,13.484,8.984],"rotation":0,"texture":"#0","tintindex":0},"north":{"uv":[12.516,7.016,13.484,7.984],"rotation":0,"texture":"#0","tintindex":0},"west":{"uv":[10.516,12.016,10.984,12.984],"rotation":0,"texture":"#0","tintindex":0},"up":{"uv":[6.984,5.984,6.016,5.516],"rotation":0,"texture":"#0","tintindex":0},"down":{"uv":[9.484,12.516,8.516,12.984],"rotation":0,"texture":"#0","tintindex":0}}}],"display":{"head":{"translation":[0.0,-6.4,0.0],"scale":[4.0,4.0,4.0]}}}