{"textures":{"0":"modelengine:entity/babykrakenpet"},"elements":[{"from":[7.4095516,6.0031996,7.337143],"to":[8.735266,7.991771,8.662857],"rotation":{"angle":-45.0,"axis":"z","origin":[8.5014305,7.837314,7.8794804]},"faces":{"east":{"uv":[1.516,10.516,2.484,11.984],"rotation":0,"texture":"#0","tintindex":0},"south":{"uv":[7.516,10.516,8.484,11.984],"rotation":0,"texture":"#0","tintindex":0},"north":{"uv":[6.516,10.016,7.484,11.484],"rotation":0,"texture":"#0","tintindex":0},"west":{"uv":[10.516,7.516,11.484,8.984],"rotation":0,"texture":"#0","tintindex":0},"up":{"uv":[12.984,10.984,12.016,10.016],"rotation":0,"texture":"#0","tintindex":0},"down":{"uv":[12.984,11.016,12.016,11.984],"rotation":0,"texture":"#0","tintindex":0}}}],"display":{"head":{"translation":[0.0,-6.4,0.0],"scale":[4.0,4.0,4.0]}}}