{"textures":{"0":"modelengine:entity/babykrakenpet"},"elements":[{"from":[5.8569393,8.046698,7.502857],"to":[7.845511,9.040983,8.497143],"rotation":{"angle":22.5,"axis":"z","origin":[9.462791,8.898429,7.8794804]},"faces":{"east":{"uv":[12.016,9.016,12.984,9.984],"rotation":0,"texture":"#0","tintindex":0},"south":{"uv":[5.016,10.016,6.484,10.984],"rotation":0,"texture":"#0","tintindex":0},"north":{"uv":[10.016,4.516,11.484,5.484],"rotation":0,"texture":"#0","tintindex":0},"west":{"uv":[9.516,12.016,10.484,12.984],"rotation":0,"texture":"#0","tintindex":0},"up":{"uv":[1.484,11.484,0.016,10.516],"rotation":0,"texture":"#0","tintindex":0},"down":{"uv":[11.984,0.016,10.516,0.984],"rotation":0,"texture":"#0","tintindex":0}}}],"display":{"head":{"translation":[0.0,-6.4,0.0],"scale":[4.0,4.0,4.0]}}}