{"textures":{"0":"modelengine:entity/babykrakenpet"},"elements":[{"from":[6.966716,4.505599,6.84],"to":[9.2867155,7.985599,9.16],"faces":{"east":{"uv":[1.516,10.516,2.484,11.984],"tintindex":0,"rotation":0,"texture":"#0"},"south":{"uv":[7.516,10.516,8.484,11.984],"tintindex":0,"rotation":0,"texture":"#0"},"north":{"uv":[6.516,10.016,7.484,11.484],"tintindex":0,"rotation":0,"texture":"#0"},"west":{"uv":[10.516,7.516,11.484,8.984],"tintindex":0,"rotation":0,"texture":"#0"},"up":{"uv":[12.984,10.984,12.016,10.016],"tintindex":0,"rotation":0,"texture":"#0"},"down":{"uv":[12.984,11.016,12.016,11.984],"tintindex":0,"rotation":0,"texture":"#0"}},"rotation":{"origin":[8.877503,7.715299,7.789091],"angle":-45.0,"axis":"z"}}]}