{"textures":{"0":"modelengine:entity/babykrakenpet"},"elements":[{"from":[8.154489,8.046698,7.502857],"to":[10.143061,9.040983,8.497143],"rotation":{"angle":-22.5,"axis":"z","origin":[6.5372086,8.898429,7.8794804]},"faces":{"east":{"uv":[10.484,12.016,9.516,12.984],"rotation":0,"texture":"#0","tintindex":0},"south":{"uv":[6.484,10.016,5.016,10.984],"rotation":0,"texture":"#0","tintindex":0},"north":{"uv":[11.484,4.516,10.016,5.484],"rotation":0,"texture":"#0","tintindex":0},"west":{"uv":[12.984,9.016,12.016,9.984],"rotation":0,"texture":"#0","tintindex":0},"up":{"uv":[0.016,11.484,1.484,10.516],"rotation":0,"texture":"#0","tintindex":0},"down":{"uv":[10.516,0.016,11.984,0.984],"rotation":0,"texture":"#0","tintindex":0}}}],"display":{"head":{"translation":[0.0,-6.4,0.0],"scale":[4.0,4.0,4.0]}}}