{"textures":{"0":"modelengine:entity/babykrakenpet"},"elements":[{"from":[6.7132845,4.505599,6.84],"to":[9.033284,7.985599,9.16],"faces":{"east":{"uv":[11.484,7.516,10.516,8.984],"tintindex":0,"rotation":0,"texture":"#0"},"south":{"uv":[8.484,10.516,7.516,11.984],"tintindex":0,"rotation":0,"texture":"#0"},"north":{"uv":[7.484,10.016,6.516,11.484],"tintindex":0,"rotation":0,"texture":"#0"},"west":{"uv":[2.484,10.516,1.516,11.984],"tintindex":0,"rotation":0,"texture":"#0"},"up":{"uv":[12.016,10.984,12.984,10.016],"tintindex":0,"rotation":0,"texture":"#0"},"down":{"uv":[12.016,11.016,12.984,11.984],"tintindex":0,"rotation":0,"texture":"#0"}},"rotation":{"origin":[7.1224966,7.715299,7.789091],"angle":45.0,"axis":"z"}}]}