{"textures":{"0":"modelengine:entity/babykrakenpet"},"elements":[{"from":[8.270355,8.08172,7.13],"to":[11.750356,9.82172,8.87],"faces":{"east":{"uv":[10.484,12.016,9.516,12.984],"tintindex":0,"rotation":0,"texture":"#0"},"south":{"uv":[6.484,10.016,5.016,10.984],"tintindex":0,"rotation":0,"texture":"#0"},"north":{"uv":[11.484,4.516,10.016,5.484],"tintindex":0,"rotation":0,"texture":"#0"},"west":{"uv":[12.984,9.016,12.016,9.984],"tintindex":0,"rotation":0,"texture":"#0"},"up":{"uv":[0.016,11.484,1.484,10.516],"tintindex":0,"rotation":0,"texture":"#0"},"down":{"uv":[10.516,0.016,11.984,0.984],"tintindex":0,"rotation":0,"texture":"#0"}},"rotation":{"origin":[5.440115,9.57225,7.789091],"angle":-22.5,"axis":"z"}}]}