{"textures":{"0":"modelengine:entity/mount_chick_white"},"elements":[{"from":[6.011021,4.0857143,6.0120697],"to":[10.011021,8.085714,10.01207],"faces":{"east":{"uv":[10.875,4.875,10.375,5.375],"tintindex":0,"rotation":180,"texture":"#0"},"south":{"uv":[10.75,3.625,10.25,4.125],"tintindex":0,"rotation":180,"texture":"#0"},"north":{"uv":[10.625,10.25,10.125,10.75],"tintindex":0,"rotation":180,"texture":"#0"},"west":{"uv":[10.75,8.375,10.25,8.875],"tintindex":0,"rotation":180,"texture":"#0"},"up":{"uv":[7.5,10.375,8.0,10.875],"tintindex":0,"rotation":0,"texture":"#0"},"down":{"uv":[6.875,10.875,7.375,10.375],"tintindex":0,"rotation":0,"texture":"#0"}}}]}