{"textures":{"0":"modelengine:entity/poison_puddle"},"elements":[{"from":[-2.0359993,-4.0754013,7.8599997],"to":[19.672802,17.6334,7.8599997],"faces":{"south":{"uv":[9.0,2.25,11.0,4.25],"tintindex":0,"rotation":0,"texture":"#0"},"north":{"uv":[11.0,2.25,9.0,4.25],"tintindex":0,"rotation":0,"texture":"#0"}}},{"from":[7.4616003,-4.0754013,-4.351201],"to":[7.4616003,17.6334,17.3576],"faces":{"east":{"uv":[9.0,2.25,11.0,4.25],"tintindex":0,"rotation":0,"texture":"#0"},"west":{"uv":[11.0,2.25,9.0,4.25],"tintindex":0,"rotation":0,"texture":"#0"}}}]}