{"textures":{"0":"modelengine:entity/poison_puddle"},"elements":[{"from":[-2.7144003,-2.7186012,7.8600006],"to":[18.9944,18.9902,7.8600006],"faces":{"south":{"uv":[6.75,2.25,8.75,4.25],"tintindex":0,"rotation":0,"texture":"#0"},"north":{"uv":[8.75,2.25,6.75,4.25],"tintindex":0,"rotation":0,"texture":"#0"}}},{"from":[8.14,-2.7186012,-2.9944],"to":[8.14,18.9902,18.714401],"faces":{"east":{"uv":[8.75,2.25,6.75,4.25],"tintindex":0,"rotation":0,"texture":"#0"},"west":{"uv":[6.75,2.25,8.75,4.25],"tintindex":0,"rotation":0,"texture":"#0"}}}]}