{"textures":{"0":"modelengine:entity/asianelephant"},"elements":[{"from":[7.1726565,5.454254,6.9585266],"to":[7.8949375,6.302149,8.05765],"faces":{"east":{"uv":[2.58125,0.21875,2.4375,0.0],"tintindex":0,"rotation":0,"texture":"#0"},"south":{"uv":[2.58125,0.21875,2.4375,0.0],"tintindex":0,"rotation":0,"texture":"#0"},"north":{"uv":[2.58125,0.21875,2.4375,0.0],"tintindex":0,"rotation":0,"texture":"#0"},"west":{"uv":[2.58125,0.21875,2.4375,0.0],"tintindex":0,"rotation":0,"texture":"#0"},"up":{"uv":[2.58125,0.21875,2.4375,0.0],"tintindex":0,"rotation":0,"texture":"#0"},"down":{"uv":[2.58125,0.21875,2.4375,0.0],"tintindex":0,"rotation":0,"texture":"#0"}}},{"from":[3.2796917,7.2051945,7.3039656],"to":[4.630043,7.7390537,7.837826],"faces":{"east":{"uv":[2.70625,0.10625,2.4375,0.0],"tintindex":0,"rotation":0,"texture":"#0"},"south":{"uv":[2.70625,0.10625,2.4375,0.0],"tintindex":0,"rotation":0,"texture":"#0"},"north":{"uv":[2.70625,0.10625,2.4375,0.0],"tintindex":0,"rotation":0,"texture":"#0"},"west":{"uv":[2.70625,0.10625,2.4375,0.0],"tintindex":0,"rotation":0,"texture":"#0"},"up":{"uv":[2.70625,0.10625,2.4375,0.0],"tintindex":0,"rotation":0,"texture":"#0"},"down":{"uv":[2.70625,0.10625,2.4375,0.0],"tintindex":0,"rotation":0,"texture":"#0"}},"rotation":{"origin":[7.1524014,6.1090965,7.91613],"angle":45.0,"axis":"z"}},{"from":[6.075901,5.600357,7.1155443],"to":[7.175024,6.2598305,7.900632],"faces":{"east":{"uv":[2.65625,0.13125,2.4375,0.0],"tintindex":0,"rotation":0,"texture":"#0"},"south":{"uv":[2.65625,0.13125,2.4375,0.0],"tintindex":0,"rotation":0,"texture":"#0"},"north":{"uv":[2.65625,0.13125,2.4375,0.0],"tintindex":0,"rotation":0,"texture":"#0"},"west":{"uv":[2.65625,0.13125,2.4375,0.0],"tintindex":0,"rotation":0,"texture":"#0"},"up":{"uv":[2.65625,0.13125,2.4375,0.0],"tintindex":0,"rotation":0,"texture":"#0"},"down":{"uv":[2.65625,0.13125,2.4375,0.0],"tintindex":0,"rotation":0,"texture":"#0"}}},{"from":[4.1947165,-0.7700119,7.335369],"to":[4.6657686,3.155428,7.806422],"faces":{"east":{"uv":[2.53125,0.78125,2.4375,0.0],"tintindex":0,"rotation":0,"texture":"#0"},"south":{"uv":[2.53125,0.78125,2.4375,0.0],"tintindex":0,"rotation":0,"texture":"#0"},"north":{"uv":[2.53125,0.78125,2.4375,0.0],"tintindex":0,"rotation":0,"texture":"#0"},"west":{"uv":[2.53125,0.78125,2.4375,0.0],"tintindex":0,"rotation":0,"texture":"#0"},"up":{"uv":[2.53125,0.78125,2.4375,0.0],"tintindex":0,"rotation":0,"texture":"#0"},"down":{"uv":[2.53125,0.09375,2.4375,0.0],"tintindex":0,"rotation":0,"texture":"#0"}},"rotation":{"origin":[7.1524014,6.1090965,7.91613],"angle":-22.5,"axis":"z"}},{"from":[7.8949375,5.32864,6.801509],"to":[9.716342,6.364956,8.246071],"faces":{"east":{"uv":[2.8,0.20625,2.4375,0.0],"tintindex":0,"rotation":0,"texture":"#0"},"south":{"uv":[2.8,0.20625,2.4375,0.0],"tintindex":0,"rotation":0,"texture":"#0"},"north":{"uv":[2.8,0.20625,2.4375,0.0],"tintindex":0,"rotation":0,"texture":"#0"},"west":{"uv":[2.8,0.20625,2.4375,0.0],"tintindex":0,"rotation":0,"texture":"#0"},"up":{"uv":[2.8,0.20625,2.4375,0.0],"tintindex":0,"rotation":0,"texture":"#0"},"down":{"uv":[2.8,0.20625,2.4375,0.0],"tintindex":0,"rotation":0,"texture":"#0"}}},{"from":[4.5976305,-0.6613045,7.3408594],"to":[8.303246,3.012909,7.711421],"faces":{"east":{"uv":[4.3125,2.375,2.4375,0.0],"tintindex":0,"rotation":0,"texture":"#0"},"south":{"uv":[3.175,0.73125,2.4375,0.0],"tintindex":0,"rotation":0,"texture":"#0"},"north":{"uv":[3.175,0.73125,2.4375,0.0],"tintindex":0,"rotation":0,"texture":"#0"},"west":{"uv":[4.3125,2.375,2.4375,0.0],"tintindex":0,"rotation":0,"texture":"#0"},"up":{"uv":[4.3125,2.375,2.4375,0.0],"tintindex":0,"rotation":0,"texture":"#0"},"down":{"uv":[3.175,0.07375,2.4375,0.0],"tintindex":0,"rotation":0,"texture":"#0"}},"rotation":{"origin":[7.1524014,6.1090965,7.91613],"angle":-22.5,"axis":"z"}},{"from":[4.191657,6.0532665,7.272562],"to":[6.232886,6.649935,7.837826],"faces":{"east":{"uv":[2.84375,0.11875,2.4375,0.0],"tintindex":0,"rotation":0,"texture":"#0"},"south":{"uv":[2.84375,0.11875,2.4375,0.0],"tintindex":0,"rotation":0,"texture":"#0"},"north":{"uv":[2.84375,0.11875,2.4375,0.0],"tintindex":0,"rotation":0,"texture":"#0"},"west":{"uv":[2.84375,0.11875,2.4375,0.0],"tintindex":0,"rotation":0,"texture":"#0"},"up":{"uv":[2.84375,0.11875,2.4375,0.0],"tintindex":0,"rotation":0,"texture":"#0"},"down":{"uv":[2.84375,0.11875,2.4375,0.0],"tintindex":0,"rotation":0,"texture":"#0"}},"rotation":{"origin":[7.1524014,6.1090965,7.91613],"angle":22.5,"axis":"z"}},{"from":[3.1553411,-1.2637539,7.335369],"to":[7.7088513,2.4104595,7.7122116],"faces":{"east":{"uv":[4.3125,2.375,2.4375,0.0],"tintindex":0,"rotation":0,"texture":"#0"},"south":{"uv":[3.34375,0.73125,2.4375,0.0],"tintindex":0,"rotation":0,"texture":"#0"},"north":{"uv":[3.34375,0.73125,2.4375,0.0],"tintindex":0,"rotation":0,"texture":"#0"},"west":{"uv":[2.5125,0.73125,2.4375,0.0],"tintindex":0,"rotation":0,"texture":"#0"},"up":{"uv":[4.3125,2.375,2.4375,0.0],"tintindex":0,"rotation":0,"texture":"#0"},"down":{"uv":[3.34375,0.075,2.4375,0.0],"tintindex":0,"rotation":0,"texture":"#0"}},"rotation":{"origin":[7.1524014,6.1090965,7.91613],"angle":22.5,"axis":"z"}},{"from":[3.1553411,2.379055,7.335369],"to":[7.7088513,6.0532665,7.7122116],"faces":{"east":{"uv":[4.3125,2.375,2.4375,0.0],"tintindex":0,"rotation":0,"texture":"#0"},"south":{"uv":[3.34375,0.73125,2.4375,0.0],"tintindex":0,"rotation":0,"texture":"#0"},"north":{"uv":[3.34375,0.73125,2.4375,0.0],"tintindex":0,"rotation":0,"texture":"#0"},"west":{"uv":[4.3125,2.375,2.4375,0.0],"tintindex":0,"rotation":0,"texture":"#0"},"up":{"uv":[4.3125,2.375,2.4375,0.0],"tintindex":0,"rotation":0,"texture":"#0"},"down":{"uv":[4.3125,2.375,2.4375,0.0],"tintindex":0,"rotation":0,"texture":"#0"}},"rotation":{"origin":[7.1524014,6.1090965,7.91613],"angle":22.5,"axis":"z"}},{"from":[7.7088513,2.9757214,7.335369],"to":[8.431132,5.142565,7.7122116],"faces":{"east":{"uv":[4.3125,2.375,2.4375,0.0],"tintindex":0,"rotation":0,"texture":"#0"},"south":{"uv":[4.3125,2.375,2.4375,0.0],"tintindex":0,"rotation":0,"texture":"#0"},"north":{"uv":[4.3125,2.375,2.4375,0.0],"tintindex":0,"rotation":0,"texture":"#0"},"west":{"uv":[4.3125,2.375,2.4375,0.0],"tintindex":0,"rotation":0,"texture":"#0"},"up":{"uv":[4.3125,2.375,2.4375,0.0],"tintindex":0,"rotation":0,"texture":"#0"},"down":{"uv":[4.3125,2.375,2.4375,0.0],"tintindex":0,"rotation":0,"texture":"#0"}},"rotation":{"origin":[7.1524014,6.1090965,7.91613],"angle":22.5,"axis":"z"}}]}