{"textures":{"0":"modelengine:entity/asianelephant"},"elements":[{"from":[6.528,3.4354286,6.450286],"to":[9.380571,4.806857,9.330286],"rotation":{"angle":0.0,"axis":"y","origin":[7.9597716,4.428343,7.004343]},"faces":{"east":{"uv":[3.09375,0.3125,2.4375,0.0],"rotation":0,"texture":"#0","tintindex":0},"south":{"uv":[3.0875,0.3125,2.4375,0.0],"rotation":0,"texture":"#0","tintindex":0},"north":{"uv":[3.0875,0.3125,2.4375,0.0],"rotation":0,"texture":"#0","tintindex":0},"west":{"uv":[3.09375,0.3125,2.4375,0.0],"rotation":0,"texture":"#0","tintindex":0},"up":{"uv":[3.0875,0.65625,2.4375,0.0],"rotation":0,"texture":"#0","tintindex":0},"down":{"uv":[12.275,4.28125,11.625,3.625],"rotation":0,"texture":"#0","tintindex":0}}},{"from":[6.72,3.7919998,6.806857],"to":[9.188572,8.592,9.165714],"rotation":{"angle":0.0,"axis":"y","origin":[7.9597716,4.428343,7.004343]},"faces":{"east":{"uv":[2.975,1.09375,2.4375,0.0],"rotation":0,"texture":"#0","tintindex":0},"south":{"uv":[3.0,1.09375,2.4375,0.0],"rotation":0,"texture":"#0","tintindex":0},"north":{"uv":[3.0,1.09375,2.4375,0.0],"rotation":0,"texture":"#0","tintindex":0},"west":{"uv":[2.975,1.09375,2.4375,0.0],"rotation":0,"texture":"#0","tintindex":0},"up":{"uv":[4.3125,2.375,2.4375,0.0],"rotation":0,"texture":"#0","tintindex":0},"down":{"uv":[4.3125,2.375,2.4375,0.0],"rotation":0,"texture":"#0","tintindex":0}}},{"from":[8.263604,3.4354286,5.9152346],"to":[9.086461,4.450286,6.2718062],"rotation":{"angle":-22.5,"axis":"y","origin":[7.9597716,4.428343,7.004343]},"faces":{"east":{"uv":[9.428572,5.142857,10.0,5.714286],"rotation":0,"texture":"#0","tintindex":0},"south":{"uv":[9.428572,5.142857,10.0,5.714286],"rotation":0,"texture":"#0","tintindex":0},"north":{"uv":[9.428572,5.142857,10.0,5.714286],"rotation":0,"texture":"#0","tintindex":0},"west":{"uv":[9.428572,5.142857,10.0,5.714286],"rotation":0,"texture":"#0","tintindex":0},"up":{"uv":[9.428572,5.142857,10.0,5.714286],"rotation":0,"texture":"#0","tintindex":0},"down":{"uv":[9.428572,5.142857,10.0,5.714286],"rotation":0,"texture":"#0","tintindex":0}}},{"from":[7.570286,3.4354286,6.093714],"to":[8.393143,4.450286,6.450286],"rotation":{"angle":0.0,"axis":"y","origin":[7.9597716,4.428343,7.004343]},"faces":{"east":{"uv":[9.428572,5.142857,10.0,5.714286],"rotation":0,"texture":"#0","tintindex":0},"south":{"uv":[9.428572,5.142857,10.0,5.714286],"rotation":0,"texture":"#0","tintindex":0},"north":{"uv":[9.428572,5.142857,10.0,5.714286],"rotation":0,"texture":"#0","tintindex":0},"west":{"uv":[9.428572,5.142857,10.0,5.714286],"rotation":0,"texture":"#0","tintindex":0},"up":{"uv":[9.428572,5.142857,10.0,5.714286],"rotation":0,"texture":"#0","tintindex":0},"down":{"uv":[9.428572,5.142857,10.0,5.714286],"rotation":0,"texture":"#0","tintindex":0}}},{"from":[6.8229456,3.4354286,5.9110365],"to":[7.645803,4.450286,6.2676077],"rotation":{"angle":22.5,"axis":"y","origin":[7.9597716,4.428343,7.004343]},"faces":{"east":{"uv":[9.428572,5.142857,10.0,5.714286],"rotation":0,"texture":"#0","tintindex":0},"south":{"uv":[9.428572,5.142857,10.0,5.714286],"rotation":0,"texture":"#0","tintindex":0},"north":{"uv":[9.428572,5.142857,10.0,5.714286],"rotation":0,"texture":"#0","tintindex":0},"west":{"uv":[9.428572,5.142857,10.0,5.714286],"rotation":0,"texture":"#0","tintindex":0},"up":{"uv":[9.428572,5.142857,10.0,5.714286],"rotation":0,"texture":"#0","tintindex":0},"down":{"uv":[9.428572,5.142857,10.0,5.714286],"rotation":0,"texture":"#0","tintindex":0}}}],"display":{"head":{"translation":[0.0,-6.4,0.0],"scale":[4.0,4.0,4.0]}}}