{"textures":{"0":"modelengine:entity/asianelephant"},"elements":[{"from":[6.043829,0.7720003,4.3930445],"to":[7.4838285,2.5480003,5.0170445],"faces":{"east":{"uv":[9.428572,5.142857,10.0,5.714286],"tintindex":0,"rotation":0,"texture":"#0"},"south":{"uv":[9.428572,5.142857,10.0,5.714286],"tintindex":0,"rotation":0,"texture":"#0"},"north":{"uv":[9.428572,5.142857,10.0,5.714286],"tintindex":0,"rotation":0,"texture":"#0"},"west":{"uv":[9.428572,5.142857,10.0,5.714286],"tintindex":0,"rotation":0,"texture":"#0"},"up":{"uv":[9.428572,5.142857,10.0,5.714286],"tintindex":0,"rotation":0,"texture":"#0"},"down":{"uv":[9.428572,5.142857,10.0,5.714286],"tintindex":0,"rotation":0,"texture":"#0"}},"rotation":{"origin":[8.0296,2.5576,6.3152],"angle":22.5,"axis":"y"}},{"from":[5.524,0.7720003,5.336],"to":[10.516,3.1720004,10.376],"faces":{"east":{"uv":[3.09375,0.3125,2.4375,0.0],"tintindex":0,"rotation":0,"texture":"#0"},"south":{"uv":[3.0875,0.3125,2.4375,0.0],"tintindex":0,"rotation":0,"texture":"#0"},"north":{"uv":[3.0875,0.3125,2.4375,0.0],"tintindex":0,"rotation":0,"texture":"#0"},"west":{"uv":[3.09375,0.3125,2.4375,0.0],"tintindex":0,"rotation":0,"texture":"#0"},"up":{"uv":[3.0875,0.65625,2.4375,0.0],"tintindex":0,"rotation":0,"texture":"#0"},"down":{"uv":[12.275,4.28125,11.625,3.625],"tintindex":0,"rotation":0,"texture":"#0"}}},{"from":[7.3479996,0.7720003,4.712],"to":[8.788,2.5480003,5.336],"faces":{"east":{"uv":[9.428572,5.142857,10.0,5.714286],"tintindex":0,"rotation":0,"texture":"#0"},"south":{"uv":[9.428572,5.142857,10.0,5.714286],"tintindex":0,"rotation":0,"texture":"#0"},"north":{"uv":[9.428572,5.142857,10.0,5.714286],"tintindex":0,"rotation":0,"texture":"#0"},"west":{"uv":[9.428572,5.142857,10.0,5.714286],"tintindex":0,"rotation":0,"texture":"#0"},"up":{"uv":[9.428572,5.142857,10.0,5.714286],"tintindex":0,"rotation":0,"texture":"#0"},"down":{"uv":[9.428572,5.142857,10.0,5.714286],"tintindex":0,"rotation":0,"texture":"#0"}}},{"from":[5.8599997,2.1160002,6.008],"to":[10.18,9.556001,10.136],"faces":{"east":{"uv":[2.975,0.96875,2.4375,0.0],"tintindex":0,"rotation":0,"texture":"#0"},"south":{"uv":[3.0,0.96875,2.4375,0.0],"tintindex":0,"rotation":0,"texture":"#0"},"north":{"uv":[3.0,0.96875,2.4375,0.0],"tintindex":0,"rotation":0,"texture":"#0"},"west":{"uv":[2.975,0.96875,2.4375,0.0],"tintindex":0,"rotation":0,"texture":"#0"},"up":{"uv":[4.3125,2.375,2.4375,0.0],"tintindex":0,"rotation":0,"texture":"#0"},"down":{"uv":[4.3125,2.375,2.4375,0.0],"tintindex":0,"rotation":0,"texture":"#0"}}},{"from":[8.557632,0.7720003,4.400392],"to":[9.997633,2.5480003,5.024392],"faces":{"east":{"uv":[9.428572,5.142857,10.0,5.714286],"tintindex":0,"rotation":0,"texture":"#0"},"south":{"uv":[9.428572,5.142857,10.0,5.714286],"tintindex":0,"rotation":0,"texture":"#0"},"north":{"uv":[9.428572,5.142857,10.0,5.714286],"tintindex":0,"rotation":0,"texture":"#0"},"west":{"uv":[9.428572,5.142857,10.0,5.714286],"tintindex":0,"rotation":0,"texture":"#0"},"up":{"uv":[9.428572,5.142857,10.0,5.714286],"tintindex":0,"rotation":0,"texture":"#0"},"down":{"uv":[9.428572,5.142857,10.0,5.714286],"tintindex":0,"rotation":0,"texture":"#0"}},"rotation":{"origin":[8.0296,2.5576,6.3152],"angle":-22.5,"axis":"y"}}]}