{"textures":{"0":"modelengine:entity/asianelephant"},"elements":[{"from":[6.87136,2.0729656,9.3597145],"to":[8.90176,2.7497654,10.668195],"faces":{"east":{"uv":[2.61875,0.09375,2.4375,0.0],"tintindex":0,"rotation":0,"texture":"#0"},"south":{"uv":[2.71875,0.09375,2.4375,0.0],"tintindex":0,"rotation":0,"texture":"#0"},"north":{"uv":[4.3125,2.375,2.4375,0.0],"tintindex":0,"rotation":0,"texture":"#0"},"west":{"uv":[2.61875,0.09375,2.4375,0.0],"tintindex":0,"rotation":0,"texture":"#0"},"up":{"uv":[2.71875,0.18125,2.4375,0.0],"tintindex":0,"rotation":0,"texture":"#0"},"down":{"uv":[2.71875,0.18125,2.4375,0.0],"tintindex":0,"rotation":0,"texture":"#0"}},"rotation":{"origin":[7.904608,4.109705,9.576652],"angle":-22.5,"axis":"x"}},{"from":[6.87136,5.0711055,7.4062386],"to":[8.992,9.222145,9.436639],"faces":{"east":{"uv":[2.71875,0.575,2.4375,0.0],"tintindex":0,"rotation":0,"texture":"#0"},"south":{"uv":[2.73125,0.575,2.4375,0.0],"tintindex":0,"rotation":0,"texture":"#0"},"north":{"uv":[2.73125,0.575,2.4375,0.0],"tintindex":0,"rotation":0,"texture":"#0"},"west":{"uv":[2.71875,0.575,2.4375,0.0],"tintindex":0,"rotation":0,"texture":"#0"},"up":{"uv":[4.3125,2.375,2.4375,0.0],"tintindex":0,"rotation":0,"texture":"#0"},"down":{"uv":[4.3125,2.375,2.4375,0.0],"tintindex":0,"rotation":0,"texture":"#0"}}},{"from":[6.82624,2.3345037,7.9935284],"to":[8.94688,3.9588237,9.753208],"faces":{"east":{"uv":[2.68125,0.225,2.4375,0.0],"tintindex":0,"rotation":0,"texture":"#0"},"south":{"uv":[2.73125,0.225,2.4375,0.0],"tintindex":0,"rotation":0,"texture":"#0"},"north":{"uv":[2.73125,0.225,2.4375,0.0],"tintindex":0,"rotation":0,"texture":"#0"},"west":{"uv":[2.68125,0.225,2.4375,0.0],"tintindex":0,"rotation":0,"texture":"#0"},"up":{"uv":[4.3125,2.375,2.4375,0.0],"tintindex":0,"rotation":0,"texture":"#0"},"down":{"uv":[2.73125,0.24375,2.4375,0.0],"tintindex":0,"rotation":0,"texture":"#0"}},"rotation":{"origin":[7.904608,4.109705,9.576652],"angle":-45.0,"axis":"x"}},{"from":[7.05184,3.3363252,8.186594],"to":[8.81152,5.7276855,9.946275],"faces":{"east":{"uv":[2.68125,0.33125,2.4375,0.0],"tintindex":0,"rotation":0,"texture":"#0"},"south":{"uv":[2.68125,0.33125,2.4375,0.0],"tintindex":0,"rotation":0,"texture":"#0"},"north":{"uv":[2.68125,0.33125,2.4375,0.0],"tintindex":0,"rotation":0,"texture":"#0"},"west":{"uv":[2.68125,0.33125,2.4375,0.0],"tintindex":0,"rotation":0,"texture":"#0"},"up":{"uv":[4.3125,2.375,2.4375,0.0],"tintindex":0,"rotation":0,"texture":"#0"},"down":{"uv":[4.3125,2.375,2.4375,0.0],"tintindex":0,"rotation":0,"texture":"#0"}},"rotation":{"origin":[7.904608,4.109705,9.576652],"angle":-22.5,"axis":"x"}},{"from":[6.87136,2.921064,8.850808],"to":[8.90176,3.5978637,10.159287],"faces":{"east":{"uv":[2.61875,0.09375,2.4375,0.0],"tintindex":0,"rotation":0,"texture":"#0"},"south":{"uv":[2.71875,0.09375,2.4375,0.0],"tintindex":0,"rotation":0,"texture":"#0"},"north":{"uv":[4.3125,2.375,2.4375,0.0],"tintindex":0,"rotation":0,"texture":"#0"},"west":{"uv":[2.61875,0.09375,2.4375,0.0],"tintindex":0,"rotation":0,"texture":"#0"},"up":{"uv":[2.71875,0.18125,2.4375,0.0],"tintindex":0,"rotation":0,"texture":"#0"},"down":{"uv":[2.71875,0.18125,2.4375,0.0],"tintindex":0,"rotation":0,"texture":"#0"}},"rotation":{"origin":[7.904608,4.109705,9.576652],"angle":-45.0,"axis":"x"}}]}