{"textures":{"0":"modelengine:entity/asianelephant"},"elements":[{"from":[8.178286,3.3188567,6.073143],"to":[11.195429,5.3485713,8.870857],"rotation":{"angle":0.0,"axis":"y","origin":[9.604571,6.2929177,7.6023564]},"faces":{"east":{"uv":[3.075,0.4625,2.4375,0.0],"rotation":0,"texture":"#0","tintindex":0},"south":{"uv":[3.125,0.4625,2.4375,0.0],"rotation":0,"texture":"#0","tintindex":0},"north":{"uv":[3.125,0.4625,2.4375,0.0],"rotation":0,"texture":"#0","tintindex":0},"west":{"uv":[3.075,0.4625,2.4375,0.0],"rotation":0,"texture":"#0","tintindex":0},"up":{"uv":[4.3125,2.375,2.4375,0.0],"rotation":0,"texture":"#0","tintindex":0},"down":{"uv":[3.125,0.6375,2.4375,0.0],"rotation":0,"texture":"#0","tintindex":0}}},{"from":[7.849143,5.0742855,5.9085712],"to":[11.277715,7.3508573,8.898286],"rotation":{"angle":0.0,"axis":"x","origin":[9.604571,6.2929177,7.6023564]},"faces":{"east":{"uv":[3.11875,0.51875,2.4375,0.0],"rotation":0,"texture":"#0","tintindex":0},"south":{"uv":[3.21875,0.51875,2.4375,0.0],"rotation":0,"texture":"#0","tintindex":0},"north":{"uv":[3.21875,0.51875,2.4375,0.0],"rotation":0,"texture":"#0","tintindex":0},"west":{"uv":[3.11875,0.51875,2.4375,0.0],"rotation":0,"texture":"#0","tintindex":0},"up":{"uv":[4.3125,2.375,2.4375,0.0],"rotation":0,"texture":"#0","tintindex":0},"down":{"uv":[4.3125,2.375,2.4375,0.0],"rotation":0,"texture":"#0","tintindex":0}}},{"from":[7.8217144,6.5203705,5.3569307],"to":[11.305143,10.086085,8.895217],"rotation":{"angle":22.5,"axis":"x","origin":[9.604571,6.2929177,7.6023564]},"faces":{"east":{"uv":[3.24375,0.8125,2.4375,0.0],"rotation":0,"texture":"#0","tintindex":0},"south":{"uv":[3.23125,0.8125,2.4375,0.0],"rotation":0,"texture":"#0","tintindex":0},"north":{"uv":[3.23125,0.8125,2.4375,0.0],"rotation":0,"texture":"#0","tintindex":0},"west":{"uv":[3.24375,0.8125,2.4375,0.0],"rotation":0,"texture":"#0","tintindex":0},"up":{"uv":[3.23125,0.80625,2.4375,0.0],"rotation":0,"texture":"#0","tintindex":0},"down":{"uv":[3.23125,0.80625,2.4375,0.0],"rotation":0,"texture":"#0","tintindex":0}}}],"display":{"head":{"translation":[0.0,-6.4,0.0],"scale":[4.0,4.0,4.0]}}}