{"textures":{"0":"modelengine:entity/asianelephant"},"elements":[{"from":[8.59314,2.1719494,8.167434],"to":[13.14665,5.846161,8.544275],"faces":{"east":{"uv":[4.3125,2.375,2.4375,0.0],"tintindex":0,"rotation":0,"texture":"#0"},"south":{"uv":[3.34375,0.73125,2.4375,0.0],"tintindex":0,"rotation":0,"texture":"#0"},"north":{"uv":[3.34375,0.73125,2.4375,0.0],"tintindex":0,"rotation":0,"texture":"#0"},"west":{"uv":[4.3125,2.375,2.4375,0.0],"tintindex":0,"rotation":0,"texture":"#0"},"up":{"uv":[4.3125,2.375,2.4375,0.0],"tintindex":0,"rotation":0,"texture":"#0"},"down":{"uv":[4.3125,2.375,2.4375,0.0],"tintindex":0,"rotation":0,"texture":"#0"}},"rotation":{"origin":[10.856696,6.6090965,7.982827],"angle":-22.5,"axis":"z"}},{"from":[12.072492,6.398632,8.13603],"to":[13.422843,6.9324913,8.669889],"faces":{"east":{"uv":[2.70625,0.10625,2.4375,0.0],"tintindex":0,"rotation":0,"texture":"#0"},"south":{"uv":[2.70625,0.10625,2.4375,0.0],"tintindex":0,"rotation":0,"texture":"#0"},"north":{"uv":[2.70625,0.10625,2.4375,0.0],"tintindex":0,"rotation":0,"texture":"#0"},"west":{"uv":[2.70625,0.10625,2.4375,0.0],"tintindex":0,"rotation":0,"texture":"#0"},"up":{"uv":[2.70625,0.10625,2.4375,0.0],"tintindex":0,"rotation":0,"texture":"#0"},"down":{"uv":[2.70625,0.10625,2.4375,0.0],"tintindex":0,"rotation":0,"texture":"#0"}},"rotation":{"origin":[10.856696,6.6090965,7.982827],"angle":-45.0,"axis":"z"}},{"from":[8.986315,6.100357,7.947609],"to":[10.085438,6.7598305,8.732697],"faces":{"east":{"uv":[2.65625,0.13125,2.4375,0.0],"tintindex":0,"rotation":0,"texture":"#0"},"south":{"uv":[2.65625,0.13125,2.4375,0.0],"tintindex":0,"rotation":0,"texture":"#0"},"north":{"uv":[2.65625,0.13125,2.4375,0.0],"tintindex":0,"rotation":0,"texture":"#0"},"west":{"uv":[2.65625,0.13125,2.4375,0.0],"tintindex":0,"rotation":0,"texture":"#0"},"up":{"uv":[2.65625,0.13125,2.4375,0.0],"tintindex":0,"rotation":0,"texture":"#0"},"down":{"uv":[2.65625,0.13125,2.4375,0.0],"tintindex":0,"rotation":0,"texture":"#0"}}},{"from":[7.998746,0.54580307,8.172924],"to":[11.704361,4.2200146,8.543486],"faces":{"east":{"uv":[4.3125,2.375,2.4375,0.0],"tintindex":0,"rotation":0,"texture":"#0"},"south":{"uv":[3.175,0.73125,2.4375,0.0],"tintindex":0,"rotation":0,"texture":"#0"},"north":{"uv":[3.175,0.73125,2.4375,0.0],"tintindex":0,"rotation":0,"texture":"#0"},"west":{"uv":[4.3125,2.375,2.4375,0.0],"tintindex":0,"rotation":0,"texture":"#0"},"up":{"uv":[4.3125,2.375,2.4375,0.0],"tintindex":0,"rotation":0,"texture":"#0"},"down":{"uv":[3.175,0.07375,2.4375,0.0],"tintindex":0,"rotation":0,"texture":"#0"}},"rotation":{"origin":[10.856696,6.6090965,7.982827],"angle":22.5,"axis":"z"}},{"from":[11.636222,0.43709564,8.167434],"to":[12.107275,4.3625355,8.638486],"faces":{"east":{"uv":[2.53125,0.78125,2.4375,0.0],"tintindex":0,"rotation":0,"texture":"#0"},"south":{"uv":[2.53125,0.78125,2.4375,0.0],"tintindex":0,"rotation":0,"texture":"#0"},"north":{"uv":[2.53125,0.78125,2.4375,0.0],"tintindex":0,"rotation":0,"texture":"#0"},"west":{"uv":[2.53125,0.78125,2.4375,0.0],"tintindex":0,"rotation":0,"texture":"#0"},"up":{"uv":[2.53125,0.78125,2.4375,0.0],"tintindex":0,"rotation":0,"texture":"#0"},"down":{"uv":[2.53125,0.09375,2.4375,0.0],"tintindex":0,"rotation":0,"texture":"#0"}},"rotation":{"origin":[10.856696,6.6090965,7.982827],"angle":22.5,"axis":"z"}},{"from":[10.069105,5.846161,8.104627],"to":[12.110334,6.442827,8.669889],"faces":{"east":{"uv":[2.84375,0.11875,2.4375,0.0],"tintindex":0,"rotation":0,"texture":"#0"},"south":{"uv":[2.84375,0.11875,2.4375,0.0],"tintindex":0,"rotation":0,"texture":"#0"},"north":{"uv":[2.84375,0.11875,2.4375,0.0],"tintindex":0,"rotation":0,"texture":"#0"},"west":{"uv":[2.84375,0.11875,2.4375,0.0],"tintindex":0,"rotation":0,"texture":"#0"},"up":{"uv":[2.84375,0.11875,2.4375,0.0],"tintindex":0,"rotation":0,"texture":"#0"},"down":{"uv":[2.84375,0.11875,2.4375,0.0],"tintindex":0,"rotation":0,"texture":"#0"}},"rotation":{"origin":[10.856696,6.6090965,7.982827],"angle":-22.5,"axis":"z"}},{"from":[8.59314,-1.4708595,8.167434],"to":[13.14665,2.203352,8.544275],"faces":{"east":{"uv":[2.5125,0.73125,2.4375,0.0],"tintindex":0,"rotation":0,"texture":"#0"},"south":{"uv":[3.34375,0.73125,2.4375,0.0],"tintindex":0,"rotation":0,"texture":"#0"},"north":{"uv":[3.34375,0.73125,2.4375,0.0],"tintindex":0,"rotation":0,"texture":"#0"},"west":{"uv":[2.5125,0.73125,2.4375,0.0],"tintindex":0,"rotation":0,"texture":"#0"},"up":{"uv":[4.3125,2.375,2.4375,0.0],"tintindex":0,"rotation":0,"texture":"#0"},"down":{"uv":[3.34375,0.075,2.4375,0.0],"tintindex":0,"rotation":0,"texture":"#0"}},"rotation":{"origin":[10.856696,6.6090965,7.982827],"angle":-22.5,"axis":"z"}},{"from":[7.8708587,2.7686157,8.167434],"to":[8.59314,4.935459,8.544275],"faces":{"east":{"uv":[4.3125,2.375,2.4375,0.0],"tintindex":0,"rotation":0,"texture":"#0"},"south":{"uv":[4.3125,2.375,2.4375,0.0],"tintindex":0,"rotation":0,"texture":"#0"},"north":{"uv":[4.3125,2.375,2.4375,0.0],"tintindex":0,"rotation":0,"texture":"#0"},"west":{"uv":[4.3125,2.375,2.4375,0.0],"tintindex":0,"rotation":0,"texture":"#0"},"up":{"uv":[4.3125,2.375,2.4375,0.0],"tintindex":0,"rotation":0,"texture":"#0"},"down":{"uv":[4.3125,2.375,2.4375,0.0],"tintindex":0,"rotation":0,"texture":"#0"}},"rotation":{"origin":[10.856696,6.6090965,7.982827],"angle":-22.5,"axis":"z"}},{"from":[6.444997,5.82864,7.6335735],"to":[8.266401,6.864956,9.0781355],"faces":{"east":{"uv":[2.8,0.20625,2.4375,0.0],"tintindex":0,"rotation":0,"texture":"#0"},"south":{"uv":[2.8,0.20625,2.4375,0.0],"tintindex":0,"rotation":0,"texture":"#0"},"north":{"uv":[2.8,0.20625,2.4375,0.0],"tintindex":0,"rotation":0,"texture":"#0"},"west":{"uv":[2.8,0.20625,2.4375,0.0],"tintindex":0,"rotation":0,"texture":"#0"},"up":{"uv":[2.8,0.20625,2.4375,0.0],"tintindex":0,"rotation":0,"texture":"#0"},"down":{"uv":[2.8,0.20625,2.4375,0.0],"tintindex":0,"rotation":0,"texture":"#0"}}},{"from":[8.266401,5.954254,7.7905912],"to":[8.988682,6.802149,8.889714],"faces":{"east":{"uv":[2.58125,0.16875,2.4375,0.0],"tintindex":0,"rotation":0,"texture":"#0"},"south":{"uv":[2.58125,0.16875,2.4375,0.0],"tintindex":0,"rotation":0,"texture":"#0"},"north":{"uv":[2.58125,0.21875,2.4375,0.0],"tintindex":0,"rotation":0,"texture":"#0"},"west":{"uv":[2.58125,0.16875,2.4375,0.0],"tintindex":0,"rotation":0,"texture":"#0"},"up":{"uv":[2.58125,0.16875,2.4375,0.0],"tintindex":0,"rotation":0,"texture":"#0"},"down":{"uv":[2.58125,0.16875,2.4375,0.0],"tintindex":0,"rotation":0,"texture":"#0"}}}]}