{"textures":{"0":"modelengine:entity/asianelephant"},"elements":[{"from":[7.612,-0.85644245,8.520008],"to":[8.716,3.559558,9.480008],"faces":{"east":{"uv":[2.5625,0.575,2.4375,0.0],"tintindex":0,"rotation":0,"texture":"#0"},"south":{"uv":[2.58125,0.575,2.4375,0.0],"tintindex":0,"rotation":0,"texture":"#0"},"north":{"uv":[2.58125,0.575,2.4375,0.0],"tintindex":0,"rotation":0,"texture":"#0"},"west":{"uv":[2.5625,0.575,2.4375,0.0],"tintindex":0,"rotation":0,"texture":"#0"},"up":{"uv":[4.3125,2.375,2.4375,0.0],"tintindex":0,"rotation":0,"texture":"#0"},"down":{"uv":[4.3125,2.375,2.4375,0.0],"tintindex":0,"rotation":0,"texture":"#0"}}},{"from":[7.42,3.0947647,8.792002],"to":[8.86,7.798765,10.136002],"faces":{"east":{"uv":[2.6125,0.6125,2.4375,0.0],"tintindex":0,"rotation":0,"texture":"#0"},"south":{"uv":[2.625,0.6125,2.4375,0.0],"tintindex":0,"rotation":0,"texture":"#0"},"north":{"uv":[2.625,0.6125,2.4375,0.0],"tintindex":0,"rotation":0,"texture":"#0"},"west":{"uv":[2.6125,0.6125,2.4375,0.0],"tintindex":0,"rotation":0,"texture":"#0"},"up":{"uv":[4.3125,2.375,2.4375,0.0],"tintindex":0,"rotation":0,"texture":"#0"},"down":{"uv":[4.3125,2.375,2.4375,0.0],"tintindex":0,"rotation":0,"texture":"#0"}},"rotation":{"origin":[8.156,1.7741222,8.664253],"angle":-22.5,"axis":"x"}},{"from":[7.42,-1.7846947,5.6213055],"to":[8.908,0.23130512,7.5413055],"faces":{"east":{"uv":[11.714286,3.7142856,12.285714,4.285714],"tintindex":0,"rotation":0,"texture":"#0"},"south":{"uv":[11.714286,3.7142856,12.285714,4.285714],"tintindex":0,"rotation":0,"texture":"#0"},"north":{"uv":[11.714286,3.7142856,12.285714,4.285714],"tintindex":0,"rotation":0,"texture":"#0"},"west":{"uv":[11.714286,3.7142856,12.285714,4.285714],"tintindex":0,"rotation":0,"texture":"#0"},"up":{"uv":[11.714286,3.7142856,12.285714,4.285714],"tintindex":0,"rotation":0,"texture":"#0"},"down":{"uv":[11.714286,3.7142856,12.285714,4.285714],"tintindex":0,"rotation":0,"texture":"#0"}},"rotation":{"origin":[8.156,1.7741222,8.664253],"angle":-45.0,"axis":"x"}}]}