{"textures":{"0":"modelengine:entity/nocsy_drakonin_baby4"},"elements":[{"from":[7.9687667,7.0705366,7.46578],"to":[9.111624,8.213394,9.751494],"rotation":{"angle":-22.5,"axis":"z","origin":[8.317424,7.514231,9.191969]},"faces":{"east":{"uv":[9.5,5.75,10.0,6.0],"rotation":0,"texture":"#0","tintindex":0},"south":{"uv":[3.5,10.5,3.75,10.75],"rotation":0,"texture":"#0","tintindex":0},"north":{"uv":[10.5,1.75,10.75,2.0],"rotation":0,"texture":"#0","tintindex":0},"west":{"uv":[9.375,9.5,9.875,9.75],"rotation":0,"texture":"#0","tintindex":0},"up":{"uv":[8.625,9.875,8.375,9.375],"rotation":0,"texture":"#0","tintindex":0},"down":{"uv":[1.75,9.5,1.5,10.0],"rotation":0,"texture":"#0","tintindex":0}}},{"from":[8.371913,7.4414997,8.328783],"to":[9.51477,8.584357,10.614498],"rotation":{"angle":-22.5,"axis":"x","origin":[9.749142,7.142337,9.483543]},"faces":{"east":{"uv":[9.625,0.0,10.125,0.25],"rotation":0,"texture":"#0","tintindex":0},"south":{"uv":[5.125,10.5,5.375,10.75],"rotation":0,"texture":"#0","tintindex":0},"north":{"uv":[4.75,10.5,5.0,10.75],"rotation":0,"texture":"#0","tintindex":0},"west":{"uv":[0.5,9.625,1.0,9.875],"rotation":0,"texture":"#0","tintindex":0},"up":{"uv":[5.875,10.0,5.625,9.5],"rotation":0,"texture":"#0","tintindex":0},"down":{"uv":[1.375,9.625,1.125,10.125],"rotation":0,"texture":"#0","tintindex":0}}},{"from":[9.222282,7.204915,10.518607],"to":[9.222282,8.747772,12.804321],"rotation":{"angle":-45.0,"axis":"x","origin":[9.383481,7.3279924,10.024725]},"faces":{"east":{"uv":[4.375,8.375,4.875,8.75],"rotation":0,"texture":"#0","tintindex":0},"south":{"uv":[8.875,10.75,8.875,11.125],"rotation":0,"texture":"#0","tintindex":0},"north":{"uv":[8.75,10.75,8.75,11.125],"rotation":0,"texture":"#0","tintindex":0},"west":{"uv":[5.0,8.375,5.5,8.75],"rotation":0,"texture":"#0","tintindex":0},"up":{"uv":[9.0,11.25,9.0,10.75],"rotation":0,"texture":"#0","tintindex":0},"down":{"uv":[9.125,10.75,9.125,11.25],"rotation":0,"texture":"#0","tintindex":0}}},{"from":[8.388275,7.9609437,10.427458],"to":[9.988276,7.9609437,12.713172],"rotation":{"angle":-45.0,"axis":"x","origin":[9.383481,7.3279924,10.024725]},"faces":{"east":{"uv":[0.75,10.875,1.25,10.875],"rotation":0,"texture":"#0","tintindex":0},"south":{"uv":[10.875,1.75,11.25,1.75],"rotation":0,"texture":"#0","tintindex":0},"north":{"uv":[10.625,10.75,11.0,10.75],"rotation":0,"texture":"#0","tintindex":0},"west":{"uv":[10.875,1.875,11.375,1.875],"rotation":0,"texture":"#0","tintindex":0},"up":{"uv":[0.875,9.0,0.5,8.5],"rotation":0,"texture":"#0","tintindex":0},"down":{"uv":[1.375,8.5,1.0,9.0],"rotation":0,"texture":"#0","tintindex":0}}}],"display":{"head":{"translation":[0.0,-6.4,0.0],"scale":[4.0,4.0,4.0]}}}