{"textures":{"0":"modelengine:entity/nocsy_drakonin_baby4"},"elements":[{"from":[7.7631717,7.3428574,7.3091574],"to":[9.248886,8.828571,8.794871],"rotation":{"angle":22.5,"axis":"y","origin":[7.2488856,8.2,9.252014]},"faces":{"east":{"uv":[2.875,9.125,2.5,9.5],"rotation":0,"texture":"#0","tintindex":0},"south":{"uv":[2.375,9.125,2.0,9.5],"rotation":0,"texture":"#0","tintindex":0},"north":{"uv":[0.875,9.125,0.5,9.5],"rotation":0,"texture":"#0","tintindex":0},"west":{"uv":[1.375,9.125,1.0,9.5],"rotation":0,"texture":"#0","tintindex":0},"up":{"uv":[8.875,9.5,9.25,9.125],"rotation":0,"texture":"#0","tintindex":0},"down":{"uv":[9.25,0.5,9.625,0.875],"rotation":0,"texture":"#0","tintindex":0}}},{"from":[6.448886,7.2285714,4.280586],"to":[9.306028,7.2285714,7.7091575],"rotation":{"angle":-22.5,"axis":"x","origin":[8.048885,7.9142857,6.0520144]},"faces":{"east":{"uv":[11.375,4.5,10.625,4.5],"rotation":0,"texture":"#0","tintindex":0},"south":{"uv":[11.25,4.375,10.625,4.375],"rotation":0,"texture":"#0","tintindex":0},"north":{"uv":[11.25,4.125,10.625,4.125],"rotation":0,"texture":"#0","tintindex":0},"west":{"uv":[11.375,4.25,10.625,4.25],"rotation":0,"texture":"#0","tintindex":0},"up":{"uv":[5.5,4.25,6.125,3.5],"rotation":0,"texture":"#0","tintindex":0},"down":{"uv":[2.5,5.75,3.125,6.5],"rotation":0,"texture":"#0","tintindex":0}}},{"from":[6.448886,8.771429,4.280586],"to":[9.306028,8.771429,7.7091575],"rotation":{"angle":22.5,"axis":"x","origin":[8.048885,7.9142857,6.0520144]},"faces":{"east":{"uv":[11.375,5.0,10.625,5.0],"rotation":0,"texture":"#0","tintindex":0},"south":{"uv":[11.25,4.875,10.625,4.875],"rotation":0,"texture":"#0","tintindex":0},"north":{"uv":[11.25,4.625,10.625,4.625],"rotation":0,"texture":"#0","tintindex":0},"west":{"uv":[11.375,4.75,10.625,4.75],"rotation":0,"texture":"#0","tintindex":0},"up":{"uv":[3.25,6.5,3.875,5.75],"rotation":0,"texture":"#0","tintindex":0},"down":{"uv":[4.0,6.0,4.625,6.75],"rotation":0,"texture":"#0","tintindex":0}}}],"display":{"head":{"translation":[0.0,-6.4,0.0],"scale":[4.0,4.0,4.0]}}}