{"textures":{"0":"modelengine:entity/snowbol"},"elements":[{"from":[-0.93583393,-0.93583393,-0.93583393],"to":[16.935833,16.935833,16.935833],"rotation":{"angle":0.0,"axis":"y","origin":[14.701876,0.18114567,13.584896]},"faces":{"east":{"uv":[3.25,13.0,7.0833335,9.5],"rotation":0,"texture":"#0","tintindex":0},"south":{"uv":[3.25,13.0,7.0833335,9.5],"rotation":0,"texture":"#0","tintindex":0},"north":{"uv":[3.25,13.833333,7.25,9.5],"rotation":0,"texture":"#0","tintindex":0},"west":{"uv":[3.25,13.833333,7.5833335,9.5],"rotation":0,"texture":"#0","tintindex":0},"up":{"uv":[3.25,13.0,7.0833335,9.5],"rotation":0,"texture":"#0","tintindex":0},"down":{"uv":[3.25,13.0,7.0833335,9.5],"rotation":0,"texture":"#0","tintindex":0}}}],"display":{"head":{"translation":[0.0,-6.4,0.0],"scale":[4.0,4.0,4.0]}}}