{"textures":{"0":"modelengine:entity/snowbol"},"elements":[{"from":[6.045286,10.606285,1.4842877],"to":[21.682997,27.547134,15.167283],"faces":{"east":{"uv":[3.25,13.0,7.0833335,9.5],"tintindex":0,"rotation":0,"texture":"#0"},"south":{"uv":[3.5,14.0,7.5,9.666667],"tintindex":0,"rotation":0,"texture":"#0"},"north":{"uv":[3.25,13.0,7.0833335,9.5],"tintindex":0,"rotation":0,"texture":"#0"},"west":{"uv":[3.25,13.0,7.0833335,9.5],"tintindex":0,"rotation":0,"texture":"#0"},"up":{"uv":[3.25,13.0,7.25,9.5],"tintindex":0,"rotation":0,"texture":"#0"},"down":{"uv":[3.25,13.0,7.0833335,9.5],"tintindex":0,"rotation":0,"texture":"#0"}}},{"from":[5.393715,10.606285,5.393715],"to":[21.031424,27.547134,19.076712],"faces":{"east":{"uv":[3.25,13.0,7.0833335,9.5],"tintindex":0,"rotation":0,"texture":"#0"},"south":{"uv":[3.5,14.0,7.5,9.666667],"tintindex":0,"rotation":0,"texture":"#0"},"north":{"uv":[3.25,13.0,7.0833335,9.5],"tintindex":0,"rotation":0,"texture":"#0"},"west":{"uv":[3.25,13.0,7.0833335,9.5],"tintindex":0,"rotation":0,"texture":"#0"},"up":{"uv":[3.25,13.0,7.25,9.5],"tintindex":0,"rotation":0,"texture":"#0"},"down":{"uv":[3.25,13.0,7.0833335,9.5],"tintindex":0,"rotation":0,"texture":"#0"}}},{"from":[6.1756005,13.864141,5.7195005],"to":[21.813309,30.804993,22.660353],"faces":{"east":{"uv":[3.25,13.0,7.008333,9.5],"tintindex":0,"rotation":0,"texture":"#0"},"south":{"uv":[3.25,13.0,7.0833335,9.5],"tintindex":0,"rotation":0,"texture":"#0"},"north":{"uv":[3.25,13.833334,7.25,9.5],"tintindex":0,"rotation":0,"texture":"#0"},"west":{"uv":[7.008333,13.0,3.25,9.5],"tintindex":0,"rotation":0,"texture":"#0"},"up":{"uv":[3.25,13.0,7.0833335,9.5],"tintindex":0,"rotation":0,"texture":"#0"},"down":{"uv":[3.25,13.0,7.0833335,9.5],"tintindex":0,"rotation":0,"texture":"#0"}}}]}