{"textures":{"0":"modelengine:entity/snowbol"},"elements":[{"from":[-7.6377087,-7.6377087,-7.6377087],"to":[23.637709,23.637709,23.637709],"faces":{"east":{"uv":[3.25,13.0,7.0833335,9.5],"tintindex":0,"rotation":0,"texture":"#0"},"south":{"uv":[3.25,13.0,7.0833335,9.5],"tintindex":0,"rotation":0,"texture":"#0"},"north":{"uv":[3.25,13.833334,7.25,9.5],"tintindex":0,"rotation":0,"texture":"#0"},"west":{"uv":[3.25,13.833334,7.5833335,9.5],"tintindex":0,"rotation":0,"texture":"#0"},"up":{"uv":[3.25,13.0,7.0833335,9.5],"tintindex":0,"rotation":0,"texture":"#0"},"down":{"uv":[3.25,13.0,7.0833335,9.5],"tintindex":0,"rotation":0,"texture":"#0"}}}]}