{"textures":{"0":"modelengine:entity/snowbol"},"elements":[{"from":[3.532083,-2.62636,2.4000506],"to":[30.339586,26.4151,25.856615],"rotation":{"angle":0.0,"axis":"y","origin":[8.0,-7.0942764,6.8679676]},"faces":{"east":{"uv":[3.25,13.0,7.0833335,9.5],"rotation":0,"texture":"#0","tintindex":0},"south":{"uv":[3.5,14.0,7.5,9.666667],"rotation":0,"texture":"#0","tintindex":0},"north":{"uv":[3.25,13.0,7.0833335,9.5],"rotation":0,"texture":"#0","tintindex":0},"west":{"uv":[3.25,13.0,7.0833335,9.5],"rotation":0,"texture":"#0","tintindex":0},"up":{"uv":[3.25,13.0,7.25,9.5],"rotation":0,"texture":"#0","tintindex":0},"down":{"uv":[3.25,13.0,7.0833335,9.5],"rotation":0,"texture":"#0","tintindex":0}}},{"from":[4.8724585,2.958537,2.9585404],"to":[31.67996,32.0,32.0],"rotation":{"angle":0.0,"axis":"y","origin":[8.0,-7.0942764,6.8679676]},"faces":{"east":{"uv":[3.25,13.0,7.008333,9.5],"rotation":0,"texture":"#0","tintindex":0},"south":{"uv":[3.25,13.0,7.0833335,9.5],"rotation":0,"texture":"#0","tintindex":0},"north":{"uv":[3.25,13.833333,7.25,9.5],"rotation":0,"texture":"#0","tintindex":0},"west":{"uv":[7.008333,13.0,3.25,9.5],"rotation":0,"texture":"#0","tintindex":0},"up":{"uv":[3.25,13.0,7.0833335,9.5],"rotation":0,"texture":"#0","tintindex":0},"down":{"uv":[3.25,13.0,7.0833335,9.5],"rotation":0,"texture":"#0","tintindex":0}}},{"from":[4.649062,-2.62636,-4.3018255],"to":[31.456564,26.4151,19.15474],"rotation":{"angle":0.0,"axis":"y","origin":[8.0,-7.0942764,6.8679676]},"faces":{"east":{"uv":[3.25,13.0,7.0833335,9.5],"rotation":0,"texture":"#0","tintindex":0},"south":{"uv":[3.5,14.0,7.5,9.666667],"rotation":0,"texture":"#0","tintindex":0},"north":{"uv":[3.25,13.0,7.0833335,9.5],"rotation":0,"texture":"#0","tintindex":0},"west":{"uv":[3.25,13.0,7.0833335,9.5],"rotation":0,"texture":"#0","tintindex":0},"up":{"uv":[3.25,13.0,7.25,9.5],"rotation":0,"texture":"#0","tintindex":0},"down":{"uv":[3.25,13.0,7.0833335,9.5],"rotation":0,"texture":"#0","tintindex":0}}}],"display":{"head":{"translation":[0.0,53.977104,4.5281296],"scale":[4.0,4.0,4.0]}}}