{"textures":{"0":"modelengine:entity/nocsy_drakonin_baby3"},"elements":[{"from":[6.5714283,7.640972,6.392003],"to":[9.428572,10.498116,9.249146],"rotation":{"angle":0.0,"axis":"y","origin":[8.302857,8.898342,7.846291]},"faces":{"east":{"uv":[6.25,0.75,6.875,1.375],"rotation":0,"texture":"#0","tintindex":0},"south":{"uv":[6.25,1.5,6.875,2.125],"rotation":0,"texture":"#0","tintindex":0},"north":{"uv":[6.25,0.0,6.875,0.625],"rotation":0,"texture":"#0","tintindex":0},"west":{"uv":[6.25,2.25,6.875,2.875],"rotation":0,"texture":"#0","tintindex":0},"up":{"uv":[6.875,3.625,6.25,3.0],"rotation":0,"texture":"#0","tintindex":0},"down":{"uv":[6.875,3.75,6.25,4.375],"rotation":0,"texture":"#0","tintindex":0}}},{"from":[8.0,10.155258,4.792003],"to":[8.0,13.012401,8.220574],"rotation":{"angle":0.0,"axis":"y","origin":[8.0,11.526687,7.249146]},"faces":{"east":{"uv":[12.0,4.25,11.25,4.875],"rotation":0,"texture":"#0","tintindex":0},"south":{"uv":[6.25,1.5,6.875,2.125],"rotation":0,"texture":"#0","tintindex":0},"north":{"uv":[6.25,0.0,6.875,0.625],"rotation":0,"texture":"#0","tintindex":0},"west":{"uv":[11.25,4.25,12.0,4.875],"rotation":0,"texture":"#0","tintindex":0},"up":{"uv":[11.75,3.875,11.125,3.25],"rotation":0,"texture":"#0","tintindex":0},"down":{"uv":[6.875,3.75,6.25,4.375],"rotation":0,"texture":"#0","tintindex":0}}},{"from":[7.142857,10.269544,5.8205748],"to":[7.142857,13.126687,9.249146],"rotation":{"angle":-22.5,"axis":"y","origin":[6.857143,11.58383,7.363432]},"faces":{"east":{"uv":[11.875,5.25,11.125,5.875],"rotation":0,"texture":"#0","tintindex":0},"south":{"uv":[6.25,1.5,6.875,2.125],"rotation":0,"texture":"#0","tintindex":0},"north":{"uv":[6.25,0.0,6.875,0.625],"rotation":0,"texture":"#0","tintindex":0},"west":{"uv":[11.125,5.25,11.875,5.875],"rotation":0,"texture":"#0","tintindex":0},"up":{"uv":[11.75,3.875,11.125,3.25],"rotation":0,"texture":"#0","tintindex":0},"down":{"uv":[6.875,3.75,6.25,4.375],"rotation":0,"texture":"#0","tintindex":0}}},{"from":[8.857143,10.269544,5.8205748],"to":[8.857143,13.126687,9.249146],"rotation":{"angle":22.5,"axis":"y","origin":[9.142858,11.58383,7.363432]},"faces":{"east":{"uv":[11.875,5.25,11.125,5.875],"rotation":0,"texture":"#0","tintindex":0},"south":{"uv":[6.875,1.5,6.25,2.125],"rotation":0,"texture":"#0","tintindex":0},"north":{"uv":[6.875,0.0,6.25,0.625],"rotation":0,"texture":"#0","tintindex":0},"west":{"uv":[11.125,5.25,11.875,5.875],"rotation":0,"texture":"#0","tintindex":0},"up":{"uv":[11.125,3.875,11.75,3.25],"rotation":0,"texture":"#0","tintindex":0},"down":{"uv":[6.25,3.75,6.875,4.375],"rotation":0,"texture":"#0","tintindex":0}}},{"from":[5.9159946,4.9173107,6.392003],"to":[5.9159946,7.203025,9.249146],"rotation":{"angle":-22.5,"axis":"z","origin":[7.344566,5.774453,7.8205748]},"faces":{"east":{"uv":[12.125,2.375,11.5,3.0],"rotation":0,"texture":"#0","tintindex":0},"south":{"uv":[6.25,1.5,6.875,2.125],"rotation":0,"texture":"#0","tintindex":0},"north":{"uv":[6.25,0.0,6.875,0.625],"rotation":0,"texture":"#0","tintindex":0},"west":{"uv":[11.5,2.375,12.125,3.0],"rotation":0,"texture":"#0","tintindex":0},"up":{"uv":[6.875,3.625,6.25,3.0],"rotation":0,"texture":"#0","tintindex":0},"down":{"uv":[6.875,3.75,6.25,4.375],"rotation":0,"texture":"#0","tintindex":0}}},{"from":[10.084005,4.9173107,6.392003],"to":[10.084005,7.203025,9.249146],"rotation":{"angle":22.5,"axis":"z","origin":[8.655434,5.774453,7.8205748]},"faces":{"east":{"uv":[12.125,2.375,11.5,3.0],"rotation":0,"texture":"#0","tintindex":0},"south":{"uv":[6.875,1.5,6.25,2.125],"rotation":0,"texture":"#0","tintindex":0},"north":{"uv":[6.875,0.0,6.25,0.625],"rotation":0,"texture":"#0","tintindex":0},"west":{"uv":[11.5,2.375,12.125,3.0],"rotation":0,"texture":"#0","tintindex":0},"up":{"uv":[6.25,3.625,6.875,3.0],"rotation":0,"texture":"#0","tintindex":0},"down":{"uv":[6.25,3.75,6.875,4.375],"rotation":0,"texture":"#0","tintindex":0}}},{"from":[6.5294285,8.040972,6.261146],"to":[6.5294285,10.098115,6.832575],"rotation":{"angle":0.0,"axis":"y","origin":[8.0,9.012628,7.846291]},"faces":{"east":{"uv":[5.0,10.25,4.875,10.75],"rotation":0,"texture":"#0","tintindex":0},"south":{"uv":[0.5,10.625,0.5,11.125],"rotation":0,"texture":"#0","tintindex":0},"north":{"uv":[4.5,10.5,4.5,11.0],"rotation":0,"texture":"#0","tintindex":0},"west":{"uv":[10.375,3.0,10.25,3.5],"rotation":0,"texture":"#0","tintindex":0},"up":{"uv":[9.375,2.875,9.375,2.75],"rotation":0,"texture":"#0","tintindex":0},"down":{"uv":[9.375,3.0,9.375,3.125],"rotation":0,"texture":"#0","tintindex":0}}},{"from":[6.7002854,8.269544,6.2468605],"to":[7.843143,9.412401,6.2468605],"rotation":{"angle":0.0,"axis":"y","origin":[6.0936537,9.012628,7.6702304]},"faces":{"east":{"uv":[5.75,10.0,5.75,10.25],"rotation":0,"texture":"#0","tintindex":0},"south":{"uv":[10.5,6.75,10.25,7.0],"rotation":0,"texture":"#0","tintindex":0},"north":{"uv":[10.5,5.5,10.25,5.75],"rotation":0,"texture":"#0","tintindex":0},"west":{"uv":[8.25,9.375,8.25,9.625],"rotation":0,"texture":"#0","tintindex":0},"up":{"uv":[10.5,5.375,10.75,5.375],"rotation":0,"texture":"#0","tintindex":0},"down":{"uv":[10.625,0.0,10.875,0.0],"rotation":0,"texture":"#0","tintindex":0}}},{"from":[6.528857,8.040972,6.261146],"to":[7.9002857,10.098115,6.261146],"rotation":{"angle":0.0,"axis":"y","origin":[6.4365106,9.012628,7.6702304]},"faces":{"east":{"uv":[1.0,10.625,1.0,11.125],"rotation":0,"texture":"#0","tintindex":0},"south":{"uv":[6.875,7.75,7.25,8.25],"rotation":0,"texture":"#0","tintindex":0},"north":{"uv":[7.25,7.75,6.875,8.25],"rotation":0,"texture":"#0","tintindex":0},"west":{"uv":[0.875,10.625,0.875,11.125],"rotation":0,"texture":"#0","tintindex":0},"up":{"uv":[10.625,2.625,11.0,2.625],"rotation":0,"texture":"#0","tintindex":0},"down":{"uv":[10.625,2.75,11.0,2.75],"rotation":0,"texture":"#0","tintindex":0}}},{"from":[6.528857,9.469543,6.6040034],"to":[8.014571,11.526687,6.6040034],"rotation":{"angle":22.5,"axis":"x","origin":[6.9002857,10.440972,6.518289]},"faces":{"east":{"uv":[1.0,10.625,1.0,11.125],"rotation":0,"texture":"#0","tintindex":0},"south":{"uv":[11.125,8.125,11.5,8.625],"rotation":0,"texture":"#0","tintindex":0},"north":{"uv":[11.5,8.125,11.125,8.625],"rotation":0,"texture":"#0","tintindex":0},"west":{"uv":[0.875,10.625,0.875,11.125],"rotation":0,"texture":"#0","tintindex":0},"up":{"uv":[10.625,2.625,11.0,2.625],"rotation":0,"texture":"#0","tintindex":0},"down":{"uv":[10.625,2.75,11.0,2.75],"rotation":0,"texture":"#0","tintindex":0}}},{"from":[6.528857,9.469543,6.6040034],"to":[6.528857,11.526687,8.089718],"rotation":{"angle":22.5,"axis":"x","origin":[6.9002857,10.440972,6.518289]},"faces":{"east":{"uv":[11.5,8.125,11.125,8.625],"rotation":0,"texture":"#0","tintindex":0},"south":{"uv":[1.0,10.625,1.0,11.125],"rotation":0,"texture":"#0","tintindex":0},"north":{"uv":[0.875,10.625,0.875,11.125],"rotation":0,"texture":"#0","tintindex":0},"west":{"uv":[11.125,8.125,11.5,8.625],"rotation":0,"texture":"#0","tintindex":0},"up":{"uv":[10.625,2.625,11.0,2.625],"rotation":90,"texture":"#0","tintindex":0},"down":{"uv":[10.625,2.75,11.0,2.75],"rotation":270,"texture":"#0","tintindex":0}}},{"from":[7.985429,9.469543,6.6040034],"to":[9.471143,11.526687,6.6040034],"rotation":{"angle":22.5,"axis":"x","origin":[9.099714,10.440972,6.518289]},"faces":{"east":{"uv":[0.875,10.625,0.875,11.125],"rotation":0,"texture":"#0","tintindex":0},"south":{"uv":[11.5,8.125,11.125,8.625],"rotation":0,"texture":"#0","tintindex":0},"north":{"uv":[11.125,8.125,11.5,8.625],"rotation":0,"texture":"#0","tintindex":0},"west":{"uv":[1.0,10.625,1.0,11.125],"rotation":0,"texture":"#0","tintindex":0},"up":{"uv":[11.0,2.625,10.625,2.625],"rotation":0,"texture":"#0","tintindex":0},"down":{"uv":[11.0,2.75,10.625,2.75],"rotation":0,"texture":"#0","tintindex":0}}},{"from":[9.471143,9.469543,6.6040034],"to":[9.471143,11.526687,8.089718],"rotation":{"angle":22.5,"axis":"x","origin":[9.099714,10.440972,6.518289]},"faces":{"east":{"uv":[11.5,8.125,11.125,8.625],"rotation":0,"texture":"#0",