{"textures":{"0":"modelengine:entity/nocsy_drakonin_baby3"},"elements":[{"from":[6.888376,7.0705366,7.46578],"to":[8.031234,8.213394,9.751494],"rotation":{"angle":22.5,"axis":"z","origin":[7.682576,7.514231,9.191969]},"faces":{"east":{"uv":[1.0,9.375,0.5,9.625],"rotation":0,"texture":"#0","tintindex":0},"south":{"uv":[10.5,7.5,10.25,7.75],"rotation":0,"texture":"#0","tintindex":0},"north":{"uv":[10.5,7.125,10.25,7.375],"rotation":0,"texture":"#0","tintindex":0},"west":{"uv":[5.875,9.25,5.375,9.5],"rotation":0,"texture":"#0","tintindex":0},"up":{"uv":[6.0,9.75,6.25,9.25],"rotation":0,"texture":"#0","tintindex":0},"down":{"uv":[8.375,9.25,8.625,9.75],"rotation":0,"texture":"#0","tintindex":0}}},{"from":[6.438739,6.564264,9.580066],"to":[6.438739,8.107121,11.86578],"rotation":{"angle":-45.0,"axis":"y","origin":[7.3239174,7.519891,10.545112]},"faces":{"east":{"uv":[8.375,5.875,7.875,6.25],"rotation":0,"texture":"#0","tintindex":0},"south":{"uv":[2.875,10.625,2.875,11.0],"rotation":0,"texture":"#0","tintindex":0},"north":{"uv":[1.375,10.625,1.375,11.0],"rotation":0,"texture":"#0","tintindex":0},"west":{"uv":[0.5,7.125,0.0,7.5],"rotation":0,"texture":"#0","tintindex":0},"up":{"uv":[3.0,11.125,3.0,10.625],"rotation":0,"texture":"#0","tintindex":0},"down":{"uv":[10.625,3.0,10.625,3.5],"rotation":0,"texture":"#0","tintindex":0}}},{"from":[5.7105007,7.3202925,9.580066],"to":[7.310501,7.3202925,11.86578],"rotation":{"angle":-45.0,"axis":"y","origin":[7.452822,7.704491,10.545112]},"faces":{"east":{"uv":[11.125,5.125,10.625,5.125],"rotation":0,"texture":"#0","tintindex":0},"south":{"uv":[5.5,10.625,5.125,10.625],"rotation":0,"texture":"#0","tintindex":0},"north":{"uv":[3.75,10.625,3.375,10.625],"rotation":0,"texture":"#0","tintindex":0},"west":{"uv":[11.125,5.0,10.625,5.0],"rotation":0,"texture":"#0","tintindex":0},"up":{"uv":[7.875,7.625,8.25,7.125],"rotation":0,"texture":"#0","tintindex":0},"down":{"uv":[7.875,7.75,8.25,8.25],"rotation":0,"texture":"#0","tintindex":0}}}],"display":{"head":{"translation":[0.0,-6.4,0.0],"scale":[4.0,4.0,4.0]}}}