{"textures":{"0":"modelengine:entity/nocsy_drakonin_baby3"},"elements":[{"from":[7.0835,6.4026194,6.32434],"to":[8.797786,8.116905,8.610054],"rotation":{"angle":0.0,"axis":"y","origin":[8.4480715,9.319191,7.938054]},"faces":{"east":{"uv":[9.25,6.875,8.875,7.25],"rotation":0,"texture":"#0","tintindex":0},"south":{"uv":[7.25,8.875,6.875,9.25],"rotation":0,"texture":"#0","tintindex":0},"north":{"uv":[6.75,8.875,6.375,9.25],"rotation":0,"texture":"#0","tintindex":0},"west":{"uv":[9.25,6.375,8.875,6.75],"rotation":0,"texture":"#0","tintindex":0},"up":{"uv":[7.375,9.25,7.75,8.875],"rotation":0,"texture":"#0","tintindex":0},"down":{"uv":[8.875,7.375,9.25,7.75],"rotation":0,"texture":"#0","tintindex":0}}},{"from":[7.089214,5.9552517,6.2810335],"to":[8.792071,6.5152516,6.8410335],"rotation":{"angle":45.0,"axis":"x","origin":[7.9406424,6.80668,7.132462]},"faces":{"east":{"uv":[10.5,10.375,10.375,10.5],"rotation":0,"texture":"#0","tintindex":0},"south":{"uv":[6.5,10.375,6.125,10.5],"rotation":0,"texture":"#0","tintindex":0},"north":{"uv":[10.75,5.875,10.375,6.0],"rotation":0,"texture":"#0","tintindex":0},"west":{"uv":[10.25,10.375,10.125,10.5],"rotation":0,"texture":"#0","tintindex":0},"up":{"uv":[6.625,10.5,7.0,10.375],"rotation":0,"texture":"#0","tintindex":0},"down":{"uv":[7.125,10.375,7.5,10.5],"rotation":0,"texture":"#0","tintindex":0}}}],"display":{"head":{"translation":[0.0,-6.4,0.0],"scale":[4.0,4.0,4.0]}}}