{"textures":{"0":"modelengine:entity/nocsy_drakonin_baby3"},"elements":[{"from":[6.7511144,7.3428574,7.3091574],"to":[8.236829,8.828571,8.794871],"rotation":{"angle":-22.5,"axis":"y","origin":[8.751114,8.2,9.252014]},"faces":{"east":{"uv":[8.875,3.25,8.5,3.625],"rotation":0,"texture":"#0","tintindex":0},"south":{"uv":[0.375,8.5,0.0,8.875],"rotation":0,"texture":"#0","tintindex":0},"north":{"uv":[8.25,8.375,7.875,8.75],"rotation":0,"texture":"#0","tintindex":0},"west":{"uv":[8.75,8.25,8.375,8.625],"rotation":0,"texture":"#0","tintindex":0},"up":{"uv":[8.5,4.125,8.875,3.75],"rotation":0,"texture":"#0","tintindex":0},"down":{"uv":[8.5,5.875,8.875,6.25],"rotation":0,"texture":"#0","tintindex":0}}},{"from":[6.693971,7.2285714,4.280586],"to":[9.551114,7.2285714,7.7091575],"rotation":{"angle":-22.5,"axis":"x","origin":[7.951114,7.9142857,6.0520144]},"faces":{"east":{"uv":[11.25,2.0,10.5,2.0],"rotation":0,"texture":"#0","tintindex":0},"south":{"uv":[1.125,10.5,0.5,10.5],"rotation":0,"texture":"#0","tintindex":0},"north":{"uv":[11.0,1.875,10.375,1.875],"rotation":0,"texture":"#0","tintindex":0},"west":{"uv":[11.125,6.125,10.375,6.125],"rotation":0,"texture":"#0","tintindex":0},"up":{"uv":[5.5,2.5,6.125,1.75],"rotation":0,"texture":"#0","tintindex":0},"down":{"uv":[5.5,2.625,6.125,3.375],"rotation":0,"texture":"#0","tintindex":0}}},{"from":[6.693971,8.771429,4.280586],"to":[9.551114,8.771429,7.7091575],"rotation":{"angle":22.5,"axis":"x","origin":[7.951114,7.9142857,6.0520144]},"faces":{"east":{"uv":[11.25,2.0,10.5,2.0],"rotation":0,"texture":"#0","tintindex":0},"south":{"uv":[1.125,10.5,0.5,10.5],"rotation":0,"texture":"#0","tintindex":0},"north":{"uv":[11.0,1.875,10.375,1.875],"rotation":0,"texture":"#0","tintindex":0},"west":{"uv":[11.125,6.125,10.375,6.125],"rotation":0,"texture":"#0","tintindex":0},"up":{"uv":[5.5,2.5,6.125,1.75],"rotation":0,"texture":"#0","tintindex":0},"down":{"uv":[5.5,2.625,6.125,3.375],"rotation":0,"texture":"#0","tintindex":0}}}],"display":{"head":{"translation":[0.0,-6.4,0.0],"scale":[4.0,4.0,4.0]}}}