{"textures":{"0":"modelengine:entity/nocsy_drakonin_baby3"},"elements":[{"from":[7.4101615,7.448248,7.337143],"to":[9.124447,8.591105,8.48],"rotation":{"angle":0.0,"axis":"y","origin":[7.7987328,7.162425,7.268519]},"faces":{"east":{"uv":[10.125,10.0,9.875,10.25],"rotation":0,"texture":"#0","tintindex":0},"south":{"uv":[2.75,9.75,2.375,10.0],"rotation":0,"texture":"#0","tintindex":0},"north":{"uv":[10.125,2.0,9.75,2.25],"rotation":0,"texture":"#0","tintindex":0},"west":{"uv":[8.875,10.0,8.625,10.25],"rotation":0,"texture":"#0","tintindex":0},"up":{"uv":[9.75,2.625,10.125,2.375],"rotation":0,"texture":"#0","tintindex":0},"down":{"uv":[9.75,5.5,10.125,5.75],"rotation":0,"texture":"#0","tintindex":0}}},{"from":[8.553019,7.5625334,7.4514284],"to":[10.610162,8.476819,8.365714],"rotation":{"angle":0.0,"axis":"y","origin":[7.2273045,7.162425,7.268519]},"faces":{"east":{"uv":[0.625,10.125,0.375,10.375],"rotation":0,"texture":"#0","tintindex":0},"south":{"uv":[9.625,5.5,9.125,5.75],"rotation":0,"texture":"#0","tintindex":0},"north":{"uv":[4.875,9.125,4.375,9.375],"rotation":0,"texture":"#0","tintindex":0},"west":{"uv":[0.25,10.125,0.0,10.375],"rotation":0,"texture":"#0","tintindex":0},"up":{"uv":[9.25,0.25,9.75,0.0],"rotation":0,"texture":"#0","tintindex":0},"down":{"uv":[9.25,0.375,9.75,0.625],"rotation":0,"texture":"#0","tintindex":0}}},{"from":[9.991365,7.568248,6.863727],"to":[12.608508,8.471106,7.7665844],"rotation":{"angle":45.0,"axis":"y","origin":[11.014223,8.019676,7.3151555]},"faces":{"east":{"uv":[2.5,10.125,2.25,10.375],"rotation":0,"texture":"#0","tintindex":0},"south":{"uv":[2.25,8.375,1.625,8.625],"rotation":0,"texture":"#0","tintindex":0},"north":{"uv":[9.0,1.375,8.375,1.625],"rotation":0,"texture":"#0","tintindex":0},"west":{"uv":[2.125,10.125,1.875,10.375],"rotation":0,"texture":"#0","tintindex":0},"up":{"uv":[8.375,5.75,9.0,5.5],"rotation":0,"texture":"#0","tintindex":0},"down":{"uv":[5.625,8.375,6.25,8.625],"rotation":0,"texture":"#0","tintindex":0}}},{"from":[8.602544,7.9625335,6.8081794],"to":[12.031116,8.019676,17.665323],"rotation":{"angle":0.0,"axis":"y","origin":[12.688258,8.019676,7.9510365]},"faces":{"east":{"uv":[5.5,6.75,3.125,6.875],"rotation":0,"texture":"#0","tintindex":0},"south":{"uv":[10.5,6.5,9.75,6.625],"rotation":0,"texture":"#0","tintindex":0},"north":{"uv":[10.5,6.25,9.75,6.375],"rotation":0,"texture":"#0","tintindex":0},"west":{"uv":[3.0,6.75,0.625,6.875],"rotation":0,"texture":"#0","tintindex":0},"up":{"uv":[4.625,2.375,5.375,0.0],"rotation":0,"texture":"#0","tintindex":0},"down":{"uv":[4.625,0.0,5.375,2.375],"rotation":0,"texture":"#0","tintindex":0}}}],"display":{"head":{"translation":[0.0,-6.4,0.0],"scale":[4.0,4.0,4.0]}}}