{"textures":{"0":"modelengine:entity/sabertooth_midnight"},"elements":[{"from":[4.5714283,5.1453695,2.4441319],"to":[11.428572,11.431085,8.158418],"rotation":{"angle":0.0,"axis":"y","origin":[8.0,8.288227,5.301275]},"faces":{"east":{"uv":[4.625,1.5,5.25,2.1875],"rotation":0,"texture":"#0","tintindex":0},"south":{"uv":[3.8125,4.0,4.5625,4.6875],"rotation":0,"texture":"#0","tintindex":0},"north":{"uv":[0.75,3.875,1.5,4.5625],"rotation":0,"texture":"#0","tintindex":0},"west":{"uv":[4.625,2.25,5.25,2.9375],"rotation":0,"texture":"#0","tintindex":0},"up":{"uv":[3.375,4.75,2.625,4.125],"rotation":0,"texture":"#0","tintindex":0},"down":{"uv":[2.3125,4.375,1.5625,5.0],"rotation":0,"texture":"#0","tintindex":0}}},{"from":[6.5714283,7.697092,-1.2553587],"to":[9.428572,9.982806,3.316071],"rotation":{"angle":-22.5,"axis":"x","origin":[8.0,8.83995,1.0303564]},"faces":{"east":{"uv":[4.75,7.5,5.25,7.75],"rotation":0,"texture":"#0","tintindex":0},"south":{"uv":[2.25,8.0,2.5625,8.25],"rotation":0,"texture":"#0","tintindex":0},"north":{"uv":[8.0,1.25,8.3125,1.5],"rotation":0,"texture":"#0","tintindex":0},"west":{"uv":[3.8125,7.625,4.3125,7.875],"rotation":0,"texture":"#0","tintindex":0},"up":{"uv":[3.75,4.625,3.4375,4.125],"rotation":0,"texture":"#0","tintindex":0},"down":{"uv":[3.3125,4.8125,3.0,5.3125],"rotation":0,"texture":"#0","tintindex":0}}},{"from":[6.0,6.288227,-0.98443985],"to":[10.0,8.573941,2.4441319],"rotation":{"angle":0.0,"axis":"y","origin":[8.0,7.431084,0.729846]},"faces":{"east":{"uv":[7.9375,2.625,8.3125,2.875],"rotation":0,"texture":"#0","tintindex":0},"south":{"uv":[3.3125,7.8125,3.75,8.0625],"rotation":0,"texture":"#0","tintindex":0},"north":{"uv":[7.6875,5.0,8.125,5.25],"rotation":0,"texture":"#0","tintindex":0},"west":{"uv":[3.8125,7.9375,4.1875,8.1875],"rotation":0,"texture":"#0","tintindex":0},"up":{"uv":[7.8125,3.3125,7.375,2.9375],"rotation":0,"texture":"#0","tintindex":0},"down":{"uv":[7.8125,5.375,7.375,5.75],"rotation":0,"texture":"#0","tintindex":0}}},{"from":[1.7360339,3.8931742,2.4584174],"to":[7.4503202,10.178889,2.4584174],"rotation":{"angle":22.5,"axis":"z","origin":[4.593177,7.0360317,2.4584174]},"faces":{"east":{"uv":[2.875,8.6875,2.875,9.375],"rotation":0,"texture":"#0","tintindex":0},"south":{"uv":[5.25,3.8125,4.625,4.5],"rotation":0,"texture":"#0","tintindex":0},"north":{"uv":[4.625,3.8125,5.25,4.5],"rotation":0,"texture":"#0","tintindex":0},"west":{"uv":[1.875,8.75,1.875,9.4375],"rotation":0,"texture":"#0","tintindex":0},"up":{"uv":[6.6875,8.75,6.0625,8.75],"rotation":0,"texture":"#0","tintindex":0},"down":{"uv":[9.4375,4.8125,8.8125,4.8125],"rotation":0,"texture":"#0","tintindex":0}}},{"from":[2.9674282,9.849924,6.4298463],"to":[6.9674287,14.992781,6.4298463],"rotation":{"angle":22.5,"axis":"z","origin":[4.9674287,12.421352,6.4298463]},"faces":{"east":{"uv":[3.5,8.75,3.5,9.3125],"rotation":0,"texture":"#0","tintindex":0},"south":{"uv":[4.4375,6.25,4.0,6.8125],"rotation":0,"texture":"#0","tintindex":0},"north":{"uv":[4.0,6.25,4.4375,6.8125],"rotation":0,"texture":"#0","tintindex":0},"west":{"uv":[4.8125,8.75,4.8125,9.3125],"rotation":0,"texture":"#0","tintindex":0},"up":{"uv":[6.3125,5.25,5.875,5.25],"rotation":0,"texture":"#0","tintindex":0},"down":{"uv":[8.0625,7.5625,7.625,7.5625],"rotation":0,"texture":"#0","tintindex":0}}},{"from":[6.0,4.573941,0.1584177],"to":[6.0,6.288227,2.4441319],"rotation":{"angle":0.0,"axis":"y","origin":[6.0,5.431084,1.3012748]},"faces":{"east":{"uv":[8.9375,8.625,8.6875,8.8125],"rotation":0,"texture":"#0","tintindex":0},"south":{"uv":[3.375,4.8125,3.375,5.0],"rotation":0,"texture":"#0","tintindex":0},"north":{"uv":[3.75,1.5,3.75,1.6875],"rotation":0,"texture":"#0","tintindex":0},"west":{"uv":[8.6875,8.625,8.9375,8.8125],"rotation":0,"texture":"#0","tintindex":0},"up":{"uv":[3.375,5.3125,3.375,5.0625],"rotation":0,"texture":"#0","tintindex":0},"down":{"uv":[2.125,5.75,2.125,6.0],"rotation":0,"texture":"#0","tintindex":0}}},{"from":[6.0,3.4310842,-0.6987257],"to":[7.142857,6.288227,0.44413185],"rotation":{"angle":0.0,"axis":"y","origin":[6.5714283,4.8596554,-0.12729645]},"faces":{"east":{"uv":[2.375,4.375,2.5,4.6875],"rotation":0,"texture":"#0","tintindex":0},"south":{"uv":[2.1875,5.0625,2.3125,5.375],"rotation":0,"texture":"#0","tintindex":0},"north":{"uv":[2.625,3.625,2.75,3.9375],"rotation":0,"texture":"#0","tintindex":0},"west":{"uv":[1.9375,5.75,2.0625,6.0625],"rotation":0,"texture":"#0","tintindex":0},"up":{"uv":[5.125,6.6875,5.0,6.5625],"rotation":0,"texture":"#0","tintindex":0},"down":{"uv":[1.5,7.0,1.375,7.125],"rotation":0,"texture":"#0","tintindex":0}}},{"from":[6.0,1.3417029,-0.28312206],"to":[6.5714283,3.627417,0.2883067],"rotation":{"angle":-22.5,"axis":"x","origin":[6.285714,2.48456,0.0025925636]},"faces":{"east":{"uv":[3.8125,7.3125,3.875,7.5625],"rotation":0,"texture":"#0","tintindex":0},"south":{"uv":[2.25,7.6875,2.3125,7.9375],"rotation":0,"texture":"#0","tintindex":0},"north":{"uv":[0.375,6.875,0.4375,7.125],"rotation":0,"texture":"#0","tintindex":0},"west":{"uv":[4.6875,8.75,4.75,9.0],"rotation":0,"texture":"#0","tintindex":0},"up":{"uv":[2.6875,4.0625,2.625,4.0],"rotation":0,"texture":"#0","tintindex":0},"down":{"uv":[0.5625,5.9375,0.5,6.0],"rotation":0,"texture":"#0","tintindex":0}}},{"from":[9.428572,1.3417029,-0.28312206],"to":[10.0,3.627417,0.2883067],"rotation":{"angle":-22.5,"axis":"x","origin":[9.714286,2.48456,0.0025925636]},"faces":{"east":{"uv":[5.3125,8.75,5.375,9.0],"rotation":0,"texture":"#0","tintindex":0},"south":{"uv":[5.8125,8.75,5.875,9.0],"rotation":0,"texture":"#0","tintindex":0},"north":{"uv":[5.1875,8.75,5.25,9.0],"rotation":0,"texture":"#0","tintindex":0},"west":{"uv":[5.9375,8.75,6.0,9.0],"rotation":0,"texture":"#0","tintindex":0},"up":{"uv":[2.0,6.1875,1.9375,6.125],"rotation":0,"texture":"#0","tintindex":0},"down":{"uv":[2.125,6.125,2.0625,6.1875],"rotation":0,"texture":"#0","tintindex":0}}},{"from":[8.857143,3.4310842,-0.6987257],"to":[10.0,6.288227,0.44413185],"rotation":{"angle":0.0,"axis":"y","origin":[9.428572,4.8596554,-0.12729645]},"faces":{"east":{"uv":[1.0,6.5625,1.125,6.875],"rotation":0,"texture":"#0","tintindex":0},"south":{"uv":[3.8125,6.9375,3.9375,7.25],"rotation":0,"texture":"#0","tintindex":0},"north":{"uv":[2.5,6.25,2.625,6.5625],"rotation":0,"texture":"#0","tintindex":0},"west":{"uv":[4.75,7.125,4.875,7.4375],"rotation":0,"texture":"#0","tintindex":0},"up":{"uv":[5.8125,7.8125,5.6875,7.6875],"rotation":0,"texture":"#0","tintindex":0},"down":{"uv":[2.125,8.125,2.0,8.25],"rotation":0,"texture":"#0","tintindex":0}}},{"from":[-0.23372078,2.8596554,8.865524],"to":[7.76628,11.431085,8.865524],"rotation":{"angle":45.0,"axis":"y","origin":[3.7662797,7.14537,8.865524]},"faces":{"east":{"uv":[5.0,8.8125,5.0,9.75],"rotation":0,"texture":"#0","tintindex":0},"south":{"uv":[0.875,0.0,0.0,0.9375],"rotation":0,"texture":"#0","tintindex":0},"north":{"uv":[0.0,0.0,0.875,0.9375],"rotation":0,"texture":"#0","tintindex":0},"west":{"uv":[5.0625,8.8125,5.0625,9.75],"rotation":0,"texture":"#0","tintindex":0},"up":{"uv":[9.6875,6.8125,8.8125,6.8125],"rotation":0,"texture":"#0","tintindex":0},"down":{"uv":[9.6875,6.875,8.8125,6.875],"rotation":0,"texture":"#0","tintindex":0}}},{"from":[3.1999998,7.9739413,2.372703],"to":[7.757143,10.659656,2.372703],"rotation":{"angle":0.0,"axis":"y","origin":[5.4785714,9.316798,2.372703]},"faces":{"east":{"uv":[1.5625,3.875,1.5625,4.125],"rotation":0,"texture":"#0","tintindex":0},"south":{"uv":[8.3125,2.0,7.9375,2.25],"rotation":0,"texture":"#0","tintindex":0},"north":{"uv":[7.9375,2.0,8.3125,2.25],"rotation":0,"texture":"#0","tintindex":0},"west":{"uv":[2.5625,4.375,2.5625,4.625],"rotation":0,"texture":"#0","tintindex":0},"up":{"uv":[3.375,5.375,3.0,5.375],"rotation":0,"texture":"#0","tintindex":0},"down":{"uv":[5.75,3.75,5.375,3.75],"rotation":0,"texture":"#0","tintindex":0}}},{"from":[4.176376,9.881405,2.229846],"to":[7.033519,11.024261,4.5155606],"rotation":{"angle":-22.5,"axis":"z",