{"textures":{"0":"modelengine:entity/sabertooth_midnight"},"elements":[{"from":[6.6415396,2.601534,5.1423464],"to":[9.498683,8.887249,8.570918],"rotation":{"angle":22.5,"axis":"x","origin":[8.070111,5.7443914,6.8566318]},"faces":{"east":{"uv":[2.6875,6.1875,3.0625,6.875],"rotation":0,"texture":"#0","tintindex":0},"south":{"uv":[6.8125,6.25,7.125,6.9375],"rotation":0,"texture":"#0","tintindex":0},"north":{"uv":[5.0,6.75,5.3125,7.4375],"rotation":0,"texture":"#0","tintindex":0},"west":{"uv":[3.125,6.1875,3.5,6.875],"rotation":0,"texture":"#0","tintindex":0},"up":{"uv":[8.0,4.9375,7.6875,4.5625],"rotation":0,"texture":"#0","tintindex":0},"down":{"uv":[5.625,7.6875,5.3125,8.0625],"rotation":0,"texture":"#0","tintindex":0}}}],"display":{"head":{"translation":[0.0,-6.4,0.0],"scale":[4.0,4.0,4.0]}}}