{"textures":{"0":"modelengine:entity/sabertooth_midnight"},"elements":[{"from":[8.219579,5.9989796,4.249008],"to":[10.505293,8.284694,6.5347223],"rotation":{"angle":-22.5,"axis":"y","origin":[9.362436,7.1418366,5.3918653]},"faces":{"east":{"uv":[4.8125,8.125,4.5625,8.375],"rotation":0,"texture":"#0","tintindex":0},"south":{"uv":[2.0,8.3125,2.25,8.5625],"rotation":0,"texture":"#0","tintindex":0},"north":{"uv":[1.6875,8.125,1.9375,8.375],"rotation":0,"texture":"#0","tintindex":0},"west":{"uv":[4.5625,8.125,4.8125,8.375],"rotation":0,"texture":"#0","tintindex":0},"up":{"uv":[5.5,8.375,5.25,8.125],"rotation":0,"texture":"#0","tintindex":0},"down":{"uv":[5.25,8.125,5.5,8.375],"rotation":0,"texture":"#0","tintindex":0}}},{"from":[10.237142,5.9989796,2.1372838],"to":[10.237142,8.284694,4.4229975],"rotation":{"angle":-22.5,"axis":"y","origin":[10.237142,7.1418366,3.2801409]},"faces":{"east":{"uv":[7.0,8.125,6.75,8.375],"rotation":0,"texture":"#0","tintindex":0},"south":{"uv":[6.4375,8.8125,6.4375,9.0625],"rotation":0,"texture":"#0","tintindex":0},"north":{"uv":[6.375,8.8125,6.375,9.0625],"rotation":0,"texture":"#0","tintindex":0},"west":{"uv":[6.75,8.125,7.0,8.375],"rotation":0,"texture":"#0","tintindex":0},"up":{"uv":[6.5,9.0625,6.5,8.8125],"rotation":0,"texture":"#0","tintindex":0},"down":{"uv":[6.5625,8.8125,6.5625,9.0625],"rotation":0,"texture":"#0","tintindex":0}}},{"from":[7.942654,6.013265,1.4866304],"to":[7.942654,8.29898,3.7723446],"rotation":{"angle":0.0,"axis":"y","origin":[7.942654,7.156122,2.6294875]},"faces":{"east":{"uv":[7.0,8.125,6.75,8.375],"rotation":0,"texture":"#0","tintindex":0},"south":{"uv":[6.1875,8.8125,6.1875,9.0625],"rotation":0,"texture":"#0","tintindex":0},"north":{"uv":[6.125,8.8125,6.125,9.0625],"rotation":0,"texture":"#0","tintindex":0},"west":{"uv":[6.75,8.125,7.0,8.375],"rotation":0,"texture":"#0","tintindex":0},"up":{"uv":[6.25,9.0625,6.25,8.8125],"rotation":0,"texture":"#0","tintindex":0},"down":{"uv":[6.3125,8.8125,6.3125,9.0625],"rotation":0,"texture":"#0","tintindex":0}}},{"from":[6.7997966,6.013265,3.7723446],"to":[9.085511,8.29898,6.058059],"rotation":{"angle":0.0,"axis":"y","origin":[7.942654,7.156122,4.915202]},"faces":{"east":{"uv":[4.8125,8.125,4.5625,8.375],"rotation":0,"texture":"#0","tintindex":0},"south":{"uv":[7.0625,8.1875,7.3125,8.4375],"rotation":0,"texture":"#0","tintindex":0},"north":{"uv":[1.6875,8.125,1.9375,8.375],"rotation":0,"texture":"#0","tintindex":0},"west":{"uv":[4.5625,8.125,4.8125,8.375],"rotation":0,"texture":"#0","tintindex":0},"up":{"uv":[5.5,8.375,5.25,8.125],"rotation":0,"texture":"#0","tintindex":0},"down":{"uv":[5.25,8.125,5.5,8.375],"rotation":0,"texture":"#0","tintindex":0}}},{"from":[5.7801414,5.9989796,2.0903845],"to":[5.7801414,8.284694,4.376099],"rotation":{"angle":22.5,"axis":"y","origin":[5.7801414,7.1418366,3.233242]},"faces":{"east":{"uv":[7.0,8.125,6.75,8.375],"rotation":0,"texture":"#0","tintindex":0},"south":{"uv":[3.9375,7.3125,3.9375,7.5625],"rotation":0,"texture":"#0","tintindex":0},"north":{"uv":[3.4375,7.25,3.4375,7.5],"rotation":0,"texture":"#0","tintindex":0},"west":{"uv":[6.75,8.125,7.0,8.375],"rotation":0,"texture":"#0","tintindex":0},"up":{"uv":[7.3125,6.125,7.3125,5.875],"rotation":0,"texture":"#0","tintindex":0},"down":{"uv":[5.25,7.8125,5.25,8.0625],"rotation":0,"texture":"#0","tintindex":0}}},{"from":[5.511989,5.9989796,4.2021093],"to":[7.7977033,8.284694,6.487824],"rotation":{"angle":22.5,"axis":"y","origin":[6.654846,7.1418366,5.344967]},"faces":{"east":{"uv":[4.8125,8.125,4.5625,8.375],"rotation":0,"texture":"#0","tintindex":0},"south":{"uv":[4.25,8.125,4.5,8.375],"rotation":0,"texture":"#0","tintindex":0},"north":{"uv":[1.6875,8.125,1.9375,8.375],"rotation":0,"texture":"#0","tintindex":0},"west":{"uv":[4.5625,8.125,4.8125,8.375],"rotation":0,"texture":"#0","tintindex":0},"up":{"uv":[5.5,8.375,5.25,8.125],"rotation":0,"texture":"#0","tintindex":0},"down":{"uv":[5.25,8.125,5.5,8.375],"rotation":0,"texture":"#0","tintindex":0}}},{"from":[6.0801272,5.9846935,5.490809],"to":[10.080128,8.256123,8.91938],"rotation":{"angle":0.0,"axis":"y","origin":[8.080127,7.120408,7.205095]},"faces":{"east":{"uv":[6.0625,7.9375,5.6875,8.1875],"rotation":0,"texture":"#0","tintindex":0},"south":{"uv":[7.8125,3.6875,8.25,3.9375],"rotation":0,"texture":"#0","tintindex":0},"north":{"uv":[7.8125,3.375,8.25,3.625],"rotation":0,"texture":"#0","tintindex":0},"west":{"uv":[5.6875,7.9375,6.0625,8.1875],"rotation":0,"texture":"#0","tintindex":0},"up":{"uv":[7.8125,6.1875,7.375,5.8125],"rotation":0,"texture":"#0","tintindex":0},"down":{"uv":[7.875,2.0625,7.4375,2.4375],"rotation":0,"texture":"#0","tintindex":0}}}],"display":{"head":{"translation":[0.0,-6.4,0.0],"scale":[4.0,4.0,4.0]}}}