{"textures":{"1":"modelengine:entity/samus_cupid_bow"},"elements":[{"from":[7.6794376,7.6517453,6.684873],"to":[8.337001,8.309309,9.315126],"rotation":{"angle":0.0,"axis":"y","origin":[8.0,8.742857,8.0]},"faces":{"east":{"uv":[2.016,2.016,3.984,2.484],"rotation":0,"texture":"#1","tintindex":0},"south":{"uv":[7.516,6.016,7.984,6.484],"rotation":0,"texture":"#1","tintindex":0},"north":{"uv":[7.516,4.016,7.984,4.484],"rotation":0,"texture":"#1","tintindex":0},"west":{"uv":[2.016,3.016,3.984,3.484],"rotation":0,"texture":"#1","tintindex":0},"up":{"uv":[2.484,5.984,2.016,4.016],"rotation":0,"texture":"#1","tintindex":0},"down":{"uv":[3.484,4.016,3.016,5.984],"rotation":0,"texture":"#1","tintindex":0}}},{"from":[7.695877,7.231524,6.544968],"to":[8.320562,7.889087,7.202532],"rotation":{"angle":22.5,"axis":"x","origin":[8.0,8.742857,8.0]},"faces":{"east":{"uv":[8.516,0.016,8.984,0.484],"rotation":0,"texture":"#1","tintindex":0},"south":{"uv":[8.516,2.016,8.984,2.484],"rotation":0,"texture":"#1","tintindex":0},"north":{"uv":[8.016,8.016,8.484,8.484],"rotation":0,"texture":"#1","tintindex":0},"west":{"uv":[8.516,3.016,8.984,3.484],"rotation":0,"texture":"#1","tintindex":0},"up":{"uv":[4.484,8.984,4.016,8.516],"rotation":0,"texture":"#1","tintindex":0},"down":{"uv":[8.984,4.016,8.516,4.484],"rotation":0,"texture":"#1","tintindex":0}}},{"from":[7.6794376,6.7897506,5.2613974],"to":[8.337001,7.4473143,7.234088],"rotation":{"angle":45.0,"axis":"x","origin":[8.0,8.742857,8.0]},"faces":{"east":{"uv":[4.516,3.016,5.984,3.484],"rotation":0,"texture":"#1","tintindex":0},"south":{"uv":[0.016,9.016,0.484,9.484],"rotation":0,"texture":"#1","tintindex":0},"north":{"uv":[8.516,6.016,8.984,6.484],"rotation":0,"texture":"#1","tintindex":0},"west":{"uv":[5.016,5.016,6.484,5.484],"rotation":0,"texture":"#1","tintindex":0},"up":{"uv":[6.484,1.484,6.016,0.016],"rotation":0,"texture":"#1","tintindex":0},"down":{"uv":[5.484,6.016,5.016,7.484],"rotation":0,"texture":"#1","tintindex":0}}},{"from":[7.695877,10.11965,4.43993],"to":[8.320562,10.777213,5.7550564],"rotation":{"angle":-22.5,"axis":"x","origin":[8.0,8.742857,8.0]},"faces":{"east":{"uv":[0.016,7.016,0.984,7.484],"rotation":0,"texture":"#1","tintindex":0},"south":{"uv":[9.016,1.016,9.484,1.484],"rotation":0,"texture":"#1","tintindex":0},"north":{"uv":[1.016,9.016,1.484,9.484],"rotation":0,"texture":"#1","tintindex":0},"west":{"uv":[7.016,0.016,7.984,0.484],"rotation":0,"texture":"#1","tintindex":0},"up":{"uv":[3.484,7.484,3.016,6.516],"rotation":0,"texture":"#1","tintindex":0},"down":{"uv":[4.484,7.016,4.016,7.984],"rotation":0,"texture":"#1","tintindex":0}}},{"from":[7.6794376,7.0064507,4.044143],"to":[8.337001,7.6640143,4.701707],"rotation":{"angle":22.5,"axis":"x","origin":[8.0,8.742857,8.0]},"faces":{"east":{"uv":[3.016,9.016,3.484,9.484],"rotation":0,"texture":"#1","tintindex":0},"south":{"uv":[5.016,9.016,5.484,9.484],"rotation":0,"texture":"#1","tintindex":0},"north":{"uv":[2.016,9.016,2.484,9.484],"rotation":0,"texture":"#1","tintindex":0},"west":{"uv":[9.016,5.016,9.484,5.484],"rotation":0,"texture":"#1","tintindex":0},"up":{"uv":[6.484,9.484,6.016,9.016],"rotation":0,"texture":"#1","tintindex":0},"down":{"uv":[7.484,9.016,7.016,9.484],"rotation":0,"texture":"#1","tintindex":0}}},{"from":[7.695877,7.231524,8.797468],"to":[8.320562,7.889087,9.455032],"rotation":{"angle":-22.5,"axis":"x","origin":[8.0,8.742857,8.0]},"faces":{"east":{"uv":[8.984,0.016,8.516,0.484],"rotation":0,"texture":"#1","tintindex":0},"south":{"uv":[8.484,8.016,8.016,8.484],"rotation":0,"texture":"#1","tintindex":0},"north":{"uv":[8.984,2.016,8.516,2.484],"rotation":0,"texture":"#1","tintindex":0},"west":{"uv":[8.984,3.016,8.516,3.484],"rotation":0,"texture":"#1","tintindex":0},"up":{"uv":[4.484,8.516,4.016,8.984],"rotation":0,"texture":"#1","tintindex":0},"down":{"uv":[8.984,4.484,8.516,4.016],"rotation":0,"texture":"#1","tintindex":0}}},{"from":[7.6794376,6.7897506,8.765912],"to":[8.337001,7.4473143,10.738603],"rotation":{"angle":-45.0,"axis":"x","origin":[8.0,8.742857,8.0]},"faces":{"east":{"uv":[5.984,3.016,4.516,3.484],"rotation":0,"texture":"#1","tintindex":0},"south":{"uv":[8.984,6.016,8.516,6.484],"rotation":0,"texture":"#1","tintindex":0},"north":{"uv":[0.484,9.016,0.016,9.484],"rotation":0,"texture":"#1","tintindex":0},"west":{"uv":[6.484,5.016,5.016,5.484],"rotation":0,"texture":"#1","tintindex":0},"up":{"uv":[6.484,0.016,6.016,1.484],"rotation":0,"texture":"#1","tintindex":0},"down":{"uv":[5.484,7.484,5.016,6.016],"rotation":0,"texture":"#1","tintindex":0}}},{"from":[7.695877,10.11965,10.244944],"to":[8.320562,10.777213,11.56007],"rotation":{"angle":22.5,"axis":"x","origin":[8.0,8.742857,8.0]},"faces":{"east":{"uv":[0.984,7.016,0.016,7.484],"rotation":0,"texture":"#1","tintindex":0},"south":{"uv":[1.484,9.016,1.016,9.484],"rotation":0,"texture":"#1","tintindex":0},"north":{"uv":[9.484,1.016,9.016,1.484],"rotation":0,"texture":"#1","tintindex":0},"west":{"uv":[7.984,0.016,7.016,0.484],"rotation":0,"texture":"#1","tintindex":0},"up":{"uv":[3.484,6.516,3.016,7.484],"rotation":0,"texture":"#1","tintindex":0},"down":{"uv":[4.484,7.984,4.016,7.016],"rotation":0,"texture":"#1","tintindex":0}}},{"from":[7.6794376,7.0064507,11.298293],"to":[8.337001,7.6640143,11.955856],"rotation":{"angle":-22.5,"axis":"x","origin":[8.0,8.742857,8.0]},"faces":{"east":{"uv":[3.484,9.016,3.016,9.484],"rotation":0,"texture":"#1","tintindex":0},"south":{"uv":[2.484,9.016,2.016,9.484],"rotation":0,"texture":"#1","tintindex":0},"north":{"uv":[5.484,9.016,5.016,9.484],"rotation":0,"texture":"#1","tintindex":0},"west":{"uv":[9.484,5.016,9.016,5.484],"rotation":0,"texture":"#1","tintindex":0},"up":{"uv":[6.484,9.016,6.016,9.484],"rotation":0,"texture":"#1","tintindex":0},"down":{"uv":[7.484,9.484,7.016,9.016],"rotation":0,"texture":"#1","tintindex":0}}},{"from":[7.8438287,9.460045,5.0409646],"to":[8.00822,9.624435,10.959036],"rotation":{"angle":0.0,"axis":"y","origin":[8.0,8.742857,8.0]},"faces":{"east":{"uv":[0.016,0.016,4.484,0.484],"rotation":0,"texture":"#1","tintindex":0},"south":{"uv":[8.016,9.016,8.484,9.484],"rotation":0,"texture":"#1","tintindex":0},"north":{"uv":[9.016,7.016,9.484,7.484],"rotation":0,"texture":"#1","tintindex":0},"west":{"uv":[0.016,1.016,4.484,1.484],"rotation":0,"texture":"#1","tintindex":0},"up":{"uv":[0.484,6.484,0.016,2.016],"rotation":0,"texture":"#1","tintindex":0},"down":{"uv":[1.484,2.016,1.016,6.484],"rotation":0,"texture":"#1","tintindex":0}}}],"display":{"head":{"translation":[0.0,-6.4,0.0],"scale":[4.0,4.0,4.0]}}}