{"textures":{"0":"modelengine:entity/samus_cupid"},"elements":[{"from":[9.94974,8.181234,8.3525915],"to":[10.2785225,9.496361,9.338937],"rotation":{"angle":22.5,"axis":"y","origin":[8.449313,7.060321,8.674085]},"faces":{"east":{"uv":[2.484,10.25,2.016,10.75],"rotation":0,"texture":"#0","tintindex":0},"south":{"uv":[6.984,10.516,6.75,10.984],"rotation":0,"texture":"#0","tintindex":0},"north":{"uv":[6.484,10.516,6.25,10.984],"rotation":0,"texture":"#0","tintindex":0},"west":{"uv":[10.484,9.75,10.016,10.25],"rotation":0,"texture":"#0","tintindex":0},"up":{"uv":[7.25,10.984,7.484,10.516],"rotation":0,"texture":"#0","tintindex":0},"down":{"uv":[7.75,10.516,7.984,10.984],"rotation":0,"texture":"#0","tintindex":0}}},{"from":[6.055607,7.6880617,6.627454],"to":[10.000988,11.633443,10.572835],"rotation":{"angle":0.0,"axis":"y","origin":[7.6072817,7.060321,8.674085]},"faces":{"east":{"uv":[2.016,1.75,3.484,3.25],"rotation":0,"texture":"#0","tintindex":0},"south":{"uv":[2.016,3.516,3.484,4.984],"rotation":0,"texture":"#0","tintindex":0},"north":{"uv":[2.016,0.016,3.484,1.484],"rotation":0,"texture":"#0","tintindex":0},"west":{"uv":[3.75,0.016,5.25,1.484],"rotation":0,"texture":"#0","tintindex":0},"up":{"uv":[5.25,3.25,3.75,1.75],"rotation":0,"texture":"#0","tintindex":0},"down":{"uv":[5.25,3.516,3.75,4.984],"rotation":0,"texture":"#0","tintindex":0}}},{"from":[5.8912163,10.482706,6.4630632],"to":[10.165379,11.797833,10.737226],"rotation":{"angle":0.0,"axis":"y","origin":[7.6072817,7.060321,8.674085]},"faces":{"east":{"uv":[7.516,4.016,9.25,4.484],"rotation":0,"texture":"#0","tintindex":0},"south":{"uv":[7.516,4.75,9.25,5.25],"rotation":0,"texture":"#0","tintindex":0},"north":{"uv":[2.25,7.25,3.984,7.75],"rotation":0,"texture":"#0","tintindex":0},"west":{"uv":[7.516,5.516,9.25,5.984],"rotation":0,"texture":"#0","tintindex":0},"up":{"uv":[1.75,1.75,0.016,0.016],"rotation":0,"texture":"#0","tintindex":0},"down":{"uv":[1.75,2.016,0.016,3.75],"rotation":0,"texture":"#0","tintindex":0}}},{"from":[5.9008193,9.16758,6.4630632],"to":[6.229601,10.482706,10.737226],"rotation":{"angle":0.0,"axis":"y","origin":[7.588313,7.060321,8.674085]},"faces":{"east":{"uv":[4.25,7.75,5.984,8.25],"rotation":0,"texture":"#0","tintindex":0},"south":{"uv":[5.75,10.016,5.984,10.484],"rotation":0,"texture":"#0","tintindex":0},"north":{"uv":[3.516,8.75,3.75,9.25],"rotation":0,"texture":"#0","tintindex":0},"west":{"uv":[6.25,7.75,7.984,8.25],"rotation":0,"texture":"#0","tintindex":0},"up":{"uv":[0.984,10.25,0.75,8.516],"rotation":0,"texture":"#0","tintindex":0},"down":{"uv":[6.484,8.516,6.25,10.25],"rotation":0,"texture":"#0","tintindex":0}}},{"from":[6.5298114,9.989534,6.4630632],"to":[7.5161567,10.482706,6.791845],"rotation":{"angle":0.0,"axis":"y","origin":[7.588313,7.060321,8.674085]},"faces":{"east":{"uv":[3.516,9.516,3.75,9.75],"rotation":0,"texture":"#0","tintindex":0},"south":{"uv":[10.25,3.016,10.75,3.25],"rotation":0,"texture":"#0","tintindex":0},"north":{"uv":[2.75,10.25,3.25,10.484],"rotation":0,"texture":"#0","tintindex":0},"west":{"uv":[10.516,10.516,10.75,10.75],"rotation":0,"texture":"#0","tintindex":0},"up":{"uv":[10.75,3.75,10.25,3.516],"rotation":0,"texture":"#0","tintindex":0},"down":{"uv":[10.75,4.016,10.25,4.25],"rotation":0,"texture":"#0","tintindex":0}}},{"from":[7.8639064,9.825143,6.4630632],"to":[8.192688,10.482706,6.791845],"rotation":{"angle":0.0,"axis":"y","origin":[7.6072817,7.060321,8.674085]},"faces":{"east":{"uv":[10.75,0.016,10.984,0.25],"rotation":0,"texture":"#0","tintindex":0},"south":{"uv":[10.75,0.516,10.984,0.75],"rotation":0,"texture":"#0","tintindex":0},"north":{"uv":[0.016,10.75,0.25,10.984],"rotation":0,"texture":"#0","tintindex":0},"west":{"uv":[10.75,1.016,10.984,1.25],"rotation":0,"texture":"#0","tintindex":0},"up":{"uv":[1.484,10.984,1.25,10.75],"rotation":0,"texture":"#0","tintindex":0},"down":{"uv":[2.984,10.75,2.75,10.984],"rotation":0,"texture":"#0","tintindex":0}}},{"from":[9.174351,9.660752,6.4630632],"to":[9.831915,10.482706,6.791845],"rotation":{"angle":0.0,"axis":"y","origin":[7.588313,7.060321,8.674085]},"faces":{"east":{"uv":[3.75,10.75,3.984,10.984],"rotation":0,"texture":"#0","tintindex":0},"south":{"uv":[4.25,10.75,4.484,10.984],"rotation":0,"texture":"#0","tintindex":0},"north":{"uv":[3.25,10.75,3.484,10.984],"rotation":0,"texture":"#0","tintindex":0},"west":{"uv":[10.75,4.516,10.984,4.75],"rotation":0,"texture":"#0","tintindex":0},"up":{"uv":[4.984,10.984,4.75,10.75],"rotation":0,"texture":"#0","tintindex":0},"down":{"uv":[5.484,10.75,5.25,10.984],"rotation":0,"texture":"#0","tintindex":0}}},{"from":[9.831915,9.16758,6.4630632],"to":[10.160696,10.482706,10.737226],"rotation":{"angle":0.0,"axis":"y","origin":[7.588313,7.060321,8.674085]},"faces":{"east":{"uv":[7.75,6.25,9.484,6.75],"rotation":0,"texture":"#0","tintindex":0},"south":{"uv":[0.75,10.516,0.984,10.984],"rotation":0,"texture":"#0","tintindex":0},"north":{"uv":[10.25,4.516,10.484,4.984],"rotation":0,"texture":"#0","tintindex":0},"west":{"uv":[7.75,7.016,9.484,7.484],"rotation":0,"texture":"#0","tintindex":0},"up":{"uv":[6.984,10.25,6.75,8.516],"rotation":0,"texture":"#0","tintindex":0},"down":{"uv":[7.484,8.516,7.25,10.25],"rotation":0,"texture":"#0","tintindex":0}}},{"from":[6.219998,8.510016,10.408443],"to":[9.836597,10.482706,10.737226],"rotation":{"angle":0.0,"axis":"y","origin":[7.6072817,7.060321,8.674085]},"faces":{"east":{"uv":[1.516,4.016,1.75,4.75],"rotation":0,"texture":"#0","tintindex":0},"south":{"uv":[7.016,3.016,8.484,3.75],"rotation":0,"texture":"#0","tintindex":0},"north":{"uv":[6.016,6.75,7.484,7.484],"rotation":0,"texture":"#0","tintindex":0},"west":{"uv":[5.516,4.25,5.75,4.984],"rotation":0,"texture":"#0","tintindex":0},"up":{"uv":[5.75,7.484,4.25,7.25],"rotation":0,"texture":"#0","tintindex":0},"down":{"uv":[10.984,5.75,9.516,5.984],"rotation":0,"texture":"#0","tintindex":0}}},{"from":[5.7780724,8.181234,8.3525915],"to":[6.106854,9.496361,9.338937],"rotation":{"angle":-22.5,"axis":"y","origin":[7.6072817,7.060321,8.674085]},"faces":{"east":{"uv":[10.016,9.75,10.484,10.25],"rotation":0,"texture":"#0","tintindex":0},"south":{"uv":[6.75,10.516,6.984,10.984],"rotation":0,"texture":"#0","tintindex":0},"north":{"uv":[6.25,10.516,6.484,10.984],"rotation":0,"texture":"#0","tintindex":0},"west":{"uv":[2.016,10.25,2.484,10.75],"rotation":0,"texture":"#0","tintindex":0},"up":{"uv":[7.484,10.984,7.25,10.516],"rotation":0,"texture":"#0","tintindex":0},"down":{"uv":[7.984,10.516,7.75,10.984],"rotation":0,"texture":"#0","tintindex":0}}},{"from":[7.699516,7.576018,5.916175],"to":[8.3570795,8.233582,6.5737386],"rotation":{"angle":22.5,"axis":"x","origin":[7.6072817,7.060321,8.674085]},"faces":{"east":{"uv":[10.75,8.25,10.984,8.484],"rotation":0,"texture":"#0","tintindex":0},"south":{"uv":[10.75,8.75,10.984,8.984],"rotation":0,"texture":"#0","tintindex":0},"north":{"uv":[5.75,10.75,5.984,10.984],"rotation":0,"texture":"#0","tintindex":0},"west":{"uv":[10.75,9.25,10.984,9.484],"rotation":0,"texture":"#0","tintindex":0},"up":{"uv":[10.984,9.984,10.75,9.75],"rotation":0,"texture":"#0","tintindex":0},"down":{"uv":[11.25,1.516,11.016,1.75],"rotation":0,"texture":"#0","tintindex":0}}}],"display":{"head":{"translation":[0.0,-6.4,0.0],"scale":[4.0,4.0,4.0]}}}