{"textures":{"0":"modelengine:entity/samus_cupid"},"elements":[{"from":[6.8636484,5.531298,9.154032],"to":[9.16512,8.983506,11.455503],"faces":{"east":{"uv":[7.75,8.516,8.25,9.25],"tintindex":0,"rotation":0,"texture":"#0"},"south":{"uv":[8.516,8.516,8.984,9.25],"tintindex":0,"rotation":0,"texture":"#0"},"north":{"uv":[8.516,0.016,8.984,0.75],"tintindex":0,"rotation":0,"texture":"#0"},"west":{"uv":[1.25,8.75,1.75,9.484],"tintindex":0,"rotation":0,"texture":"#0"},"up":{"uv":[0.484,10.484,0.016,10.016],"tintindex":0,"rotation":0,"texture":"#0"},"down":{"uv":[10.484,0.016,10.016,0.484],"tintindex":0,"rotation":0,"texture":"#0"}},"rotation":{"origin":[9.521542,13.977871,8.11732],"angle":22.5,"axis":"x"}}]}