{"textures":{"0":"modelengine:entity/samus_cupid"},"elements":[{"from":[6.429744,9.451049,6.601263],"to":[9.717561,12.081303,9.231517],"rotation":{"angle":0.0,"axis":"y","origin":[7.6526365,11.453561,7.9903297]},"faces":{"east":{"uv":[0.016,7.25,0.984,8.25],"rotation":0,"texture":"#0","tintindex":0},"south":{"uv":[0.016,6.016,1.25,6.984],"rotation":0,"texture":"#0","tintindex":0},"north":{"uv":[5.516,3.016,6.75,3.984],"rotation":0,"texture":"#0","tintindex":0},"west":{"uv":[7.25,0.016,8.25,0.984],"rotation":0,"texture":"#0","tintindex":0},"up":{"uv":[7.25,5.25,6.016,4.25],"rotation":0,"texture":"#0","tintindex":0},"down":{"uv":[7.25,5.516,6.016,6.484],"rotation":0,"texture":"#0","tintindex":0}}},{"from":[6.100962,8.1359215,6.272481],"to":[10.046343,9.451049,9.560299],"rotation":{"angle":0.0,"axis":"y","origin":[7.6526365,11.453561,7.9903297]},"faces":{"east":{"uv":[8.25,2.016,9.484,2.484],"rotation":0,"texture":"#0","tintindex":0},"south":{"uv":[8.25,1.25,9.75,1.75],"rotation":0,"texture":"#0","tintindex":0},"north":{"uv":[2.25,8.016,3.75,8.484],"rotation":0,"texture":"#0","tintindex":0},"west":{"uv":[8.25,7.75,9.484,8.25],"rotation":0,"texture":"#0","tintindex":0},"up":{"uv":[6.984,1.25,5.516,0.016],"rotation":0,"texture":"#0","tintindex":0},"down":{"uv":[6.984,1.516,5.516,2.75],"rotation":0,"texture":"#0","tintindex":0}}},{"from":[7.0873075,7.4783583,6.272481],"to":[9.059998,8.1359215,9.560299],"rotation":{"angle":0.0,"axis":"y","origin":[7.6526365,11.453561,7.9903297]},"faces":{"east":{"uv":[2.016,9.75,3.25,9.984],"rotation":0,"texture":"#0","tintindex":0},"south":{"uv":[10.25,2.516,10.984,2.75],"rotation":0,"texture":"#0","tintindex":0},"north":{"uv":[10.016,1.516,10.75,1.75],"rotation":0,"texture":"#0","tintindex":0},"west":{"uv":[9.75,2.016,10.984,2.25],"rotation":0,"texture":"#0","tintindex":0},"up":{"uv":[1.984,8.484,1.25,7.25],"rotation":0,"texture":"#0","tintindex":0},"down":{"uv":[7.984,1.25,7.25,2.484],"rotation":0,"texture":"#0","tintindex":0}}},{"from":[7.4316244,7.2423787,6.2889204],"to":[8.58236,7.899942,9.5438595],"rotation":{"angle":22.5,"axis":"z","origin":[7.6526365,11.453561,7.9903297]},"faces":{"east":{"uv":[9.75,7.25,10.984,7.484],"rotation":0,"texture":"#0","tintindex":0},"south":{"uv":[9.75,10.516,10.25,10.75],"rotation":0,"texture":"#0","tintindex":0},"north":{"uv":[9.016,10.516,9.484,10.75],"rotation":0,"texture":"#0","tintindex":0},"west":{"uv":[9.75,7.75,10.984,7.984],"rotation":0,"texture":"#0","tintindex":0},"up":{"uv":[5.25,9.75,4.75,8.516],"rotation":0,"texture":"#0","tintindex":0},"down":{"uv":[5.984,8.516,5.516,9.75],"rotation":0,"texture":"#0","tintindex":0}}},{"from":[7.5649447,7.2423787,6.2889204],"to":[8.715681,7.899942,9.5438595],"rotation":{"angle":-22.5,"axis":"z","origin":[8.494668,11.453561,7.9903297]},"faces":{"east":{"uv":[10.984,7.75,9.75,7.984],"rotation":0,"texture":"#0","tintindex":0},"south":{"uv":[10.25,10.516,9.75,10.75],"rotation":0,"texture":"#0","tintindex":0},"north":{"uv":[9.484,10.516,9.016,10.75],"rotation":0,"texture":"#0","tintindex":0},"west":{"uv":[10.984,7.25,9.75,7.484],"rotation":0,"texture":"#0","tintindex":0},"up":{"uv":[4.75,9.75,5.25,8.516],"rotation":0,"texture":"#0","tintindex":0},"down":{"uv":[5.516,8.516,5.984,9.75],"rotation":0,"texture":"#0","tintindex":0}}}],"display":{"head":{"translation":[0.0,-6.4,0.0],"scale":[4.0,4.0,4.0]}}}