{"textures":{"0":"modelengine:entity/nocsy_drakonin3"},"elements":[{"from":[5.714286,6.155852,5.3560076],"to":[10.285714,10.727281,12.213151],"rotation":{"angle":0.0,"axis":"y","origin":[8.0,8.0,8.666262]},"faces":{"east":{"uv":[6.375,0.875,7.125,1.375],"rotation":0,"texture":"#0","tintindex":0},"south":{"uv":[2.75,6.9375,3.25,7.4375],"rotation":0,"texture":"#0","tintindex":0},"north":{"uv":[6.9375,2.6875,7.4375,3.1875],"rotation":0,"texture":"#0","tintindex":0},"west":{"uv":[6.375,1.4375,7.125,1.9375],"rotation":0,"texture":"#0","tintindex":0},"up":{"uv":[6.875,2.75,6.375,2.0],"rotation":0,"texture":"#0","tintindex":0},"down":{"uv":[6.875,2.8125,6.375,3.5625],"rotation":0,"texture":"#0","tintindex":0}}},{"from":[5.72,5.035164,10.9051895],"to":[10.280001,9.595164,15.465189],"rotation":{"angle":22.5,"axis":"x","origin":[8.0,6.861932,14.387716]},"faces":{"east":{"uv":[3.3125,6.9375,3.8125,7.4375],"rotation":0,"texture":"#0","tintindex":0},"south":{"uv":[3.875,6.9375,4.375,7.4375],"rotation":0,"texture":"#0","tintindex":0},"north":{"uv":[6.9375,3.25,7.4375,3.75],"rotation":0,"texture":"#0","tintindex":0},"west":{"uv":[4.4375,6.9375,4.9375,7.4375],"rotation":0,"texture":"#0","tintindex":0},"up":{"uv":[7.4375,5.5,6.9375,5.0],"rotation":0,"texture":"#0","tintindex":0},"down":{"uv":[7.5,0.0,7.0,0.5],"rotation":0,"texture":"#0","tintindex":0}}},{"from":[5.7085714,5.873857,4.072829],"to":[10.291429,10.456715,8.084257],"rotation":{"angle":45.0,"axis":"x","origin":[8.0,9.308143,7.0499716]},"faces":{"east":{"uv":[7.1875,6.0625,7.625,6.5625],"rotation":0,"texture":"#0","tintindex":0},"south":{"uv":[6.9375,7.0625,7.4375,7.5625],"rotation":0,"texture":"#0","tintindex":0},"north":{"uv":[6.375,7.0625,6.875,7.5625],"rotation":0,"texture":"#0","tintindex":0},"west":{"uv":[5.0,7.3125,5.4375,7.8125],"rotation":0,"texture":"#0","tintindex":0},"up":{"uv":[6.0,7.75,5.5,7.3125],"rotation":0,"texture":"#0","tintindex":0},"down":{"uv":[7.875,4.3125,7.375,4.75],"rotation":0,"texture":"#0","tintindex":0}}}],"display":{"head":{"translation":[0.0,-6.4,0.0],"scale":[4.0,4.0,4.0]}}}