{"textures":{"0":"modelengine:entity/nocsy_drakonin3"},"elements":[{"from":[5.82059,5.8754835,5.3885746],"to":[5.82059,8.161198,9.960003],"rotation":{"angle":-22.5,"axis":"z","origin":[5.592019,7.646912,7.6742887]},"faces":{"east":{"uv":[8.3125,7.6875,8.8125,7.9375],"rotation":0,"texture":"#0","tintindex":0},"south":{"uv":[0.0,10.375,0.0,10.625],"rotation":0,"texture":"#0","tintindex":0},"north":{"uv":[7.8125,9.0625,7.8125,9.3125],"rotation":0,"texture":"#0","tintindex":0},"west":{"uv":[0.25,8.375,0.75,8.625],"rotation":0,"texture":"#0","tintindex":0},"up":{"uv":[0.0625,10.875,0.0625,10.375],"rotation":0,"texture":"#0","tintindex":0},"down":{"uv":[0.125,10.375,0.125,10.875],"rotation":0,"texture":"#0","tintindex":0}}},{"from":[10.17941,5.8754835,5.3885746],"to":[10.17941,8.161198,9.960003],"rotation":{"angle":22.5,"axis":"z","origin":[10.407981,7.646912,7.6742887]},"faces":{"east":{"uv":[0.8125,8.375,1.3125,8.625],"rotation":0,"texture":"#0","tintindex":0},"south":{"uv":[10.375,0.5,10.375,0.75],"rotation":0,"texture":"#0","tintindex":0},"north":{"uv":[0.1875,10.375,0.1875,10.625],"rotation":0,"texture":"#0","tintindex":0},"west":{"uv":[1.375,8.375,1.875,8.625],"rotation":0,"texture":"#0","tintindex":0},"up":{"uv":[3.875,10.875,3.875,10.375],"rotation":0,"texture":"#0","tintindex":0},"down":{"uv":[3.9375,10.375,3.9375,10.875],"rotation":0,"texture":"#0","tintindex":0}}},{"from":[6.0,8.03458,5.3885746],"to":[10.0,12.03458,11.10286],"rotation":{"angle":0.0,"axis":"y","origin":[8.0,9.548865,7.734985]},"faces":{"east":{"uv":[5.0,6.8125,5.625,7.25],"rotation":0,"texture":"#0","tintindex":0},"south":{"uv":[7.8125,1.0,8.25,1.4375],"rotation":0,"texture":"#0","tintindex":0},"north":{"uv":[7.8125,0.5,8.25,0.9375],"rotation":0,"texture":"#0","tintindex":0},"west":{"uv":[5.6875,6.8125,6.3125,7.25],"rotation":0,"texture":"#0","tintindex":0},"up":{"uv":[7.3125,4.9375,6.875,4.3125],"rotation":0,"texture":"#0","tintindex":0},"down":{"uv":[7.375,2.0,6.9375,2.625],"rotation":0,"texture":"#0","tintindex":0}}},{"from":[5.9714284,8.320294,5.3457174],"to":[7.6857142,12.320294,5.3457174],"rotation":{"angle":0.0,"axis":"y","origin":[7.9714284,9.548865,7.6921277]},"faces":{"east":{"uv":[5.625,10.375,5.625,10.8125],"rotation":0,"texture":"#0","tintindex":0},"south":{"uv":[9.4375,0.3125,9.625,0.75],"rotation":0,"texture":"#0","tintindex":0},"north":{"uv":[0.25,9.4375,0.4375,9.875],"rotation":0,"texture":"#0","tintindex":0},"west":{"uv":[5.6875,10.375,5.6875,10.8125],"rotation":0,"texture":"#0","tintindex":0},"up":{"uv":[6.5625,4.3125,6.375,4.3125],"rotation":0,"texture":"#0","tintindex":0},"down":{"uv":[6.8125,4.3125,6.625,4.3125],"rotation":0,"texture":"#0","tintindex":0}}},{"from":[6.428571,8.148866,5.2885747],"to":[6.714286,11.23458,5.2885747],"rotation":{"angle":0.0,"axis":"y","origin":[7.9714284,9.548865,7.6921277]},"faces":{"east":{"uv":[10.375,2.375,10.375,2.625],"rotation":0,"texture":"#0","tintindex":0},"south":{"uv":[7.875,8.5,7.9375,8.75],"rotation":0,"texture":"#0","tintindex":0},"north":{"uv":[7.0625,0.5625,7.125,0.8125],"rotation":0,"texture":"#0","tintindex":0},"west":{"uv":[5.75,10.375,5.75,10.625],"rotation":0,"texture":"#0","tintindex":0},"up":{"uv":[7.0,5.5625,6.9375,5.5625],"rotation":0,"texture":"#0","tintindex":0},"down":{"uv":[7.0,5.625,6.9375,5.625],"rotation":0,"texture":"#0","tintindex":0}}},{"from":[9.285714,8.148866,5.2885747],"to":[9.571428,11.23458,5.2885747],"rotation":{"angle":0.0,"axis":"y","origin":[8.028571,9.548865,7.6921277]},"faces":{"east":{"uv":[5.75,10.375,5.75,10.625],"rotation":0,"texture":"#0","tintindex":0},"south":{"uv":[7.9375,8.5,7.875,8.75],"rotation":0,"texture":"#0","tintindex":0},"north":{"uv":[7.125,0.5625,7.0625,0.8125],"rotation":0,"texture":"#0","tintindex":0},"west":{"uv":[10.375,2.375,10.375,2.625],"rotation":0,"texture":"#0","tintindex":0},"up":{"uv":[6.9375,5.5625,7.0,5.5625],"rotation":0,"texture":"#0","tintindex":0},"down":{"uv":[6.9375,5.625,7.0,5.625],"rotation":0,"texture":"#0","tintindex":0}}},{"from":[5.9714284,8.320294,5.3457174],"to":[5.9714284,12.320294,7.0600033],"rotation":{"angle":0.0,"axis":"y","origin":[8.0,9.548865,7.734985]},"faces":{"east":{"uv":[0.5,9.4375,0.6875,9.875],"rotation":0,"texture":"#0","tintindex":0},"south":{"uv":[6.0,10.375,6.0,10.8125],"rotation":0,"texture":"#0","tintindex":0},"north":{"uv":[5.9375,10.375,5.9375,10.8125],"rotation":0,"texture":"#0","tintindex":0},"west":{"uv":[0.75,9.4375,0.9375,9.875],"rotation":0,"texture":"#0","tintindex":0},"up":{"uv":[1.875,8.875,1.875,8.6875],"rotation":0,"texture":"#0","tintindex":0},"down":{"uv":[8.8125,2.375,8.8125,2.5625],"rotation":0,"texture":"#0","tintindex":0}}},{"from":[10.028572,8.320294,5.3457174],"to":[10.028572,12.320294,7.0600033],"rotation":{"angle":0.0,"axis":"y","origin":[8.0,9.548865,7.734985]},"faces":{"east":{"uv":[9.4375,0.8125,9.625,1.25],"rotation":0,"texture":"#0","tintindex":0},"south":{"uv":[6.125,10.375,6.125,10.8125],"rotation":0,"texture":"#0","tintindex":0},"north":{"uv":[6.0625,10.375,6.0625,10.8125],"rotation":0,"texture":"#0","tintindex":0},"west":{"uv":[1.0,9.4375,1.1875,9.875],"rotation":0,"texture":"#0","tintindex":0},"up":{"uv":[9.8125,7.875,9.8125,7.6875],"rotation":0,"texture":"#0","tintindex":0},"down":{"uv":[7.9375,9.875,7.9375,10.0625],"rotation":0,"texture":"#0","tintindex":0}}},{"from":[8.314285,8.320294,5.3457174],"to":[10.028572,12.320294,5.3457174],"rotation":{"angle":0.0,"axis":"y","origin":[8.028571,9.548865,7.6921277]},"faces":{"east":{"uv":[10.375,6.125,10.375,6.5625],"rotation":0,"texture":"#0","tintindex":0},"south":{"uv":[1.5,9.4375,1.6875,9.875],"rotation":0,"texture":"#0","tintindex":0},"north":{"uv":[1.25,9.4375,1.4375,9.875],"rotation":0,"texture":"#0","tintindex":0},"west":{"uv":[6.1875,10.375,6.1875,10.8125],"rotation":0,"texture":"#0","tintindex":0},"up":{"uv":[7.375,7.0,7.1875,7.0],"rotation":0,"texture":"#0","tintindex":0},"down":{"uv":[7.75,0.5,7.5625,0.5],"rotation":0,"texture":"#0","tintindex":0}}},{"from":[8.0,10.663152,3.845717],"to":[8.0,18.091724,11.845717],"rotation":{"angle":0.0,"axis":"y","origin":[8.0,14.606009,8.531431]},"faces":{"east":{"uv":[5.25,5.25,6.125,6.0625],"rotation":0,"texture":"#0","tintindex":0},"south":{"uv":[8.0,10.375,8.0,11.1875],"rotation":0,"texture":"#0","tintindex":0},"north":{"uv":[7.9375,10.375,7.9375,11.1875],"rotation":0,"texture":"#0","tintindex":0},"west":{"uv":[5.5,0.0,6.375,0.8125],"rotation":0,"texture":"#0","tintindex":0},"up":{"uv":[8.0625,11.25,8.0625,10.375],"rotation":0,"texture":"#0","tintindex":0},"down":{"uv":[8.125,10.375,8.125,11.25],"rotation":0,"texture":"#0","tintindex":0}}},{"from":[6.9714284,5.4060087,2.3028598],"to":[6.9714284,9.406009,7.4457173],"rotation":{"angle":0.0,"axis":"y","origin":[8.0,7.4060087,4.8742886]},"faces":{"east":{"uv":[6.9375,3.8125,7.5,4.25],"rotation":0,"texture":"#0","tintindex":0},"south":{"uv":[8.25,10.375,8.25,10.8125],"rotation":0,"texture":"#0","tintindex":0},"north":{"uv":[8.1875,10.375,8.1875,10.8125],"rotation":0,"texture":"#0","tintindex":0},"west":{"uv":[7.1875,0.5625,7.75,1.0],"rotation":0,"texture":"#0","tintindex":0},"up":{"uv":[8.3125,10.9375,8.3125,10.375],"rotation":0,"texture":"#0","tintindex":0},"down":{"uv":[8.375,10.375,8.375,10.9375],"rotation":0,"texture":"#0","tintindex":0}}},{"from":[9.028571,5.4060087,2.3028598],"to":[9.028571,9.406009,7.4457173],"rotation":{"angle":0.0,"axis":"y","origin":[8.0,7.4060087,4.8742886]},"faces":{"east":{"uv":[7.1875,1.0625,7.75,1.5],"rotation":0,"texture":"#0","tintindex":0},"south":{"uv":[8.5,10.375,8.5,10.8125],"rotation":0,"texture":"#0","tintindex":0},"north":{"uv":[8.4375,10.375,8.4375,10.8125],"rotation":0,"texture":"#0","tintindex":0},"west":{"uv":[7.1875,5.5625,7.75,6.0],"rotation":0,"texture":"#0","tintindex":0},"up":{"uv":[8.5625,10.9375,8.5625,10.375],"rotation":0,"texture":"#0","tintindex":0},"down":{"uv":[8.625,10.375,8.625,10.9375],"rotation":0,"texture":"#0","tintindex":0}}},{"from":[6.342857,11.3488655,6.9885745],