{"textures":{"0":"modelengine:entity/nocsy_drakonin3"},"elements":[{"from":[7.8615685,6.01961,6.9694037],"to":[9.575854,8.305325,10.969404],"rotation":{"angle":-22.5,"axis":"z","origin":[8.547283,7.1624675,10.055119]},"faces":{"east":{"uv":[8.8125,4.25,9.25,4.5],"rotation":0,"texture":"#0","tintindex":0},"south":{"uv":[8.6875,9.8125,8.875,10.0625],"rotation":0,"texture":"#0","tintindex":0},"north":{"uv":[5.5,9.8125,5.6875,10.0625],"rotation":0,"texture":"#0","tintindex":0},"west":{"uv":[8.8125,5.875,9.25,6.125],"rotation":0,"texture":"#0","tintindex":0},"up":{"uv":[1.9375,9.875,1.75,9.4375],"rotation":0,"texture":"#0","tintindex":0},"down":{"uv":[2.1875,9.4375,2.0,9.875],"rotation":0,"texture":"#0","tintindex":0}}},{"from":[10.118401,6.1337028,10.807034],"to":[11.6041155,7.619417,14.007034],"rotation":{"angle":45.0,"axis":"y","origin":[9.079324,7.6150885,13.246315]},"faces":{"east":{"uv":[8.6875,3.875,9.0625,4.0625],"rotation":0,"texture":"#0","tintindex":0},"south":{"uv":[10.1875,3.625,10.375,3.8125],"rotation":0,"texture":"#0","tintindex":0},"north":{"uv":[10.1875,3.375,10.375,3.5625],"rotation":0,"texture":"#0","tintindex":0},"west":{"uv":[8.5,9.5625,8.875,9.75],"rotation":0,"texture":"#0","tintindex":0},"up":{"uv":[7.375,1.9375,7.1875,1.5625],"rotation":0,"texture":"#0","tintindex":0},"down":{"uv":[9.125,9.5625,8.9375,9.9375],"rotation":0,"texture":"#0","tintindex":0}}},{"from":[11.032687,6.1337028,14.007034],"to":[11.032687,7.619417,17.435606],"rotation":{"angle":45.0,"axis":"y","origin":[9.079324,7.6150885,13.246315]},"faces":{"east":{"uv":[9.625,2.375,10.0,2.5625],"rotation":0,"texture":"#0","tintindex":0},"south":{"uv":[10.375,6.625,10.375,6.8125],"rotation":0,"texture":"#0","tintindex":0},"north":{"uv":[8.0,9.875,8.0,10.0625],"rotation":0,"texture":"#0","tintindex":0},"west":{"uv":[4.75,9.625,5.125,9.8125],"rotation":0,"texture":"#0","tintindex":0},"up":{"uv":[9.375,10.75,9.375,10.375],"rotation":0,"texture":"#0","tintindex":0},"down":{"uv":[9.4375,10.375,9.4375,10.75],"rotation":0,"texture":"#0","tintindex":0}}},{"from":[10.125507,6.9328814,14.007034],"to":[11.611221,6.9328814,17.435606],"rotation":{"angle":45.0,"axis":"y","origin":[9.079324,7.6150885,13.246315]},"faces":{"east":{"uv":[8.25,3.5625,8.625,3.5625],"rotation":0,"texture":"#0","tintindex":0},"south":{"uv":[7.1875,7.625,7.375,7.625],"rotation":0,"texture":"#0","tintindex":0},"north":{"uv":[7.5625,4.25,7.75,4.25],"rotation":0,"texture":"#0","tintindex":0},"west":{"uv":[9.9375,5.4375,10.3125,5.4375],"rotation":0,"texture":"#0","tintindex":0},"up":{"uv":[9.375,9.9375,9.1875,9.5625],"rotation":0,"texture":"#0","tintindex":0},"down":{"uv":[0.1875,9.625,0.0,10.0],"rotation":0,"texture":"#0","tintindex":0}}}],"display":{"head":{"translation":[0.0,-6.4,0.0],"scale":[4.0,4.0,4.0]}}}