{"textures":{"0":"modelengine:entity/nocsy_drakonin3"},"elements":[{"from":[6.4241457,6.01961,6.9694037],"to":[8.138432,8.305325,10.969404],"rotation":{"angle":22.5,"axis":"z","origin":[7.4527173,7.1624675,10.055119]},"faces":{"east":{"uv":[9.25,5.875,8.8125,6.125],"rotation":0,"texture":"#0","tintindex":0},"south":{"uv":[8.875,9.8125,8.6875,10.0625],"rotation":0,"texture":"#0","tintindex":0},"north":{"uv":[5.6875,9.8125,5.5,10.0625],"rotation":0,"texture":"#0","tintindex":0},"west":{"uv":[9.25,4.25,8.8125,4.5],"rotation":0,"texture":"#0","tintindex":0},"up":{"uv":[1.75,9.875,1.9375,9.4375],"rotation":0,"texture":"#0","tintindex":0},"down":{"uv":[2.0,9.4375,2.1875,9.875],"rotation":0,"texture":"#0","tintindex":0}}},{"from":[4.3958845,6.1337028,10.807034],"to":[5.881599,7.619417,14.007034],"rotation":{"angle":-45.0,"axis":"y","origin":[6.920676,7.6150885,13.246315]},"faces":{"east":{"uv":[8.875,9.5625,8.5,9.75],"rotation":0,"texture":"#0","tintindex":0},"south":{"uv":[10.375,3.625,10.1875,3.8125],"rotation":0,"texture":"#0","tintindex":0},"north":{"uv":[10.375,3.375,10.1875,3.5625],"rotation":0,"texture":"#0","tintindex":0},"west":{"uv":[9.0625,3.875,8.6875,4.0625],"rotation":0,"texture":"#0","tintindex":0},"up":{"uv":[7.1875,1.9375,7.375,1.5625],"rotation":0,"texture":"#0","tintindex":0},"down":{"uv":[8.9375,9.5625,9.125,9.9375],"rotation":0,"texture":"#0","tintindex":0}}},{"from":[4.967313,6.1337028,14.007034],"to":[4.967313,7.619417,17.435606],"rotation":{"angle":-45.0,"axis":"y","origin":[6.920676,7.6150885,13.246315]},"faces":{"east":{"uv":[5.125,9.625,4.75,9.8125],"rotation":0,"texture":"#0","tintindex":0},"south":{"uv":[10.375,6.625,10.375,6.8125],"rotation":0,"texture":"#0","tintindex":0},"north":{"uv":[8.0,9.875,8.0,10.0625],"rotation":0,"texture":"#0","tintindex":0},"west":{"uv":[10.0,2.375,9.625,2.5625],"rotation":0,"texture":"#0","tintindex":0},"up":{"uv":[9.375,10.75,9.375,10.375],"rotation":0,"texture":"#0","tintindex":0},"down":{"uv":[9.4375,10.375,9.4375,10.75],"rotation":0,"texture":"#0","tintindex":0}}},{"from":[4.3887787,6.9328814,14.007034],"to":[5.8744926,6.9328814,17.435606],"rotation":{"angle":-45.0,"axis":"y","origin":[6.920676,7.6150885,13.246315]},"faces":{"east":{"uv":[10.3125,5.4375,9.9375,5.4375],"rotation":0,"texture":"#0","tintindex":0},"south":{"uv":[7.375,7.625,7.1875,7.625],"rotation":0,"texture":"#0","tintindex":0},"north":{"uv":[7.75,4.25,7.5625,4.25],"rotation":0,"texture":"#0","tintindex":0},"west":{"uv":[8.625,3.5625,8.25,3.5625],"rotation":0,"texture":"#0","tintindex":0},"up":{"uv":[9.1875,9.9375,9.375,9.5625],"rotation":0,"texture":"#0","tintindex":0},"down":{"uv":[0.0,9.625,0.1875,10.0],"rotation":0,"texture":"#0","tintindex":0}}}],"display":{"head":{"translation":[0.0,-6.4,0.0],"scale":[4.0,4.0,4.0]}}}