{"textures":{"0":"modelengine:entity/nocsy_drakonin3"},"elements":[{"from":[6.285714,8.063616,7.399993],"to":[9.714286,12.063617,10.828565],"rotation":{"angle":0.0,"axis":"y","origin":[7.428571,9.805804,9.4561615]},"faces":{"east":{"uv":[3.25,7.875,3.625,8.3125],"rotation":0,"texture":"#0","tintindex":0},"south":{"uv":[3.6875,7.875,4.0625,8.3125],"rotation":0,"texture":"#0","tintindex":0},"north":{"uv":[2.0,7.875,2.375,8.3125],"rotation":0,"texture":"#0","tintindex":0},"west":{"uv":[4.125,7.875,4.5,8.3125],"rotation":0,"texture":"#0","tintindex":0},"up":{"uv":[6.5625,6.0625,6.1875,5.6875],"rotation":0,"texture":"#0","tintindex":0},"down":{"uv":[5.4375,7.875,5.0625,8.25],"rotation":0,"texture":"#0","tintindex":0}}},{"from":[6.2914286,11.568721,6.9874563],"to":[9.708571,13.843007,10.404599],"rotation":{"angle":-22.5,"axis":"x","origin":[8.0,12.864656,9.361072]},"faces":{"east":{"uv":[6.625,9.0625,7.0,9.3125],"rotation":0,"texture":"#0","tintindex":0},"south":{"uv":[7.0625,9.0625,7.4375,9.3125],"rotation":0,"texture":"#0","tintindex":0},"north":{"uv":[8.875,7.6875,9.25,7.9375],"rotation":0,"texture":"#0","tintindex":0},"west":{"uv":[9.125,0.0,9.5,0.25],"rotation":0,"texture":"#0","tintindex":0},"up":{"uv":[2.8125,8.4375,2.4375,8.0625],"rotation":0,"texture":"#0","tintindex":0},"down":{"uv":[8.625,3.125,8.25,3.5],"rotation":0,"texture":"#0","tintindex":0}}}],"display":{"head":{"translation":[0.0,-6.4,0.0],"scale":[4.0,4.0,4.0]}}}