{"textures":{"0":"modelengine:entity/nocsy_drakonin3"},"elements":[{"from":[7.081559,6.3689003,6.5714283],"to":[9.938702,9.226044,9.428572],"rotation":{"angle":0.0,"axis":"y","origin":[7.6529875,6.555906,6.7388253]},"faces":{"east":{"uv":[0.5625,9.0625,0.25,9.375],"rotation":0,"texture":"#0","tintindex":0},"south":{"uv":[9.3125,8.875,9.0,9.1875],"rotation":0,"texture":"#0","tintindex":0},"north":{"uv":[9.3125,7.1875,9.0,7.5],"rotation":0,"texture":"#0","tintindex":0},"west":{"uv":[8.1875,9.0,7.875,9.3125],"rotation":0,"texture":"#0","tintindex":0},"up":{"uv":[9.0625,0.6875,9.375,0.375],"rotation":0,"texture":"#0","tintindex":0},"down":{"uv":[0.625,9.0625,0.9375,9.375],"rotation":0,"texture":"#0","tintindex":0}}},{"from":[9.367273,6.9403286,7.0857143],"to":[16.795845,8.654614,8.8],"rotation":{"angle":0.0,"axis":"y","origin":[7.6529875,6.555906,6.7388253]},"faces":{"east":{"uv":[9.9375,10.125,9.75,10.3125],"rotation":0,"texture":"#0","tintindex":0},"south":{"uv":[8.8125,2.875,8.0,3.0625],"rotation":0,"texture":"#0","tintindex":0},"north":{"uv":[8.8125,2.625,8.0,2.8125],"rotation":0,"texture":"#0","tintindex":0},"west":{"uv":[9.6875,10.125,9.5,10.3125],"rotation":0,"texture":"#0","tintindex":0},"up":{"uv":[6.5,8.1875,7.3125,8.0],"rotation":0,"texture":"#0","tintindex":0},"down":{"uv":[7.375,8.0,8.1875,8.1875],"rotation":0,"texture":"#0","tintindex":0}}},{"from":[16.613888,6.946043,2.8344297],"to":[18.316744,8.6489,6.8230014],"rotation":{"angle":-45.0,"axis":"y","origin":[15.179602,7.797472,5.971573]},"faces":{"east":{"uv":[8.9375,9.3125,8.5,9.5],"rotation":0,"texture":"#0","tintindex":0},"south":{"uv":[10.375,0.25,10.1875,0.4375],"rotation":0,"texture":"#0","tintindex":0},"north":{"uv":[0.4375,10.1875,0.25,10.375],"rotation":0,"texture":"#0","tintindex":0},"west":{"uv":[9.75,8.4375,9.3125,8.625],"rotation":0,"texture":"#0","tintindex":0},"up":{"uv":[6.625,9.8125,6.8125,9.375],"rotation":0,"texture":"#0","tintindex":0},"down":{"uv":[9.375,6.625,9.5625,7.0625],"rotation":0,"texture":"#0","tintindex":0}}},{"from":[18.7406,6.9403286,1.7957988],"to":[20.454885,8.654614,5.7957993],"rotation":{"angle":-22.5,"axis":"y","origin":[19.597744,7.797472,3.7957993]},"faces":{"east":{"uv":[7.3125,9.375,6.875,9.5625],"rotation":0,"texture":"#0","tintindex":0},"south":{"uv":[1.25,10.1875,1.0625,10.375],"rotation":0,"texture":"#0","tintindex":0},"north":{"uv":[10.375,0.875,10.1875,1.0625],"rotation":0,"texture":"#0","tintindex":0},"west":{"uv":[9.8125,5.0625,9.375,5.25],"rotation":0,"texture":"#0","tintindex":0},"up":{"uv":[7.8125,9.8125,8.0,9.375],"rotation":0,"texture":"#0","tintindex":0},"down":{"uv":[9.375,8.6875,9.5625,9.125],"rotation":0,"texture":"#0","tintindex":0}}},{"from":[8.324392,7.8546147,2.4518275],"to":[20.324394,7.9689,25.8804],"rotation":{"angle":0.0,"axis":"y","origin":[21.181538,7.797472,4.451828]},"faces":{"east":{"uv":[10.5,2.0,7.9375,2.0625],"rotation":0,"texture":"#0","tintindex":0},"south":{"uv":[10.6875,5.3125,9.375,5.375],"rotation":0,"texture":"#0","tintindex":0},"north":{"uv":[10.5,2.6875,9.1875,2.75],"rotation":0,"texture":"#0","tintindex":0},"west":{"uv":[10.5,1.875,7.9375,1.9375],"rotation":0,"texture":"#0","tintindex":0},"up":{"uv":[0.0,7.8125,1.3125,5.25],"rotation":0,"texture":"#0","tintindex":0},"down":{"uv":[1.375,5.25,2.6875,7.8125],"rotation":0,"texture":"#0","tintindex":0}}}],"display":{"head":{"translation":[0.0,-6.4,0.0],"scale":[4.0,4.0,4.0]}}}