{"textures":{"0":"modelengine:entity/nocsy_drakonin3"},"elements":[{"from":[6.857143,4.7771745,6.7942166],"to":[8.571428,8.777175,9.079931],"rotation":{"angle":22.5,"axis":"x","origin":[8.285714,8.662889,7.594217]},"faces":{"east":{"uv":[1.875,8.9375,2.125,9.375],"rotation":0,"texture":"#0","tintindex":0},"south":{"uv":[3.0,9.4375,3.1875,9.875],"rotation":0,"texture":"#0","tintindex":0},"north":{"uv":[2.75,9.4375,2.9375,9.875],"rotation":0,"texture":"#0","tintindex":0},"west":{"uv":[3.1875,8.9375,3.4375,9.375],"rotation":0,"texture":"#0","tintindex":0},"up":{"uv":[1.0,10.1875,0.8125,9.9375],"rotation":0,"texture":"#0","tintindex":0},"down":{"uv":[10.125,1.0,9.9375,1.25],"rotation":0,"texture":"#0","tintindex":0}}}],"display":{"head":{"translation":[0.0,-6.4,0.0],"scale":[4.0,4.0,4.0]}}}