{"textures":{"0":"modelengine:entity/nocsy_drakonin3"},"elements":[{"from":[3.771428,7.3431034,8.313452],"to":[6.0571427,7.3431034,12.88488],"rotation":{"angle":22.5,"axis":"z","origin":[5.142857,8.885961,7.1705947]},"faces":{"east":{"uv":[10.375,8.1875,10.875,8.1875],"rotation":0,"texture":"#0","tintindex":0},"south":{"uv":[10.4375,1.125,10.6875,1.125],"rotation":0,"texture":"#0","tintindex":0},"north":{"uv":[9.375,7.5,9.625,7.5],"rotation":0,"texture":"#0","tintindex":0},"west":{"uv":[10.4375,1.1875,10.9375,1.1875],"rotation":0,"texture":"#0","tintindex":0},"up":{"uv":[8.75,8.5,8.5,8.0],"rotation":0,"texture":"#0","tintindex":0},"down":{"uv":[8.75,8.0,8.5,8.5],"rotation":0,"texture":"#0","tintindex":0}}},{"from":[9.3714285,7.3431034,8.313452],"to":[11.657143,7.3431034,12.88488],"rotation":{"angle":-22.5,"axis":"z","origin":[10.285714,8.885961,7.1705947]},"faces":{"east":{"uv":[10.9375,1.1875,10.4375,1.1875],"rotation":0,"texture":"#0","tintindex":0},"south":{"uv":[10.6875,1.125,10.4375,1.125],"rotation":0,"texture":"#0","tintindex":0},"north":{"uv":[9.625,7.5,9.375,7.5],"rotation":0,"texture":"#0","tintindex":0},"west":{"uv":[10.875,8.1875,10.375,8.1875],"rotation":0,"texture":"#0","tintindex":0},"up":{"uv":[8.5,8.5,8.75,8.0],"rotation":0,"texture":"#0","tintindex":0},"down":{"uv":[8.5,8.0,8.75,8.5],"rotation":0,"texture":"#0","tintindex":0}}},{"from":[6.5714283,6.7228823,6.9336557],"to":[8.857143,9.580025,10.362227],"rotation":{"angle":0.0,"axis":"y","origin":[8.0,8.0,9.3714285]},"faces":{"east":{"uv":[8.6875,3.125,9.0625,3.4375],"rotation":0,"texture":"#0","tintindex":0},"south":{"uv":[9.5625,7.9375,9.8125,8.25],"rotation":0,"texture":"#0","tintindex":0},"north":{"uv":[4.4375,9.4375,4.6875,9.75],"rotation":0,"texture":"#0","tintindex":0},"west":{"uv":[8.6875,3.5,9.0625,3.8125],"rotation":0,"texture":"#0","tintindex":0},"up":{"uv":[7.75,9.4375,7.5,9.0625],"rotation":0,"texture":"#0","tintindex":0},"down":{"uv":[5.4375,9.3125,5.1875,9.6875],"rotation":0,"texture":"#0","tintindex":0}}},{"from":[6.857143,7.0085964,10.362227],"to":[8.571428,9.294311,12.076513],"rotation":{"angle":0.0,"axis":"y","origin":[8.285714,8.0,9.3714285]},"faces":{"east":{"uv":[3.625,10.125,3.8125,10.375],"rotation":0,"texture":"#0","tintindex":0},"south":{"uv":[4.3125,10.125,4.5,10.375],"rotation":0,"texture":"#0","tintindex":0},"north":{"uv":[10.125,0.5625,10.3125,0.8125],"rotation":0,"texture":"#0","tintindex":0},"west":{"uv":[10.125,4.5,10.3125,4.75],"rotation":0,"texture":"#0","tintindex":0},"up":{"uv":[3.5,10.4375,3.3125,10.25],"rotation":0,"texture":"#0","tintindex":0},"down":{"uv":[10.4375,5.0625,10.25,5.25],"rotation":0,"texture":"#0","tintindex":0}}},{"from":[6.9714284,7.2794766,11.731037],"to":[8.457143,9.336619,13.216752],"rotation":{"angle":-22.5,"axis":"x","origin":[7.714286,7.955305,12.297401]},"faces":{"east":{"uv":[10.125,5.875,10.3125,6.125],"rotation":0,"texture":"#0","tintindex":0},"south":{"uv":[10.125,6.1875,10.3125,6.4375],"rotation":0,"texture":"#0","tintindex":0},"north":{"uv":[5.3125,10.125,5.5,10.375],"rotation":0,"texture":"#0","tintindex":0},"west":{"uv":[7.3125,10.125,7.5,10.375],"rotation":0,"texture":"#0","tintindex":0},"up":{"uv":[9.125,10.4375,8.9375,10.25],"rotation":0,"texture":"#0","tintindex":0},"down":{"uv":[5.0,10.3125,4.8125,10.5],"rotation":0,"texture":"#0","tintindex":0}}},{"from":[7.714286,7.051936,9.777648],"to":[7.714286,16.194794,20.634792],"rotation":{"angle":-22.5,"axis":"x","origin":[7.714286,11.223365,16.577648]},"faces":{"east":{"uv":[2.75,5.25,3.9375,6.25],"rotation":0,"texture":"#0","tintindex":0},"south":{"uv":[3.8125,10.4375,3.8125,11.4375],"rotation":0,"texture":"#0","tintindex":0},"north":{"uv":[3.75,10.4375,3.75,11.4375],"rotation":0,"texture":"#0","tintindex":0},"west":{"uv":[4.0,5.25,5.1875,6.25],"rotation":0,"texture":"#0","tintindex":0},"up":{"uv":[4.3125,11.625,4.3125,10.4375],"rotation":0,"texture":"#0","tintindex":0},"down":{"uv":[4.375,10.4375,4.375,11.625],"rotation":0,"texture":"#0","tintindex":0}}}],"display":{"head":{"translation":[0.0,-6.4,0.0],"scale":[4.0,4.0,4.0]}}}