{"textures":{"0":"modelengine:entity/lr_santa_boss_chimney"},"elements":[{"from":[-4.000001,-16.0,-3.9831944],"to":[20.0,-0.57142925,19.445377],"rotation":{"angle":0.0,"axis":"y","origin":[8.0,-16.0,8.016807]},"faces":{"east":{"uv":[2.625,3.375,5.1875,5.0625],"rotation":0,"texture":"#0","tintindex":0},"south":{"uv":[2.625,0.0,5.25,1.6875],"rotation":0,"texture":"#0","tintindex":0},"north":{"uv":[2.625,0.0,5.25,1.6875],"rotation":0,"texture":"#0","tintindex":0},"west":{"uv":[2.625,3.375,5.1875,5.0625],"rotation":0,"texture":"#0","tintindex":0},"up":{"uv":[2.625,2.5625,0.0,0.0],"rotation":0,"texture":"#0","tintindex":0},"down":{"uv":[2.625,2.5625,0.0,5.125],"rotation":0,"texture":"#0","tintindex":0}}},{"from":[17.142857,-4.0,-5.69748],"to":[22.285715,0.5714283,21.731092],"rotation":{"angle":0.0,"axis":"y","origin":[8.0,-16.0,8.016807]},"faces":{"east":{"uv":[5.1875,3.375,8.1875,3.875],"rotation":0,"texture":"#0","tintindex":0},"south":{"uv":[6.0625,1.375,6.625,1.875],"rotation":0,"texture":"#0","tintindex":0},"north":{"uv":[2.0,6.0,2.5625,6.5],"rotation":0,"texture":"#0","tintindex":0},"west":{"uv":[5.1875,3.875,8.1875,4.375],"rotation":0,"texture":"#0","tintindex":0},"up":{"uv":[0.5625,8.125,0.0,5.125],"rotation":0,"texture":"#0","tintindex":0},"down":{"uv":[1.125,5.125,0.5625,8.125],"rotation":0,"texture":"#0","tintindex":0}}},{"from":[-1.1428576,-4.0,-5.69748],"to":[17.142857,0.5714283,-0.55462265],"rotation":{"angle":0.0,"axis":"y","origin":[8.0,-16.0,8.016807]},"faces":{"east":{"uv":[6.0625,1.875,6.625,2.375],"rotation":0,"texture":"#0","tintindex":0},"south":{"uv":[5.25,0.5,7.1875,1.0],"rotation":0,"texture":"#0","tintindex":0},"north":{"uv":[5.25,0.0,7.1875,0.5],"rotation":0,"texture":"#0","tintindex":0},"west":{"uv":[6.0625,2.375,6.625,2.875],"rotation":0,"texture":"#0","tintindex":0},"up":{"uv":[7.125,4.9375,5.1875,4.375],"rotation":0,"texture":"#0","tintindex":0},"down":{"uv":[7.125,4.9375,5.1875,5.5],"rotation":0,"texture":"#0","tintindex":0}}},{"from":[13.142858,-16.0,-4.5546227],"to":[20.57143,-12.0,-0.55462265],"rotation":{"angle":0.0,"axis":"y","origin":[8.0,-16.0,8.016807]},"faces":{"east":{"uv":[2.125,5.125,2.5625,5.5625],"rotation":0,"texture":"#0","tintindex":0},"south":{"uv":[5.25,1.4375,6.0625,1.875],"rotation":0,"texture":"#0","tintindex":0},"north":{"uv":[5.25,1.0,6.0625,1.4375],"rotation":0,"texture":"#0","tintindex":0},"west":{"uv":[2.125,5.5625,2.5625,6.0],"rotation":0,"texture":"#0","tintindex":0},"up":{"uv":[6.0625,2.3125,5.25,1.875],"rotation":0,"texture":"#0","tintindex":0},"down":{"uv":[6.0625,2.3125,5.25,2.75],"rotation":0,"texture":"#0","tintindex":0}}},{"from":[16.0,-11.428572,-4.5546227],"to":[20.57143,-8.0,3.4453778],"rotation":{"angle":0.0,"axis":"y","origin":[8.0,-16.0,8.016807]},"faces":{"east":{"uv":[5.1875,5.9375,6.0625,6.3125],"rotation":0,"texture":"#0","tintindex":0},"south":{"uv":[6.0625,5.875,6.5625,6.25],"rotation":0,"texture":"#0","tintindex":0},"north":{"uv":[6.0625,2.875,6.5625,3.25],"rotation":0,"texture":"#0","tintindex":0},"west":{"uv":[1.125,6.0,2.0,6.375],"rotation":0,"texture":"#0","tintindex":0},"up":{"uv":[1.625,6.0,1.125,5.125],"rotation":0,"texture":"#0","tintindex":0},"down":{"uv":[2.125,5.125,1.625,6.0],"rotation":0,"texture":"#0","tintindex":0}}},{"from":[13.142858,-7.4285717,-4.5546227],"to":[20.57143,-4.0,-0.55462265],"rotation":{"angle":0.0,"axis":"y","origin":[8.0,-16.0,8.016807]},"faces":{"east":{"uv":[6.0625,6.25,6.5,6.625],"rotation":0,"texture":"#0","tintindex":0},"south":{"uv":[6.0625,1.0,6.875,1.375],"rotation":0,"texture":"#0","tintindex":0},"north":{"uv":[6.0,5.5,6.8125,5.875],"rotation":0,"texture":"#0","tintindex":0},"west":{"uv":[5.1875,6.3125,5.625,6.6875],"rotation":0,"texture":"#0","tintindex":0},"up":{"uv":[6.0625,3.1875,5.25,2.75],"rotation":0,"texture":"#0","tintindex":0},"down":{"uv":[6.0,5.5,5.1875,5.9375],"rotation":0,"texture":"#0","tintindex":0}}},{"from":[-4.5714293,-16.0,-4.5546227],"to":[2.8571424,-12.0,-0.55462265],"rotation":{"angle":0.0,"axis":"y","origin":[8.0,-16.0,8.016807]},"faces":{"east":{"uv":[2.5625,5.5625,2.125,6.0],"rotation":0,"texture":"#0","tintindex":0},"south":{"uv":[6.0625,1.4375,5.25,1.875],"rotation":0,"texture":"#0","tintindex":0},"north":{"uv":[6.0625,1.0,5.25,1.4375],"rotation":0,"texture":"#0","tintindex":0},"west":{"uv":[2.5625,5.125,2.125,5.5625],"rotation":0,"texture":"#0","tintindex":0},"up":{"uv":[5.25,2.3125,6.0625,1.875],"rotation":0,"texture":"#0","tintindex":0},"down":{"uv":[5.25,2.3125,6.0625,2.75],"rotation":0,"texture":"#0","tintindex":0}}},{"from":[-4.5714293,-11.428572,-4.5546227],"to":[0.0,-8.0,3.4453778],"rotation":{"angle":0.0,"axis":"y","origin":[8.0,-16.0,8.016807]},"faces":{"east":{"uv":[2.0,6.0,1.125,6.375],"rotation":0,"texture":"#0","tintindex":0},"south":{"uv":[6.5625,5.875,6.0625,6.25],"rotation":0,"texture":"#0","tintindex":0},"north":{"uv":[6.5625,2.875,6.0625,3.25],"rotation":0,"texture":"#0","tintindex":0},"west":{"uv":[6.0625,5.9375,5.1875,6.3125],"rotation":0,"texture":"#0","tintindex":0},"up":{"uv":[1.125,6.0,1.625,5.125],"rotation":0,"texture":"#0","tintindex":0},"down":{"uv":[1.625,5.125,2.125,6.0],"rotation":0,"texture":"#0","tintindex":0}}},{"from":[-4.5714293,-7.4285717,-4.5546227],"to":[2.8571424,-4.0,-0.55462265],"rotation":{"angle":0.0,"axis":"y","origin":[8.0,-16.0,8.016807]},"faces":{"east":{"uv":[5.625,6.3125,5.1875,6.6875],"rotation":0,"texture":"#0","tintindex":0},"south":{"uv":[6.875,1.0,6.0625,1.375],"rotation":0,"texture":"#0","tintindex":0},"north":{"uv":[6.8125,5.5,6.0,5.875],"rotation":0,"texture":"#0","tintindex":0},"west":{"uv":[6.5,6.25,6.0625,6.625],"rotation":0,"texture":"#0","tintindex":0},"up":{"uv":[5.25,3.1875,6.0625,2.75],"rotation":0,"texture":"#0","tintindex":0},"down":{"uv":[5.1875,5.5,6.0,5.9375],"rotation":0,"texture":"#0","tintindex":0}}},{"from":[-4.5714293,-16.0,16.588236],"to":[2.8571424,-12.0,20.588236],"rotation":{"angle":0.0,"axis":"y","origin":[8.0,-16.0,8.016807]},"faces":{"east":{"uv":[2.125,5.5625,2.5625,6.0],"rotation":0,"texture":"#0","tintindex":0},"south":{"uv":[5.25,1.0,6.0625,1.4375],"rotation":0,"texture":"#0","tintindex":0},"north":{"uv":[5.25,1.4375,6.0625,1.875],"rotation":0,"texture":"#0","tintindex":0},"west":{"uv":[2.125,5.125,2.5625,5.5625],"rotation":0,"texture":"#0","tintindex":0},"up":{"uv":[5.25,1.875,6.0625,2.3125],"rotation":0,"texture":"#0","tintindex":0},"down":{"uv":[5.25,2.75,6.0625,2.3125],"rotation":0,"texture":"#0","tintindex":0}}},{"from":[-4.5714293,-11.428572,12.588236],"to":[0.0,-8.0,20.588236],"rotation":{"angle":0.0,"axis":"y","origin":[8.0,-16.0,8.016807]},"faces":{"east":{"uv":[1.125,6.0,2.0,6.375],"rotation":0,"texture":"#0","tintindex":0},"south":{"uv":[6.0625,2.875,6.5625,3.25],"rotation":0,"texture":"#0","tintindex":0},"north":{"uv":[6.0625,5.875,6.5625,6.25],"rotation":0,"texture":"#0","tintindex":0},"west":{"uv":[5.1875,5.9375,6.0625,6.3125],"rotation":0,"texture":"#0","tintindex":0},"up":{"uv":[1.125,5.125,1.625,6.0],"rotation":0,"texture":"#0","tintindex":0},"down":{"uv":[1.625,6.0,2.125,5.125],"rotation":0,"texture":"#0","tintindex":0}}},{"from":[-4.5714293,-7.4285717,16.588236],"to":[2.8571424,-4.0,20.588236],"rotation":{"angle":0.0,"axis":"y","origin":[8.0,-16.0,8.016807]},"faces":{"east":{"uv":[5.1875,6.3125,5.625,6.6875],"rotation":0,"texture":"#0","tintindex":0},"south":{"uv":[6.0,5.5,6.8125,5.875],"rotation":0,"texture":"#0","tintindex":0},"north":{"uv":[6.0625,1.0,6.875,1.375],"rotation":0,"texture":"#0","tintindex":0},"west":{"uv":[6.0625,6.25,6.5,6.625],"rotation":0,"texture":"#0","tintindex":0},"up":{"uv":[5.25,2.75,6.0625,3.1875],"rotation":0,"texture":"#0","tintindex":0},"down":{"uv":[5.1875,5.9375,6.0,5.5],"rotation":0,"texture":"#0","tintindex":0}}},{"from":[13.142858,-16.0,16.588236],"to":[20.57143,-12.0,20.588236],"rotation":{"angle":0.0,"axis":"y","origin":[8.0,-16.0,8.016807]},"faces":{"east":{"uv":[2.5625,5.125,2.125,5.5625],"rotation":0,"texture":"#0","tintindex":0},