{"textures":{"0":"modelengine:entity/samus_wraith"},"elements":[{"from":[5.385195,9.8,2.2228365],"to":[8.385195,9.8,8.2228365],"faces":{"up":{"uv":[4.25,11.25,3.5,9.75],"tintindex":0,"rotation":0,"texture":"#0"},"down":{"uv":[4.25,9.75,3.5,11.25],"tintindex":0,"rotation":0,"texture":"#0"}},"rotation":{"origin":[6.8851953,9.8,5.2228365],"angle":22.5,"axis":"y"}},{"from":[8.271014,4.8,1.6488113],"to":[8.271014,9.8,7.6488113],"faces":{"east":{"uv":[11.25,1.5,9.75,2.75],"tintindex":0,"rotation":0,"texture":"#0"},"west":{"uv":[9.75,1.5,11.25,2.75],"tintindex":0,"rotation":0,"texture":"#0"}},"rotation":{"origin":[8.271014,7.3,4.6488113],"angle":22.5,"axis":"y"}},{"from":[6.5332456,4.8,7.994475],"to":[9.533245,9.8,7.994475],"faces":{"south":{"uv":[11.25,7.0,12.0,8.25],"tintindex":0,"rotation":0,"texture":"#0"},"north":{"uv":[12.0,7.0,11.25,8.25],"tintindex":0,"rotation":0,"texture":"#0"}},"rotation":{"origin":[8.033245,7.3,7.994475],"angle":22.5,"axis":"y"}},{"from":[5.499376,4.8,2.7968616],"to":[5.499376,9.8,8.796862],"faces":{"east":{"uv":[11.25,3.0,9.75,4.25],"tintindex":0,"rotation":0,"texture":"#0"},"west":{"uv":[9.75,3.0,11.25,4.25],"tintindex":0,"rotation":0,"texture":"#0"}},"rotation":{"origin":[5.499376,7.3,5.7968616],"angle":22.5,"axis":"y"}}]}