{"textures":{"1":"modelengine:entity/mammoth"},"elements":[{"from":[4.285714,6.152381,1.4142857],"to":[11.542857,13.580953,8.785714],"rotation":{"angle":22.5,"axis":"x","origin":[15.657143,7.0380955,4.5857143]},"faces":{"east":{"uv":[10.875,5.5,11.5,5.9375],"rotation":0,"texture":"#1","tintindex":0},"south":{"uv":[0.8125,7.0625,1.625,7.875],"rotation":0,"texture":"#1","tintindex":0},"north":{"uv":[5.8125,6.9375,6.625,7.75],"rotation":0,"texture":"#1","tintindex":0},"west":{"uv":[7.0625,4.3125,7.875,5.125],"rotation":0,"texture":"#1","tintindex":0},"up":{"uv":[2.4375,8.125,1.625,7.3125],"rotation":0,"texture":"#1","tintindex":0},"down":{"uv":[8.125,2.25,7.3125,3.0625],"rotation":0,"texture":"#1","tintindex":0}}},{"from":[4.5142856,-0.9904766,2.2714286],"to":[10.8,3.2380953,8.1],"rotation":{"angle":0.0,"axis":"y","origin":[7.6571426,7.3809524,4.0142856]},"faces":{"east":{"uv":[10.875,5.5,11.5,5.9375],"rotation":0,"texture":"#1","tintindex":0},"south":{"uv":[3.5,10.8125,4.1875,11.25],"rotation":0,"texture":"#1","tintindex":0},"north":{"uv":[2.8125,10.8125,3.5,11.25],"rotation":0,"texture":"#1","tintindex":0},"west":{"uv":[10.9375,3.6875,11.5625,4.125],"rotation":0,"texture":"#1","tintindex":0},"up":{"uv":[10.1875,6.375,9.5,5.75],"rotation":0,"texture":"#1","tintindex":0},"down":{"uv":[7.375,9.5,6.6875,10.125],"rotation":0,"texture":"#1","tintindex":0}}},{"from":[4.342857,2.6666665,1.9285712],"to":[11.485714,7.409524,8.157143],"rotation":{"angle":0.0,"axis":"x","origin":[7.9428573,10.466667,4.0714283]},"faces":{"east":{"uv":[10.875,5.5,11.5,5.9375],"rotation":0,"texture":"#1","tintindex":0},"south":{"uv":[10.0,2.1875,10.75,2.6875],"rotation":0,"texture":"#1","tintindex":0},"north":{"uv":[10.0,1.6875,10.75,2.1875],"rotation":0,"texture":"#1","tintindex":0},"west":{"uv":[7.25,10.1875,7.9375,10.6875],"rotation":0,"texture":"#1","tintindex":0},"up":{"uv":[4.5625,9.375,3.8125,8.6875],"rotation":0,"texture":"#1","tintindex":0},"down":{"uv":[5.3125,8.6875,4.5625,9.375],"rotation":0,"texture":"#1","tintindex":0}}}],"display":{"head":{"translation":[0.0,-6.4,0.0],"scale":[4.0,4.0,4.0]}}}