{"textures":{"1":"modelengine:entity/mammoth"},"elements":[{"from":[1.9000006,-12.133333,4.575001],"to":[12.9,2.0666656,14.875],"faces":{"east":{"uv":[3.1875,8.1875,3.8125,9.0625],"tintindex":0,"rotation":0,"texture":"#1"},"south":{"uv":[10.875,5.5,11.5,5.9375],"tintindex":0,"rotation":0,"texture":"#1"},"north":{"uv":[7.3125,3.0625,8.0,3.9375],"tintindex":0,"rotation":0,"texture":"#1"},"west":{"uv":[8.5625,6.75,9.1875,7.625],"tintindex":0,"rotation":0,"texture":"#1"},"up":{"uv":[10.0,3.25,9.3125,2.625],"tintindex":0,"rotation":0,"texture":"#1"},"down":{"uv":[10.0,8.9375,9.3125,9.5625],"tintindex":0,"rotation":0,"texture":"#1"}}},{"from":[5.8,0.2666664,4.175001],"to":[12.9,13.566666,15.275001],"faces":{"east":{"uv":[1.8125,8.1875,2.5,9.0],"tintindex":0,"rotation":0,"texture":"#1"},"south":{"uv":[4.0625,10.0,4.5,10.8125],"tintindex":0,"rotation":0,"texture":"#1"},"north":{"uv":[3.625,10.0,4.0625,10.8125],"tintindex":0,"rotation":0,"texture":"#1"},"west":{"uv":[2.5,8.1875,3.1875,9.0],"tintindex":0,"rotation":0,"texture":"#1"},"up":{"uv":[7.9375,11.375,7.5,10.6875],"tintindex":0,"rotation":0,"texture":"#1"},"down":{"uv":[11.1875,1.625,10.75,2.3125],"tintindex":0,"rotation":0,"texture":"#1"}},"rotation":{"origin":[7.4000006,12.716667,7.625],"angle":-22.5,"axis":"z"}},{"from":[6.4000006,5.166668,4.375],"to":[14.6,15.166668,15.075001],"faces":{"east":{"uv":[9.375,0.0,10.0625,0.625],"tintindex":0,"rotation":0,"texture":"#1"},"south":{"uv":[10.625,7.625,11.125,8.25],"tintindex":0,"rotation":0,"texture":"#1"},"north":{"uv":[6.5625,10.625,7.0625,11.25],"tintindex":0,"rotation":0,"texture":"#1"},"west":{"uv":[9.375,0.625,10.0625,1.25],"tintindex":0,"rotation":0,"texture":"#1"},"up":{"uv":[5.0,10.8125,4.5,10.125],"tintindex":0,"rotation":0,"texture":"#1"},"down":{"uv":[5.5,10.125,5.0,10.8125],"tintindex":0,"rotation":0,"texture":"#1"}},"rotation":{"origin":[9.1,14.316666,7.625],"angle":22.5,"axis":"z"}}]}