{"textures":{"1":"modelengine:entity/mammoth"},"elements":[{"from":[4.8571424,-2.0571432,3.0571427],"to":[10.8,0.79999924,9.057143],"rotation":{"angle":0.0,"axis":"y","origin":[7.8285713,3.1142855,6.6857142]},"faces":{"east":{"uv":[11.4375,5.9375,12.0625,6.25],"rotation":0,"texture":"#1","tintindex":0},"south":{"uv":[11.4375,5.125,12.0625,5.4375],"rotation":0,"texture":"#1","tintindex":0},"north":{"uv":[11.3125,11.375,11.9375,11.6875],"rotation":0,"texture":"#1","tintindex":0},"west":{"uv":[11.4375,5.9375,12.0625,6.25],"rotation":0,"texture":"#1","tintindex":0},"up":{"uv":[10.5,7.0,9.875,6.375],"rotation":0,"texture":"#1","tintindex":0},"down":{"uv":[10.5,7.0,9.875,7.625],"rotation":0,"texture":"#1","tintindex":0}}},{"from":[5.2571425,-1.3142853,3.7999997],"to":[10.4,8.685715,8.714286],"rotation":{"angle":0.0,"axis":"y","origin":[7.8285713,3.1142855,6.6857142]},"faces":{"east":{"uv":[7.4375,6.9375,8.0,8.0],"rotation":0,"texture":"#1","tintindex":0},"south":{"uv":[7.6875,5.125,8.25,6.1875],"rotation":0,"texture":"#1","tintindex":0},"north":{"uv":[4.9375,7.625,5.5,8.6875],"rotation":0,"texture":"#1","tintindex":0},"west":{"uv":[5.5,7.75,6.0625,8.8125],"rotation":0,"texture":"#1","tintindex":0},"up":{"uv":[9.0625,10.8125,8.5,10.25],"rotation":0,"texture":"#1","tintindex":0},"down":{"uv":[1.0,10.3125,0.4375,10.875],"rotation":0,"texture":"#1","tintindex":0}}},{"from":[9.085714,-2.0571432,2.6571422],"to":[10.8,0.057142735,3.3999996],"rotation":{"angle":-22.5,"axis":"y","origin":[9.942858,-1.1428576,3.0285711]},"faces":{"east":{"uv":[1.3125,0.0,1.5,0.25],"rotation":0,"texture":"#1","tintindex":0},"south":{"uv":[1.3125,0.0,1.5,0.25],"rotation":0,"texture":"#1","tintindex":0},"north":{"uv":[1.3125,0.0,1.5,0.25],"rotation":0,"texture":"#1","tintindex":0},"west":{"uv":[1.3125,0.0,1.5,0.25],"rotation":0,"texture":"#1","tintindex":0},"up":{"uv":[1.3125,0.0,1.5,0.0625],"rotation":0,"texture":"#1","tintindex":0},"down":{"uv":[1.3125,0.0,1.5,0.0625],"rotation":0,"texture":"#1","tintindex":0}}},{"from":[7.028571,-2.0571432,2.3142858],"to":[8.742857,0.057142735,3.0571427],"rotation":{"angle":0.0,"axis":"y","origin":[7.8285713,3.1142855,6.6857142]},"faces":{"east":{"uv":[1.3125,0.0,1.5,0.25],"rotation":0,"texture":"#1","tintindex":0},"south":{"uv":[1.3125,0.0,1.5,0.25],"rotation":0,"texture":"#1","tintindex":0},"north":{"uv":[1.3125,0.0,1.5,0.25],"rotation":0,"texture":"#1","tintindex":0},"west":{"uv":[1.3125,0.0,1.5,0.25],"rotation":0,"texture":"#1","tintindex":0},"up":{"uv":[1.3125,0.0,1.5,0.0625],"rotation":0,"texture":"#1","tintindex":0},"down":{"uv":[1.3125,0.0,1.5,0.0625],"rotation":0,"texture":"#1","tintindex":0}}},{"from":[4.8571424,-2.0571432,2.6571422],"to":[6.5714283,0.057142735,3.3999996],"rotation":{"angle":22.5,"axis":"y","origin":[5.714286,-1.1428576,3.0285711]},"faces":{"east":{"uv":[1.3125,0.0,1.5,0.25],"rotation":0,"texture":"#1","tintindex":0},"south":{"uv":[1.3125,0.0,1.5,0.25],"rotation":0,"texture":"#1","tintindex":0},"north":{"uv":[1.3125,0.0,1.5,0.25],"rotation":0,"texture":"#1","tintindex":0},"west":{"uv":[1.3125,0.0,1.5,0.25],"rotation":0,"texture":"#1","tintindex":0},"up":{"uv":[1.3125,0.0,1.5,0.0625],"rotation":0,"texture":"#1","tintindex":0},"down":{"uv":[1.3125,0.0,1.5,0.0625],"rotation":0,"texture":"#1","tintindex":0}}}],"display":{"head":{"translation":[0.0,-6.4,0.0],"scale":[4.0,4.0,4.0]}}}