{"textures":{"1":"modelengine:entity/mammoth"},"elements":[{"from":[4.45,0.9712105,6.511097],"to":[11.35,8.171209,13.111095],"faces":{"east":{"uv":[9.75,11.5,10.1875,11.9375],"tintindex":0,"rotation":0,"texture":"#1"},"south":{"uv":[10.1875,11.5,10.625,11.9375],"tintindex":0,"rotation":0,"texture":"#1"},"north":{"uv":[9.3125,11.5,9.75,11.9375],"tintindex":0,"rotation":0,"texture":"#1"},"west":{"uv":[11.5,10.1875,11.9375,10.625],"tintindex":0,"rotation":0,"texture":"#1"},"up":{"uv":[12.0,0.6875,11.5625,0.25],"tintindex":0,"rotation":0,"texture":"#1"},"down":{"uv":[12.0,2.5625,11.5625,3.0],"tintindex":0,"rotation":0,"texture":"#1"}}},{"from":[5.15,-3.7287903,6.511097],"to":[10.85,4.9712105,12.011097],"faces":{"east":{"uv":[5.25,11.625,5.5625,12.1875],"tintindex":0,"rotation":0,"texture":"#1"},"south":{"uv":[6.4375,11.25,6.8125,11.8125],"tintindex":0,"rotation":0,"texture":"#1"},"north":{"uv":[0.0,11.25,0.375,11.8125],"tintindex":0,"rotation":0,"texture":"#1"},"west":{"uv":[5.5625,11.625,5.875,12.1875],"tintindex":0,"rotation":0,"texture":"#1"},"up":{"uv":[3.6875,12.3125,3.3125,12.0],"tintindex":0,"rotation":0,"texture":"#1"},"down":{"uv":[12.375,4.0625,12.0,4.375],"tintindex":0,"rotation":0,"texture":"#1"}},"rotation":{"origin":[8.0,4.321209,16.161098],"angle":-22.5,"axis":"x"}}]}