{"textures":{"1":"modelengine:entity/mammoth"},"elements":[{"from":[6.6571426,-0.1562109,9.977061],"to":[9.228572,0.70093155,11.634204],"rotation":{"angle":-22.5,"axis":"x","origin":[9.028571,2.0437894,10.805633]},"faces":{"east":{"uv":[2.8125,10.6875,3.0,10.8125],"rotation":0,"texture":"#1","tintindex":0},"south":{"uv":[12.25,4.6875,12.5625,4.8125],"rotation":0,"texture":"#1","tintindex":0},"north":{"uv":[12.125,2.0625,12.4375,2.1875],"rotation":0,"texture":"#1","tintindex":0},"west":{"uv":[10.75,2.5625,10.9375,2.6875],"rotation":0,"texture":"#1","tintindex":0},"up":{"uv":[7.375,5.3125,7.0625,5.125],"rotation":0,"texture":"#1","tintindex":0},"down":{"uv":[8.0,6.75,7.6875,6.9375],"rotation":0,"texture":"#1","tintindex":0}}},{"from":[6.6571426,1.1009316,9.519918],"to":[9.228572,1.9580746,11.177061],"rotation":{"angle":-45.0,"axis":"x","origin":[9.028571,2.0437894,10.805633]},"faces":{"east":{"uv":[11.1875,5.9375,11.375,6.0625],"rotation":0,"texture":"#1","tintindex":0},"south":{"uv":[12.25,8.9375,12.5625,9.0625],"rotation":0,"texture":"#1","tintindex":0},"north":{"uv":[12.25,6.5,12.5625,6.625],"rotation":0,"texture":"#1","tintindex":0},"west":{"uv":[6.8125,11.25,7.0,11.375],"rotation":0,"texture":"#1","tintindex":0},"up":{"uv":[8.1875,5.125,7.875,4.9375],"rotation":0,"texture":"#1","tintindex":0},"down":{"uv":[8.3125,3.75,8.0,3.9375],"rotation":0,"texture":"#1","tintindex":0}}},{"from":[6.6,0.3580742,8.434204],"to":[9.285714,2.4152174,10.662775],"rotation":{"angle":-45.0,"axis":"x","origin":[9.028571,2.0437894,10.805633]},"faces":{"east":{"uv":[9.0625,10.25,9.3125,10.5],"rotation":0,"texture":"#1","tintindex":0},"south":{"uv":[8.625,12.0625,8.9375,12.3125],"rotation":0,"texture":"#1","tintindex":0},"north":{"uv":[6.875,8.75,7.1875,9.0],"rotation":0,"texture":"#1","tintindex":0},"west":{"uv":[2.25,11.5,2.5,11.75],"rotation":0,"texture":"#1","tintindex":0},"up":{"uv":[12.375,9.3125,12.0625,9.0625],"rotation":0,"texture":"#1","tintindex":0},"down":{"uv":[12.375,9.3125,12.0625,9.5625],"rotation":0,"texture":"#1","tintindex":0}}},{"from":[6.885714,0.88571405,6.942857],"to":[9.114285,3.9142857,9.171429],"rotation":{"angle":-22.5,"axis":"x","origin":[8.0,5.6571426,8.6285715]},"faces":{"east":{"uv":[3.1875,9.6875,3.4375,10.0],"rotation":0,"texture":"#1","tintindex":0},"south":{"uv":[8.8125,10.8125,9.0625,11.125],"rotation":0,"texture":"#1","tintindex":0},"north":{"uv":[2.5625,3.6875,2.8125,4.0],"rotation":0,"texture":"#1","tintindex":0},"west":{"uv":[12.0625,5.875,12.3125,6.1875],"rotation":0,"texture":"#1","tintindex":0},"up":{"uv":[2.3125,6.6875,2.0625,6.4375],"rotation":0,"texture":"#1","tintindex":0},"down":{"uv":[7.4375,7.75,7.1875,8.0],"rotation":0,"texture":"#1","tintindex":0}}},{"from":[6.6571426,3.3999996,7.4],"to":[9.342857,8.657143,9.971429],"rotation":{"angle":0.0,"axis":"y","origin":[8.0,13.771429,10.514286]},"faces":{"east":{"uv":[2.5625,3.125,2.8125,3.6875],"rotation":0,"texture":"#1","tintindex":0},"south":{"uv":[4.375,11.6875,4.6875,12.25],"rotation":0,"texture":"#1","tintindex":0},"north":{"uv":[4.0625,11.6875,4.375,12.25],"rotation":0,"texture":"#1","tintindex":0},"west":{"uv":[9.0625,11.5625,9.3125,12.125],"rotation":0,"texture":"#1","tintindex":0},"up":{"uv":[1.5,4.625,1.1875,4.375],"rotation":0,"texture":"#1","tintindex":0},"down":{"uv":[8.3125,7.75,8.0,8.0],"rotation":0,"texture":"#1","tintindex":0}}}],"display":{"head":{"translation":[0.0,-6.4,0.0],"scale":[4.0,4.0,4.0]}}}