{"textures":{"1":"modelengine:entity/mammoth"},"elements":[{"from":[1.4000001,5.166668,4.375],"to":[9.6,15.166668,15.075001],"faces":{"east":{"uv":[9.1875,8.3125,9.875,8.9375],"tintindex":0,"rotation":0,"texture":"#1"},"south":{"uv":[10.5625,4.875,11.0625,5.5],"tintindex":0,"rotation":0,"texture":"#1"},"north":{"uv":[10.5625,3.0625,11.0625,3.6875],"tintindex":0,"rotation":0,"texture":"#1"},"west":{"uv":[9.3125,2.0,10.0,2.625],"tintindex":0,"rotation":0,"texture":"#1"},"up":{"uv":[10.5625,1.0625,10.0625,0.375],"tintindex":0,"rotation":0,"texture":"#1"},"down":{"uv":[6.5625,10.0625,6.0625,10.75],"tintindex":0,"rotation":0,"texture":"#1"}},"rotation":{"origin":[6.9,14.316666,7.625],"angle":-22.5,"axis":"z"}},{"from":[3.1000004,0.2666664,4.175001],"to":[10.2,13.566666,15.275001],"faces":{"east":{"uv":[1.125,8.125,1.8125,8.9375],"tintindex":0,"rotation":0,"texture":"#1"},"south":{"uv":[3.1875,10.0,3.625,10.8125],"tintindex":0,"rotation":0,"texture":"#1"},"north":{"uv":[0.0,9.75,0.4375,10.5625],"tintindex":0,"rotation":0,"texture":"#1"},"west":{"uv":[8.125,2.25,8.8125,3.0625],"tintindex":0,"rotation":0,"texture":"#1"},"up":{"uv":[0.4375,11.25,0.0,10.5625],"tintindex":0,"rotation":0,"texture":"#1"},"down":{"uv":[7.5,10.6875,7.0625,11.375],"tintindex":0,"rotation":0,"texture":"#1"}},"rotation":{"origin":[8.6,12.716667,7.625],"angle":22.5,"axis":"z"}},{"from":[3.1000004,-12.133333,4.575001],"to":[14.1,2.0666656,14.875],"faces":{"east":{"uv":[3.1875,8.1875,3.8125,9.0625],"tintindex":0,"rotation":0,"texture":"#1"},"south":{"uv":[2.4375,7.3125,3.125,8.1875],"tintindex":0,"rotation":0,"texture":"#1"},"north":{"uv":[5.0,3.8125,5.6875,4.6875],"tintindex":0,"rotation":0,"texture":"#1"},"west":{"uv":[3.1875,8.1875,3.8125,9.0625],"tintindex":0,"rotation":0,"texture":"#1"},"up":{"uv":[9.3125,9.625,8.625,9.0],"tintindex":0,"rotation":0,"texture":"#1"},"down":{"uv":[3.4375,9.0625,2.75,9.6875],"tintindex":0,"rotation":0,"texture":"#1"}}}]}