{"textures":{"1":"modelengine:entity/mammoth"},"elements":[{"from":[5.2,-3.5047626,6.042857],"to":[11.485714,4.609524,11.928572],"rotation":{"angle":0.0,"axis":"y","origin":[8.342857,4.295238,7.785714]},"faces":{"east":{"uv":[3.1875,8.1875,3.8125,9.0625],"rotation":0,"texture":"#1","tintindex":0},"south":{"uv":[2.4375,7.3125,3.125,8.1875],"rotation":0,"texture":"#1","tintindex":0},"north":{"uv":[5.0,3.8125,5.6875,4.6875],"rotation":0,"texture":"#1","tintindex":0},"west":{"uv":[3.1875,8.1875,3.8125,9.0625],"rotation":0,"texture":"#1","tintindex":0},"up":{"uv":[9.3125,9.625,8.625,9.0],"rotation":0,"texture":"#1","tintindex":0},"down":{"uv":[3.4375,9.0625,2.75,9.6875],"rotation":0,"texture":"#1","tintindex":0}}},{"from":[5.2,3.5809522,5.8142853],"to":[9.257143,11.180952,12.157143],"rotation":{"angle":22.5,"axis":"z","origin":[8.342857,10.695238,7.785714]},"faces":{"east":{"uv":[1.125,8.125,1.8125,8.9375],"rotation":0,"texture":"#1","tintindex":0},"south":{"uv":[3.1875,10.0,3.625,10.8125],"rotation":0,"texture":"#1","tintindex":0},"north":{"uv":[0.0,9.75,0.4375,10.5625],"rotation":0,"texture":"#1","tintindex":0},"west":{"uv":[8.125,2.25,8.8125,3.0625],"rotation":0,"texture":"#1","tintindex":0},"up":{"uv":[0.4375,11.25,0.0,10.5625],"rotation":0,"texture":"#1","tintindex":0},"down":{"uv":[7.5,10.6875,7.0625,11.375],"rotation":0,"texture":"#1","tintindex":0}}},{"from":[4.2285714,6.3809524,5.928571],"to":[8.914286,12.095238,12.042857],"rotation":{"angle":-22.5,"axis":"z","origin":[7.3714285,11.609524,7.785714]},"faces":{"east":{"uv":[9.1875,8.3125,9.875,8.9375],"rotation":0,"texture":"#1","tintindex":0},"south":{"uv":[10.5625,4.875,11.0625,5.5],"rotation":0,"texture":"#1","tintindex":0},"north":{"uv":[10.5625,3.0625,11.0625,3.6875],"rotation":0,"texture":"#1","tintindex":0},"west":{"uv":[9.3125,2.0,10.0,2.625],"rotation":0,"texture":"#1","tintindex":0},"up":{"uv":[10.5625,1.0625,10.0625,0.375],"rotation":0,"texture":"#1","tintindex":0},"down":{"uv":[6.5625,10.0625,6.0625,10.75],"rotation":0,"texture":"#1","tintindex":0}}}],"display":{"head":{"translation":[0.0,-6.4,0.0],"scale":[4.0,4.0,4.0]}}}