{"textures":{"0":"modelengine:entity/nocsy_skeleton_brute_skin"},"elements":[{"from":[6.9754057,1.4612737,7.557884],"to":[8.637655,6.850165,8.9051075],"rotation":{"angle":0.0,"axis":"y","origin":[10.568674,7.0297947,8.321311]},"faces":{"east":{"uv":[9.375,11.25,9.625,12.375],"rotation":0,"texture":"#0","tintindex":0},"south":{"uv":[7.0,10.0,7.375,11.125],"rotation":0,"texture":"#0","tintindex":0},"north":{"uv":[5.375,9.5,5.75,10.625],"rotation":0,"texture":"#0","tintindex":0},"west":{"uv":[2.0,11.375,2.25,12.5],"rotation":0,"texture":"#0","tintindex":0},"up":{"uv":[13.375,10.75,13.0,10.5],"rotation":0,"texture":"#0","tintindex":0},"down":{"uv":[13.5,1.25,13.125,1.5],"rotation":0,"texture":"#0","tintindex":0}}},{"from":[6.9754057,5.5069876,6.8835983],"to":[9.311941,8.198736,9.579393],"rotation":{"angle":-22.5,"axis":"z","origin":[8.143673,6.852862,8.231496]},"faces":{"east":{"uv":[7.375,10.375,8.0,11.0],"rotation":0,"texture":"#0","tintindex":0},"south":{"uv":[10.875,8.0,11.375,8.625],"rotation":0,"texture":"#0","tintindex":0},"north":{"uv":[6.25,10.875,6.75,11.5],"rotation":0,"texture":"#0","tintindex":0},"west":{"uv":[8.0,10.375,8.625,11.0],"rotation":0,"texture":"#0","tintindex":0},"up":{"uv":[11.5,1.375,11.0,0.75],"rotation":0,"texture":"#0","tintindex":0},"down":{"uv":[5.125,11.0,4.625,11.625],"rotation":0,"texture":"#0","tintindex":0}}}],"display":{"head":{"translation":[0.0,-6.4,0.0],"scale":[4.0,4.0,4.0]}}}