{"textures":{"0":"modelengine:entity/nocsy_skeleton_brute_skin"},"elements":[{"from":[7.5569005,6.8735266,7.6374493],"to":[8.557385,8.212188,8.533979],"rotation":{"angle":0.0,"axis":"y","origin":[6.9142857,8.0,8.0]},"faces":{"east":{"uv":[12.375,13.5,12.625,13.75],"rotation":0,"texture":"#0","tintindex":0},"south":{"uv":[12.625,13.5,12.875,13.75],"rotation":0,"texture":"#0","tintindex":0},"north":{"uv":[11.0,13.5,11.25,13.75],"rotation":0,"texture":"#0","tintindex":0},"west":{"uv":[12.875,13.5,13.125,13.75],"rotation":0,"texture":"#0","tintindex":0},"up":{"uv":[13.375,13.75,13.125,13.5],"rotation":0,"texture":"#0","tintindex":0},"down":{"uv":[13.625,13.5,13.375,13.75],"rotation":0,"texture":"#0","tintindex":0}}},{"from":[7.5569005,1.9020982,7.694592],"to":[8.557385,2.26933,8.3054085],"rotation":{"angle":0.0,"axis":"y","origin":[6.9142857,8.0,8.0]},"faces":{"east":{"uv":[12.875,14.25,13.0,14.375],"rotation":0,"texture":"#0","tintindex":0},"south":{"uv":[14.125,6.5,14.375,6.625],"rotation":0,"texture":"#0","tintindex":0},"north":{"uv":[6.375,14.125,6.625,14.25],"rotation":0,"texture":"#0","tintindex":0},"west":{"uv":[14.25,12.875,14.375,13.0],"rotation":0,"texture":"#0","tintindex":0},"up":{"uv":[14.375,6.75,14.125,6.625],"rotation":0,"texture":"#0","tintindex":0},"down":{"uv":[14.375,6.75,14.125,6.875],"rotation":0,"texture":"#0","tintindex":0}}},{"from":[7.442615,4.4163837,7.580306],"to":[8.671671,6.8979015,8.476836],"rotation":{"angle":0.0,"axis":"y","origin":[7.028571,8.0,8.0]},"faces":{"east":{"uv":[2.5,13.0,2.75,13.5],"rotation":0,"texture":"#0","tintindex":0},"south":{"uv":[2.75,13.0,3.0,13.5],"rotation":0,"texture":"#0","tintindex":0},"north":{"uv":[2.0,13.0,2.25,13.5],"rotation":0,"texture":"#0","tintindex":0},"west":{"uv":[7.0,13.0,7.25,13.5],"rotation":0,"texture":"#0","tintindex":0},"up":{"uv":[0.75,13.875,0.5,13.625],"rotation":0,"texture":"#0","tintindex":0},"down":{"uv":[1.0,13.625,0.75,13.875],"rotation":0,"texture":"#0","tintindex":0}}},{"from":[7.328329,2.244955,7.6374493],"to":[8.785956,4.4407587,8.419694],"rotation":{"angle":0.0,"axis":"y","origin":[7.142857,8.0,8.0]},"faces":{"east":{"uv":[2.25,13.625,2.375,14.125],"rotation":0,"texture":"#0","tintindex":0},"south":{"uv":[1.375,12.375,1.75,12.875],"rotation":0,"texture":"#0","tintindex":0},"north":{"uv":[1.0,12.375,1.375,12.875],"rotation":0,"texture":"#0","tintindex":0},"west":{"uv":[2.375,13.625,2.5,14.125],"rotation":0,"texture":"#0","tintindex":0},"up":{"uv":[14.125,13.875,13.75,13.75],"rotation":0,"texture":"#0","tintindex":0},"down":{"uv":[0.375,13.875,0.0,14.0],"rotation":0,"texture":"#0","tintindex":0}}}],"display":{"head":{"translation":[0.0,-6.4,0.0],"scale":[4.0,4.0,4.0]}}}