{"textures":{"0":"modelengine:entity/nocsy_skeleton_brute_skin"},"elements":[{"from":[7.362345,1.4612737,7.557884],"to":[9.024594,6.850165,8.9051075],"rotation":{"angle":0.0,"axis":"y","origin":[5.4313254,7.0297947,8.321311]},"faces":{"east":{"uv":[2.25,11.375,2.5,12.5],"rotation":0,"texture":"#0","tintindex":0},"south":{"uv":[9.375,10.125,9.75,11.25],"rotation":0,"texture":"#0","tintindex":0},"north":{"uv":[10.0,9.25,10.375,10.375],"rotation":0,"texture":"#0","tintindex":0},"west":{"uv":[5.625,11.375,5.875,12.5],"rotation":0,"texture":"#0","tintindex":0},"up":{"uv":[13.5,3.75,13.125,3.5],"rotation":0,"texture":"#0","tintindex":0},"down":{"uv":[13.5,6.25,13.125,6.5],"rotation":0,"texture":"#0","tintindex":0}}},{"from":[6.6880593,5.5069876,6.8835983],"to":[9.024594,8.198736,9.579393],"rotation":{"angle":22.5,"axis":"z","origin":[7.856327,6.852862,8.231496]},"faces":{"east":{"uv":[10.375,9.25,11.0,9.875],"rotation":0,"texture":"#0","tintindex":0},"south":{"uv":[11.0,8.625,11.5,9.25],"rotation":0,"texture":"#0","tintindex":0},"north":{"uv":[8.25,11.0,8.75,11.625],"rotation":0,"texture":"#0","tintindex":0},"west":{"uv":[9.75,10.375,10.375,11.0],"rotation":0,"texture":"#0","tintindex":0},"up":{"uv":[9.25,11.625,8.75,11.0],"rotation":0,"texture":"#0","tintindex":0},"down":{"uv":[11.5,9.25,11.0,9.875],"rotation":0,"texture":"#0","tintindex":0}}}],"display":{"head":{"translation":[0.0,-6.4,0.0],"scale":[4.0,4.0,4.0]}}}