{"textures":{"0":"modelengine:entity/nocsy_skeleton_brute_skin"},"elements":[{"from":[8.138934,-0.07170391,8.635607],"to":[8.884671,8.04112,9.1338005],"rotation":{"angle":0.0,"axis":"y","origin":[4.4867735,12.910537,9.112703]},"faces":{"east":{"uv":[7.25,11.125,7.375,12.875],"rotation":0,"texture":"#0","tintindex":0},"south":{"uv":[9.625,11.25,9.75,13.0],"rotation":0,"texture":"#0","tintindex":0},"north":{"uv":[0.5,11.125,0.625,12.875],"rotation":0,"texture":"#0","tintindex":0},"west":{"uv":[3.375,11.5,3.5,13.25],"rotation":0,"texture":"#0","tintindex":0},"up":{"uv":[5.5,12.25,5.375,12.125],"rotation":0,"texture":"#0","tintindex":0},"down":{"uv":[12.625,9.25,12.5,9.375],"rotation":0,"texture":"#0","tintindex":0}}},{"from":[8.13322,-0.07741833,7.2013206],"to":[8.890386,8.046834,8.053801],"rotation":{"angle":0.0,"axis":"y","origin":[4.4867735,12.910537,9.112703]},"faces":{"east":{"uv":[11.25,11.5,11.375,13.25],"rotation":0,"texture":"#0","tintindex":0},"south":{"uv":[5.0,11.625,5.125,13.375],"rotation":0,"texture":"#0","tintindex":0},"north":{"uv":[6.625,11.5,6.75,13.25],"rotation":0,"texture":"#0","tintindex":0},"west":{"uv":[9.125,11.625,9.25,13.375],"rotation":0,"texture":"#0","tintindex":0},"up":{"uv":[7.375,13.0,7.25,12.875],"rotation":0,"texture":"#0","tintindex":0},"down":{"uv":[9.375,12.875,9.25,13.0],"rotation":0,"texture":"#0","tintindex":0}}},{"from":[7.3332195,6.9511538,7.144178],"to":[9.404671,8.789691,9.139515],"rotation":{"angle":0.0,"axis":"y","origin":[4.4867735,12.910537,9.112703]},"faces":{"east":{"uv":[10.375,12.625,10.75,13.0],"rotation":0,"texture":"#0","tintindex":0},"south":{"uv":[12.125,10.5,12.625,10.875],"rotation":0,"texture":"#0","tintindex":0},"north":{"uv":[12.125,10.125,12.625,10.5],"rotation":0,"texture":"#0","tintindex":0},"west":{"uv":[12.625,10.375,13.0,10.75],"rotation":0,"texture":"#0","tintindex":0},"up":{"uv":[12.625,11.625,12.125,11.25],"rotation":0,"texture":"#0","tintindex":0},"down":{"uv":[12.625,11.625,12.125,12.0],"rotation":0,"texture":"#0","tintindex":0}}}],"display":{"head":{"translation":[0.0,-6.4,0.0],"scale":[4.0,4.0,4.0]}}}