{"textures":{"0":"modelengine:entity/cauldron_of_death"},"elements":[{"from":[12.847772,2.1554031,5.143008],"to":[18.609772,19.441406,10.905009],"faces":{"east":{"uv":[3.625,9.25,3.375,10.0],"tintindex":0,"rotation":0,"texture":"#0"},"south":{"uv":[0.625,9.125,0.375,9.875],"tintindex":0,"rotation":0,"texture":"#0"},"north":{"uv":[8.125,9.0,7.875,9.75],"tintindex":0,"rotation":0,"texture":"#0"},"west":{"uv":[0.25,9.125,0.0,9.875],"tintindex":0,"rotation":0,"texture":"#0"},"up":{"uv":[10.375,8.375,10.625,8.125],"tintindex":0,"rotation":0,"texture":"#0"},"down":{"uv":[10.375,8.5,10.625,8.75],"tintindex":0,"rotation":0,"texture":"#0"}},"rotation":{"origin":[16.950443,15.388565,7.987996],"angle":-45.0,"axis":"z"}},{"from":[9.055448,14.840309,3.702508],"to":[17.698448,23.483307,12.345508],"faces":{"east":{"uv":[9.875,8.25,10.25,8.625],"tintindex":0,"rotation":0,"texture":"#0"},"south":{"uv":[8.75,9.875,9.125,10.25],"tintindex":0,"rotation":0,"texture":"#0"},"north":{"uv":[9.875,7.75,10.25,8.125],"tintindex":0,"rotation":0,"texture":"#0"},"west":{"uv":[9.875,8.75,10.25,9.125],"tintindex":0,"rotation":0,"texture":"#0"},"up":{"uv":[9.625,10.25,9.25,9.875],"tintindex":0,"rotation":0,"texture":"#0"},"down":{"uv":[10.125,9.875,9.75,10.25],"tintindex":0,"rotation":0,"texture":"#0"}},"rotation":{"origin":[16.950443,15.388565,7.987996],"angle":-22.5,"axis":"z"}},{"from":[15.744723,10.42971,3.6304836],"to":[24.387722,19.072708,12.273484],"faces":{"east":{"uv":[9.25,10.25,9.625,9.875],"tintindex":0,"rotation":90,"texture":"#0"},"south":{"uv":[9.125,9.875,8.75,10.25],"tintindex":0,"rotation":90,"texture":"#0"},"north":{"uv":[10.25,7.75,9.875,8.125],"tintindex":0,"rotation":270,"texture":"#0"},"west":{"uv":[9.75,9.875,10.125,10.25],"tintindex":0,"rotation":90,"texture":"#0"},"up":{"uv":[10.25,8.25,9.875,8.625],"tintindex":0,"rotation":90,"texture":"#0"},"down":{"uv":[10.25,8.75,9.875,9.125],"tintindex":0,"rotation":90,"texture":"#0"}}}]}