{"textures":{"0":"modelengine:entity/cauldron_of_death"},"elements":[{"from":[6.353714,4.217949,2.8853598],"to":[9.646286,15.741949,6.1779313],"rotation":{"angle":-45.0,"axis":"x","origin":[8.0,10.803092,3.7085028]},"faces":{"east":{"uv":[4.125,8.25,4.375,9.125],"rotation":0,"texture":"#0","tintindex":0},"south":{"uv":[1.0,8.375,1.25,9.25],"rotation":0,"texture":"#0","tintindex":0},"north":{"uv":[3.75,8.25,4.0,9.125],"rotation":0,"texture":"#0","tintindex":0},"west":{"uv":[1.375,8.375,1.625,9.25],"rotation":0,"texture":"#0","tintindex":0},"up":{"uv":[7.625,10.625,7.375,10.375],"rotation":0,"texture":"#0","tintindex":0},"down":{"uv":[10.625,7.75,10.375,8.0],"rotation":0,"texture":"#0","tintindex":0}}},{"from":[9.646286,11.243913,1.6213961],"to":[16.23143,14.536485,1.6213961],"rotation":{"angle":-45.0,"axis":"x","origin":[12.938857,13.713342,0.79825306]},"faces":{"east":{"uv":[9.5,5.25,9.5,5.5],"rotation":0,"texture":"#0","tintindex":0},"south":{"uv":[10.625,5.0,10.125,5.25],"rotation":0,"texture":"#0","tintindex":0},"north":{"uv":[10.125,5.0,10.625,5.25],"rotation":0,"texture":"#0","tintindex":0},"west":{"uv":[9.75,10.375,9.75,10.625],"rotation":0,"texture":"#0","tintindex":0},"up":{"uv":[11.0,7.25,10.5,7.25],"rotation":0,"texture":"#0","tintindex":0},"down":{"uv":[11.0,7.375,10.5,7.375],"rotation":0,"texture":"#0","tintindex":0}}},{"from":[9.646286,6.3050556,1.6213961],"to":[16.23143,9.597628,1.6213961],"rotation":{"angle":-45.0,"axis":"x","origin":[12.938857,13.713342,0.79825306]},"faces":{"east":{"uv":[9.5,5.25,9.5,5.5],"rotation":0,"texture":"#0","tintindex":0},"south":{"uv":[10.625,5.0,10.125,5.25],"rotation":0,"texture":"#0","tintindex":0},"north":{"uv":[10.125,5.0,10.625,5.25],"rotation":0,"texture":"#0","tintindex":0},"west":{"uv":[9.75,10.375,9.75,10.625],"rotation":0,"texture":"#0","tintindex":0},"up":{"uv":[11.0,7.25,10.5,7.25],"rotation":0,"texture":"#0","tintindex":0},"down":{"uv":[11.0,7.375,10.5,7.375],"rotation":0,"texture":"#0","tintindex":0}}},{"from":[16.23143,2.812756,-6.809761],"to":[16.23143,6.1053276,3.0679536],"rotation":{"angle":-45.0,"axis":"x","origin":[16.23143,10.221043,-2.694047]},"faces":{"east":{"uv":[7.75,9.0,7.0,9.25],"rotation":0,"texture":"#0","tintindex":0},"south":{"uv":[10.0,10.375,10.0,10.625],"rotation":0,"texture":"#0","tintindex":0},"north":{"uv":[9.875,10.375,9.875,10.625],"rotation":0,"texture":"#0","tintindex":0},"west":{"uv":[7.0,9.0,7.75,9.25],"rotation":0,"texture":"#0","tintindex":0},"up":{"uv":[10.125,11.125,10.125,10.375],"rotation":0,"texture":"#0","tintindex":0},"down":{"uv":[0.0,10.5,0.0,11.25],"rotation":0,"texture":"#0","tintindex":0}}},{"from":[16.23143,7.7516136,-6.809761],"to":[16.23143,11.044185,3.0679536],"rotation":{"angle":-45.0,"axis":"x","origin":[16.23143,10.221043,-2.694047]},"faces":{"east":{"uv":[7.75,9.0,7.0,9.25],"rotation":0,"texture":"#0","tintindex":0},"south":{"uv":[10.0,10.375,10.0,10.625],"rotation":0,"texture":"#0","tintindex":0},"north":{"uv":[9.875,10.375,9.875,10.625],"rotation":0,"texture":"#0","tintindex":0},"west":{"uv":[7.0,9.0,7.75,9.25],"rotation":0,"texture":"#0","tintindex":0},"up":{"uv":[10.125,11.125,10.125,10.375],"rotation":0,"texture":"#0","tintindex":0},"down":{"uv":[0.0,10.5,0.0,11.25],"rotation":0,"texture":"#0","tintindex":0}}},{"from":[-0.2314291,11.243913,1.6213961],"to":[6.353714,14.536485,1.6213961],"rotation":{"angle":-45.0,"axis":"x","origin":[6.353714,13.713342,0.79825306]},"faces":{"east":{"uv":[9.75,10.375,9.75,10.625],"rotation":0,"texture":"#0","tintindex":0},"south":{"uv":[10.125,5.0,10.625,5.25],"rotation":0,"texture":"#0","tintindex":0},"north":{"uv":[10.625,5.0,10.125,5.25],"rotation":0,"texture":"#0","tintindex":0},"west":{"uv":[9.5,5.25,9.5,5.5],"rotation":0,"texture":"#0","tintindex":0},"up":{"uv":[10.5,7.25,11.0,7.25],"rotation":0,"texture":"#0","tintindex":0},"down":{"uv":[10.5,7.375,11.0,7.375],"rotation":0,"texture":"#0","tintindex":0}}},{"from":[-0.2314291,7.7516136,-6.809761],"to":[-0.2314291,11.044185,3.0679536],"rotation":{"angle":-45.0,"axis":"x","origin":[3.061143,10.221043,-2.694047]},"faces":{"east":{"uv":[7.75,9.0,7.0,9.25],"rotation":0,"texture":"#0","tintindex":0},"south":{"uv":[10.0,10.375,10.0,10.625],"rotation":0,"texture":"#0","tintindex":0},"north":{"uv":[9.875,10.375,9.875,10.625],"rotation":0,"texture":"#0","tintindex":0},"west":{"uv":[7.0,9.0,7.75,9.25],"rotation":0,"texture":"#0","tintindex":0},"up":{"uv":[10.125,11.125,10.125,10.375],"rotation":0,"texture":"#0","tintindex":0},"down":{"uv":[0.0,10.5,0.0,11.25],"rotation":0,"texture":"#0","tintindex":0}}},{"from":[-0.2314291,2.812756,-6.809761],"to":[-0.2314291,6.1053276,3.0679536],"rotation":{"angle":-45.0,"axis":"x","origin":[3.061143,10.221043,-2.694047]},"faces":{"east":{"uv":[7.75,9.0,7.0,9.25],"rotation":0,"texture":"#0","tintindex":0},"south":{"uv":[10.0,10.375,10.0,10.625],"rotation":0,"texture":"#0","tintindex":0},"north":{"uv":[9.875,10.375,9.875,10.625],"rotation":0,"texture":"#0","tintindex":0},"west":{"uv":[7.0,9.0,7.75,9.25],"rotation":0,"texture":"#0","tintindex":0},"up":{"uv":[10.125,11.125,10.125,10.375],"rotation":0,"texture":"#0","tintindex":0},"down":{"uv":[0.0,10.5,0.0,11.25],"rotation":0,"texture":"#0","tintindex":0}}},{"from":[-0.2314291,6.3050556,1.6213961],"to":[6.353714,9.597628,1.6213961],"rotation":{"angle":-45.0,"axis":"x","origin":[6.353714,13.713342,0.79825306]},"faces":{"east":{"uv":[9.75,10.375,9.75,10.625],"rotation":0,"texture":"#0","tintindex":0},"south":{"uv":[10.125,5.0,10.625,5.25],"rotation":0,"texture":"#0","tintindex":0},"north":{"uv":[10.625,5.0,10.125,5.25],"rotation":0,"texture":"#0","tintindex":0},"west":{"uv":[9.5,5.25,9.5,5.5],"rotation":0,"texture":"#0","tintindex":0},"up":{"uv":[10.5,7.25,11.0,7.25],"rotation":0,"texture":"#0","tintindex":0},"down":{"uv":[10.5,7.375,11.0,7.375],"rotation":0,"texture":"#0","tintindex":0}}}],"display":{"head":{"translation":[0.0,-6.4,0.0],"scale":[4.0,4.0,4.0]}}}