{"textures":{"0":"modelengine:entity/cauldron_of_death"},"elements":[{"from":[7.1671734,7.2588024,5.8392496],"to":[17.250673,11.580303,10.160749],"faces":{"east":{"uv":[10.0,6.75,9.625,7.125],"tintindex":0,"rotation":0,"texture":"#0"},"south":{"uv":[5.625,7.5,4.75,7.875],"tintindex":0,"rotation":0,"texture":"#0"},"north":{"uv":[4.625,7.25,3.75,7.625],"tintindex":0,"rotation":0,"texture":"#0"},"west":{"uv":[10.0,6.25,9.625,6.625],"tintindex":0,"rotation":0,"texture":"#0"},"up":{"uv":[5.75,7.875,6.625,7.5],"tintindex":0,"rotation":0,"texture":"#0"},"down":{"uv":[6.75,7.5,7.625,7.875],"tintindex":0,"rotation":0,"texture":"#0"}},"rotation":{"origin":[12.208923,9.419554,8.0],"angle":22.5,"axis":"z"}},{"from":[14.829346,7.2588024,5.911275],"to":[24.912846,11.580303,10.088725],"faces":{"east":{"uv":[8.625,9.625,8.25,10.0],"tintindex":0,"rotation":0,"texture":"#0"},"south":{"uv":[8.625,7.5,7.75,7.875],"tintindex":0,"rotation":0,"texture":"#0"},"north":{"uv":[4.625,7.75,3.75,8.125],"tintindex":0,"rotation":0,"texture":"#0"},"west":{"uv":[10.0,7.25,9.625,7.625],"tintindex":0,"rotation":0,"texture":"#0"},"up":{"uv":[7.875,1.875,8.75,1.5],"tintindex":0,"rotation":0,"texture":"#0"},"down":{"uv":[7.875,2.0,8.75,2.375],"tintindex":0,"rotation":0,"texture":"#0"}},"rotation":{"origin":[19.871096,9.419554,8.0],"angle":-22.5,"axis":"z"}},{"from":[17.511976,-10.902248,7.27975],"to":[18.952477,-3.699748,8.72025],"faces":{"east":{"uv":[10.375,10.125,10.25,10.75],"tintindex":0,"rotation":0,"texture":"#0"},"south":{"uv":[1.125,10.25,1.0,10.875],"tintindex":0,"rotation":0,"texture":"#0"},"north":{"uv":[4.625,8.25,4.5,8.875],"tintindex":0,"rotation":0,"texture":"#0"},"west":{"uv":[1.875,10.0,1.75,10.625],"tintindex":0,"rotation":0,"texture":"#0"},"up":{"uv":[7.125,3.875,7.25,3.75],"tintindex":0,"rotation":0,"texture":"#0"},"down":{"uv":[7.375,3.75,7.5,3.875],"tintindex":0,"rotation":0,"texture":"#0"}},"rotation":{"origin":[18.232225,-7.3009987,8.0],"angle":22.5,"axis":"z"}},{"from":[22.474949,0.8434315,6.5594997],"to":[25.35595,9.486431,9.4405],"faces":{"east":{"uv":[2.5,9.0,2.25,9.75],"tintindex":0,"rotation":0,"texture":"#0"},"south":{"uv":[9.125,6.5,8.875,7.25],"tintindex":0,"rotation":0,"texture":"#0"},"north":{"uv":[3.625,8.375,3.375,9.125],"tintindex":0,"rotation":0,"texture":"#0"},"west":{"uv":[9.125,5.625,8.875,6.375],"tintindex":0,"rotation":0,"texture":"#0"},"up":{"uv":[4.375,10.625,4.625,10.375],"tintindex":0,"rotation":0,"texture":"#0"},"down":{"uv":[4.75,10.375,5.0,10.625],"tintindex":0,"rotation":0,"texture":"#0"}}},{"from":[19.331806,-6.7447863,6.631525],"to":[22.212807,3.3387127,9.368475],"faces":{"east":{"uv":[6.875,8.0,6.625,8.875],"tintindex":0,"rotation":0,"texture":"#0"},"south":{"uv":[6.5,8.0,6.25,8.875],"tintindex":0,"rotation":0,"texture":"#0"},"north":{"uv":[5.75,8.0,5.5,8.875],"tintindex":0,"rotation":0,"texture":"#0"},"west":{"uv":[6.125,8.0,5.875,8.875],"tintindex":0,"rotation":0,"texture":"#0"},"up":{"uv":[5.125,10.625,5.375,10.375],"tintindex":0,"rotation":0,"texture":"#0"},"down":{"uv":[5.5,10.375,5.75,10.625],"tintindex":0,"rotation":0,"texture":"#0"}},"rotation":{"origin":[20.772306,-1.7030363,8.0],"angle":-45.0,"axis":"z"}}]}