{"textures":{"0":"modelengine:entity/nocsy_skeleton_brute2_skin"},"elements":[{"from":[6.6078696,6.1110125,8.190286],"to":[9.39213,8.805458,9.088434],"rotation":{"angle":0.0,"axis":"y","origin":[5.3504615,14.733239,6.3939886]},"faces":{"east":{"uv":[5.6875,4.0,5.8125,4.3125],"rotation":0,"texture":"#0","tintindex":0},"south":{"uv":[6.0625,0.3125,6.375,0.625],"rotation":0,"texture":"#0","tintindex":0},"north":{"uv":[6.0,6.0,6.3125,6.3125],"rotation":0,"texture":"#0","tintindex":0},"west":{"uv":[4.5625,7.125,4.6875,7.4375],"rotation":0,"texture":"#0","tintindex":0},"up":{"uv":[7.5625,4.5625,7.25,4.4375],"rotation":0,"texture":"#0","tintindex":0},"down":{"uv":[7.5625,4.8125,7.25,4.9375],"rotation":0,"texture":"#0","tintindex":0}}},{"from":[6.6078696,0.9681549,9.145577],"to":[9.39213,8.805458,9.145577],"rotation":{"angle":0.0,"axis":"y","origin":[5.3504615,14.733239,6.3939886]},"faces":{"east":{"uv":[0.0,0.0,0.0,0.875],"rotation":0,"texture":"#0","tintindex":0},"south":{"uv":[0.0,4.8125,0.3125,5.6875],"rotation":0,"texture":"#0","tintindex":0},"north":{"uv":[0.3125,4.8125,0.0,5.6875],"rotation":0,"texture":"#0","tintindex":0},"west":{"uv":[0.0,0.0,0.0,0.875],"rotation":0,"texture":"#0","tintindex":0},"up":{"uv":[0.3125,0.0,0.0,0.0],"rotation":0,"texture":"#0","tintindex":0},"down":{"uv":[0.3125,0.0,0.0,0.0],"rotation":0,"texture":"#0","tintindex":0}}},{"from":[4.802591,6.1020308,8.540564],"to":[7.0659256,8.81444,9.54649],"rotation":{"angle":-22.5,"axis":"y","origin":[8.0,8.356384,8.190286]},"faces":{"east":{"uv":[3.375,7.1875,3.5,7.5],"rotation":0,"texture":"#0","tintindex":0},"south":{"uv":[6.4375,2.5625,6.6875,2.875],"rotation":0,"texture":"#0","tintindex":0},"north":{"uv":[6.4375,2.25,6.6875,2.5625],"rotation":0,"texture":"#0","tintindex":0},"west":{"uv":[4.9375,7.1875,5.0625,7.5],"rotation":0,"texture":"#0","tintindex":0},"up":{"uv":[7.6875,6.5625,7.4375,6.4375],"rotation":0,"texture":"#0","tintindex":0},"down":{"uv":[7.6875,6.5625,7.4375,6.6875],"rotation":0,"texture":"#0","tintindex":0}}},{"from":[4.802591,2.6734595,9.592204],"to":[7.0659256,8.81444,9.603633],"rotation":{"angle":-22.5,"axis":"y","origin":[8.0,8.356384,8.190286]},"faces":{"east":{"uv":[0.0,0.0,0.0,0.6875],"rotation":0,"texture":"#0","tintindex":0},"south":{"uv":[5.375,4.8125,5.625,5.5],"rotation":0,"texture":"#0","tintindex":0},"north":{"uv":[5.625,4.8125,5.375,5.5],"rotation":0,"texture":"#0","tintindex":0},"west":{"uv":[0.0,0.0,0.0,0.6875],"rotation":0,"texture":"#0","tintindex":0},"up":{"uv":[0.25,0.0,0.0,0.0],"rotation":0,"texture":"#0","tintindex":0},"down":{"uv":[0.25,0.0,0.0,0.0],"rotation":0,"texture":"#0","tintindex":0}}},{"from":[4.820554,6.119994,6.7622294],"to":[5.790554,8.796476,9.438712],"rotation":{"angle":-22.5,"axis":"y","origin":[8.0,8.356384,8.190286]},"faces":{"east":{"uv":[6.0625,3.375,6.375,3.6875],"rotation":0,"texture":"#0","tintindex":0},"south":{"uv":[7.25,5.625,7.375,5.9375],"rotation":0,"texture":"#0","tintindex":0},"north":{"uv":[7.25,5.3125,7.375,5.625],"rotation":0,"texture":"#0","tintindex":0},"west":{"uv":[6.0625,3.6875,6.375,4.0],"rotation":0,"texture":"#0","tintindex":0},"up":{"uv":[7.375,6.25,7.25,5.9375],"rotation":0,"texture":"#0","tintindex":0},"down":{"uv":[7.125,7.25,7.0,7.5625],"rotation":0,"texture":"#0","tintindex":0}}},{"from":[8.934074,6.1020308,8.540564],"to":[11.197409,8.81444,9.54649],"rotation":{"angle":22.5,"axis":"y","origin":[8.0,8.356384,8.190286]},"faces":{"east":{"uv":[7.125,7.25,7.25,7.5625],"rotation":0,"texture":"#0","tintindex":0},"south":{"uv":[6.5,4.5625,6.75,4.875],"rotation":0,"texture":"#0","tintindex":0},"north":{"uv":[6.5,2.875,6.75,3.1875],"rotation":0,"texture":"#0","tintindex":0},"west":{"uv":[7.25,7.25,7.375,7.5625],"rotation":0,"texture":"#0","tintindex":0},"up":{"uv":[7.6875,6.8125,7.4375,6.6875],"rotation":0,"texture":"#0","tintindex":0},"down":{"uv":[7.6875,6.8125,7.4375,6.9375],"rotation":0,"texture":"#0","tintindex":0}}},{"from":[8.934074,3.8163166,9.592204],"to":[11.197409,8.81444,9.603633],"rotation":{"angle":22.5,"axis":"y","origin":[8.0,8.356384,8.190286]},"faces":{"east":{"uv":[0.0,0.0,0.0,0.5625],"rotation":0,"texture":"#0","tintindex":0},"south":{"uv":[5.8125,3.875,6.0625,4.4375],"rotation":0,"texture":"#0","tintindex":0},"north":{"uv":[6.0625,3.875,5.8125,4.4375],"rotation":0,"texture":"#0","tintindex":0},"west":{"uv":[0.0,0.0,0.0,0.5625],"rotation":0,"texture":"#0","tintindex":0},"up":{"uv":[0.25,0.0,0.0,0.0],"rotation":0,"texture":"#0","tintindex":0},"down":{"uv":[0.25,0.0,0.0,0.0],"rotation":0,"texture":"#0","tintindex":0}}},{"from":[10.209446,6.119994,6.7622294],"to":[11.179446,8.796476,9.438712],"rotation":{"angle":22.5,"axis":"y","origin":[8.0,8.356384,8.190286]},"faces":{"east":{"uv":[6.0625,4.0,6.375,4.3125],"rotation":0,"texture":"#0","tintindex":0},"south":{"uv":[0.875,7.3125,1.0,7.625],"rotation":0,"texture":"#0","tintindex":0},"north":{"uv":[7.3125,0.5,7.4375,0.8125],"rotation":0,"texture":"#0","tintindex":0},"west":{"uv":[6.125,1.5,6.4375,1.8125],"rotation":0,"texture":"#0","tintindex":0},"up":{"uv":[1.125,7.625,1.0,7.3125],"rotation":0,"texture":"#0","tintindex":0},"down":{"uv":[5.4375,7.3125,5.3125,7.625],"rotation":0,"texture":"#0","tintindex":0}}},{"from":[9.095906,6.838513,4.9861298],"to":[10.065907,8.257587,6.9440937],"rotation":{"angle":45.0,"axis":"y","origin":[9.401277,7.098976,5.47113]},"faces":{"east":{"uv":[4.3125,7.375,4.5,7.5625],"rotation":0,"texture":"#0","tintindex":0},"south":{"uv":[7.5625,7.125,7.6875,7.3125],"rotation":0,"texture":"#0","tintindex":0},"north":{"uv":[7.125,7.5625,7.25,7.75],"rotation":0,"texture":"#0","tintindex":0},"west":{"uv":[7.375,5.9375,7.5625,6.125],"rotation":0,"texture":"#0","tintindex":0},"up":{"uv":[7.375,7.75,7.25,7.5625],"rotation":0,"texture":"#0","tintindex":0},"down":{"uv":[7.75,0.0,7.625,0.1875],"rotation":0,"texture":"#0","tintindex":0}}},{"from":[9.455166,6.4792533,4.537056],"to":[10.065907,7.1798096,6.225575],"rotation":{"angle":22.5,"axis":"y","origin":[9.401277,7.098976,5.47113]},"faces":{"east":{"uv":[2.0,7.875,2.1875,7.9375],"rotation":0,"texture":"#0","tintindex":0},"south":{"uv":[5.5625,8.125,5.625,8.1875],"rotation":0,"texture":"#0","tintindex":0},"north":{"uv":[4.875,8.125,4.9375,8.1875],"rotation":0,"texture":"#0","tintindex":0},"west":{"uv":[2.375,7.875,2.5625,7.9375],"rotation":0,"texture":"#0","tintindex":0},"up":{"uv":[1.4375,6.125,1.375,5.9375],"rotation":0,"texture":"#0","tintindex":0},"down":{"uv":[6.125,2.25,6.0625,2.4375],"rotation":0,"texture":"#0","tintindex":0}}},{"from":[5.9340935,6.838513,4.9861298],"to":[6.904094,8.257587,6.9440937],"rotation":{"angle":-45.0,"axis":"y","origin":[6.5987234,7.098976,5.47113]},"faces":{"east":{"uv":[7.375,7.25,7.5625,7.4375],"rotation":0,"texture":"#0","tintindex":0},"south":{"uv":[7.625,0.625,7.75,0.8125],"rotation":0,"texture":"#0","tintindex":0},"north":{"uv":[7.625,0.4375,7.75,0.625],"rotation":0,"texture":"#0","tintindex":0},"west":{"uv":[7.4375,0.0,7.625,0.1875],"rotation":0,"texture":"#0","tintindex":0},"up":{"uv":[1.0,7.8125,0.875,7.625],"rotation":0,"texture":"#0","tintindex":0},"down":{"uv":[1.125,7.625,1.0,7.8125],"rotation":0,"texture":"#0","tintindex":0}}},{"from":[5.9340935,6.4792533,4.537056],"to":[6.5448346,7.1798096,6.225575],"rotation":{"angle":-22.5,"axis":"y","origin":[6.5987234,7.098976,5.47113]},"faces":{"east":{"uv":[2.5625,7.875,2.75,7.9375],"rotation":0,"texture":"#0","tintindex":0},"south":{"uv":[8.1875,0.875,8.25,0.9375],"rotation":0,"texture":"#0","tintindex":0},"north":{"uv":[0.875,8.1875,0.9375,8.25],"rotation":0,"texture":"#0","tintindex":0},"west":{"uv":[2.75,7.875,2.9375,7.9375],"rotation":0,"texture":"#0","tintindex":0},"up":{"uv":[2.9375,6.5625,2.875,6.375],"rotation":0,"texture":"#0","tintindex":0},"down":{"uv":[0.1875,6.4375,0.125,6.625],"rotation":0,"texture":"#0","tintindex":0}}}],"display":{"head":{"translation":[0.0,-6.4,0.0],"scale":[4.0,4.0,4.0]}}}