{"textures":{"0":"modelengine:entity/nocsy_skeleton_brute2_skin","1":"modelengine:entity/nocsy_skeleton_brute_jaw"},"elements":[{"from":[6.3987517,5.822795,3.4194112],"to":[9.601248,6.8153114,8.336193],"rotation":{"angle":0.0,"axis":"y","origin":[10.023689,2.6198826,4.849231]},"faces":{"east":{"uv":[0.0,9.0,4.0,11.0],"rotation":0,"texture":"#1","tintindex":0},"south":{"uv":[7.0625,2.25,7.4375,2.375],"rotation":0,"texture":"#1","tintindex":0},"north":{"uv":[0.0,3.0,7.0,5.0],"rotation":0,"texture":"#1","tintindex":0},"west":{"uv":[4.0,9.0,0.0,11.0],"rotation":0,"texture":"#1","tintindex":0},"up":{"uv":[9.0,3.0,8.0,2.0],"rotation":0,"texture":"#1","tintindex":0},"down":{"uv":[0.0,9.0,5.0,10.0],"rotation":0,"texture":"#1","tintindex":0}}},{"from":[6.5714283,5.4170804,3.985125],"to":[9.428572,5.988509,7.9851255],"rotation":{"angle":0.0,"axis":"y","origin":[9.630651,2.6198826,4.849231]},"faces":{"east":{"uv":[4.3125,1.75,4.75,1.8125],"rotation":0,"texture":"#0","tintindex":0},"south":{"uv":[7.75,2.0625,8.0625,2.125],"rotation":0,"texture":"#0","tintindex":0},"north":{"uv":[7.75,2.0,8.0625,2.0625],"rotation":0,"texture":"#0","tintindex":0},"west":{"uv":[4.625,4.3125,5.0625,4.375],"rotation":0,"texture":"#0","tintindex":0},"up":{"uv":[6.125,2.875,5.8125,2.4375],"rotation":0,"texture":"#0","tintindex":0},"down":{"uv":[2.9375,5.9375,2.625,6.375],"rotation":0,"texture":"#0","tintindex":0}}},{"from":[6.118752,5.828509,3.7108393],"to":[8.166963,6.809597,8.616193],"rotation":{"angle":45.0,"axis":"y","origin":[8.0,6.6047673,5.877802]},"faces":{"east":{"uv":[6.6875,4.4375,7.25,4.5625],"rotation":0,"texture":"#0","tintindex":0},"south":{"uv":[5.5625,7.4375,5.8125,7.5625],"rotation":0,"texture":"#0","tintindex":0},"north":{"uv":[7.4375,5.0,7.6875,5.125],"rotation":0,"texture":"#0","tintindex":0},"west":{"uv":[6.6875,5.5,7.25,5.625],"rotation":0,"texture":"#0","tintindex":0},"up":{"uv":[5.8125,0.875,5.5625,0.3125],"rotation":0,"texture":"#0","tintindex":0},"down":{"uv":[1.875,5.75,1.625,6.3125],"rotation":0,"texture":"#0","tintindex":0}}},{"from":[7.833038,5.828509,3.7108393],"to":[9.881248,6.809597,8.616193],"rotation":{"angle":-45.0,"axis":"y","origin":[8.0,6.6047673,5.877802]},"faces":{"east":{"uv":[6.6875,5.625,7.25,5.75],"rotation":0,"texture":"#0","tintindex":0},"south":{"uv":[6.1875,7.4375,6.4375,7.5625],"rotation":0,"texture":"#0","tintindex":0},"north":{"uv":[5.8125,7.4375,6.0625,7.5625],"rotation":0,"texture":"#0","tintindex":0},"west":{"uv":[6.6875,5.75,7.25,5.875],"rotation":0,"texture":"#0","tintindex":0},"up":{"uv":[4.3125,6.3125,4.0625,5.75],"rotation":0,"texture":"#0","tintindex":0},"down":{"uv":[4.5625,5.75,4.3125,6.3125],"rotation":0,"texture":"#0","tintindex":0}}},{"from":[6.1130376,6.394223,3.7051253],"to":[9.315534,7.3867397,4.621907],"rotation":{"angle":45.0,"axis":"y","origin":[8.0,7.176196,5.877802]},"faces":{"east":{"uv":[5.3125,6.75,5.4375,6.875],"rotation":0,"texture":"#0","tintindex":0},"south":{"uv":[7.0625,2.5,7.4375,2.625],"rotation":0,"texture":"#0","tintindex":0},"north":{"uv":[7.0625,2.375,7.4375,2.5],"rotation":0,"texture":"#0","tintindex":0},"west":{"uv":[7.4375,7.125,7.5625,7.25],"rotation":0,"texture":"#0","tintindex":0},"up":{"uv":[3.125,7.1875,2.75,7.0625],"rotation":0,"texture":"#0","tintindex":0},"down":{"uv":[3.5,7.0625,3.125,7.1875],"rotation":0,"texture":"#0","tintindex":0}}},{"from":[6.393038,6.388509,3.4136968],"to":[9.606962,7.392454,4.341907],"rotation":{"angle":0.0,"axis":"y","origin":[10.023689,3.1913114,4.849231]},"faces":{"east":{"uv":[1.0,6.0,3.0,8.0],"rotation":0,"texture":"#1","tintindex":0},"south":{"uv":[7.0625,4.0625,7.4375,4.1875],"rotation":0,"texture":"#1","tintindex":0},"north":{"uv":[0.0,0.0,7.0,2.0],"rotation":0,"texture":"#1","tintindex":0},"west":{"uv":[3.0,6.0,1.0,8.0],"rotation":0,"texture":"#1","tintindex":0},"up":{"uv":[8.0,14.0,1.0,12.0],"rotation":0,"texture":"#1","tintindex":0},"down":{"uv":[6.5625,7.0625,6.1875,7.1875],"rotation":0,"texture":"#1","tintindex":0}}},{"from":[6.6844664,6.394223,3.7051253],"to":[9.886963,7.3867397,4.621907],"rotation":{"angle":-45.0,"axis":"y","origin":[8.0,7.176196,5.877802]},"faces":{"east":{"uv":[1.5,7.8125,1.625,7.9375],"rotation":0,"texture":"#0","tintindex":0},"south":{"uv":[7.0625,6.5625,7.4375,6.6875],"rotation":0,"texture":"#0","tintindex":0},"north":{"uv":[7.0625,6.4375,7.4375,6.5625],"rotation":0,"texture":"#0","tintindex":0},"west":{"uv":[1.625,7.8125,1.75,7.9375],"rotation":0,"texture":"#0","tintindex":0},"up":{"uv":[7.4375,6.8125,7.0625,6.6875],"rotation":0,"texture":"#0","tintindex":0},"down":{"uv":[7.4375,6.8125,7.0625,6.9375],"rotation":0,"texture":"#0","tintindex":0}}}],"display":{"head":{"translation":[0.0,-6.4,0.0],"scale":[4.0,4.0,4.0]}}}