{"textures":{"0":"modelengine:entity/nocsy_skeleton_brute2_skin"},"elements":[{"from":[7.83418,2.4224973,7.2275925],"to":[8.570392,8.008982,8.592778],"rotation":{"angle":0.0,"axis":"y","origin":[10.425001,13.5685215,8.0]},"faces":{"east":{"uv":[0.1875,5.6875,0.3125,6.3125],"rotation":0,"texture":"#0","tintindex":0},"south":{"uv":[2.375,7.25,2.4375,7.875],"rotation":0,"texture":"#0","tintindex":0},"north":{"uv":[0.5625,7.25,0.625,7.875],"rotation":0,"texture":"#0","tintindex":0},"west":{"uv":[0.0,6.4375,0.125,7.0625],"rotation":0,"texture":"#0","tintindex":0},"up":{"uv":[1.375,6.625,1.3125,6.5],"rotation":0,"texture":"#0","tintindex":0},"down":{"uv":[1.5,8.0625,1.4375,8.1875],"rotation":0,"texture":"#0","tintindex":0}}},{"from":[6.957608,2.4224973,7.2275925],"to":[7.5589633,8.008982,8.592778],"rotation":{"angle":0.0,"axis":"y","origin":[10.425001,13.5685215,8.0]},"faces":{"east":{"uv":[5.125,6.4375,5.25,7.0625],"rotation":0,"texture":"#0","tintindex":0},"south":{"uv":[5.4375,7.3125,5.5,7.9375],"rotation":0,"texture":"#0","tintindex":0},"north":{"uv":[4.0625,7.25,4.125,7.875],"rotation":0,"texture":"#0","tintindex":0},"west":{"uv":[1.1875,6.5,1.3125,7.125],"rotation":0,"texture":"#0","tintindex":0},"up":{"uv":[8.125,2.9375,8.0625,2.8125],"rotation":0,"texture":"#0","tintindex":0},"down":{"uv":[3.0,8.0625,2.9375,8.1875],"rotation":0,"texture":"#0","tintindex":0}}},{"from":[6.835567,6.669224,6.794764],"to":[8.964853,8.798511,8.834235],"rotation":{"angle":0.0,"axis":"y","origin":[8.179629,6.6976843,7.9101853]},"faces":{"east":{"uv":[6.75,6.75,7.0,7.0],"rotation":0,"texture":"#0","tintindex":0},"south":{"uv":[6.8125,0.0,7.0625,0.25],"rotation":0,"texture":"#0","tintindex":0},"north":{"uv":[6.75,6.5,7.0,6.75],"rotation":0,"texture":"#0","tintindex":0},"west":{"uv":[6.8125,0.625,7.0625,0.875],"rotation":0,"texture":"#0","tintindex":0},"up":{"uv":[3.0,7.0625,2.75,6.8125],"rotation":0,"texture":"#0","tintindex":0},"down":{"uv":[3.25,6.8125,3.0,7.0625],"rotation":0,"texture":"#0","tintindex":0}}},{"from":[6.6453023,0.07689142,6.582682],"to":[8.170574,2.6023421,9.358177],"rotation":{"angle":0.0,"axis":"y","origin":[11.34614,18.092602,8.032941]},"faces":{"east":{"uv":[6.1875,6.5625,6.5,6.8125],"rotation":0,"texture":"#0","tintindex":0},"south":{"uv":[5.75,7.1875,5.9375,7.4375],"rotation":0,"texture":"#0","tintindex":0},"north":{"uv":[5.5625,7.1875,5.75,7.4375],"rotation":0,"texture":"#0","tintindex":0},"west":{"uv":[6.5625,6.25,6.875,6.5],"rotation":0,"texture":"#0","tintindex":0},"up":{"uv":[1.8125,5.1875,1.625,4.875],"rotation":0,"texture":"#0","tintindex":0},"down":{"uv":[2.75,6.875,2.5625,7.1875],"rotation":0,"texture":"#0","tintindex":0}}},{"from":[6.52028,-1.1733313,6.520171],"to":[7.7955074,0.8520303,7.232798],"rotation":{"angle":0.0,"axis":"y","origin":[7.4597497,-1.4307051,7.954802]},"faces":{"east":{"uv":[4.25,7.8125,4.3125,8.0625],"rotation":0,"texture":"#0","tintindex":0},"south":{"uv":[3.25,7.4375,3.375,7.6875],"rotation":0,"texture":"#0","tintindex":0},"north":{"uv":[0.0,7.4375,0.125,7.6875],"rotation":0,"texture":"#0","tintindex":0},"west":{"uv":[4.3125,7.8125,4.375,8.0625],"rotation":0,"texture":"#0","tintindex":0},"up":{"uv":[8.1875,3.0,8.0625,2.9375],"rotation":0,"texture":"#0","tintindex":0},"down":{"uv":[3.125,8.0625,3.0,8.125],"rotation":0,"texture":"#0","tintindex":0}}},{"from":[6.776374,-2.2614183,6.657696],"to":[7.776552,-0.5111065,7.1577845],"rotation":{"angle":22.5,"axis":"z","origin":[7.4597497,-1.2021322,7.954802]},"faces":{"east":{"uv":[0.875,6.75,0.9375,6.9375],"rotation":0,"texture":"#0","tintindex":0},"south":{"uv":[3.0625,7.625,3.1875,7.8125],"rotation":0,"texture":"#0","tintindex":0},"north":{"uv":[7.625,2.75,7.75,2.9375],"rotation":0,"texture":"#0","tintindex":0},"west":{"uv":[0.25,7.875,0.3125,8.0625],"rotation":0,"texture":"#0","tintindex":0},"up":{"uv":[8.1875,3.0625,8.0625,3.0],"rotation":0,"texture":"#0","tintindex":0},"down":{"uv":[8.1875,3.0625,8.0625,3.125],"rotation":0,"texture":"#0","tintindex":0}}},{"from":[6.6673923,-2.974103,6.7202067],"to":[7.542548,-1.348813,7.0952735],"rotation":{"angle":45.0,"axis":"z","origin":[7.4597497,-1.2021322,7.954802]},"faces":{"east":{"uv":[1.4375,7.875,1.5,8.0625],"rotation":0,"texture":"#0","tintindex":0},"south":{"uv":[7.625,3.375,7.75,3.5625],"rotation":0,"texture":"#0","tintindex":0},"north":{"uv":[7.625,3.1875,7.75,3.375],"rotation":0,"texture":"#0","tintindex":0},"west":{"uv":[2.1875,7.875,2.25,8.0625],"rotation":0,"texture":"#0","tintindex":0},"up":{"uv":[3.25,8.125,3.125,8.0625],"rotation":0,"texture":"#0","tintindex":0},"down":{"uv":[8.1875,3.125,8.0625,3.1875],"rotation":0,"texture":"#0","tintindex":0}}},{"from":[6.776374,-2.2614183,8.689308],"to":[7.776552,-0.5111065,9.283164],"rotation":{"angle":22.5,"axis":"z","origin":[7.4597497,-1.2021322,7.954802]},"faces":{"east":{"uv":[3.5625,7.875,3.625,8.0625],"rotation":0,"texture":"#0","tintindex":0},"south":{"uv":[7.625,4.0625,7.75,4.25],"rotation":0,"texture":"#0","tintindex":0},"north":{"uv":[7.625,3.5625,7.75,3.75],"rotation":0,"texture":"#0","tintindex":0},"west":{"uv":[3.625,7.875,3.6875,8.0625],"rotation":0,"texture":"#0","tintindex":0},"up":{"uv":[8.1875,3.25,8.0625,3.1875],"rotation":0,"texture":"#0","tintindex":0},"down":{"uv":[3.375,8.0625,3.25,8.125],"rotation":0,"texture":"#0","tintindex":0}}},{"from":[6.59484,-2.9273949,7.814152],"to":[7.344974,-1.5521507,8.157963],"rotation":{"angle":45.0,"axis":"z","origin":[7.4597497,-1.2021322,7.954802]},"faces":{"east":{"uv":[7.875,4.9375,7.9375,5.125],"rotation":0,"texture":"#0","tintindex":0},"south":{"uv":[7.625,4.5,7.75,4.6875],"rotation":0,"texture":"#0","tintindex":0},"north":{"uv":[4.4375,7.625,4.5625,7.8125],"rotation":0,"texture":"#0","tintindex":0},"west":{"uv":[5.0625,7.875,5.125,8.0625],"rotation":0,"texture":"#0","tintindex":0},"up":{"uv":[8.1875,3.3125,8.0625,3.25],"rotation":0,"texture":"#0","tintindex":0},"down":{"uv":[8.1875,3.3125,8.0625,3.375],"rotation":0,"texture":"#0","tintindex":0}}},{"from":[6.59484,-2.9273949,8.81433],"to":[7.344974,-1.5521507,9.158141],"rotation":{"angle":45.0,"axis":"z","origin":[7.4597497,-1.2021322,7.954802]},"faces":{"east":{"uv":[5.125,7.875,5.1875,8.0625],"rotation":0,"texture":"#0","tintindex":0},"south":{"uv":[5.3125,7.625,5.4375,7.8125],"rotation":0,"texture":"#0","tintindex":0},"north":{"uv":[4.5625,7.625,4.6875,7.8125],"rotation":0,"texture":"#0","tintindex":0},"west":{"uv":[7.875,5.125,7.9375,5.3125],"rotation":0,"texture":"#0","tintindex":0},"up":{"uv":[3.5,8.125,3.375,8.0625],"rotation":0,"texture":"#0","tintindex":0},"down":{"uv":[8.1875,3.375,8.0625,3.4375],"rotation":0,"texture":"#0","tintindex":0}}},{"from":[6.776374,-2.2614183,7.6891294],"to":[7.776552,-0.5111065,8.282986],"rotation":{"angle":22.5,"axis":"z","origin":[7.4597497,-1.2021322,7.954802]},"faces":{"east":{"uv":[5.1875,7.875,5.25,8.0625],"rotation":0,"texture":"#0","tintindex":0},"south":{"uv":[7.625,7.625,7.75,7.8125],"rotation":0,"texture":"#0","tintindex":0},"north":{"uv":[7.625,7.4375,7.75,7.625],"rotation":0,"texture":"#0","tintindex":0},"west":{"uv":[7.875,5.8125,7.9375,6.0],"rotation":0,"texture":"#0","tintindex":0},"up":{"uv":[8.1875,3.5,8.0625,3.4375],"rotation":0,"texture":"#0","tintindex":0},"down":{"uv":[3.625,8.0625,3.5,8.125],"rotation":0,"texture":"#0","tintindex":0}}},{"from":[8.895703,0.07689142,6.4576597],"to":[9.795864,2.1022525,7.7328873],"rotation":{"angle":22.5,"axis":"z","origin":[9.095739,1.089572,7.0952735]},"faces":{"east":{"uv":[7.375,7.4375,7.5,7.6875],"rotation":0,"texture":"#0","tintindex":0},"south":{"uv":[0.125,7.5,0.25,7.75],"rotation":0,"texture":"#0","tintindex":0},"north":{"uv":[5.125,7.4375,5.25,7.6875],"rotation":0,"texture":"#0","tintindex":0},"west":{"uv":[0.375,7.5,0.5,7.75],"rotation":0,"texture":"#0","tintindex":0},"up":{"uv":[7.9375,4.375,7.8125,4.25],"rotation":0,"texture":"#0","tintindex":0},"down":{"uv":[4.5,7.8125,4.375,7.9375],"rotation":0,"texture":"#0",