{"textures":{"0":"modelengine:entity/nocsy_skeleton_brute2_skin"},"elements":[{"from":[6.9754057,1.4612737,7.557884],"to":[8.637655,6.850165,8.9051075],"rotation":{"angle":0.0,"axis":"y","origin":[10.568674,7.0297947,8.321311]},"faces":{"east":{"uv":[4.3125,6.625,4.4375,7.1875],"rotation":0,"texture":"#0","tintindex":0},"south":{"uv":[1.1875,5.9375,1.375,6.5],"rotation":0,"texture":"#0","tintindex":0},"north":{"uv":[5.125,5.875,5.3125,6.4375],"rotation":0,"texture":"#0","tintindex":0},"west":{"uv":[4.4375,6.625,4.5625,7.1875],"rotation":0,"texture":"#0","tintindex":0},"up":{"uv":[7.8125,1.75,7.625,1.625],"rotation":0,"texture":"#0","tintindex":0},"down":{"uv":[7.8125,2.625,7.625,2.75],"rotation":0,"texture":"#0","tintindex":0}}},{"from":[6.9754057,5.5069876,6.8835983],"to":[9.311941,8.198736,9.579393],"rotation":{"angle":-22.5,"axis":"z","origin":[8.143673,6.852862,8.231496]},"faces":{"east":{"uv":[6.1875,4.875,6.5,5.1875],"rotation":0,"texture":"#0","tintindex":0},"south":{"uv":[5.4375,6.5625,5.6875,6.875],"rotation":0,"texture":"#0","tintindex":0},"north":{"uv":[3.75,6.5625,4.0,6.875],"rotation":0,"texture":"#0","tintindex":0},"west":{"uv":[6.25,0.0,6.5625,0.3125],"rotation":0,"texture":"#0","tintindex":0},"up":{"uv":[5.9375,6.875,5.6875,6.5625],"rotation":0,"texture":"#0","tintindex":0},"down":{"uv":[6.1875,6.5625,5.9375,6.875],"rotation":0,"texture":"#0","tintindex":0}}}],"display":{"head":{"translation":[0.0,-6.4,0.0],"scale":[4.0,4.0,4.0]}}}