{"textures":{"0":"modelengine:entity/nocsy_skeleton_brute2_skin"},"elements":[{"from":[8.642614,6.8735266,7.6374493],"to":[9.6431,8.212188,8.533979],"rotation":{"angle":0.0,"axis":"y","origin":[8.0,8.0,8.0]},"faces":{"east":{"uv":[7.8125,6.9375,7.9375,7.0625],"rotation":0,"texture":"#0","tintindex":0},"south":{"uv":[7.8125,7.125,7.9375,7.25],"rotation":0,"texture":"#0","tintindex":0},"north":{"uv":[7.8125,6.6875,7.9375,6.8125],"rotation":0,"texture":"#0","tintindex":0},"west":{"uv":[7.8125,7.25,7.9375,7.375],"rotation":0,"texture":"#0","tintindex":0},"up":{"uv":[7.9375,7.5,7.8125,7.375],"rotation":0,"texture":"#0","tintindex":0},"down":{"uv":[7.9375,7.5,7.8125,7.625],"rotation":0,"texture":"#0","tintindex":0}}},{"from":[8.642614,1.9020982,7.694592],"to":[9.6431,2.26933,8.3054085],"rotation":{"angle":0.0,"axis":"y","origin":[8.0,8.0,8.0]},"faces":{"east":{"uv":[8.1875,3.6875,8.25,3.75],"rotation":0,"texture":"#0","tintindex":0},"south":{"uv":[8.125,1.125,8.25,1.1875],"rotation":0,"texture":"#0","tintindex":0},"north":{"uv":[1.125,8.125,1.25,8.1875],"rotation":0,"texture":"#0","tintindex":0},"west":{"uv":[3.75,8.1875,3.8125,8.25],"rotation":0,"texture":"#0","tintindex":0},"up":{"uv":[8.25,1.25,8.125,1.1875],"rotation":0,"texture":"#0","tintindex":0},"down":{"uv":[8.25,1.25,8.125,1.3125],"rotation":0,"texture":"#0","tintindex":0}}},{"from":[8.528329,4.4163837,7.580306],"to":[9.757385,6.8979015,8.476836],"rotation":{"angle":0.0,"axis":"y","origin":[8.114285,8.0,8.0]},"faces":{"east":{"uv":[4.9375,7.5,5.0625,7.75],"rotation":0,"texture":"#0","tintindex":0},"south":{"uv":[7.5,7.4375,7.625,7.6875],"rotation":0,"texture":"#0","tintindex":0},"north":{"uv":[3.875,7.5,4.0,7.75],"rotation":0,"texture":"#0","tintindex":0},"west":{"uv":[7.5625,4.25,7.6875,4.5],"rotation":0,"texture":"#0","tintindex":0},"up":{"uv":[7.75,7.9375,7.625,7.8125],"rotation":0,"texture":"#0","tintindex":0},"down":{"uv":[7.9375,7.625,7.8125,7.75],"rotation":0,"texture":"#0","tintindex":0}}},{"from":[8.414043,2.244955,7.6374493],"to":[9.871671,4.4407587,8.419694],"rotation":{"angle":0.0,"axis":"y","origin":[8.228572,8.0,8.0]},"faces":{"east":{"uv":[6.3125,7.8125,6.375,8.0625],"rotation":0,"texture":"#0","tintindex":0},"south":{"uv":[1.8125,7.25,2.0,7.5],"rotation":0,"texture":"#0","tintindex":0},"north":{"uv":[1.3125,7.25,1.5,7.5],"rotation":0,"texture":"#0","tintindex":0},"west":{"uv":[6.4375,7.8125,6.5,8.0625],"rotation":0,"texture":"#0","tintindex":0},"up":{"uv":[8.125,5.9375,7.9375,5.875],"rotation":0,"texture":"#0","tintindex":0},"down":{"uv":[8.125,5.9375,7.9375,6.0],"rotation":0,"texture":"#0","tintindex":0}}}],"display":{"head":{"translation":[0.0,-6.4,0.0],"scale":[4.0,4.0,4.0]}}}