{"textures":{"0":"modelengine:entity/nocsy_skeleton_brute2_skin"},"elements":[{"from":[8.303131,-0.148983,8.09376],"to":[9.048868,7.96384,8.591954],"rotation":{"angle":0.0,"axis":"y","origin":[4.6509714,12.833258,8.570857]},"faces":{"east":{"uv":[5.0625,6.625,5.125,7.5],"rotation":0,"texture":"#0","tintindex":0},"south":{"uv":[4.25,6.875,4.3125,7.75],"rotation":0,"texture":"#0","tintindex":0},"north":{"uv":[3.5,6.5625,3.5625,7.4375],"rotation":0,"texture":"#0","tintindex":0},"west":{"uv":[4.75,6.875,4.8125,7.75],"rotation":0,"texture":"#0","tintindex":0},"up":{"uv":[1.0,8.25,0.9375,8.1875],"rotation":0,"texture":"#0","tintindex":0},"down":{"uv":[8.25,0.9375,8.1875,1.0],"rotation":0,"texture":"#0","tintindex":0}}},{"from":[8.297417,-0.15469742,6.6594744],"to":[9.054583,7.9695544,7.5119543],"rotation":{"angle":0.0,"axis":"y","origin":[4.6509714,12.833258,8.570857]},"faces":{"east":{"uv":[6.125,6.875,6.1875,7.75],"rotation":0,"texture":"#0","tintindex":0},"south":{"uv":[0.3125,6.9375,0.375,7.8125],"rotation":0,"texture":"#0","tintindex":0},"north":{"uv":[4.8125,6.875,4.875,7.75],"rotation":0,"texture":"#0","tintindex":0},"west":{"uv":[1.625,6.9375,1.6875,7.8125],"rotation":0,"texture":"#0","tintindex":0},"up":{"uv":[1.0625,8.25,1.0,8.1875],"rotation":0,"texture":"#0","tintindex":0},"down":{"uv":[8.25,1.0,8.1875,1.0625],"rotation":0,"texture":"#0","tintindex":0}}},{"from":[7.497417,6.873874,6.602331],"to":[9.568869,8.712412,8.597669],"rotation":{"angle":0.0,"axis":"y","origin":[4.6509714,12.833258,8.570857]},"faces":{"east":{"uv":[7.4375,0.4375,7.625,0.625],"rotation":0,"texture":"#0","tintindex":0},"south":{"uv":[7.125,0.3125,7.375,0.5],"rotation":0,"texture":"#0","tintindex":0},"north":{"uv":[7.0625,6.9375,7.3125,7.125],"rotation":0,"texture":"#0","tintindex":0},"west":{"uv":[7.4375,0.625,7.625,0.8125],"rotation":0,"texture":"#0","tintindex":0},"up":{"uv":[7.375,1.0,7.125,0.8125],"rotation":0,"texture":"#0","tintindex":0},"down":{"uv":[1.125,7.125,0.875,7.3125],"rotation":0,"texture":"#0","tintindex":0}}}],"display":{"head":{"translation":[0.0,-6.4,0.0],"scale":[4.0,4.0,4.0]}}}