{"textures":{"0":"modelengine:entity/nocsy_skeleton_brute2_skin"},"elements":[{"from":[7.362345,1.4612737,7.557884],"to":[9.024594,6.850165,8.9051075],"rotation":{"angle":0.0,"axis":"y","origin":[5.4313254,7.0297947,8.321311]},"faces":{"east":{"uv":[4.9375,6.625,5.0625,7.1875],"rotation":0,"texture":"#0","tintindex":0},"south":{"uv":[6.0,4.8125,6.1875,5.375],"rotation":0,"texture":"#0","tintindex":0},"north":{"uv":[3.8125,6.0,4.0,6.5625],"rotation":0,"texture":"#0","tintindex":0},"west":{"uv":[0.5,6.6875,0.625,7.25],"rotation":0,"texture":"#0","tintindex":0},"up":{"uv":[7.8125,3.0625,7.625,2.9375],"rotation":0,"texture":"#0","tintindex":0},"down":{"uv":[7.8125,6.125,7.625,6.25],"rotation":0,"texture":"#0","tintindex":0}}},{"from":[6.6880593,5.5069876,6.8835983],"to":[9.024594,8.198736,9.579393],"rotation":{"angle":22.5,"axis":"z","origin":[7.856327,6.852862,8.231496]},"faces":{"east":{"uv":[1.375,6.3125,1.6875,6.625],"rotation":0,"texture":"#0","tintindex":0},"south":{"uv":[0.125,6.625,0.375,6.9375],"rotation":0,"texture":"#0","tintindex":0},"north":{"uv":[6.5,6.5625,6.75,6.875],"rotation":0,"texture":"#0","tintindex":0},"west":{"uv":[1.6875,6.3125,2.0,6.625],"rotation":0,"texture":"#0","tintindex":0},"up":{"uv":[1.5625,6.9375,1.3125,6.625],"rotation":0,"texture":"#0","tintindex":0},"down":{"uv":[1.8125,6.625,1.5625,6.9375],"rotation":0,"texture":"#0","tintindex":0}}},{"from":[4.9166307,6.9355593,5.7407413],"to":[10.059488,8.078417,10.31217],"rotation":{"angle":-45.0,"axis":"z","origin":[7.856327,6.852862,8.231496]},"faces":{"east":{"uv":[3.125,3.75,3.625,3.875],"rotation":0,"texture":"#0","tintindex":0},"south":{"uv":[6.6875,6.0,7.25,6.125],"rotation":0,"texture":"#0","tintindex":0},"north":{"uv":[6.6875,5.875,7.25,6.0],"rotation":0,"texture":"#0","tintindex":0},"west":{"uv":[6.75,4.3125,7.25,4.4375],"rotation":0,"texture":"#0","tintindex":0},"up":{"uv":[5.1875,0.5,4.625,0.0],"rotation":0,"texture":"#0","tintindex":0},"down":{"uv":[5.1875,0.5,4.625,1.0],"rotation":0,"texture":"#0","tintindex":0}}},{"from":[7.1594877,7.8641305,6.4264555],"to":[8.873774,9.006988,9.855027],"rotation":{"angle":-22.5,"axis":"z","origin":[7.502345,8.721273,8.140741]},"faces":{"east":{"uv":[7.1875,5.1875,7.5625,5.3125],"rotation":0,"texture":"#0","tintindex":0},"south":{"uv":[7.6875,0.8125,7.875,0.9375],"rotation":0,"texture":"#0","tintindex":0},"north":{"uv":[7.625,6.9375,7.8125,7.0625],"rotation":0,"texture":"#0","tintindex":0},"west":{"uv":[6.1875,7.1875,6.5625,7.3125],"rotation":0,"texture":"#0","tintindex":0},"up":{"uv":[3.625,1.625,3.4375,1.25],"rotation":0,"texture":"#0","tintindex":0},"down":{"uv":[2.0,4.375,1.8125,4.75],"rotation":0,"texture":"#0","tintindex":0}}},{"from":[7.5309167,6.249845,6.4264555],"to":[8.673774,7.964131,9.855027],"rotation":{"angle":22.5,"axis":"z","origin":[7.502345,8.721273,8.140741]},"faces":{"east":{"uv":[6.75,0.3125,7.125,0.5],"rotation":0,"texture":"#0","tintindex":0},"south":{"uv":[7.6875,4.25,7.8125,4.4375],"rotation":0,"texture":"#0","tintindex":0},"north":{"uv":[3.1875,7.6875,3.3125,7.875],"rotation":0,"texture":"#0","tintindex":0},"west":{"uv":[6.75,0.875,7.125,1.0625],"rotation":0,"texture":"#0","tintindex":0},"up":{"uv":[0.125,7.4375,0.0,7.0625],"rotation":0,"texture":"#0","tintindex":0},"down":{"uv":[5.25,7.0625,5.125,7.4375],"rotation":0,"texture":"#0","tintindex":0}}},{"from":[7.430917,5.16413,8.197885],"to":[10.288059,9.735559,8.197885],"rotation":{"angle":45.0,"axis":"z","origin":[7.5452023,8.764131,8.140741]},"faces":{"east":{"uv":[0.0,0.0,0.0,0.5],"rotation":0,"texture":"#0","tintindex":0},"south":{"uv":[2.0,5.5,2.3125,6.0],"rotation":0,"texture":"#0","tintindex":0},"north":{"uv":[0.5,5.5,0.8125,6.0],"rotation":0,"texture":"#0","tintindex":0},"west":{"uv":[0.0,0.0,0.0,0.5],"rotation":0,"texture":"#0","tintindex":0},"up":{"uv":[0.3125,0.0,0.0,0.0],"rotation":0,"texture":"#0","tintindex":0},"down":{"uv":[0.3125,0.0,0.0,0.0],"rotation":0,"texture":"#0","tintindex":0}}},{"from":[7.430917,5.16413,7.055027],"to":[10.288059,9.735559,7.055027],"rotation":{"angle":45.0,"axis":"z","origin":[7.5452023,8.764131,8.140741]},"faces":{"east":{"uv":[0.0,0.0,0.0,0.5],"rotation":0,"texture":"#0","tintindex":0},"south":{"uv":[3.125,5.5,3.4375,6.0],"rotation":0,"texture":"#0","tintindex":0},"north":{"uv":[2.3125,5.5,2.625,6.0],"rotation":0,"texture":"#0","tintindex":0},"west":{"uv":[0.0,0.0,0.0,0.5],"rotation":0,"texture":"#0","tintindex":0},"up":{"uv":[0.3125,0.0,0.0,0.0],"rotation":0,"texture":"#0","tintindex":0},"down":{"uv":[0.3125,0.0,0.0,0.0],"rotation":0,"texture":"#0","tintindex":0}}},{"from":[7.430917,5.16413,9.11217],"to":[10.288059,9.735559,9.11217],"rotation":{"angle":45.0,"axis":"z","origin":[7.5452023,8.764131,8.140741]},"faces":{"east":{"uv":[0.0,0.0,0.0,0.5],"rotation":0,"texture":"#0","tintindex":0},"south":{"uv":[3.75,5.5,4.0625,6.0],"rotation":0,"texture":"#0","tintindex":0},"north":{"uv":[3.4375,5.5,3.75,6.0],"rotation":0,"texture":"#0","tintindex":0},"west":{"uv":[0.0,0.0,0.0,0.5],"rotation":0,"texture":"#0","tintindex":0},"up":{"uv":[0.3125,0.0,0.0,0.0],"rotation":0,"texture":"#0","tintindex":0},"down":{"uv":[0.3125,0.0,0.0,0.0],"rotation":0,"texture":"#0","tintindex":0}}}],"display":{"head":{"translation":[0.0,-6.4,0.0],"scale":[4.0,4.0,4.0]}}}