{"textures":{"0":"modelengine:entity/tntpinata_em"},"elements":[{"from":[8.523809,-1.4285717,7.4761906],"to":[9.095238,8.285714,7.4761906],"rotation":{"angle":0.0,"axis":"y","origin":[8.523809,-1.4285717,8.047619]},"faces":{"east":{"uv":[7.25,13.0,7.25,15.125],"rotation":0,"texture":"#0","tintindex":0},"south":{"uv":[0.75,10.875,0.875,13.0],"rotation":0,"texture":"#0","tintindex":0},"north":{"uv":[0.75,10.875,0.875,13.0],"rotation":0,"texture":"#0","tintindex":0},"west":{"uv":[7.625,13.0,7.625,15.125],"rotation":0,"texture":"#0","tintindex":0},"up":{"uv":[13.125,6.875,13.0,6.875],"rotation":0,"texture":"#0","tintindex":0},"down":{"uv":[13.125,7.0,13.0,7.0],"rotation":0,"texture":"#0","tintindex":0}}},{"from":[7.3809524,-1.4285717,6.904762],"to":[7.952381,8.285714,6.904762],"rotation":{"angle":0.0,"axis":"y","origin":[7.3809524,-1.4285717,7.4761906]},"faces":{"east":{"uv":[7.75,13.0,7.75,15.125],"rotation":0,"texture":"#0","tintindex":0},"south":{"uv":[1.25,10.875,1.375,13.0],"rotation":0,"texture":"#0","tintindex":0},"north":{"uv":[1.25,10.875,1.375,13.0],"rotation":0,"texture":"#0","tintindex":0},"west":{"uv":[8.125,13.0,8.125,15.125],"rotation":0,"texture":"#0","tintindex":0},"up":{"uv":[13.125,7.125,13.0,7.125],"rotation":0,"texture":"#0","tintindex":0},"down":{"uv":[13.125,7.5,13.0,7.5],"rotation":0,"texture":"#0","tintindex":0}}},{"from":[7.3809524,-1.4285717,9.190476],"to":[7.952381,8.285714,9.190476],"rotation":{"angle":0.0,"axis":"y","origin":[7.3809524,-1.4285717,9.761905]},"faces":{"east":{"uv":[5.375,13.0,5.375,15.125],"rotation":0,"texture":"#0","tintindex":0},"south":{"uv":[5.0,10.75,5.125,12.875],"rotation":0,"texture":"#0","tintindex":0},"north":{"uv":[5.0,10.75,5.125,12.875],"rotation":0,"texture":"#0","tintindex":0},"west":{"uv":[5.5,13.0,5.5,15.125],"rotation":0,"texture":"#0","tintindex":0},"up":{"uv":[5.75,13.0,5.625,13.0],"rotation":0,"texture":"#0","tintindex":0},"down":{"uv":[13.125,5.75,13.0,5.75],"rotation":0,"texture":"#0","tintindex":0}}},{"from":[6.2380953,-1.4285717,8.047619],"to":[6.8095236,8.285714,8.047619],"rotation":{"angle":0.0,"axis":"y","origin":[6.2380953,-1.4285717,8.619047]},"faces":{"east":{"uv":[5.875,13.0,5.875,15.125],"rotation":0,"texture":"#0","tintindex":0},"south":{"uv":[5.5,10.75,5.625,12.875],"rotation":0,"texture":"#0","tintindex":0},"north":{"uv":[5.5,10.75,5.625,12.875],"rotation":0,"texture":"#0","tintindex":0},"west":{"uv":[6.0,13.0,6.0,15.125],"rotation":0,"texture":"#0","tintindex":0},"up":{"uv":[13.125,5.875,13.0,5.875],"rotation":0,"texture":"#0","tintindex":0},"down":{"uv":[13.125,6.0,13.0,6.0],"rotation":0,"texture":"#0","tintindex":0}}},{"from":[9.380953,-1.4285717,8.047619],"to":[9.952381,8.285714,8.047619],"rotation":{"angle":0.0,"axis":"y","origin":[9.380953,-1.4285717,8.619047]},"faces":{"east":{"uv":[6.75,13.0,6.75,15.125],"rotation":0,"texture":"#0","tintindex":0},"south":{"uv":[0.25,10.875,0.375,13.0],"rotation":0,"texture":"#0","tintindex":0},"north":{"uv":[0.25,10.875,0.375,13.0],"rotation":0,"texture":"#0","tintindex":0},"west":{"uv":[7.125,13.0,7.125,15.125],"rotation":0,"texture":"#0","tintindex":0},"up":{"uv":[13.125,6.625,13.0,6.625],"rotation":0,"texture":"#0","tintindex":0},"down":{"uv":[13.125,6.75,13.0,6.75],"rotation":0,"texture":"#0","tintindex":0}}},{"from":[7.3809524,-1.4285717,8.333333],"to":[7.952381,8.285714,8.333333],"rotation":{"angle":0.0,"axis":"y","origin":[7.3809524,-1.4285717,8.904762]},"faces":{"east":{"uv":[6.125,13.0,6.125,15.125],"rotation":0,"texture":"#0","tintindex":0},"south":{"uv":[6.0,10.75,6.125,12.875],"rotation":0,"texture":"#0","tintindex":0},"north":{"uv":[6.0,10.75,6.125,12.875],"rotation":0,"texture":"#0","tintindex":0},"west":{"uv":[6.625,13.0,6.625,15.125],"rotation":0,"texture":"#0","tintindex":0},"up":{"uv":[13.125,6.125,13.0,6.125],"rotation":0,"texture":"#0","tintindex":0},"down":{"uv":[13.125,6.5,13.0,6.5],"rotation":0,"texture":"#0","tintindex":0}}}],"display":{"head":{"translation":[0.0,-6.4,0.0],"scale":[4.0,4.0,4.0]}}}