{"textures":{"0":"modelengine:entity/ferris_wheel"},"elements":[{"from":[0.85714245,-9.1428585,-15.428572],"to":[15.142858,25.142859,-3.4285717],"rotation":{"angle":0.0,"axis":"y","origin":[8.0,8.0,-5.714287]},"faces":{"east":{"uv":[2.03125,0.8125,2.359375,1.75],"rotation":0,"texture":"#0","tintindex":0},"south":{"uv":[0.40625,0.0,0.796875,0.9375],"rotation":0,"texture":"#0","tintindex":0},"north":{"uv":[0.0,0.0,0.390625,0.9375],"rotation":0,"texture":"#0","tintindex":0},"west":{"uv":[2.03125,1.765625,2.359375,2.703125],"rotation":0,"texture":"#0","tintindex":0},"up":{"uv":[3.375,5.453125,2.984375,5.125],"rotation":0,"texture":"#0","tintindex":0},"down":{"uv":[0.390625,5.203125,0.0,5.53125],"rotation":0,"texture":"#0","tintindex":0}}},{"from":[-9.1428585,0.85714245,-15.400002],"to":[25.142859,15.142858,-3.4000006],"rotation":{"angle":0.0,"axis":"y","origin":[8.0,-100.00001,-4.5714293]},"faces":{"east":{"uv":[0.40625,5.28125,0.734375,5.671875],"rotation":0,"texture":"#0","tintindex":0},"south":{"uv":[0.8125,0.40625,1.75,0.796875],"rotation":0,"texture":"#0","tintindex":0},"north":{"uv":[0.8125,0.0,1.75,0.390625],"rotation":0,"texture":"#0","tintindex":0},"west":{"uv":[0.75,5.28125,1.078125,5.671875],"rotation":0,"texture":"#0","tintindex":0},"up":{"uv":[3.3125,1.140625,2.375,0.8125],"rotation":0,"texture":"#0","tintindex":0},"down":{"uv":[3.3125,1.15625,2.375,1.484375],"rotation":0,"texture":"#0","tintindex":0}}},{"from":[0.85714245,-9.1428585,-15.3857155],"to":[15.142858,25.142859,-3.3857145],"rotation":{"angle":-45.0,"axis":"z","origin":[8.0,8.0,-4.5714293]},"faces":{"east":{"uv":[2.375,1.5,2.703125,2.4375],"rotation":0,"texture":"#0","tintindex":0},"south":{"uv":[0.0,0.953125,0.390625,1.890625],"rotation":0,"texture":"#0","tintindex":0},"north":{"uv":[0.8125,0.8125,1.203125,1.75],"rotation":0,"texture":"#0","tintindex":0},"west":{"uv":[2.375,2.453125,2.703125,3.390625],"rotation":0,"texture":"#0","tintindex":0},"up":{"uv":[1.484375,5.609375,1.09375,5.28125],"rotation":0,"texture":"#0","tintindex":0},"down":{"uv":[5.40625,5.3125,5.015625,5.640625],"rotation":0,"texture":"#0","tintindex":0}}},{"from":[0.85714245,-9.1428585,-15.357143],"to":[15.142858,25.142859,-3.3571434],"rotation":{"angle":45.0,"axis":"z","origin":[8.0,8.0,-4.5714293]},"faces":{"east":{"uv":[0.8125,2.71875,1.140625,3.65625],"rotation":0,"texture":"#0","tintindex":0},"south":{"uv":[1.21875,0.8125,1.609375,1.75],"rotation":0,"texture":"#0","tintindex":0},"north":{"uv":[0.40625,0.953125,0.796875,1.890625],"rotation":0,"texture":"#0","tintindex":0},"west":{"uv":[1.15625,2.71875,1.484375,3.65625],"rotation":0,"texture":"#0","tintindex":0},"up":{"uv":[5.8125,5.640625,5.421875,5.3125],"rotation":0,"texture":"#0","tintindex":0},"down":{"uv":[3.375,5.46875,2.984375,5.796875],"rotation":0,"texture":"#0","tintindex":0}}},{"from":[-9.1428585,0.85714245,19.400002],"to":[25.142859,15.142858,31.400002],"rotation":{"angle":0.0,"axis":"y","origin":[8.0,-100.00001,20.57143]},"faces":{"east":{"uv":[2.984375,5.8125,3.3125,6.203125],"rotation":0,"texture":"#0","tintindex":0},"south":{"uv":[1.765625,0.40625,2.703125,0.796875],"rotation":0,"texture":"#0","tintindex":0},"north":{"uv":[1.765625,0.0,2.703125,0.390625],"rotation":0,"texture":"#0","tintindex":0},"west":{"uv":[3.328125,5.8125,3.65625,6.203125],"rotation":0,"texture":"#0","tintindex":0},"up":{"uv":[3.65625,0.328125,2.71875,0.0],"rotation":0,"texture":"#0","tintindex":0},"down":{"uv":[3.65625,0.34375,2.71875,0.671875],"rotation":0,"texture":"#0","tintindex":0}}},{"from":[0.85714245,-9.1428585,19.385715],"to":[15.142858,25.142859,31.385715],"rotation":{"angle":-45.0,"axis":"z","origin":[8.0,8.0,20.57143]},"faces":{"east":{"uv":[0.0,2.859375,0.328125,3.796875],"rotation":0,"texture":"#0","tintindex":0},"south":{"uv":[0.40625,1.90625,0.796875,2.84375],"rotation":0,"texture":"#0","tintindex":0},"north":{"uv":[0.0,1.90625,0.390625,2.84375],"rotation":0,"texture":"#0","tintindex":0},"west":{"uv":[0.34375,2.859375,0.671875,3.796875],"rotation":0,"texture":"#0","tintindex":0},"up":{"uv":[5.8125,5.984375,5.421875,5.65625],"rotation":0,"texture":"#0","tintindex":0},"down":{"uv":[0.796875,5.6875,0.40625,6.015625],"rotation":0,"texture":"#0","tintindex":0}}},{"from":[0.85714245,-9.1428585,19.428572],"to":[15.142858,25.142859,31.428572],"rotation":{"angle":0.0,"axis":"y","origin":[8.0,8.0,21.714287]},"faces":{"east":{"uv":[1.84375,2.71875,2.171875,3.65625],"rotation":0,"texture":"#0","tintindex":0},"south":{"uv":[1.625,1.765625,2.015625,2.703125],"rotation":0,"texture":"#0","tintindex":0},"north":{"uv":[1.21875,1.765625,1.609375,2.703125],"rotation":0,"texture":"#0","tintindex":0},"west":{"uv":[2.71875,2.453125,3.046875,3.390625],"rotation":0,"texture":"#0","tintindex":0},"up":{"uv":[1.484375,5.953125,1.09375,5.625],"rotation":0,"texture":"#0","tintindex":0},"down":{"uv":[5.40625,5.65625,5.015625,5.984375],"rotation":0,"texture":"#0","tintindex":0}}},{"from":[0.85714245,-9.1428585,19.357143],"to":[15.142858,25.142859,31.357143],"rotation":{"angle":45.0,"axis":"z","origin":[8.0,8.0,20.57143]},"faces":{"east":{"uv":[1.5,2.71875,1.828125,3.65625],"rotation":0,"texture":"#0","tintindex":0},"south":{"uv":[0.8125,1.765625,1.203125,2.703125],"rotation":0,"texture":"#0","tintindex":0},"north":{"uv":[1.625,0.8125,2.015625,1.75],"rotation":0,"texture":"#0","tintindex":0},"west":{"uv":[2.71875,1.5,3.046875,2.4375],"rotation":0,"texture":"#0","tintindex":0},"up":{"uv":[0.390625,5.875,0.0,5.546875],"rotation":0,"texture":"#0","tintindex":0},"down":{"uv":[4.171875,5.5625,3.78125,5.890625],"rotation":0,"texture":"#0","tintindex":0}}},{"from":[0.85714245,0.85714245,-3.4285717],"to":[15.142858,15.142858,19.428572],"rotation":{"angle":0.0,"axis":"y","origin":[8.0,8.0,8.0]},"faces":{"east":{"uv":[4.28125,0.0,4.90625,0.390625],"rotation":0,"texture":"#0","tintindex":0},"south":{"uv":[4.28125,3.3125,4.671875,3.703125],"rotation":0,"texture":"#0","tintindex":0},"north":{"uv":[4.28125,2.90625,4.671875,3.296875],"rotation":0,"texture":"#0","tintindex":0},"west":{"uv":[4.28125,0.40625,4.90625,0.796875],"rotation":0,"texture":"#0","tintindex":0},"up":{"uv":[4.671875,1.4375,4.28125,0.8125],"rotation":0,"texture":"#0","tintindex":0},"down":{"uv":[4.671875,1.453125,4.28125,2.078125],"rotation":0,"texture":"#0","tintindex":0}}}],"display":{"head":{"translation":[0.0,-6.4,0.0],"scale":[4.0,4.0,4.0]}}}