{"textures":{"0":"modelengine:entity/ferris_wheel"},"elements":[{"from":[-12.009106,7.129471,14.666667],"to":[18.32423,9.129471,16.666668],"faces":{"east":{"uv":[2.859375,7.515625,2.765625,7.609375],"tintindex":0,"rotation":0,"texture":"#0"},"south":{"uv":[6.4375,4.984375,5.015625,5.078125],"tintindex":0,"rotation":0,"texture":"#0"},"north":{"uv":[6.515625,0.765625,5.09375,0.859375],"tintindex":0,"rotation":0,"texture":"#0"},"west":{"uv":[7.625,1.90625,7.53125,2.0],"tintindex":0,"rotation":0,"texture":"#0"},"up":{"uv":[6.515625,0.875,5.09375,0.96875],"tintindex":0,"rotation":0,"texture":"#0"},"down":{"uv":[6.515625,1.078125,5.09375,0.984375],"tintindex":0,"rotation":0,"texture":"#0"}}},{"from":[-1.8424377,3.6391296,14.837501],"to":[-0.17577171,12.305797,16.495834],"faces":{"east":{"uv":[6.953125,8.5,6.875,8.90625],"tintindex":0,"rotation":0,"texture":"#0"},"south":{"uv":[6.859375,8.5,6.78125,8.90625],"tintindex":0,"rotation":0,"texture":"#0"},"north":{"uv":[8.015625,8.5,7.9375,8.90625],"tintindex":0,"rotation":0,"texture":"#0"},"west":{"uv":[8.109375,8.5,8.03125,8.90625],"tintindex":0,"rotation":0,"texture":"#0"},"up":{"uv":[9.4375,6.75,9.359375,6.828125],"tintindex":0,"rotation":0,"texture":"#0"},"down":{"uv":[9.4375,7.671875,9.359375,7.59375],"tintindex":0,"rotation":0,"texture":"#0"}},"rotation":{"origin":[-21.842438,7.972463,15.666667],"angle":-22.5,"axis":"z"}},{"from":[-12.009106,7.129471,-0.666667],"to":[18.32423,9.129471,1.333333],"faces":{"east":{"uv":[2.765625,7.515625,2.859375,7.609375],"tintindex":0,"rotation":0,"texture":"#0"},"south":{"uv":[5.09375,0.765625,6.515625,0.859375],"tintindex":0,"rotation":0,"texture":"#0"},"north":{"uv":[5.015625,4.984375,6.4375,5.078125],"tintindex":0,"rotation":0,"texture":"#0"},"west":{"uv":[7.53125,1.90625,7.625,2.0],"tintindex":0,"rotation":0,"texture":"#0"},"up":{"uv":[6.515625,0.96875,5.09375,0.875],"tintindex":0,"rotation":0,"texture":"#0"},"down":{"uv":[6.515625,0.984375,5.09375,1.078125],"tintindex":0,"rotation":0,"texture":"#0"}}},{"from":[18.157562,-0.70386314,-1.3250008],"to":[21.490896,16.62947,1.9916668],"faces":{"east":{"uv":[4.984375,6.515625,5.140625,7.328125],"tintindex":0,"rotation":0,"texture":"#0"},"south":{"uv":[5.15625,6.515625,5.3125,7.328125],"tintindex":0,"rotation":0,"texture":"#0"},"north":{"uv":[4.8125,6.515625,4.96875,7.328125],"tintindex":0,"rotation":0,"texture":"#0"},"west":{"uv":[5.328125,6.515625,5.484375,7.328125],"tintindex":0,"rotation":0,"texture":"#0"},"up":{"uv":[9.078125,2.84375,8.921875,2.6875],"tintindex":0,"rotation":0,"texture":"#0"},"down":{"uv":[3.296875,8.921875,3.140625,9.078125],"tintindex":0,"rotation":0,"texture":"#0"}},"rotation":{"origin":[-21.842438,7.9628043,0.33333302],"angle":-22.5,"axis":"z"}},{"from":[19.157562,7.4628043,2.0],"to":[20.490896,8.796138,14.0],"faces":{"east":{"uv":[2.71875,0.6875,3.28125,0.75],"tintindex":0,"rotation":0,"texture":"#0"},"south":{"uv":[2.109375,4.828125,2.171875,4.890625],"tintindex":0,"rotation":0,"texture":"#0"},"north":{"uv":[0.6875,3.4375,0.75,3.5],"tintindex":0,"rotation":0,"texture":"#0"},"west":{"uv":[3.8125,6.375,4.375,6.4375],"tintindex":0,"rotation":0,"texture":"#0"},"up":{"uv":[0.75,3.421875,0.6875,2.859375],"tintindex":0,"rotation":0,"texture":"#0"},"down":{"uv":[2.171875,3.671875,2.109375,4.234375],"tintindex":0,"rotation":0,"texture":"#0"}}},{"from":[18.157562,-0.70386314,14.008333],"to":[21.490896,16.62947,17.325],"faces":{"east":{"uv":[5.140625,6.515625,4.984375,7.328125],"tintindex":0,"rotation":0,"texture":"#0"},"south":{"uv":[4.96875,6.515625,4.8125,7.328125],"tintindex":0,"rotation":0,"texture":"#0"},"north":{"uv":[5.3125,6.515625,5.15625,7.328125],"tintindex":0,"rotation":0,"texture":"#0"},"west":{"uv":[5.484375,6.515625,5.328125,7.328125],"tintindex":0,"rotation":0,"texture":"#0"},"up":{"uv":[9.078125,2.6875,8.921875,2.84375],"tintindex":0,"rotation":0,"texture":"#0"},"down":{"uv":[3.296875,9.078125,3.140625,8.921875],"tintindex":0,"rotation":0,"texture":"#0"}},"rotation":{"origin":[-21.842438,7.9628043,15.666667],"angle":-22.5,"axis":"z"}},{"from":[-1.8424377,3.6391296,-0.5],"to":[-0.17577171,12.305797,1.1666665],"faces":{"east":{"uv":[5.6875,8.46875,5.765625,8.875],"tintindex":0,"rotation":0,"texture":"#0"},"south":{"uv":[5.78125,8.46875,5.859375,8.875],"tintindex":0,"rotation":0,"texture":"#0"},"north":{"uv":[5.59375,8.46875,5.671875,8.875],"tintindex":0,"rotation":0,"texture":"#0"},"west":{"uv":[8.5,3.015625,8.578125,3.421875],"tintindex":0,"rotation":0,"texture":"#0"},"up":{"uv":[9.421875,1.796875,9.34375,1.71875],"tintindex":0,"rotation":0,"texture":"#0"},"down":{"uv":[9.4375,0.234375,9.359375,0.3125],"tintindex":0,"rotation":0,"texture":"#0"}}},{"from":[-1.8424377,3.6391296,14.833334],"to":[-0.17577171,12.305797,16.5],"faces":{"east":{"uv":[5.765625,8.46875,5.6875,8.875],"tintindex":0,"rotation":0,"texture":"#0"},"south":{"uv":[5.671875,8.46875,5.59375,8.875],"tintindex":0,"rotation":0,"texture":"#0"},"north":{"uv":[5.859375,8.46875,5.78125,8.875],"tintindex":0,"rotation":0,"texture":"#0"},"west":{"uv":[8.578125,3.015625,8.5,3.421875],"tintindex":0,"rotation":0,"texture":"#0"},"up":{"uv":[9.421875,1.71875,9.34375,1.796875],"tintindex":0,"rotation":0,"texture":"#0"},"down":{"uv":[9.4375,0.3125,9.359375,0.234375],"tintindex":0,"rotation":0,"texture":"#0"}}},{"from":[18.157562,-0.70386314,-1.3166676],"to":[21.490896,16.62947,1.9833336],"faces":{"east":{"uv":[4.984375,6.515625,5.140625,7.328125],"tintindex":0,"rotation":0,"texture":"#0"},"south":{"uv":[5.15625,6.515625,5.3125,7.328125],"tintindex":0,"rotation":0,"texture":"#0"},"north":{"uv":[4.8125,6.515625,4.96875,7.328125],"tintindex":0,"rotation":0,"texture":"#0"},"west":{"uv":[5.328125,6.515625,5.484375,7.328125],"tintindex":0,"rotation":0,"texture":"#0"},"up":{"uv":[9.078125,2.84375,8.921875,2.6875],"tintindex":0,"rotation":0,"texture":"#0"},"down":{"uv":[3.296875,8.921875,3.140625,9.078125],"tintindex":0,"rotation":0,"texture":"#0"}}},{"from":[18.157562,-0.70386314,-1.3250008],"to":[21.490896,16.62947,1.9916668],"faces":{"east":{"uv":[4.984375,6.515625,5.140625,7.328125],"tintindex":0,"rotation":0,"texture":"#0"},"south":{"uv":[5.15625,6.515625,5.3125,7.328125],"tintindex":0,"rotation":0,"texture":"#0"},"north":{"uv":[4.8125,6.515625,4.96875,7.328125],"tintindex":0,"rotation":0,"texture":"#0"},"west":{"uv":[5.328125,6.515625,5.484375,7.328125],"tintindex":0,"rotation":0,"texture":"#0"},"up":{"uv":[9.078125,2.84375,8.921875,2.6875],"tintindex":0,"rotation":0,"texture":"#0"},"down":{"uv":[3.296875,8.921875,3.140625,9.078125],"tintindex":0,"rotation":0,"texture":"#0"}},"rotation":{"origin":[-21.842438,7.9628043,0.33333302],"angle":22.5,"axis":"z"}},{"from":[18.157562,-0.70386314,14.016666],"to":[21.490896,16.62947,17.316668],"faces":{"east":{"uv":[5.140625,6.515625,4.984375,7.328125],"tintindex":0,"rotation":0,"texture":"#0"},"south":{"uv":[4.96875,6.515625,4.8125,7.328125],"tintindex":0,"rotation":0,"texture":"#0"},"north":{"uv":[5.3125,6.515625,5.15625,7.328125],"tintindex":0,"rotation":0,"texture":"#0"},"west":{"uv":[5.484375,6.515625,5.328125,7.328125],"tintindex":0,"rotation":0,"texture":"#0"},"up":{"uv":[9.078125,2.6875,8.921875,2.84375],"tintindex":0,"rotation":0,"texture":"#0"},"down":{"uv":[3.296875,9.078125,3.140625,8.921875],"tintindex":0,"rotation":0,"texture":"#0"}}},{"from":[-1.8424377,3.6391296,-0.4958334],"to":[-0.17577171,12.305797,1.1624994],"faces":{"east":{"uv":[6.875,8.5,6.953125,8.90625],"tintindex":0,"rotation":0,"texture":"#0"},"south":{"uv":[7.9375,8.5,8.015625,8.90625],"tintindex":0,"rotation":0,"texture":"#0"},"north":{"uv":[6.78125,8.5,6.859375,8.90625],"tintindex":0,"rotation":0,"texture":"#0"},"west":{"uv":[8.03125,8.5,8.109375,8.90625],"tintindex":0,"rotation":0,"texture":"#0"},"up":{"uv":[9.4375,6.828125,9.359375,6.75],"tintindex":0,"rotation":0,"texture":"#0"},"down":{"uv":[9.4375,7.59375,9.359375,7.671875],"tintindex":0,"rotation":0,"texture":"#0"}},"rotation":{"origin":[-21.842438,7.972463,0.33333302],