{"textures":{"0":"modelengine:entity/ferris_wheel"},"elements":[{"from":[-2.1010818,17.437496,0.7999997],"to":[-0.5010824,19.037495,15.200001],"rotation":{"angle":0.0,"axis":"y","origin":[7.6600833,9.382124,8.0]},"faces":{"east":{"uv":[2.71875,0.6875,3.28125,0.75],"rotation":0,"texture":"#0","tintindex":0},"south":{"uv":[2.109375,4.828125,2.171875,4.890625],"rotation":0,"texture":"#0","tintindex":0},"north":{"uv":[0.6875,3.4375,0.75,3.5],"rotation":0,"texture":"#0","tintindex":0},"west":{"uv":[3.8125,6.375,4.375,6.4375],"rotation":0,"texture":"#0","tintindex":0},"up":{"uv":[0.75,3.421875,0.6875,2.859375],"rotation":0,"texture":"#0","tintindex":0},"down":{"uv":[2.171875,3.671875,2.109375,4.234375],"rotation":0,"texture":"#0","tintindex":0}}},{"from":[6.950961,-16.0,-2.4000006],"to":[9.350961,20.400002,0.0],"rotation":{"angle":45.0,"axis":"z","origin":[7.6600833,9.382124,8.0]},"faces":{"east":{"uv":[4.6875,4.875,4.78125,6.296875],"rotation":0,"texture":"#0","tintindex":0},"south":{"uv":[4.796875,4.875,4.890625,6.296875],"rotation":0,"texture":"#0","tintindex":0},"north":{"uv":[3.671875,4.390625,3.765625,5.8125],"rotation":0,"texture":"#0","tintindex":0},"west":{"uv":[4.90625,4.875,5.0,6.296875],"rotation":0,"texture":"#0","tintindex":0},"up":{"uv":[0.78125,3.65625,0.6875,3.5625],"rotation":0,"texture":"#0","tintindex":0},"down":{"uv":[4.484375,6.375,4.390625,6.46875],"rotation":0,"texture":"#0","tintindex":0}}},{"from":[6.950961,-16.0,16.0],"to":[9.350961,20.400002,18.400002],"rotation":{"angle":45.0,"axis":"z","origin":[7.6600833,9.382124,8.0]},"faces":{"east":{"uv":[4.78125,4.875,4.6875,6.296875],"rotation":0,"texture":"#0","tintindex":0},"south":{"uv":[3.765625,4.390625,3.671875,5.8125],"rotation":0,"texture":"#0","tintindex":0},"north":{"uv":[4.890625,4.875,4.796875,6.296875],"rotation":0,"texture":"#0","tintindex":0},"west":{"uv":[5.0,4.875,4.90625,6.296875],"rotation":0,"texture":"#0","tintindex":0},"up":{"uv":[0.78125,3.5625,0.6875,3.65625],"rotation":0,"texture":"#0","tintindex":0},"down":{"uv":[4.484375,6.46875,4.390625,6.375],"rotation":0,"texture":"#0","tintindex":0}}},{"from":[-2.6733036,19.775738,-3.1900005],"to":[18.126698,23.775738,0.78999996],"rotation":{"angle":45.0,"axis":"z","origin":[7.6600833,9.382124,8.0]},"faces":{"east":{"uv":[7.953125,8.921875,8.109375,9.078125],"rotation":0,"texture":"#0","tintindex":0},"south":{"uv":[6.53125,0.6875,7.34375,0.84375],"rotation":0,"texture":"#0","tintindex":0},"north":{"uv":[6.1875,6.515625,7.0,6.671875],"rotation":0,"texture":"#0","tintindex":0},"west":{"uv":[8.53125,8.921875,8.6875,9.078125],"rotation":0,"texture":"#0","tintindex":0},"up":{"uv":[7.34375,1.015625,6.53125,0.859375],"rotation":0,"texture":"#0","tintindex":0},"down":{"uv":[7.34375,1.03125,6.53125,1.1875],"rotation":0,"texture":"#0","tintindex":0}}},{"from":[-2.6733036,19.775738,15.21],"to":[18.126698,23.775738,19.19],"rotation":{"angle":45.0,"axis":"z","origin":[7.6600833,9.382124,8.0]},"faces":{"east":{"uv":[8.109375,8.921875,7.953125,9.078125],"rotation":0,"texture":"#0","tintindex":0},"south":{"uv":[7.0,6.515625,6.1875,6.671875],"rotation":0,"texture":"#0","tintindex":0},"north":{"uv":[7.34375,0.6875,6.53125,0.84375],"rotation":0,"texture":"#0","tintindex":0},"west":{"uv":[8.6875,8.921875,8.53125,9.078125],"rotation":0,"texture":"#0","tintindex":0},"up":{"uv":[7.34375,0.859375,6.53125,1.015625],"rotation":0,"texture":"#0","tintindex":0},"down":{"uv":[7.34375,1.1875,6.53125,1.03125],"rotation":0,"texture":"#0","tintindex":0}}},{"from":[2.5348907,-4.21607,-2.1999998],"to":[12.934891,-2.2160702,-0.19999981],"rotation":{"angle":45.0,"axis":"z","origin":[7.6600833,9.382124,8.0]},"faces":{"east":{"uv":[9.234375,3.28125,9.3125,3.359375],"rotation":0,"texture":"#0","tintindex":0},"south":{"uv":[8.453125,1.078125,8.859375,1.15625],"rotation":0,"texture":"#0","tintindex":0},"north":{"uv":[8.453125,0.09375,8.859375,0.171875],"rotation":0,"texture":"#0","tintindex":0},"west":{"uv":[9.234375,6.1875,9.3125,6.265625],"rotation":0,"texture":"#0","tintindex":0},"up":{"uv":[8.859375,4.328125,8.453125,4.25],"rotation":0,"texture":"#0","tintindex":0},"down":{"uv":[8.859375,4.34375,8.453125,4.421875],"rotation":0,"texture":"#0","tintindex":0}}},{"from":[2.5348907,-4.21607,16.2],"to":[12.934891,-2.2160702,18.2],"rotation":{"angle":45.0,"axis":"z","origin":[7.6600833,9.382124,8.0]},"faces":{"east":{"uv":[9.3125,3.28125,9.234375,3.359375],"rotation":0,"texture":"#0","tintindex":0},"south":{"uv":[8.859375,0.09375,8.453125,0.171875],"rotation":0,"texture":"#0","tintindex":0},"north":{"uv":[8.859375,1.078125,8.453125,1.15625],"rotation":0,"texture":"#0","tintindex":0},"west":{"uv":[9.3125,6.1875,9.234375,6.265625],"rotation":0,"texture":"#0","tintindex":0},"up":{"uv":[8.859375,4.25,8.453125,4.328125],"rotation":0,"texture":"#0","tintindex":0},"down":{"uv":[8.859375,4.421875,8.453125,4.34375],"rotation":0,"texture":"#0","tintindex":0}}}],"display":{"head":{"translation":[0.0,-11.530325,0.0],"scale":[4.0,4.0,4.0]}}}