{"textures":{"0":"modelengine:entity/ferris_wheel"},"elements":[{"from":[3.878892,-3.245494,-0.5],"to":[12.545558,-1.5788269,1.1666665],"faces":{"east":{"uv":[9.328125,1.390625,9.40625,1.46875],"tintindex":0,"rotation":0,"texture":"#0"},"south":{"uv":[8.5,2.734375,8.90625,2.8125],"tintindex":0,"rotation":0,"texture":"#0"},"north":{"uv":[8.5,2.640625,8.90625,2.71875],"tintindex":0,"rotation":0,"texture":"#0"},"west":{"uv":[9.328125,1.484375,9.40625,1.5625],"tintindex":0,"rotation":0,"texture":"#0"},"up":{"uv":[8.90625,2.90625,8.5,2.828125],"tintindex":0,"rotation":0,"texture":"#0"},"down":{"uv":[8.90625,2.921875,8.5,3.0],"tintindex":0,"rotation":0,"texture":"#0"}},"rotation":{"origin":[8.274564,8.086334,8.0],"angle":-45.0,"axis":"z"}},{"from":[3.878892,-3.245494,14.833334],"to":[12.545558,-1.5788269,16.5],"faces":{"east":{"uv":[9.40625,1.390625,9.328125,1.46875],"tintindex":0,"rotation":0,"texture":"#0"},"south":{"uv":[8.90625,2.640625,8.5,2.71875],"tintindex":0,"rotation":0,"texture":"#0"},"north":{"uv":[8.90625,2.734375,8.5,2.8125],"tintindex":0,"rotation":0,"texture":"#0"},"west":{"uv":[9.40625,1.484375,9.328125,1.5625],"tintindex":0,"rotation":0,"texture":"#0"},"up":{"uv":[8.90625,2.828125,8.5,2.90625],"tintindex":0,"rotation":0,"texture":"#0"},"down":{"uv":[8.90625,3.0,8.5,2.921875],"tintindex":0,"rotation":0,"texture":"#0"}},"rotation":{"origin":[8.274564,8.086334,8.0],"angle":-45.0,"axis":"z"}},{"from":[-0.41771317,16.760834,14.008333],"to":[16.915623,20.094168,17.325],"faces":{"east":{"uv":[8.109375,8.921875,7.953125,9.078125],"tintindex":0,"rotation":0,"texture":"#0"},"south":{"uv":[7.0,6.515625,6.1875,6.671875],"tintindex":0,"rotation":0,"texture":"#0"},"north":{"uv":[7.34375,0.6875,6.53125,0.84375],"tintindex":0,"rotation":0,"texture":"#0"},"west":{"uv":[8.6875,8.921875,8.53125,9.078125],"tintindex":0,"rotation":0,"texture":"#0"},"up":{"uv":[7.34375,0.859375,6.53125,1.015625],"tintindex":0,"rotation":0,"texture":"#0"},"down":{"uv":[7.34375,1.1875,6.53125,1.03125],"tintindex":0,"rotation":0,"texture":"#0"}},"rotation":{"origin":[8.274564,8.086334,8.0],"angle":-45.0,"axis":"z"}},{"from":[-0.41771317,16.760834,-1.3250008],"to":[16.915623,20.094168,1.9916668],"faces":{"east":{"uv":[7.953125,8.921875,8.109375,9.078125],"tintindex":0,"rotation":0,"texture":"#0"},"south":{"uv":[6.53125,0.6875,7.34375,0.84375],"tintindex":0,"rotation":0,"texture":"#0"},"north":{"uv":[6.1875,6.515625,7.0,6.671875],"tintindex":0,"rotation":0,"texture":"#0"},"west":{"uv":[8.53125,8.921875,8.6875,9.078125],"tintindex":0,"rotation":0,"texture":"#0"},"up":{"uv":[7.34375,1.015625,6.53125,0.859375],"tintindex":0,"rotation":0,"texture":"#0"},"down":{"uv":[7.34375,1.03125,6.53125,1.1875],"tintindex":0,"rotation":0,"texture":"#0"}},"rotation":{"origin":[8.274564,8.086334,8.0],"angle":-45.0,"axis":"z"}},{"from":[6.8655,-13.065435,14.666667],"to":[8.865499,17.267895,16.666668],"faces":{"east":{"uv":[4.78125,4.875,4.6875,6.296875],"tintindex":0,"rotation":0,"texture":"#0"},"south":{"uv":[3.765625,4.390625,3.671875,5.8125],"tintindex":0,"rotation":0,"texture":"#0"},"north":{"uv":[4.890625,4.875,4.796875,6.296875],"tintindex":0,"rotation":0,"texture":"#0"},"west":{"uv":[5.0,4.875,4.90625,6.296875],"tintindex":0,"rotation":0,"texture":"#0"},"up":{"uv":[0.78125,3.5625,0.6875,3.65625],"tintindex":0,"rotation":0,"texture":"#0"},"down":{"uv":[4.484375,6.46875,4.390625,6.375],"tintindex":0,"rotation":0,"texture":"#0"}},"rotation":{"origin":[8.274564,8.086334,8.0],"angle":-45.0,"axis":"z"}},{"from":[6.8655,-13.065435,-0.666667],"to":[8.865499,17.267895,1.333333],"faces":{"east":{"uv":[4.6875,4.875,4.78125,6.296875],"tintindex":0,"rotation":0,"texture":"#0"},"south":{"uv":[4.796875,4.875,4.890625,6.296875],"tintindex":0,"rotation":0,"texture":"#0"},"north":{"uv":[3.671875,4.390625,3.765625,5.8125],"tintindex":0,"rotation":0,"texture":"#0"},"west":{"uv":[4.90625,4.875,5.0,6.296875],"tintindex":0,"rotation":0,"texture":"#0"},"up":{"uv":[0.78125,3.65625,0.6875,3.5625],"tintindex":0,"rotation":0,"texture":"#0"},"down":{"uv":[4.484375,6.375,4.390625,6.46875],"tintindex":0,"rotation":0,"texture":"#0"}},"rotation":{"origin":[8.274564,8.086334,8.0],"angle":-45.0,"axis":"z"}},{"from":[15.075537,14.799144,2.0],"to":[16.40887,16.132477,14.0],"faces":{"east":{"uv":[2.71875,0.6875,3.28125,0.75],"tintindex":0,"rotation":0,"texture":"#0"},"south":{"uv":[2.109375,4.828125,2.171875,4.890625],"tintindex":0,"rotation":0,"texture":"#0"},"north":{"uv":[0.6875,3.4375,0.75,3.5],"tintindex":0,"rotation":0,"texture":"#0"},"west":{"uv":[3.8125,6.375,4.375,6.4375],"tintindex":0,"rotation":0,"texture":"#0"},"up":{"uv":[0.75,3.421875,0.6875,2.859375],"tintindex":0,"rotation":0,"texture":"#0"},"down":{"uv":[2.171875,3.671875,2.109375,4.234375],"tintindex":0,"rotation":0,"texture":"#0"}}}]}