{"textures":{"0":"modelengine:entity/ferris_wheel"},"elements":[{"from":[3.4473314,17.374205,14.833334],"to":[12.113998,19.04087,16.5],"faces":{"east":{"uv":[0.078125,8.796875,0.0,8.875],"tintindex":0,"rotation":0,"texture":"#0"},"south":{"uv":[8.84375,0.359375,8.4375,0.4375],"tintindex":0,"rotation":0,"texture":"#0"},"north":{"uv":[8.84375,8.265625,8.4375,8.34375],"tintindex":0,"rotation":0,"texture":"#0"},"west":{"uv":[6.75,8.828125,6.671875,8.90625],"tintindex":0,"rotation":0,"texture":"#0"},"up":{"uv":[8.84375,8.359375,8.4375,8.4375],"tintindex":0,"rotation":0,"texture":"#0"},"down":{"uv":[8.859375,0.078125,8.453125,0.0],"tintindex":0,"rotation":0,"texture":"#0"}},"rotation":{"origin":[7.7840805,7.64329,8.0],"angle":-45.0,"axis":"z"}},{"from":[3.4473314,17.374205,-0.5],"to":[12.113998,19.04087,1.1666665],"faces":{"east":{"uv":[0.0,8.796875,0.078125,8.875],"tintindex":0,"rotation":0,"texture":"#0"},"south":{"uv":[8.4375,8.265625,8.84375,8.34375],"tintindex":0,"rotation":0,"texture":"#0"},"north":{"uv":[8.4375,0.359375,8.84375,0.4375],"tintindex":0,"rotation":0,"texture":"#0"},"west":{"uv":[6.671875,8.828125,6.75,8.90625],"tintindex":0,"rotation":0,"texture":"#0"},"up":{"uv":[8.84375,8.4375,8.4375,8.359375],"tintindex":0,"rotation":0,"texture":"#0"},"down":{"uv":[8.859375,0.0,8.453125,0.078125],"tintindex":0,"rotation":0,"texture":"#0"}},"rotation":{"origin":[7.7840805,7.64329,8.0],"angle":-45.0,"axis":"z"}},{"from":[-0.35022545,-0.49584198,2.0],"to":[0.9831085,0.83749104,14.0],"faces":{"east":{"uv":[2.71875,0.6875,3.28125,0.75],"tintindex":0,"rotation":0,"texture":"#0"},"south":{"uv":[2.109375,4.828125,2.171875,4.890625],"tintindex":0,"rotation":0,"texture":"#0"},"north":{"uv":[0.6875,3.4375,0.75,3.5],"tintindex":0,"rotation":0,"texture":"#0"},"west":{"uv":[3.8125,6.375,4.375,6.4375],"tintindex":0,"rotation":0,"texture":"#0"},"up":{"uv":[0.75,3.421875,0.6875,2.859375],"tintindex":0,"rotation":0,"texture":"#0"},"down":{"uv":[2.171875,3.671875,2.109375,4.234375],"tintindex":0,"rotation":0,"texture":"#0"}}},{"from":[28.983109,-10.16251,-0.666667],"to":[30.983109,20.170826,1.333333],"faces":{"east":{"uv":[4.6875,4.875,4.78125,6.296875],"tintindex":0,"rotation":0,"texture":"#0"},"south":{"uv":[4.796875,4.875,4.890625,6.296875],"tintindex":0,"rotation":0,"texture":"#0"},"north":{"uv":[3.671875,4.390625,3.765625,5.8125],"tintindex":0,"rotation":0,"texture":"#0"},"west":{"uv":[4.90625,4.875,5.0,6.296875],"tintindex":0,"rotation":0,"texture":"#0"},"up":{"uv":[0.78125,3.65625,0.6875,3.5625],"tintindex":0,"rotation":0,"texture":"#0"},"down":{"uv":[4.484375,6.375,4.390625,6.46875],"tintindex":0,"rotation":0,"texture":"#0"}},"rotation":{"origin":[29.983109,30.337492,7.0],"angle":-45.0,"axis":"z"}},{"from":[-0.8791733,-4.2992887,-1.3250008],"to":[16.45416,-0.96595573,1.9916668],"faces":{"east":{"uv":[5.625,8.890625,5.78125,9.046875],"tintindex":0,"rotation":0,"texture":"#0"},"south":{"uv":[6.359375,0.0,7.171875,0.15625],"tintindex":0,"rotation":0,"texture":"#0"},"north":{"uv":[6.265625,6.34375,7.078125,6.5],"tintindex":0,"rotation":0,"texture":"#0"},"west":{"uv":[8.890625,5.828125,9.046875,5.984375],"tintindex":0,"rotation":0,"texture":"#0"},"up":{"uv":[7.171875,0.328125,6.359375,0.171875],"tintindex":0,"rotation":0,"texture":"#0"},"down":{"uv":[7.171875,0.34375,6.359375,0.5],"tintindex":0,"rotation":0,"texture":"#0"}},"rotation":{"origin":[7.7840805,7.64329,8.0],"angle":-45.0,"axis":"z"}},{"from":[28.983109,-10.16251,14.666667],"to":[30.983109,20.170826,16.666668],"faces":{"east":{"uv":[4.78125,4.875,4.6875,6.296875],"tintindex":0,"rotation":0,"texture":"#0"},"south":{"uv":[3.765625,4.390625,3.671875,5.8125],"tintindex":0,"rotation":0,"texture":"#0"},"north":{"uv":[4.890625,4.875,4.796875,6.296875],"tintindex":0,"rotation":0,"texture":"#0"},"west":{"uv":[5.0,4.875,4.90625,6.296875],"tintindex":0,"rotation":0,"texture":"#0"},"up":{"uv":[0.78125,3.5625,0.6875,3.65625],"tintindex":0,"rotation":0,"texture":"#0"},"down":{"uv":[4.484375,6.46875,4.390625,6.375],"tintindex":0,"rotation":0,"texture":"#0"}},"rotation":{"origin":[29.983109,30.337492,9.0],"angle":-45.0,"axis":"z"}},{"from":[-0.8791733,-4.2992887,14.008333],"to":[16.45416,-0.96595573,17.325],"faces":{"east":{"uv":[5.78125,8.890625,5.625,9.046875],"tintindex":0,"rotation":0,"texture":"#0"},"south":{"uv":[7.078125,6.34375,6.265625,6.5],"tintindex":0,"rotation":0,"texture":"#0"},"north":{"uv":[7.171875,0.0,6.359375,0.15625],"tintindex":0,"rotation":0,"texture":"#0"},"west":{"uv":[9.046875,5.828125,8.890625,5.984375],"tintindex":0,"rotation":0,"texture":"#0"},"up":{"uv":[7.171875,0.171875,6.359375,0.328125],"tintindex":0,"rotation":0,"texture":"#0"},"down":{"uv":[7.171875,0.5,6.359375,0.34375],"tintindex":0,"rotation":0,"texture":"#0"}},"rotation":{"origin":[7.7840805,7.64329,8.0],"angle":-45.0,"axis":"z"}}]}