{"textures":{"0":"modelengine:entity/ferris_wheel"},"elements":[{"from":[7.5660605,-1.112402,-0.666667],"to":[9.56606,29.22093,1.333333],"faces":{"east":{"uv":[4.6875,4.875,4.78125,6.296875],"tintindex":0,"rotation":0,"texture":"#0"},"south":{"uv":[4.796875,4.875,4.890625,6.296875],"tintindex":0,"rotation":0,"texture":"#0"},"north":{"uv":[3.671875,4.390625,3.765625,5.8125],"tintindex":0,"rotation":0,"texture":"#0"},"west":{"uv":[4.90625,4.875,5.0,6.296875],"tintindex":0,"rotation":0,"texture":"#0"},"up":{"uv":[0.78125,3.65625,0.6875,3.5625],"tintindex":0,"rotation":0,"texture":"#0"},"down":{"uv":[4.484375,6.375,4.390625,6.46875],"tintindex":0,"rotation":0,"texture":"#0"}},"rotation":{"origin":[8.2159195,7.64329,8.0],"angle":45.0,"axis":"z"}},{"from":[7.5660605,-1.112402,14.666667],"to":[9.56606,29.22093,16.666668],"faces":{"east":{"uv":[4.78125,4.875,4.6875,6.296875],"tintindex":0,"rotation":0,"texture":"#0"},"south":{"uv":[3.765625,4.390625,3.671875,5.8125],"tintindex":0,"rotation":0,"texture":"#0"},"north":{"uv":[4.890625,4.875,4.796875,6.296875],"tintindex":0,"rotation":0,"texture":"#0"},"west":{"uv":[5.0,4.875,4.90625,6.296875],"tintindex":0,"rotation":0,"texture":"#0"},"up":{"uv":[0.78125,3.5625,0.6875,3.65625],"tintindex":0,"rotation":0,"texture":"#0"},"down":{"uv":[4.484375,6.46875,4.390625,6.375],"tintindex":0,"rotation":0,"texture":"#0"}},"rotation":{"origin":[8.2159195,7.64329,8.0],"angle":45.0,"axis":"z"}},{"from":[-0.4541607,-4.2992887,-1.3250008],"to":[16.879173,-0.96595573,1.9916668],"faces":{"east":{"uv":[2.1875,3.203125,2.34375,3.359375],"tintindex":0,"rotation":0,"texture":"#0"},"south":{"uv":[5.828125,5.484375,6.640625,5.640625],"tintindex":0,"rotation":0,"texture":"#0"},"north":{"uv":[5.828125,5.3125,6.640625,5.46875],"tintindex":0,"rotation":0,"texture":"#0"},"west":{"uv":[8.109375,4.84375,8.265625,5.0],"tintindex":0,"rotation":0,"texture":"#0"},"up":{"uv":[6.640625,5.8125,5.828125,5.65625],"tintindex":0,"rotation":0,"texture":"#0"},"down":{"uv":[6.640625,5.828125,5.828125,5.984375],"tintindex":0,"rotation":0,"texture":"#0"}},"rotation":{"origin":[8.2159195,7.64329,8.0],"angle":45.0,"axis":"z"}},{"from":[3.8860016,17.374205,-0.5],"to":[12.552669,19.04087,1.1666665],"faces":{"east":{"uv":[9.375,0.890625,9.453125,0.96875],"tintindex":0,"rotation":0,"texture":"#0"},"south":{"uv":[8.546875,0.640625,8.953125,0.71875],"tintindex":0,"rotation":0,"texture":"#0"},"north":{"uv":[8.53125,8.453125,8.9375,8.53125],"tintindex":0,"rotation":0,"texture":"#0"},"west":{"uv":[9.375,0.984375,9.453125,1.0625],"tintindex":0,"rotation":0,"texture":"#0"},"up":{"uv":[8.953125,0.8125,8.546875,0.734375],"tintindex":0,"rotation":0,"texture":"#0"},"down":{"uv":[8.953125,0.828125,8.546875,0.90625],"tintindex":0,"rotation":0,"texture":"#0"}},"rotation":{"origin":[8.2159195,7.64329,8.0],"angle":45.0,"axis":"z"}},{"from":[-0.4541607,-4.2992887,14.008333],"to":[16.879173,-0.96595573,17.325],"faces":{"east":{"uv":[2.34375,3.203125,2.1875,3.359375],"tintindex":0,"rotation":0,"texture":"#0"},"south":{"uv":[6.640625,5.3125,5.828125,5.46875],"tintindex":0,"rotation":0,"texture":"#0"},"north":{"uv":[6.640625,5.484375,5.828125,5.640625],"tintindex":0,"rotation":0,"texture":"#0"},"west":{"uv":[8.265625,4.84375,8.109375,5.0],"tintindex":0,"rotation":0,"texture":"#0"},"up":{"uv":[6.640625,5.65625,5.828125,5.8125],"tintindex":0,"rotation":0,"texture":"#0"},"down":{"uv":[6.640625,5.984375,5.828125,5.828125],"tintindex":0,"rotation":0,"texture":"#0"}},"rotation":{"origin":[8.2159195,7.64329,8.0],"angle":45.0,"axis":"z"}},{"from":[15.0168915,-0.49584198,2.0],"to":[16.350225,0.83749104,14.0],"faces":{"east":{"uv":[2.71875,0.6875,3.28125,0.75],"tintindex":0,"rotation":0,"texture":"#0"},"south":{"uv":[2.109375,4.828125,2.171875,4.890625],"tintindex":0,"rotation":0,"texture":"#0"},"north":{"uv":[0.6875,3.4375,0.75,3.5],"tintindex":0,"rotation":0,"texture":"#0"},"west":{"uv":[3.8125,6.375,4.375,6.4375],"tintindex":0,"rotation":0,"texture":"#0"},"up":{"uv":[0.75,3.421875,0.6875,2.859375],"tintindex":0,"rotation":0,"texture":"#0"},"down":{"uv":[2.171875,3.671875,2.109375,4.234375],"tintindex":0,"rotation":0,"texture":"#0"}}},{"from":[3.8860016,17.374205,14.833334],"to":[12.552669,19.04087,16.5],"faces":{"east":{"uv":[9.453125,0.890625,9.375,0.96875],"tintindex":0,"rotation":0,"texture":"#0"},"south":{"uv":[8.9375,8.453125,8.53125,8.53125],"tintindex":0,"rotation":0,"texture":"#0"},"north":{"uv":[8.953125,0.640625,8.546875,0.71875],"tintindex":0,"rotation":0,"texture":"#0"},"west":{"uv":[9.453125,0.984375,9.375,1.0625],"tintindex":0,"rotation":0,"texture":"#0"},"up":{"uv":[8.953125,0.734375,8.546875,0.8125],"tintindex":0,"rotation":0,"texture":"#0"},"down":{"uv":[8.953125,0.90625,8.546875,0.828125],"tintindex":0,"rotation":0,"texture":"#0"}},"rotation":{"origin":[8.2159195,7.64329,8.0],"angle":45.0,"axis":"z"}}]}