{"textures":{"0":"modelengine:entity/ferris_wheel"},"elements":[{"from":[16.420269,-3.6601286,0.7999997],"to":[18.020271,-2.0601282,15.200001],"rotation":{"angle":0.0,"axis":"y","origin":[8.259105,6.106831,8.0]},"faces":{"east":{"uv":[2.71875,0.6875,3.28125,0.75],"rotation":0,"texture":"#0","tintindex":0},"south":{"uv":[2.109375,4.828125,2.171875,4.890625],"rotation":0,"texture":"#0","tintindex":0},"north":{"uv":[0.6875,3.4375,0.75,3.5],"rotation":0,"texture":"#0","tintindex":0},"west":{"uv":[3.8125,6.375,4.375,6.4375],"rotation":0,"texture":"#0","tintindex":0},"up":{"uv":[0.75,3.421875,0.6875,2.859375],"rotation":0,"texture":"#0","tintindex":0},"down":{"uv":[2.171875,3.671875,2.109375,4.234375],"rotation":0,"texture":"#0","tintindex":0}}},{"from":[7.4792724,-4.4000006,-2.4000006],"to":[9.879272,32.0,0.0],"rotation":{"angle":45.0,"axis":"z","origin":[8.259105,6.106831,8.0]},"faces":{"east":{"uv":[4.6875,4.875,4.78125,6.296875],"rotation":0,"texture":"#0","tintindex":0},"south":{"uv":[4.796875,4.875,4.890625,6.296875],"rotation":0,"texture":"#0","tintindex":0},"north":{"uv":[3.671875,4.390625,3.765625,5.8125],"rotation":0,"texture":"#0","tintindex":0},"west":{"uv":[4.90625,4.875,5.0,6.296875],"rotation":0,"texture":"#0","tintindex":0},"up":{"uv":[0.78125,3.65625,0.6875,3.5625],"rotation":0,"texture":"#0","tintindex":0},"down":{"uv":[4.484375,6.375,4.390625,6.46875],"rotation":0,"texture":"#0","tintindex":0}}},{"from":[7.4792724,-4.4000006,16.0],"to":[9.879272,32.0,18.400002],"rotation":{"angle":45.0,"axis":"z","origin":[8.259105,6.106831,8.0]},"faces":{"east":{"uv":[4.78125,4.875,4.6875,6.296875],"rotation":0,"texture":"#0","tintindex":0},"south":{"uv":[3.765625,4.390625,3.671875,5.8125],"rotation":0,"texture":"#0","tintindex":0},"north":{"uv":[4.890625,4.875,4.796875,6.296875],"rotation":0,"texture":"#0","tintindex":0},"west":{"uv":[5.0,4.875,4.90625,6.296875],"rotation":0,"texture":"#0","tintindex":0},"up":{"uv":[0.78125,3.5625,0.6875,3.65625],"rotation":0,"texture":"#0","tintindex":0},"down":{"uv":[4.484375,6.46875,4.390625,6.375],"rotation":0,"texture":"#0","tintindex":0}}},{"from":[-2.1449919,-8.224266,-3.1900005],"to":[18.655008,-4.224265,0.78999996],"rotation":{"angle":45.0,"axis":"z","origin":[8.259105,6.106831,8.0]},"faces":{"east":{"uv":[2.1875,3.203125,2.34375,3.359375],"rotation":0,"texture":"#0","tintindex":0},"south":{"uv":[5.828125,5.484375,6.640625,5.640625],"rotation":0,"texture":"#0","tintindex":0},"north":{"uv":[5.828125,5.3125,6.640625,5.46875],"rotation":0,"texture":"#0","tintindex":0},"west":{"uv":[8.109375,4.84375,8.265625,5.0],"rotation":0,"texture":"#0","tintindex":0},"up":{"uv":[6.640625,5.8125,5.828125,5.65625],"rotation":0,"texture":"#0","tintindex":0},"down":{"uv":[6.640625,5.828125,5.828125,5.984375],"rotation":0,"texture":"#0","tintindex":0}}},{"from":[-2.1449919,-8.224266,15.21],"to":[18.655008,-4.224265,19.19],"rotation":{"angle":45.0,"axis":"z","origin":[8.259105,6.106831,8.0]},"faces":{"east":{"uv":[2.34375,3.203125,2.1875,3.359375],"rotation":0,"texture":"#0","tintindex":0},"south":{"uv":[6.640625,5.3125,5.828125,5.46875],"rotation":0,"texture":"#0","tintindex":0},"north":{"uv":[6.640625,5.484375,5.828125,5.640625],"rotation":0,"texture":"#0","tintindex":0},"west":{"uv":[8.265625,4.84375,8.109375,5.0],"rotation":0,"texture":"#0","tintindex":0},"up":{"uv":[6.640625,5.65625,5.828125,5.8125],"rotation":0,"texture":"#0","tintindex":0},"down":{"uv":[6.640625,5.984375,5.828125,5.828125],"rotation":0,"texture":"#0","tintindex":0}}},{"from":[3.063202,17.78393,-2.1999998],"to":[13.4632015,19.78393,-0.19999981],"rotation":{"angle":45.0,"axis":"z","origin":[8.259105,6.106831,8.0]},"faces":{"east":{"uv":[9.375,0.890625,9.453125,0.96875],"rotation":0,"texture":"#0","tintindex":0},"south":{"uv":[8.546875,0.640625,8.953125,0.71875],"rotation":0,"texture":"#0","tintindex":0},"north":{"uv":[8.53125,8.453125,8.9375,8.53125],"rotation":0,"texture":"#0","tintindex":0},"west":{"uv":[9.375,0.984375,9.453125,1.0625],"rotation":0,"texture":"#0","tintindex":0},"up":{"uv":[8.953125,0.8125,8.546875,0.734375],"rotation":0,"texture":"#0","tintindex":0},"down":{"uv":[8.953125,0.828125,8.546875,0.90625],"rotation":0,"texture":"#0","tintindex":0}}},{"from":[3.063202,17.78393,16.2],"to":[13.4632015,19.78393,18.2],"rotation":{"angle":45.0,"axis":"z","origin":[8.259105,6.106831,8.0]},"faces":{"east":{"uv":[9.453125,0.890625,9.375,0.96875],"rotation":0,"texture":"#0","tintindex":0},"south":{"uv":[8.9375,8.453125,8.53125,8.53125],"rotation":0,"texture":"#0","tintindex":0},"north":{"uv":[8.953125,0.640625,8.546875,0.71875],"rotation":0,"texture":"#0","tintindex":0},"west":{"uv":[9.453125,0.984375,9.375,1.0625],"rotation":0,"texture":"#0","tintindex":0},"up":{"uv":[8.953125,0.734375,8.546875,0.8125],"rotation":0,"texture":"#0","tintindex":0},"down":{"uv":[8.953125,0.90625,8.546875,0.828125],"rotation":0,"texture":"#0","tintindex":0}}}],"display":{"head":{"translation":[0.0,-0.53952646,0.0],"scale":[4.0,4.0,4.0]}}}