{"textures":{"0":"modelengine:entity/ferris_wheel"},"elements":[{"from":[3.6666665,16.159344,14.833334],"to":[12.333334,17.82601,16.5],"faces":{"east":{"uv":[6.921875,7.921875,6.84375,8.0],"tintindex":0,"rotation":0,"texture":"#0"},"south":{"uv":[7.078125,6.1875,6.671875,6.265625],"tintindex":0,"rotation":0,"texture":"#0"},"north":{"uv":[7.453125,3.609375,7.046875,3.6875],"tintindex":0,"rotation":0,"texture":"#0"},"west":{"uv":[2.421875,7.984375,2.34375,8.0625],"tintindex":0,"rotation":0,"texture":"#0"},"up":{"uv":[8.8125,6.1875,8.40625,6.265625],"tintindex":0,"rotation":0,"texture":"#0"},"down":{"uv":[8.828125,1.875,8.421875,1.796875],"tintindex":0,"rotation":0,"texture":"#0"}}},{"from":[-0.666667,-5.516981,-1.3250008],"to":[16.666668,-2.1836472,1.9916668],"faces":{"east":{"uv":[2.1875,3.203125,2.34375,3.359375],"tintindex":0,"rotation":0,"texture":"#0"},"south":{"uv":[5.828125,5.484375,6.640625,5.640625],"tintindex":0,"rotation":0,"texture":"#0"},"north":{"uv":[5.828125,5.3125,6.640625,5.46875],"tintindex":0,"rotation":0,"texture":"#0"},"west":{"uv":[8.109375,4.84375,8.265625,5.0],"tintindex":0,"rotation":0,"texture":"#0"},"up":{"uv":[6.640625,5.8125,5.828125,5.65625],"tintindex":0,"rotation":0,"texture":"#0"},"down":{"uv":[6.640625,5.828125,5.828125,5.984375],"tintindex":0,"rotation":0,"texture":"#0"}}},{"from":[-0.666667,-5.516981,14.0],"to":[16.666668,-2.1836472,17.333334],"faces":{"east":{"uv":[2.34375,3.203125,2.1875,3.359375],"tintindex":0,"rotation":0,"texture":"#0"},"south":{"uv":[6.640625,5.3125,5.828125,5.46875],"tintindex":0,"rotation":0,"texture":"#0"},"north":{"uv":[6.640625,5.484375,5.828125,5.640625],"tintindex":0,"rotation":0,"texture":"#0"},"west":{"uv":[8.265625,4.84375,8.109375,5.0],"tintindex":0,"rotation":0,"texture":"#0"},"up":{"uv":[6.640625,5.65625,5.828125,5.8125],"tintindex":0,"rotation":0,"texture":"#0"},"down":{"uv":[6.640625,5.984375,5.828125,5.828125],"tintindex":0,"rotation":0,"texture":"#0"}},"rotation":{"origin":[8.0,37.816353,15.666667],"angle":22.5,"axis":"z"}},{"from":[7.3333335,-4.516981,2.0],"to":[8.666667,-3.1836472,14.0],"faces":{"east":{"uv":[2.71875,0.6875,3.28125,0.75],"tintindex":0,"rotation":0,"texture":"#0"},"south":{"uv":[2.109375,4.828125,2.171875,4.890625],"tintindex":0,"rotation":0,"texture":"#0"},"north":{"uv":[0.6875,3.4375,0.75,3.5],"tintindex":0,"rotation":0,"texture":"#0"},"west":{"uv":[3.8125,6.375,4.375,6.4375],"tintindex":0,"rotation":0,"texture":"#0"},"up":{"uv":[0.75,3.421875,0.6875,2.859375],"tintindex":0,"rotation":0,"texture":"#0"},"down":{"uv":[2.171875,3.671875,2.109375,4.234375],"tintindex":0,"rotation":0,"texture":"#0"}}},{"from":[3.6666665,16.159344,14.837501],"to":[12.333334,17.82601,16.495834],"faces":{"east":{"uv":[8.359375,4.84375,8.28125,4.921875],"tintindex":0,"rotation":0,"texture":"#0"},"south":{"uv":[8.828125,4.0625,8.421875,4.140625],"tintindex":0,"rotation":0,"texture":"#0"},"north":{"uv":[8.828125,4.15625,8.421875,4.234375],"tintindex":0,"rotation":0,"texture":"#0"},"west":{"uv":[8.359375,4.9375,8.28125,5.015625],"tintindex":0,"rotation":0,"texture":"#0"},"up":{"uv":[8.828125,8.171875,8.421875,8.25],"tintindex":0,"rotation":0,"texture":"#0"},"down":{"uv":[8.84375,0.34375,8.4375,0.265625],"tintindex":0,"rotation":0,"texture":"#0"}},"rotation":{"origin":[8.0,37.82601,15.666667],"angle":-22.5,"axis":"z"}},{"from":[-0.666667,-5.516981,-1.333334],"to":[16.666668,-2.1836472,2.0],"faces":{"east":{"uv":[2.1875,3.203125,2.34375,3.359375],"tintindex":0,"rotation":0,"texture":"#0"},"south":{"uv":[5.828125,5.484375,6.640625,5.640625],"tintindex":0,"rotation":0,"texture":"#0"},"north":{"uv":[5.828125,5.3125,6.640625,5.46875],"tintindex":0,"rotation":0,"texture":"#0"},"west":{"uv":[8.109375,4.84375,8.265625,5.0],"tintindex":0,"rotation":0,"texture":"#0"},"up":{"uv":[6.640625,5.8125,5.828125,5.65625],"tintindex":0,"rotation":0,"texture":"#0"},"down":{"uv":[6.640625,5.828125,5.828125,5.984375],"tintindex":0,"rotation":0,"texture":"#0"}},"rotation":{"origin":[8.0,37.816353,0.33333302],"angle":22.5,"axis":"z"}},{"from":[3.6666665,16.159344,14.837501],"to":[12.333334,17.82601,16.495834],"faces":{"east":{"uv":[9.453125,4.21875,9.375,4.296875],"tintindex":0,"rotation":0,"texture":"#0"},"south":{"uv":[8.953125,0.921875,8.546875,1.0],"tintindex":0,"rotation":0,"texture":"#0"},"north":{"uv":[8.953125,5.203125,8.546875,5.28125],"tintindex":0,"rotation":0,"texture":"#0"},"west":{"uv":[8.203125,9.375,8.125,9.453125],"tintindex":0,"rotation":0,"texture":"#0"},"up":{"uv":[8.953125,5.296875,8.546875,5.375],"tintindex":0,"rotation":0,"texture":"#0"},"down":{"uv":[8.953125,5.46875,8.546875,5.390625],"tintindex":0,"rotation":0,"texture":"#0"}},"rotation":{"origin":[8.0,37.82601,15.666667],"angle":22.5,"axis":"z"}},{"from":[7.0,-2.1836472,14.666667],"to":[9.0,28.149687,16.666668],"faces":{"east":{"uv":[4.78125,4.875,4.6875,6.296875],"tintindex":0,"rotation":0,"texture":"#0"},"south":{"uv":[3.765625,4.390625,3.671875,5.8125],"tintindex":0,"rotation":0,"texture":"#0"},"north":{"uv":[4.890625,4.875,4.796875,6.296875],"tintindex":0,"rotation":0,"texture":"#0"},"west":{"uv":[5.0,4.875,4.90625,6.296875],"tintindex":0,"rotation":0,"texture":"#0"},"up":{"uv":[0.78125,3.5625,0.6875,3.65625],"tintindex":0,"rotation":0,"texture":"#0"},"down":{"uv":[4.484375,6.46875,4.390625,6.375],"tintindex":0,"rotation":0,"texture":"#0"}}},{"from":[7.0,-2.1836472,-0.666667],"to":[9.0,28.149687,1.333333],"faces":{"east":{"uv":[4.6875,4.875,4.78125,6.296875],"tintindex":0,"rotation":0,"texture":"#0"},"south":{"uv":[4.796875,4.875,4.890625,6.296875],"tintindex":0,"rotation":0,"texture":"#0"},"north":{"uv":[3.671875,4.390625,3.765625,5.8125],"tintindex":0,"rotation":0,"texture":"#0"},"west":{"uv":[4.90625,4.875,5.0,6.296875],"tintindex":0,"rotation":0,"texture":"#0"},"up":{"uv":[0.78125,3.65625,0.6875,3.5625],"tintindex":0,"rotation":0,"texture":"#0"},"down":{"uv":[4.484375,6.375,4.390625,6.46875],"tintindex":0,"rotation":0,"texture":"#0"}}},{"from":[-0.666667,-5.516981,14.008333],"to":[16.666668,-2.1836472,17.325],"faces":{"east":{"uv":[2.34375,3.203125,2.1875,3.359375],"tintindex":0,"rotation":0,"texture":"#0"},"south":{"uv":[6.640625,5.3125,5.828125,5.46875],"tintindex":0,"rotation":0,"texture":"#0"},"north":{"uv":[6.640625,5.484375,5.828125,5.640625],"tintindex":0,"rotation":0,"texture":"#0"},"west":{"uv":[8.265625,4.84375,8.109375,5.0],"tintindex":0,"rotation":0,"texture":"#0"},"up":{"uv":[6.640625,5.65625,5.828125,5.8125],"tintindex":0,"rotation":0,"texture":"#0"},"down":{"uv":[6.640625,5.984375,5.828125,5.828125],"tintindex":0,"rotation":0,"texture":"#0"}}},{"from":[3.6666665,16.159344,-0.4958334],"to":[12.333334,17.82601,1.1624994],"faces":{"east":{"uv":[8.28125,4.84375,8.359375,4.921875],"tintindex":0,"rotation":0,"texture":"#0"},"south":{"uv":[8.421875,4.15625,8.828125,4.234375],"tintindex":0,"rotation":0,"texture":"#0"},"north":{"uv":[8.421875,4.0625,8.828125,4.140625],"tintindex":0,"rotation":0,"texture":"#0"},"west":{"uv":[8.28125,4.9375,8.359375,5.015625],"tintindex":0,"rotation":0,"texture":"#0"},"up":{"uv":[8.828125,8.25,8.421875,8.171875],"tintindex":0,"rotation":0,"texture":"#0"},"down":{"uv":[8.84375,0.265625,8.4375,0.34375],"tintindex":0,"rotation":0,"texture":"#0"}},"rotation":{"origin":[8.0,37.82601,0.33333302],"angle":-22.5,"axis":"z"}},{"from":[-0.666667,-5.516981,-1.333334],"to":[16.666668,-2.1836472,2.0],"faces":{"east":{"uv":[2.1875,3.203125,2.34375,3.359375],"tintindex":0,"rotation":0,"texture":"#0"},"south":{"uv":[5.828125,5.484375,6.640625,5.640625],"tintindex":0,"rotation":0,"texture":"#0"},"north":{"uv":[5.828125,5.3125,6.640625,5.46875],"tintindex":0,"rotation":0,"texture":"#0"},"west":{"uv":[8.109375,4.84375,8.265625,5.0],"tintindex":0,"rotation":0,"texture":"#0"},"up":{"uv":[6.640625,5.8125,5.828125,5.65625],"tintindex":0,"rotation":0,"texture":"#0"},"down":{"uv":[6.640625,5.828125,5.828125,5.984375],"tintindex":0,"rotation":0,"texture":"#0"}},"rotation":{"origin":[8.0,37.816353,0.33333302],