{"textures":{"0":"modelengine:entity/ferris_wheel"},"elements":[{"from":[-0.6558914,18.05599,-1.333334],"to":[16.677443,21.389324,2.0],"faces":{"east":{"uv":[7.953125,8.921875,8.109375,9.078125],"tintindex":0,"rotation":0,"texture":"#0"},"south":{"uv":[6.53125,0.6875,7.34375,0.84375],"tintindex":0,"rotation":0,"texture":"#0"},"north":{"uv":[6.1875,6.515625,7.0,6.671875],"tintindex":0,"rotation":0,"texture":"#0"},"west":{"uv":[8.53125,8.921875,8.6875,9.078125],"tintindex":0,"rotation":0,"texture":"#0"},"up":{"uv":[7.34375,1.015625,6.53125,0.859375],"tintindex":0,"rotation":0,"texture":"#0"},"down":{"uv":[7.34375,1.03125,6.53125,1.1875],"tintindex":0,"rotation":0,"texture":"#0"}},"rotation":{"origin":[8.002404,-21.965542,0.33333302],"angle":-22.5,"axis":"z"}},{"from":[3.7996354,-1.8371077,14.837501],"to":[12.466303,-0.17044067,16.495834],"faces":{"east":{"uv":[9.328125,1.71875,9.25,1.796875],"tintindex":0,"rotation":0,"texture":"#0"},"south":{"uv":[8.875,5.828125,8.46875,5.90625],"tintindex":0,"rotation":0,"texture":"#0"},"north":{"uv":[8.875,5.921875,8.46875,6.0],"tintindex":0,"rotation":0,"texture":"#0"},"west":{"uv":[9.34375,0.234375,9.265625,0.3125],"tintindex":0,"rotation":0,"texture":"#0"},"up":{"uv":[8.90625,0.453125,8.5,0.53125],"tintindex":0,"rotation":0,"texture":"#0"},"down":{"uv":[8.90625,0.625,8.5,0.546875],"tintindex":0,"rotation":0,"texture":"#0"}},"rotation":{"origin":[8.228802,-22.17044,15.666667],"angle":22.5,"axis":"z"}},{"from":[-0.6558914,18.05599,14.008333],"to":[16.677443,21.389324,17.325],"faces":{"east":{"uv":[8.109375,8.921875,7.953125,9.078125],"tintindex":0,"rotation":0,"texture":"#0"},"south":{"uv":[7.0,6.515625,6.1875,6.671875],"tintindex":0,"rotation":0,"texture":"#0"},"north":{"uv":[7.34375,0.6875,6.53125,0.84375],"tintindex":0,"rotation":0,"texture":"#0"},"west":{"uv":[8.6875,8.921875,8.53125,9.078125],"tintindex":0,"rotation":0,"texture":"#0"},"up":{"uv":[7.34375,0.859375,6.53125,1.015625],"tintindex":0,"rotation":0,"texture":"#0"},"down":{"uv":[7.34375,1.1875,6.53125,1.03125],"tintindex":0,"rotation":0,"texture":"#0"}}},{"from":[-0.6558914,18.05599,-1.333334],"to":[16.677443,21.389324,2.0],"faces":{"east":{"uv":[7.953125,8.921875,8.109375,9.078125],"tintindex":0,"rotation":0,"texture":"#0"},"south":{"uv":[6.53125,0.6875,7.34375,0.84375],"tintindex":0,"rotation":0,"texture":"#0"},"north":{"uv":[6.1875,6.515625,7.0,6.671875],"tintindex":0,"rotation":0,"texture":"#0"},"west":{"uv":[8.53125,8.921875,8.6875,9.078125],"tintindex":0,"rotation":0,"texture":"#0"},"up":{"uv":[7.34375,1.015625,6.53125,0.859375],"tintindex":0,"rotation":0,"texture":"#0"},"down":{"uv":[7.34375,1.03125,6.53125,1.1875],"tintindex":0,"rotation":0,"texture":"#0"}},"rotation":{"origin":[8.002404,-21.965542,0.33333302],"angle":22.5,"axis":"z"}},{"from":[6.9930997,-11.611065,14.666667],"to":[8.9931,18.722271,16.666668],"faces":{"east":{"uv":[4.78125,4.875,4.6875,6.296875],"tintindex":0,"rotation":0,"texture":"#0"},"south":{"uv":[3.765625,4.390625,3.671875,5.8125],"tintindex":0,"rotation":0,"texture":"#0"},"north":{"uv":[4.890625,4.875,4.796875,6.296875],"tintindex":0,"rotation":0,"texture":"#0"},"west":{"uv":[5.0,4.875,4.90625,6.296875],"tintindex":0,"rotation":0,"texture":"#0"},"up":{"uv":[0.78125,3.5625,0.6875,3.65625],"tintindex":0,"rotation":0,"texture":"#0"},"down":{"uv":[4.484375,6.46875,4.390625,6.375],"tintindex":0,"rotation":0,"texture":"#0"}}},{"from":[-0.6558914,18.05599,14.0],"to":[16.677443,21.389324,17.333334],"faces":{"east":{"uv":[8.109375,8.921875,7.953125,9.078125],"tintindex":0,"rotation":0,"texture":"#0"},"south":{"uv":[7.0,6.515625,6.1875,6.671875],"tintindex":0,"rotation":0,"texture":"#0"},"north":{"uv":[7.34375,0.6875,6.53125,0.84375],"tintindex":0,"rotation":0,"texture":"#0"},"west":{"uv":[8.6875,8.921875,8.53125,9.078125],"tintindex":0,"rotation":0,"texture":"#0"},"up":{"uv":[7.34375,0.859375,6.53125,1.015625],"tintindex":0,"rotation":0,"texture":"#0"},"down":{"uv":[7.34375,1.1875,6.53125,1.03125],"tintindex":0,"rotation":0,"texture":"#0"}},"rotation":{"origin":[8.002404,-21.965542,15.666667],"angle":22.5,"axis":"z"}},{"from":[-0.6558914,18.05599,-1.3250008],"to":[16.677443,21.389324,1.9916668],"faces":{"east":{"uv":[7.953125,8.921875,8.109375,9.078125],"tintindex":0,"rotation":0,"texture":"#0"},"south":{"uv":[6.53125,0.6875,7.34375,0.84375],"tintindex":0,"rotation":0,"texture":"#0"},"north":{"uv":[6.1875,6.515625,7.0,6.671875],"tintindex":0,"rotation":0,"texture":"#0"},"west":{"uv":[8.53125,8.921875,8.6875,9.078125],"tintindex":0,"rotation":0,"texture":"#0"},"up":{"uv":[7.34375,1.015625,6.53125,0.859375],"tintindex":0,"rotation":0,"texture":"#0"},"down":{"uv":[7.34375,1.03125,6.53125,1.1875],"tintindex":0,"rotation":0,"texture":"#0"}}},{"from":[6.9930997,-11.611065,-0.666667],"to":[8.9931,18.722271,1.333333],"faces":{"east":{"uv":[4.6875,4.875,4.78125,6.296875],"tintindex":0,"rotation":0,"texture":"#0"},"south":{"uv":[4.796875,4.875,4.890625,6.296875],"tintindex":0,"rotation":0,"texture":"#0"},"north":{"uv":[3.671875,4.390625,3.765625,5.8125],"tintindex":0,"rotation":0,"texture":"#0"},"west":{"uv":[4.90625,4.875,5.0,6.296875],"tintindex":0,"rotation":0,"texture":"#0"},"up":{"uv":[0.78125,3.65625,0.6875,3.5625],"tintindex":0,"rotation":0,"texture":"#0"},"down":{"uv":[4.484375,6.375,4.390625,6.46875],"tintindex":0,"rotation":0,"texture":"#0"}}},{"from":[3.5198975,-1.8371077,14.837501],"to":[12.186564,-0.17044067,16.495834],"faces":{"east":{"uv":[9.359375,0.984375,9.28125,1.0625],"tintindex":0,"rotation":0,"texture":"#0"},"south":{"uv":[8.90625,2.265625,8.5,2.34375],"tintindex":0,"rotation":0,"texture":"#0"},"north":{"uv":[8.90625,2.359375,8.5,2.4375],"tintindex":0,"rotation":0,"texture":"#0"},"west":{"uv":[9.359375,4.21875,9.28125,4.296875],"tintindex":0,"rotation":0,"texture":"#0"},"up":{"uv":[8.90625,2.453125,8.5,2.53125],"tintindex":0,"rotation":0,"texture":"#0"},"down":{"uv":[8.90625,2.625,8.5,2.546875],"tintindex":0,"rotation":0,"texture":"#0"}},"rotation":{"origin":[7.7573977,-22.17044,15.666667],"angle":-22.5,"axis":"z"}},{"from":[-0.6558914,18.05599,14.0],"to":[16.677443,21.389324,17.333334],"faces":{"east":{"uv":[8.109375,8.921875,7.953125,9.078125],"tintindex":0,"rotation":0,"texture":"#0"},"south":{"uv":[7.0,6.515625,6.1875,6.671875],"tintindex":0,"rotation":0,"texture":"#0"},"north":{"uv":[7.34375,0.6875,6.53125,0.84375],"tintindex":0,"rotation":0,"texture":"#0"},"west":{"uv":[8.6875,8.921875,8.53125,9.078125],"tintindex":0,"rotation":0,"texture":"#0"},"up":{"uv":[7.34375,0.859375,6.53125,1.015625],"tintindex":0,"rotation":0,"texture":"#0"},"down":{"uv":[7.34375,1.1875,6.53125,1.03125],"tintindex":0,"rotation":0,"texture":"#0"}},"rotation":{"origin":[8.002404,-21.965542,15.666667],"angle":-22.5,"axis":"z"}},{"from":[3.5198975,-1.8371077,-0.4958334],"to":[12.186564,-0.17044067,1.1624994],"faces":{"east":{"uv":[9.28125,0.984375,9.359375,1.0625],"tintindex":0,"rotation":0,"texture":"#0"},"south":{"uv":[8.5,2.359375,8.90625,2.4375],"tintindex":0,"rotation":0,"texture":"#0"},"north":{"uv":[8.5,2.265625,8.90625,2.34375],"tintindex":0,"rotation":0,"texture":"#0"},"west":{"uv":[9.28125,4.21875,9.359375,4.296875],"tintindex":0,"rotation":0,"texture":"#0"},"up":{"uv":[8.90625,2.53125,8.5,2.453125],"tintindex":0,"rotation":0,"texture":"#0"},"down":{"uv":[8.90625,2.546875,8.5,2.625],"tintindex":0,"rotation":0,"texture":"#0"}},"rotation":{"origin":[7.7573977,-22.17044,0.33333302],"angle":-22.5,"axis":"z"}},{"from":[3.6597662,-1.8514051,14.833334],"to":[12.326433,-0.18473816,16.5],"faces":{"east":{"uv":[9.34375,6.75,9.265625,6.828125],"tintindex":0,"rotation":0,"texture":"#0"},"south":{"uv":[8.90625,1.890625,8.5,1.96875],"tintindex":0,"rotation":0,"texture":"#0"},"north":{"uv":[8.90625,1.984375,8.5,2.0625],"tintindex":0,"rotation":0,"texture":"#0"},"west":{"uv":[9.34375,7.59375,9.265625,7.671875],"tintindex":0,"rotation":0,"texture":"#0"},"up":{"uv":[8.90625,2.078125,8.5,2.15625],"tintindex":0,"rotation":0,"texture":"#0"},