{"textures":{"0":"modelengine:entity/ferris_wheel"},"elements":[{"from":[21.4,7.355365,0.7999997],"to":[23.0,8.955365,15.200001],"rotation":{"angle":0.0,"axis":"y","origin":[-27.0,8.155365,8.0]},"faces":{"east":{"uv":[2.71875,0.6875,3.28125,0.75],"rotation":0,"texture":"#0","tintindex":0},"south":{"uv":[2.109375,4.828125,2.171875,4.890625],"rotation":0,"texture":"#0","tintindex":0},"north":{"uv":[0.6875,3.4375,0.75,3.5],"rotation":0,"texture":"#0","tintindex":0},"west":{"uv":[3.8125,6.375,4.375,6.4375],"rotation":0,"texture":"#0","tintindex":0},"up":{"uv":[0.75,3.421875,0.6875,2.859375],"rotation":0,"texture":"#0","tintindex":0},"down":{"uv":[2.171875,3.671875,2.109375,4.234375],"rotation":0,"texture":"#0","tintindex":0}}},{"from":[-16.0,6.955365,-2.4000006],"to":[20.4,9.355365,0.0],"rotation":{"angle":0.0,"axis":"y","origin":[-27.800003,8.355365,-1.6000004]},"faces":{"east":{"uv":[2.765625,7.515625,2.859375,7.609375],"rotation":0,"texture":"#0","tintindex":0},"south":{"uv":[5.09375,0.765625,6.515625,0.859375],"rotation":0,"texture":"#0","tintindex":0},"north":{"uv":[5.015625,4.984375,6.4375,5.078125],"rotation":0,"texture":"#0","tintindex":0},"west":{"uv":[7.53125,1.90625,7.625,2.0],"rotation":0,"texture":"#0","tintindex":0},"up":{"uv":[6.515625,0.96875,5.09375,0.875],"rotation":0,"texture":"#0","tintindex":0},"down":{"uv":[6.515625,0.984375,5.09375,1.078125],"rotation":0,"texture":"#0","tintindex":0}}},{"from":[-16.0,6.955365,16.0],"to":[20.4,9.355365,18.400002],"rotation":{"angle":0.0,"axis":"y","origin":[-27.800003,8.355365,17.6]},"faces":{"east":{"uv":[2.859375,7.515625,2.765625,7.609375],"rotation":0,"texture":"#0","tintindex":0},"south":{"uv":[6.4375,4.984375,5.015625,5.078125],"rotation":0,"texture":"#0","tintindex":0},"north":{"uv":[6.515625,0.765625,5.09375,0.859375],"rotation":0,"texture":"#0","tintindex":0},"west":{"uv":[7.625,1.90625,7.53125,2.0],"rotation":0,"texture":"#0","tintindex":0},"up":{"uv":[6.515625,0.875,5.09375,0.96875],"rotation":0,"texture":"#0","tintindex":0},"down":{"uv":[6.515625,1.078125,5.09375,0.984375],"rotation":0,"texture":"#0","tintindex":0}}},{"from":[-3.8000002,2.7669525,-2.1949997],"to":[-1.8000002,13.166952,-0.20500088],"rotation":{"angle":22.5,"axis":"z","origin":[-27.800003,7.9669523,-1.1999998]},"faces":{"east":{"uv":[2.234375,8.46875,2.3125,8.875],"rotation":0,"texture":"#0","tintindex":0},"south":{"uv":[4.390625,8.46875,4.46875,8.875],"rotation":0,"texture":"#0","tintindex":0},"north":{"uv":[2.140625,8.46875,2.21875,8.875],"rotation":0,"texture":"#0","tintindex":0},"west":{"uv":[5.5,8.46875,5.578125,8.875],"rotation":0,"texture":"#0","tintindex":0},"up":{"uv":[9.40625,3.359375,9.328125,3.28125],"rotation":0,"texture":"#0","tintindex":0},"down":{"uv":[9.40625,6.1875,9.328125,6.265625],"rotation":0,"texture":"#0","tintindex":0}}},{"from":[-3.8000002,2.7669525,-2.1999998],"to":[-1.8000002,13.166952,-0.19999981],"rotation":{"angle":0.0,"axis":"y","origin":[-27.800003,7.9669523,-1.1999998]},"faces":{"east":{"uv":[5.6875,8.46875,5.765625,8.875],"rotation":0,"texture":"#0","tintindex":0},"south":{"uv":[5.78125,8.46875,5.859375,8.875],"rotation":0,"texture":"#0","tintindex":0},"north":{"uv":[5.59375,8.46875,5.671875,8.875],"rotation":0,"texture":"#0","tintindex":0},"west":{"uv":[8.5,3.015625,8.578125,3.421875],"rotation":0,"texture":"#0","tintindex":0},"up":{"uv":[9.421875,1.796875,9.34375,1.71875],"rotation":0,"texture":"#0","tintindex":0},"down":{"uv":[9.4375,0.234375,9.359375,0.3125],"rotation":0,"texture":"#0","tintindex":0}}},{"from":[-3.8000002,2.7669525,-2.1949997],"to":[-1.8000002,13.166952,-0.20500088],"rotation":{"angle":-22.5,"axis":"z","origin":[-27.800003,7.9669523,-1.1999998]},"faces":{"east":{"uv":[6.875,8.5,6.953125,8.90625],"rotation":0,"texture":"#0","tintindex":0},"south":{"uv":[7.9375,8.5,8.015625,8.90625],"rotation":0,"texture":"#0","tintindex":0},"north":{"uv":[6.78125,8.5,6.859375,8.90625],"rotation":0,"texture":"#0","tintindex":0},"west":{"uv":[8.03125,8.5,8.109375,8.90625],"rotation":0,"texture":"#0","tintindex":0},"up":{"uv":[9.4375,6.828125,9.359375,6.75],"rotation":0,"texture":"#0","tintindex":0},"down":{"uv":[9.4375,7.59375,9.359375,7.671875],"rotation":0,"texture":"#0","tintindex":0}}},{"from":[-3.8000002,2.7669525,16.205002],"to":[-1.8000002,13.166952,18.195],"rotation":{"angle":-22.5,"axis":"z","origin":[-27.800003,7.9669523,17.2]},"faces":{"east":{"uv":[6.953125,8.5,6.875,8.90625],"rotation":0,"texture":"#0","tintindex":0},"south":{"uv":[6.859375,8.5,6.78125,8.90625],"rotation":0,"texture":"#0","tintindex":0},"north":{"uv":[8.015625,8.5,7.9375,8.90625],"rotation":0,"texture":"#0","tintindex":0},"west":{"uv":[8.109375,8.5,8.03125,8.90625],"rotation":0,"texture":"#0","tintindex":0},"up":{"uv":[9.4375,6.75,9.359375,6.828125],"rotation":0,"texture":"#0","tintindex":0},"down":{"uv":[9.4375,7.671875,9.359375,7.59375],"rotation":0,"texture":"#0","tintindex":0}}},{"from":[-3.8000002,2.7669525,16.2],"to":[-1.8000002,13.166952,18.2],"rotation":{"angle":0.0,"axis":"y","origin":[-27.800003,7.9669523,17.2]},"faces":{"east":{"uv":[5.765625,8.46875,5.6875,8.875],"rotation":0,"texture":"#0","tintindex":0},"south":{"uv":[5.671875,8.46875,5.59375,8.875],"rotation":0,"texture":"#0","tintindex":0},"north":{"uv":[5.859375,8.46875,5.78125,8.875],"rotation":0,"texture":"#0","tintindex":0},"west":{"uv":[8.578125,3.015625,8.5,3.421875],"rotation":0,"texture":"#0","tintindex":0},"up":{"uv":[9.421875,1.71875,9.34375,1.796875],"rotation":0,"texture":"#0","tintindex":0},"down":{"uv":[9.4375,0.3125,9.359375,0.234375],"rotation":0,"texture":"#0","tintindex":0}}},{"from":[-3.8000002,2.7669525,16.205002],"to":[-1.8000002,13.166952,18.195],"rotation":{"angle":22.5,"axis":"z","origin":[-27.800003,7.9669523,17.2]},"faces":{"east":{"uv":[2.3125,8.46875,2.234375,8.875],"rotation":0,"texture":"#0","tintindex":0},"south":{"uv":[2.21875,8.46875,2.140625,8.875],"rotation":0,"texture":"#0","tintindex":0},"north":{"uv":[4.46875,8.46875,4.390625,8.875],"rotation":0,"texture":"#0","tintindex":0},"west":{"uv":[5.578125,8.46875,5.5,8.875],"rotation":0,"texture":"#0","tintindex":0},"up":{"uv":[9.40625,3.28125,9.328125,3.359375],"rotation":0,"texture":"#0","tintindex":0},"down":{"uv":[9.40625,6.265625,9.328125,6.1875],"rotation":0,"texture":"#0","tintindex":0}}},{"from":[20.2,-2.4446354,-3.1900005],"to":[24.2,18.355366,0.78999996],"rotation":{"angle":-22.5,"axis":"z","origin":[-27.800003,7.955365,-1.1999998]},"faces":{"east":{"uv":[4.984375,6.515625,5.140625,7.328125],"rotation":0,"texture":"#0","tintindex":0},"south":{"uv":[5.15625,6.515625,5.3125,7.328125],"rotation":0,"texture":"#0","tintindex":0},"north":{"uv":[4.8125,6.515625,4.96875,7.328125],"rotation":0,"texture":"#0","tintindex":0},"west":{"uv":[5.328125,6.515625,5.484375,7.328125],"rotation":0,"texture":"#0","tintindex":0},"up":{"uv":[9.078125,2.84375,8.921875,2.6875],"rotation":0,"texture":"#0","tintindex":0},"down":{"uv":[3.296875,8.921875,3.140625,9.078125],"rotation":0,"texture":"#0","tintindex":0}}},{"from":[20.2,-2.4446354,-3.1800003],"to":[24.2,18.355366,0.7800002],"rotation":{"angle":0.0,"axis":"y","origin":[-27.800003,7.955365,-1.1999998]},"faces":{"east":{"uv":[4.984375,6.515625,5.140625,7.328125],"rotation":0,"texture":"#0","tintindex":0},"south":{"uv":[5.15625,6.515625,5.3125,7.328125],"rotation":0,"texture":"#0","tintindex":0},"north":{"uv":[4.8125,6.515625,4.96875,7.328125],"rotation":0,"texture":"#0","tintindex":0},"west":{"uv":[5.328125,6.515625,5.484375,7.328125],"rotation":0,"texture":"#0","tintindex":0},"up":{"uv":[9.078125,2.84375,8.921875,2.6875],"rotation":0,"texture":"#0","tintindex":0},"down":{"uv":[3.296875,8.921875,3.140625,9.078125],"rotation":0,"texture":"#0","tintindex":0}}},{"from":[20.2,-2.4446354,-3.1900005],"to":[24.2,18.355366,0.78999996],"rotation":{"angle":22.5,"axis":"z","origin":[-27.800003,7.955365,-1.1999998]},"faces":{"east":{"uv":[4.984375,6.515625,5.140625,7.328125],"rotation":0,"texture":"#0","tintindex":0},