{"textures":{"1":"modelengine:entity/carriage"},"elements":[{"from":[23.633503,1.5058289,7.027922],"to":[31.633505,3.5058289,9.027922],"faces":{"east":{"uv":[7.5,7.1875,7.625,7.3125],"tintindex":0,"rotation":0,"texture":"#1"},"south":{"uv":[7.0625,4.6875,7.5625,4.8125],"tintindex":0,"rotation":0,"texture":"#1"},"north":{"uv":[7.0625,4.5,7.5625,4.625],"tintindex":0,"rotation":0,"texture":"#1"},"west":{"uv":[7.5,7.375,7.625,7.5],"tintindex":0,"rotation":0,"texture":"#1"},"up":{"uv":[7.5625,5.0,7.0625,4.875],"tintindex":0,"rotation":0,"texture":"#1"},"down":{"uv":[7.5625,5.0625,7.0625,5.1875],"tintindex":0,"rotation":0,"texture":"#1"}},"rotation":{"origin":[27.633505,2.0058289,8.027922],"angle":-45.0,"axis":"z"}},{"from":[6.972078,1.5058289,23.633503],"to":[8.972078,3.5058289,31.633505],"faces":{"east":{"uv":[7.0625,4.5,7.5625,4.625],"tintindex":0,"rotation":0,"texture":"#1"},"south":{"uv":[7.5,7.1875,7.625,7.3125],"tintindex":0,"rotation":0,"texture":"#1"},"north":{"uv":[7.5,7.375,7.625,7.5],"tintindex":0,"rotation":0,"texture":"#1"},"west":{"uv":[7.0625,4.6875,7.5625,4.8125],"tintindex":0,"rotation":0,"texture":"#1"},"up":{"uv":[7.5625,5.0,7.0625,4.875],"tintindex":0,"rotation":90,"texture":"#1"},"down":{"uv":[7.5625,5.0625,7.0625,5.1875],"tintindex":0,"rotation":270,"texture":"#1"}},"rotation":{"origin":[7.972078,2.0058289,27.633505],"angle":45.0,"axis":"x"}},{"from":[17.596195,5.539856,7.027922],"to":[25.596193,7.539856,9.027922],"faces":{"east":{"uv":[7.5,7.1875,7.625,7.3125],"tintindex":0,"rotation":0,"texture":"#1"},"south":{"uv":[7.0625,4.6875,7.5625,4.8125],"tintindex":0,"rotation":0,"texture":"#1"},"north":{"uv":[7.0625,4.5,7.5625,4.625],"tintindex":0,"rotation":0,"texture":"#1"},"west":{"uv":[7.5,7.375,7.625,7.5],"tintindex":0,"rotation":0,"texture":"#1"},"up":{"uv":[7.5625,5.0,7.0625,4.875],"tintindex":0,"rotation":0,"texture":"#1"},"down":{"uv":[7.5625,5.0625,7.0625,5.1875],"tintindex":0,"rotation":0,"texture":"#1"}},"rotation":{"origin":[21.596195,6.039856,8.027922],"angle":-22.5,"axis":"z"}},{"from":[6.972078,5.539856,-9.596193],"to":[8.972078,7.539856,-1.5961943],"faces":{"east":{"uv":[7.5625,4.5,7.0625,4.625],"tintindex":0,"rotation":0,"texture":"#1"},"south":{"uv":[7.625,7.375,7.5,7.5],"tintindex":0,"rotation":0,"texture":"#1"},"north":{"uv":[7.625,7.1875,7.5,7.3125],"tintindex":0,"rotation":0,"texture":"#1"},"west":{"uv":[7.5625,4.6875,7.0625,4.8125],"tintindex":0,"rotation":0,"texture":"#1"},"up":{"uv":[7.0625,5.0,7.5625,4.875],"tintindex":0,"rotation":90,"texture":"#1"},"down":{"uv":[7.0625,5.0625,7.5625,5.1875],"tintindex":0,"rotation":270,"texture":"#1"}},"rotation":{"origin":[7.972078,6.039856,-5.5961943],"angle":-22.5,"axis":"x"}},{"from":[6.972078,1.5058289,-15.633505],"to":[8.972078,3.5058289,-7.633504],"faces":{"east":{"uv":[7.5625,4.5,7.0625,4.625],"tintindex":0,"rotation":0,"texture":"#1"},"south":{"uv":[7.625,7.375,7.5,7.5],"tintindex":0,"rotation":0,"texture":"#1"},"north":{"uv":[7.625,7.1875,7.5,7.3125],"tintindex":0,"rotation":0,"texture":"#1"},"west":{"uv":[7.5625,4.6875,7.0625,4.8125],"tintindex":0,"rotation":0,"texture":"#1"},"up":{"uv":[7.0625,5.0,7.5625,4.875],"tintindex":0,"rotation":90,"texture":"#1"},"down":{"uv":[7.0625,5.0625,7.5625,5.1875],"tintindex":0,"rotation":270,"texture":"#1"}},"rotation":{"origin":[7.972078,2.0058289,-11.633505],"angle":-45.0,"axis":"x"}},{"from":[-9.596193,5.539856,7.027922],"to":[-1.5961943,7.539856,9.027922],"faces":{"east":{"uv":[7.625,7.375,7.5,7.5],"tintindex":0,"rotation":0,"texture":"#1"},"south":{"uv":[7.5625,4.6875,7.0625,4.8125],"tintindex":0,"rotation":0,"texture":"#1"},"north":{"uv":[7.5625,4.5,7.0625,4.625],"tintindex":0,"rotation":0,"texture":"#1"},"west":{"uv":[7.625,7.1875,7.5,7.3125],"tintindex":0,"rotation":0,"texture":"#1"},"up":{"uv":[7.0625,5.0,7.5625,4.875],"tintindex":0,"rotation":0,"texture":"#1"},"down":{"uv":[7.0625,5.0625,7.5625,5.1875],"tintindex":0,"rotation":0,"texture":"#1"}},"rotation":{"origin":[-5.5961943,6.039856,8.027922],"angle":22.5,"axis":"z"}},{"from":[-15.633505,1.5058289,7.027922],"to":[-7.633504,3.5058289,9.027922],"faces":{"east":{"uv":[7.625,7.375,7.5,7.5],"tintindex":0,"rotation":0,"texture":"#1"},"south":{"uv":[7.5625,4.6875,7.0625,4.8125],"tintindex":0,"rotation":0,"texture":"#1"},"north":{"uv":[7.5625,4.5,7.0625,4.625],"tintindex":0,"rotation":0,"texture":"#1"},"west":{"uv":[7.625,7.1875,7.5,7.3125],"tintindex":0,"rotation":0,"texture":"#1"},"up":{"uv":[7.0625,5.0,7.5625,4.875],"tintindex":0,"rotation":0,"texture":"#1"},"down":{"uv":[7.0625,5.0625,7.5625,5.1875],"tintindex":0,"rotation":0,"texture":"#1"}},"rotation":{"origin":[-11.633505,2.0058289,8.027922],"angle":45.0,"axis":"z"}},{"from":[6.972078,5.539856,17.596195],"to":[8.972078,7.539856,25.596193],"faces":{"east":{"uv":[7.0625,4.5,7.5625,4.625],"tintindex":0,"rotation":0,"texture":"#1"},"south":{"uv":[7.5,7.1875,7.625,7.3125],"tintindex":0,"rotation":0,"texture":"#1"},"north":{"uv":[7.5,7.375,7.625,7.5],"tintindex":0,"rotation":0,"texture":"#1"},"west":{"uv":[7.0625,4.6875,7.5625,4.8125],"tintindex":0,"rotation":0,"texture":"#1"},"up":{"uv":[7.5625,5.0,7.0625,4.875],"tintindex":0,"rotation":90,"texture":"#1"},"down":{"uv":[7.5625,5.0625,7.0625,5.1875],"tintindex":0,"rotation":270,"texture":"#1"}},"rotation":{"origin":[7.972078,6.039856,21.596195],"angle":22.5,"axis":"x"}}]}