{"textures":{"0":"modelengine:entity/dragon_nether"},"elements":[{"from":[6.031746,5.061238,4.8419094],"to":[7.174603,6.7755237,5.9847665],"rotation":{"angle":22.5,"axis":"x","origin":[6.6031747,5.9183807,5.4133377]},"faces":{"east":{"uv":[4.6875,7.0625,4.8125,7.25],"rotation":0,"texture":"#0","tintindex":0},"south":{"uv":[6.9375,7.3125,7.0625,7.5],"rotation":0,"texture":"#0","tintindex":0},"north":{"uv":[6.5625,2.375,6.6875,2.5625],"rotation":0,"texture":"#0","tintindex":0},"west":{"uv":[8.0625,8.75,8.1875,8.9375],"rotation":0,"texture":"#0","tintindex":0},"up":{"uv":[8.375,5.875,8.25,5.75],"rotation":0,"texture":"#0","tintindex":0},"down":{"uv":[6.0,9.5,5.875,9.625],"rotation":0,"texture":"#0","tintindex":0}}},{"from":[6.31746,5.9881268,5.603124],"to":[9.174603,8.273842,8.460267],"rotation":{"angle":-45.0,"axis":"x","origin":[7.7460318,7.1309843,7.031696]},"faces":{"east":{"uv":[0.75,9.5,1.0625,9.75],"rotation":0,"texture":"#0","tintindex":0},"south":{"uv":[6.0625,9.375,6.375,9.625],"rotation":0,"texture":"#0","tintindex":0},"north":{"uv":[6.0625,9.375,6.375,9.625],"rotation":0,"texture":"#0","tintindex":0},"west":{"uv":[0.75,9.5,1.0625,9.75],"rotation":0,"texture":"#0","tintindex":0},"up":{"uv":[2.9375,9.625,2.625,9.3125],"rotation":0,"texture":"#0","tintindex":0},"down":{"uv":[2.9375,9.625,2.625,9.3125],"rotation":0,"texture":"#0","tintindex":0}}},{"from":[6.6031747,3.0488725,4.614452],"to":[6.6031747,5.334587,6.3287377],"rotation":{"angle":0.0,"axis":"y","origin":[6.6031747,4.19173,5.471595]},"faces":{"east":{"uv":[10.125,6.4375,9.9375,6.6875],"rotation":0,"texture":"#0","tintindex":0},"south":{"uv":[8.3125,4.1875,8.3125,4.4375],"rotation":0,"texture":"#0","tintindex":0},"north":{"uv":[8.125,0.0,8.125,0.25],"rotation":0,"texture":"#0","tintindex":0},"west":{"uv":[9.9375,6.4375,10.125,6.6875],"rotation":0,"texture":"#0","tintindex":0},"up":{"uv":[0.5,8.3125,0.5,8.125],"rotation":0,"texture":"#0","tintindex":0},"down":{"uv":[0.5625,8.125,0.5625,8.3125],"rotation":0,"texture":"#0","tintindex":0}}},{"from":[8.002618,3.0488725,7.156752],"to":[9.716904,5.334587,7.156752],"rotation":{"angle":0.0,"axis":"y","origin":[8.85976,4.19173,7.156752]},"faces":{"east":{"uv":[8.6875,6.5,8.6875,6.75],"rotation":0,"texture":"#0","tintindex":0},"south":{"uv":[10.125,6.4375,9.9375,6.6875],"rotation":0,"texture":"#0","tintindex":0},"north":{"uv":[9.9375,6.4375,10.125,6.6875],"rotation":0,"texture":"#0","tintindex":0},"west":{"uv":[0.4375,8.75,0.4375,9.0],"rotation":0,"texture":"#0","tintindex":0},"up":{"uv":[7.5,3.125,7.3125,3.125],"rotation":0,"texture":"#0","tintindex":0},"down":{"uv":[7.875,3.5,7.6875,3.5],"rotation":0,"texture":"#0","tintindex":0}}},{"from":[8.346589,5.061238,6.585324],"to":[9.489446,6.7755237,7.728181],"rotation":{"angle":22.5,"axis":"z","origin":[8.918017,5.9183807,7.156752]},"faces":{"east":{"uv":[1.0,10.1875,1.125,10.375],"rotation":0,"texture":"#0","tintindex":0},"south":{"uv":[10.1875,1.75,10.3125,1.9375],"rotation":0,"texture":"#0","tintindex":0},"north":{"uv":[0.8125,10.1875,0.9375,10.375],"rotation":0,"texture":"#0","tintindex":0},"west":{"uv":[10.1875,5.625,10.3125,5.8125],"rotation":0,"texture":"#0","tintindex":0},"up":{"uv":[6.125,10.375,6.0,10.25],"rotation":0,"texture":"#0","tintindex":0},"down":{"uv":[7.875,10.25,7.75,10.375],"rotation":0,"texture":"#0","tintindex":0}}},{"from":[7.174603,5.061238,4.8419094],"to":[8.31746,6.7755237,5.9847665],"rotation":{"angle":22.5,"axis":"x","origin":[7.7460318,5.9183807,5.4133377]},"faces":{"east":{"uv":[4.6875,7.0625,4.8125,7.25],"rotation":0,"texture":"#0","tintindex":0},"south":{"uv":[6.9375,7.3125,7.0625,7.5],"rotation":0,"texture":"#0","tintindex":0},"north":{"uv":[6.5625,2.375,6.6875,2.5625],"rotation":0,"texture":"#0","tintindex":0},"west":{"uv":[8.0625,8.75,8.1875,8.9375],"rotation":0,"texture":"#0","tintindex":0},"up":{"uv":[8.375,5.875,8.25,5.75],"rotation":0,"texture":"#0","tintindex":0},"down":{"uv":[6.0,9.5,5.875,9.625],"rotation":0,"texture":"#0","tintindex":0}}},{"from":[8.31746,5.061238,4.8419094],"to":[9.460318,6.7755237,5.9847665],"rotation":{"angle":22.5,"axis":"x","origin":[8.888889,5.9183807,5.4133377]},"faces":{"east":{"uv":[4.6875,7.0625,4.8125,7.25],"rotation":0,"texture":"#0","tintindex":0},"south":{"uv":[6.9375,7.3125,7.0625,7.5],"rotation":0,"texture":"#0","tintindex":0},"north":{"uv":[6.5625,2.375,6.6875,2.5625],"rotation":0,"texture":"#0","tintindex":0},"west":{"uv":[8.0625,8.75,8.1875,8.9375],"rotation":0,"texture":"#0","tintindex":0},"up":{"uv":[8.375,5.875,8.25,5.75],"rotation":0,"texture":"#0","tintindex":0},"down":{"uv":[6.0,9.5,5.875,9.625],"rotation":0,"texture":"#0","tintindex":0}}},{"from":[7.7460318,3.0488725,4.614452],"to":[7.7460318,5.334587,6.3287377],"rotation":{"angle":0.0,"axis":"y","origin":[7.7460318,4.19173,5.471595]},"faces":{"east":{"uv":[10.125,6.4375,9.9375,6.6875],"rotation":0,"texture":"#0","tintindex":0},"south":{"uv":[8.3125,4.1875,8.3125,4.4375],"rotation":0,"texture":"#0","tintindex":0},"north":{"uv":[8.125,0.0,8.125,0.25],"rotation":0,"texture":"#0","tintindex":0},"west":{"uv":[9.9375,6.4375,10.125,6.6875],"rotation":0,"texture":"#0","tintindex":0},"up":{"uv":[0.5,8.3125,0.5,8.125],"rotation":0,"texture":"#0","tintindex":0},"down":{"uv":[0.5625,8.125,0.5625,8.3125],"rotation":0,"texture":"#0","tintindex":0}}},{"from":[8.888889,3.0488725,4.614452],"to":[8.888889,5.334587,6.3287377],"rotation":{"angle":0.0,"axis":"y","origin":[8.888889,4.19173,5.471595]},"faces":{"east":{"uv":[10.125,6.4375,9.9375,6.6875],"rotation":0,"texture":"#0","tintindex":0},"south":{"uv":[8.3125,4.1875,8.3125,4.4375],"rotation":0,"texture":"#0","tintindex":0},"north":{"uv":[8.125,0.0,8.125,0.25],"rotation":0,"texture":"#0","tintindex":0},"west":{"uv":[9.9375,6.4375,10.125,6.6875],"rotation":0,"texture":"#0","tintindex":0},"up":{"uv":[0.5,8.3125,0.5,8.125],"rotation":0,"texture":"#0","tintindex":0},"down":{"uv":[0.5625,8.125,0.5625,8.3125],"rotation":0,"texture":"#0","tintindex":0}}}],"display":{"head":{"translation":[0.0,-6.4,0.0],"scale":[4.0,4.0,4.0]}}}