{"textures":{"0":"modelengine:entity/dragon_nether"},"elements":[{"from":[6.5656004,2.265942,5.180495],"to":[9.422743,8.551657,9.180495],"rotation":{"angle":22.5,"axis":"x","origin":[7.9941716,5.408799,7.180495]},"faces":{"east":{"uv":[0.625,7.625,1.0625,8.3125],"rotation":0,"texture":"#0","tintindex":0},"south":{"uv":[6.5625,7.75,6.875,8.4375],"rotation":0,"texture":"#0","tintindex":0},"north":{"uv":[6.5625,7.75,6.875,8.4375],"rotation":0,"texture":"#0","tintindex":0},"west":{"uv":[0.625,7.625,1.0625,8.3125],"rotation":0,"texture":"#0","tintindex":0},"up":{"uv":[1.1875,9.4375,0.875,9.0],"rotation":0,"texture":"#0","tintindex":0},"down":{"uv":[1.1875,9.4375,0.875,9.0],"rotation":0,"texture":"#0","tintindex":0}}},{"from":[3.708457,2.5939565,6.388598],"to":[6.5656004,8.879671,6.388598],"rotation":{"angle":22.5,"axis":"x","origin":[5.1370287,5.7368135,6.388598]},"faces":{"east":{"uv":[3.125,10.375,3.125,11.0625],"rotation":0,"texture":"#0","tintindex":0},"south":{"uv":[8.5,0.0,8.1875,0.6875],"rotation":0,"texture":"#0","tintindex":0},"north":{"uv":[8.1875,0.0,8.5,0.6875],"rotation":0,"texture":"#0","tintindex":0},"west":{"uv":[3.1875,10.375,3.1875,11.0625],"rotation":0,"texture":"#0","tintindex":0},"up":{"uv":[9.0,7.9375,8.6875,7.9375],"rotation":0,"texture":"#0","tintindex":0},"down":{"uv":[3.9375,8.875,3.625,8.875],"rotation":0,"texture":"#0","tintindex":0}}}],"display":{"head":{"translation":[0.0,-6.4,0.0],"scale":[4.0,4.0,4.0]}}}