{"textures":{"0":"modelengine:entity/dragon_nether"},"elements":[{"from":[8.825397,5.061238,4.8419094],"to":[9.968254,6.7755237,5.9847665],"rotation":{"angle":22.5,"axis":"x","origin":[9.396826,5.9183807,5.4133377]},"faces":{"east":{"uv":[8.1875,8.75,8.0625,8.9375],"rotation":0,"texture":"#0","tintindex":0},"south":{"uv":[7.0625,7.3125,6.9375,7.5],"rotation":0,"texture":"#0","tintindex":0},"north":{"uv":[6.6875,2.375,6.5625,2.5625],"rotation":0,"texture":"#0","tintindex":0},"west":{"uv":[4.8125,7.0625,4.6875,7.25],"rotation":0,"texture":"#0","tintindex":0},"up":{"uv":[8.25,5.875,8.375,5.75],"rotation":0,"texture":"#0","tintindex":0},"down":{"uv":[5.875,9.5,6.0,9.625],"rotation":0,"texture":"#0","tintindex":0}}},{"from":[6.8253965,5.9881268,5.603124],"to":[9.68254,8.273842,8.460267],"rotation":{"angle":-45.0,"axis":"x","origin":[8.253968,7.1309843,7.031696]},"faces":{"east":{"uv":[1.0625,9.5,0.75,9.75],"rotation":0,"texture":"#0","tintindex":0},"south":{"uv":[6.375,9.375,6.0625,9.625],"rotation":0,"texture":"#0","tintindex":0},"north":{"uv":[6.375,9.375,6.0625,9.625],"rotation":0,"texture":"#0","tintindex":0},"west":{"uv":[1.0625,9.5,0.75,9.75],"rotation":0,"texture":"#0","tintindex":0},"up":{"uv":[2.625,9.625,2.9375,9.3125],"rotation":0,"texture":"#0","tintindex":0},"down":{"uv":[2.625,9.625,2.9375,9.3125],"rotation":0,"texture":"#0","tintindex":0}}},{"from":[9.396826,3.0488725,4.614452],"to":[9.396826,5.334587,6.3287377],"rotation":{"angle":0.0,"axis":"y","origin":[9.396826,4.19173,5.471595]},"faces":{"east":{"uv":[10.125,6.4375,9.9375,6.6875],"rotation":0,"texture":"#0","tintindex":0},"south":{"uv":[8.3125,4.1875,8.3125,4.4375],"rotation":0,"texture":"#0","tintindex":0},"north":{"uv":[8.125,0.0,8.125,0.25],"rotation":0,"texture":"#0","tintindex":0},"west":{"uv":[9.9375,6.4375,10.125,6.6875],"rotation":0,"texture":"#0","tintindex":0},"up":{"uv":[0.5,8.3125,0.5,8.125],"rotation":0,"texture":"#0","tintindex":0},"down":{"uv":[0.5625,8.125,0.5625,8.3125],"rotation":0,"texture":"#0","tintindex":0}}},{"from":[6.283097,3.0488725,7.156752],"to":[7.9973826,5.334587,7.156752],"rotation":{"angle":0.0,"axis":"y","origin":[7.1402397,4.19173,7.156752]},"faces":{"east":{"uv":[0.4375,8.75,0.4375,9.0],"rotation":0,"texture":"#0","tintindex":0},"south":{"uv":[9.9375,6.4375,10.125,6.6875],"rotation":0,"texture":"#0","tintindex":0},"north":{"uv":[10.125,6.4375,9.9375,6.6875],"rotation":0,"texture":"#0","tintindex":0},"west":{"uv":[8.6875,6.5,8.6875,6.75],"rotation":0,"texture":"#0","tintindex":0},"up":{"uv":[7.3125,3.125,7.5,3.125],"rotation":0,"texture":"#0","tintindex":0},"down":{"uv":[7.6875,3.5,7.875,3.5],"rotation":0,"texture":"#0","tintindex":0}}},{"from":[6.510554,5.061238,6.585324],"to":[7.6534114,6.7755237,7.728181],"rotation":{"angle":-22.5,"axis":"z","origin":[7.0819826,5.9183807,7.156752]},"faces":{"east":{"uv":[10.3125,5.625,10.1875,5.8125],"rotation":0,"texture":"#0","tintindex":0},"south":{"uv":[10.3125,1.75,10.1875,1.9375],"rotation":0,"texture":"#0","tintindex":0},"north":{"uv":[0.9375,10.1875,0.8125,10.375],"rotation":0,"texture":"#0","tintindex":0},"west":{"uv":[1.125,10.1875,1.0,10.375],"rotation":0,"texture":"#0","tintindex":0},"up":{"uv":[6.0,10.375,6.125,10.25],"rotation":0,"texture":"#0","tintindex":0},"down":{"uv":[7.75,10.25,7.875,10.375],"rotation":0,"texture":"#0","tintindex":0}}},{"from":[7.6825395,5.061238,4.8419094],"to":[8.825397,6.7755237,5.9847665],"rotation":{"angle":22.5,"axis":"x","origin":[8.253968,5.9183807,5.4133377]},"faces":{"east":{"uv":[8.1875,8.75,8.0625,8.9375],"rotation":0,"texture":"#0","tintindex":0},"south":{"uv":[7.0625,7.3125,6.9375,7.5],"rotation":0,"texture":"#0","tintindex":0},"north":{"uv":[6.6875,2.375,6.5625,2.5625],"rotation":0,"texture":"#0","tintindex":0},"west":{"uv":[4.8125,7.0625,4.6875,7.25],"rotation":0,"texture":"#0","tintindex":0},"up":{"uv":[8.25,5.875,8.375,5.75],"rotation":0,"texture":"#0","tintindex":0},"down":{"uv":[5.875,9.5,6.0,9.625],"rotation":0,"texture":"#0","tintindex":0}}},{"from":[6.5396824,5.061238,4.8419094],"to":[7.6825395,6.7755237,5.9847665],"rotation":{"angle":22.5,"axis":"x","origin":[7.111111,5.9183807,5.4133377]},"faces":{"east":{"uv":[8.1875,8.75,8.0625,8.9375],"rotation":0,"texture":"#0","tintindex":0},"south":{"uv":[7.0625,7.3125,6.9375,7.5],"rotation":0,"texture":"#0","tintindex":0},"north":{"uv":[6.6875,2.375,6.5625,2.5625],"rotation":0,"texture":"#0","tintindex":0},"west":{"uv":[4.8125,7.0625,4.6875,7.25],"rotation":0,"texture":"#0","tintindex":0},"up":{"uv":[8.25,5.875,8.375,5.75],"rotation":0,"texture":"#0","tintindex":0},"down":{"uv":[5.875,9.5,6.0,9.625],"rotation":0,"texture":"#0","tintindex":0}}},{"from":[8.253968,3.0488725,4.614452],"to":[8.253968,5.334587,6.3287377],"rotation":{"angle":0.0,"axis":"y","origin":[8.253968,4.19173,5.471595]},"faces":{"east":{"uv":[10.125,6.4375,9.9375,6.6875],"rotation":0,"texture":"#0","tintindex":0},"south":{"uv":[8.3125,4.1875,8.3125,4.4375],"rotation":0,"texture":"#0","tintindex":0},"north":{"uv":[8.125,0.0,8.125,0.25],"rotation":0,"texture":"#0","tintindex":0},"west":{"uv":[9.9375,6.4375,10.125,6.6875],"rotation":0,"texture":"#0","tintindex":0},"up":{"uv":[0.5,8.3125,0.5,8.125],"rotation":0,"texture":"#0","tintindex":0},"down":{"uv":[0.5625,8.125,0.5625,8.3125],"rotation":0,"texture":"#0","tintindex":0}}},{"from":[7.111111,3.0488725,4.614452],"to":[7.111111,5.334587,6.3287377],"rotation":{"angle":0.0,"axis":"y","origin":[7.111111,4.19173,5.471595]},"faces":{"east":{"uv":[10.125,6.4375,9.9375,6.6875],"rotation":0,"texture":"#0","tintindex":0},"south":{"uv":[8.3125,4.1875,8.3125,4.4375],"rotation":0,"texture":"#0","tintindex":0},"north":{"uv":[8.125,0.0,8.125,0.25],"rotation":0,"texture":"#0","tintindex":0},"west":{"uv":[9.9375,6.4375,10.125,6.6875],"rotation":0,"texture":"#0","tintindex":0},"up":{"uv":[0.5,8.3125,0.5,8.125],"rotation":0,"texture":"#0","tintindex":0},"down":{"uv":[0.5625,8.125,0.5625,8.3125],"rotation":0,"texture":"#0","tintindex":0}}}],"display":{"head":{"translation":[0.0,-6.4,0.0],"scale":[4.0,4.0,4.0]}}}