{"textures":{"0":"modelengine:entity/dragon_nether"},"elements":[{"from":[6.285714,5.5402884,7.499577],"to":[9.714286,8.397431,13.785292],"rotation":{"angle":22.5,"axis":"x","origin":[8.0,6.96886,10.642434]},"faces":{"east":{"uv":[7.9375,5.0625,8.625,5.375],"rotation":0,"texture":"#0","tintindex":0},"south":{"uv":[9.0625,4.5625,9.4375,4.875],"rotation":0,"texture":"#0","tintindex":0},"north":{"uv":[8.0625,9.0,8.4375,9.3125],"rotation":0,"texture":"#0","tintindex":0},"west":{"uv":[7.9375,6.5,8.625,6.8125],"rotation":0,"texture":"#0","tintindex":0},"up":{"uv":[7.8125,8.3125,7.4375,7.625],"rotation":0,"texture":"#0","tintindex":0},"down":{"uv":[4.875,7.6875,4.5,8.375],"rotation":0,"texture":"#0","tintindex":0}}},{"from":[8.0,8.179945,8.592958],"to":[8.0,11.037087,14.878673],"rotation":{"angle":22.5,"axis":"x","origin":[8.0,9.608516,11.735815]},"faces":{"east":{"uv":[8.75,7.25,8.0625,7.5625],"rotation":0,"texture":"#0","tintindex":0},"south":{"uv":[10.25,10.3125,10.25,10.625],"rotation":0,"texture":"#0","tintindex":0},"north":{"uv":[10.3125,9.625,10.3125,9.9375],"rotation":0,"texture":"#0","tintindex":0},"west":{"uv":[8.0625,7.25,8.75,7.5625],"rotation":0,"texture":"#0","tintindex":0},"up":{"uv":[10.3125,11.0,10.3125,10.3125],"rotation":0,"texture":"#0","tintindex":0},"down":{"uv":[0.0,10.375,0.0,11.0625],"rotation":0,"texture":"#0","tintindex":0}}}],"display":{"head":{"translation":[0.0,-6.4,0.0],"scale":[4.0,4.0,4.0]}}}