{"textures":{"0":"modelengine:entity/sabertooth_arctic"},"elements":[{"from":[6.857143,5.8464375,7.479049],"to":[9.142858,8.132152,13.764764],"rotation":{"angle":22.5,"axis":"x","origin":[8.0,6.9892945,10.621906]},"faces":{"east":{"uv":[7.1875,6.25,7.875,6.5],"rotation":0,"texture":"#0","tintindex":0},"south":{"uv":[8.0625,4.3125,8.3125,4.5625],"rotation":0,"texture":"#0","tintindex":0},"north":{"uv":[2.6875,5.875,2.9375,6.125],"rotation":0,"texture":"#0","tintindex":0},"west":{"uv":[7.1875,6.5625,7.875,6.8125],"rotation":0,"texture":"#0","tintindex":0},"up":{"uv":[6.125,7.875,5.875,7.1875],"rotation":0,"texture":"#0","tintindex":0},"down":{"uv":[2.625,7.25,2.375,7.9375],"rotation":0,"texture":"#0","tintindex":0}}}],"display":{"head":{"translation":[0.0,-6.4,0.0],"scale":[4.0,4.0,4.0]}}}