{"textures":{"1":"modelengine:entity/mammoth"},"elements":[{"from":[2.7319999,5.897333,4.0490003],"to":[8.32,11.617333,9.725],"faces":{"east":{"uv":[10.875,5.5,11.5,5.9375],"tintindex":0,"rotation":0,"texture":"#1"},"south":{"uv":[0.8125,7.0625,1.625,7.875],"tintindex":0,"rotation":0,"texture":"#1"},"north":{"uv":[5.8125,6.9375,6.625,7.75],"tintindex":0,"rotation":0,"texture":"#1"},"west":{"uv":[7.0625,4.3125,7.875,5.125],"tintindex":0,"rotation":0,"texture":"#1"},"up":{"uv":[2.4375,8.125,1.625,7.3125],"tintindex":0,"rotation":0,"texture":"#1"},"down":{"uv":[8.125,2.25,7.3125,3.0625],"tintindex":0,"rotation":0,"texture":"#1"}},"rotation":{"origin":[11.488,6.5793333,6.491],"angle":22.5,"axis":"x"}},{"from":[2.776,3.2133331,4.445],"to":[8.276,6.8653336,9.241],"faces":{"east":{"uv":[10.875,5.5,11.5,5.9375],"tintindex":0,"rotation":0,"texture":"#1"},"south":{"uv":[10.0,2.1875,10.75,2.6875],"tintindex":0,"rotation":0,"texture":"#1"},"north":{"uv":[10.0,1.6875,10.75,2.1875],"tintindex":0,"rotation":0,"texture":"#1"},"west":{"uv":[7.25,10.1875,7.9375,10.6875],"tintindex":0,"rotation":0,"texture":"#1"},"up":{"uv":[4.5625,9.375,3.8125,8.6875],"tintindex":0,"rotation":0,"texture":"#1"},"down":{"uv":[5.3125,8.6875,4.5625,9.375],"tintindex":0,"rotation":0,"texture":"#1"}},"rotation":{"origin":[5.548,9.219333,6.0950003],"angle":0.0,"axis":"x"}},{"from":[2.908,0.39733362,4.709],"to":[7.748,3.6533337,9.1970005],"faces":{"east":{"uv":[10.875,5.5,11.5,5.9375],"tintindex":0,"rotation":0,"texture":"#1"},"south":{"uv":[3.5,10.8125,4.1875,11.25],"tintindex":0,"rotation":0,"texture":"#1"},"north":{"uv":[2.8125,10.8125,3.5,11.25],"tintindex":0,"rotation":0,"texture":"#1"},"west":{"uv":[10.9375,3.6875,11.5625,4.125],"tintindex":0,"rotation":0,"texture":"#1"},"up":{"uv":[10.1875,6.375,9.5,5.75],"tintindex":0,"rotation":0,"texture":"#1"},"down":{"uv":[7.375,9.5,6.6875,10.125],"tintindex":0,"rotation":0,"texture":"#1"}}}]}