{"textures":{"1":"modelengine:entity/mammoth"},"elements":[{"from":[7.2328057,7.568001,7.5397415],"to":[7.738806,8.162001,8.309741],"faces":{"east":{"uv":[7.75,4.25,7.875,4.3125],"tintindex":0,"rotation":0,"texture":"#1"},"south":{"uv":[2.5,5.0625,2.5625,5.125],"tintindex":0,"rotation":0,"texture":"#1"},"north":{"uv":[3.75,4.75,3.8125,4.8125],"tintindex":0,"rotation":0,"texture":"#1"},"west":{"uv":[7.9375,2.1875,8.0625,2.25],"tintindex":0,"rotation":0,"texture":"#1"},"up":{"uv":[9.625,1.375,9.5625,1.25],"tintindex":0,"rotation":0,"texture":"#1"},"down":{"uv":[10.9375,10.625,10.875,10.75],"tintindex":0,"rotation":0,"texture":"#1"}}},{"from":[3.073285,7.241541,7.781741],"to":[4.019285,7.6155415,8.155741],"faces":{"east":{"uv":[7.9375,10.1875,8.0,10.25],"tintindex":0,"rotation":0,"texture":"#1"},"south":{"uv":[10.375,6.3125,10.5,6.375],"tintindex":0,"rotation":0,"texture":"#1"},"north":{"uv":[9.1875,10.1875,9.3125,10.25],"tintindex":0,"rotation":0,"texture":"#1"},"west":{"uv":[10.375,4.3125,10.4375,4.375],"tintindex":0,"rotation":0,"texture":"#1"},"up":{"uv":[6.0625,10.75,5.9375,10.6875],"tintindex":0,"rotation":0,"texture":"#1"},"down":{"uv":[10.875,5.5,10.75,5.5625],"tintindex":0,"rotation":0,"texture":"#1"}},"rotation":{"origin":[4.6277304,8.979113,8.342248],"angle":45.0,"axis":"z"}},{"from":[6.464464,7.670355,7.649741],"to":[7.2344646,8.132355,8.199741],"faces":{"east":{"uv":[3.6875,5.875,3.75,5.9375],"tintindex":0,"rotation":0,"texture":"#1"},"south":{"uv":[9.1875,8.9375,9.3125,9.0],"tintindex":0,"rotation":0,"texture":"#1"},"north":{"uv":[1.6875,8.9375,1.8125,9.0],"tintindex":0,"rotation":0,"texture":"#1"},"west":{"uv":[3.625,6.625,3.6875,6.6875],"tintindex":0,"rotation":0,"texture":"#1"},"up":{"uv":[6.6875,10.125,6.5625,10.0625],"tintindex":0,"rotation":0,"texture":"#1"},"down":{"uv":[7.375,10.125,7.25,10.1875],"tintindex":0,"rotation":0,"texture":"#1"}}},{"from":[5.313816,4.2715206,7.8037415],"to":[5.643816,7.0215206,8.133741],"faces":{"east":{"uv":[1.625,12.3125,1.6875,12.6875],"tintindex":0,"rotation":0,"texture":"#1"},"south":{"uv":[2.375,12.375,2.4375,12.75],"tintindex":0,"rotation":0,"texture":"#1"},"north":{"uv":[5.875,11.3125,5.9375,11.6875],"tintindex":0,"rotation":0,"texture":"#1"},"west":{"uv":[4.9375,12.375,5.0,12.75],"tintindex":0,"rotation":0,"texture":"#1"},"up":{"uv":[11.0625,4.875,11.0,4.8125],"tintindex":0,"rotation":0,"texture":"#1"},"down":{"uv":[9.5625,11.125,9.5,11.1875],"tintindex":0,"rotation":0,"texture":"#1"}},"rotation":{"origin":[4.6277304,8.979113,8.342248],"angle":-22.5,"axis":"z"}},{"from":[7.738806,7.4799995,7.429741],"to":[9.014806,8.205999,8.441741],"faces":{"east":{"uv":[12.1875,12.375,12.3125,12.5],"tintindex":0,"rotation":0,"texture":"#1"},"south":{"uv":[12.0625,8.5,12.25,8.625],"tintindex":0,"rotation":0,"texture":"#1"},"north":{"uv":[11.3125,0.25,11.5,0.375],"tintindex":0,"rotation":0,"texture":"#1"},"west":{"uv":[12.3125,12.375,12.4375,12.5],"tintindex":0,"rotation":0,"texture":"#1"},"up":{"uv":[9.9375,12.5,9.75,12.375],"tintindex":0,"rotation":0,"texture":"#1"},"down":{"uv":[10.125,12.375,9.9375,12.5],"tintindex":0,"rotation":0,"texture":"#1"}}},{"from":[4.202198,4.2938423,7.8075876],"to":[6.7981977,6.8678417,8.067188],"faces":{"east":{"uv":[8.5625,0.0,8.625,0.375],"tintindex":0,"rotation":0,"texture":"#1"},"south":{"uv":[11.875,6.25,12.25,6.625],"tintindex":0,"rotation":0,"texture":"#1"},"north":{"uv":[5.875,11.875,6.25,12.25],"tintindex":0,"rotation":0,"texture":"#1"},"west":{"uv":[0.4375,9.75,0.5,10.125],"tintindex":0,"rotation":0,"texture":"#1"},"up":{"uv":[9.875,6.4375,9.5,6.375],"tintindex":0,"rotation":0,"texture":"#1"},"down":{"uv":[2.75,9.625,2.375,9.6875],"tintindex":0,"rotation":0,"texture":"#1"}},"rotation":{"origin":[4.0661116,5.448435,8.342248],"angle":-22.5,"axis":"z"}},{"from":[4.436125,7.6958885,7.759741],"to":[5.866124,8.11389,8.155741],"faces":{"east":{"uv":[7.1875,0.9375,7.25,1.0],"tintindex":0,"rotation":0,"texture":"#1"},"south":{"uv":[5.6875,4.625,5.875,4.6875],"tintindex":0,"rotation":0,"texture":"#1"},"north":{"uv":[2.3125,5.0625,2.5,5.125],"tintindex":0,"rotation":0,"texture":"#1"},"west":{"uv":[5.25,9.375,5.3125,9.4375],"tintindex":0,"rotation":0,"texture":"#1"},"up":{"uv":[3.625,6.6875,3.4375,6.625],"tintindex":0,"rotation":0,"texture":"#1"},"down":{"uv":[7.6875,6.0625,7.5,6.125],"tintindex":0,"rotation":0,"texture":"#1"}},"rotation":{"origin":[6.1310835,9.661354,8.342248],"angle":22.5,"axis":"z"}},{"from":[3.710124,2.569889,7.8037415],"to":[6.9001245,5.1438885,8.067741],"faces":{"east":{"uv":[3.6875,5.125,3.75,5.5],"tintindex":0,"rotation":0,"texture":"#1"},"south":{"uv":[11.0625,11.6875,11.5,12.0625],"tintindex":0,"rotation":0,"texture":"#1"},"north":{"uv":[10.625,11.6875,11.0625,12.0625],"tintindex":0,"rotation":0,"texture":"#1"},"west":{"uv":[3.6875,5.5,3.75,5.875],"tintindex":0,"rotation":0,"texture":"#1"},"up":{"uv":[2.25,8.1875,1.8125,8.125],"tintindex":0,"rotation":0,"texture":"#1"},"down":{"uv":[0.9375,8.875,0.5,8.9375],"tintindex":0,"rotation":0,"texture":"#1"}},"rotation":{"origin":[6.1310835,9.661354,8.342248],"angle":22.5,"axis":"z"}},{"from":[3.710124,5.121889,7.8037415],"to":[6.9001245,7.6958885,8.067741],"faces":{"east":{"uv":[3.75,4.0,3.8125,4.375],"tintindex":0,"rotation":0,"texture":"#1"},"south":{"uv":[6.8125,11.6875,7.25,12.0625],"tintindex":0,"rotation":0,"texture":"#1"},"north":{"uv":[8.25,5.8125,8.6875,6.1875],"tintindex":0,"rotation":0,"texture":"#1"},"west":{"uv":[3.75,4.375,3.8125,4.75],"tintindex":0,"rotation":0,"texture":"#1"},"up":{"uv":[3.4375,6.6875,3.0,6.625],"tintindex":0,"rotation":0,"texture":"#1"},"down":{"uv":[7.1875,0.9375,6.75,1.0],"tintindex":0,"rotation":0,"texture":"#1"}},"rotation":{"origin":[6.1310835,9.661354,8.342248],"angle":22.5,"axis":"z"}},{"from":[6.9001245,5.5398903,7.8037415],"to":[7.406124,7.05789,8.067741],"faces":{"east":{"uv":[8.5625,0.375,8.625,0.5625],"tintindex":0,"rotation":0,"texture":"#1"},"south":{"uv":[8.8125,1.375,8.875,1.5625],"tintindex":0,"rotation":0,"texture":"#1"},"north":{"uv":[8.1875,4.9375,8.25,5.125],"tintindex":0,"rotation":0,"texture":"#1"},"west":{"uv":[0.4375,10.125,0.5,10.3125],"tintindex":0,"rotation":0,"texture":"#1"},"up":{"uv":[3.0625,10.75,3.0,10.6875],"tintindex":0,"rotation":0,"texture":"#1"},"down":{"uv":[11.0,4.25,10.9375,4.3125],"tintindex":0,"rotation":0,"texture":"#1"}},"rotation":{"origin":[6.1310835,9.661354,8.342248],"angle":22.5,"axis":"z"}}]}