{"textures":{"1":"modelengine:entity/mammoth"},"elements":[{"from":[6.384,3.7577143,5.893714],"to":[8.9988575,5.0148573,8.533714],"rotation":{"angle":0.0,"axis":"y","origin":[7.6914287,6.033143,7.490286]},"faces":{"east":{"uv":[11.4375,5.9375,12.0625,6.25],"rotation":0,"texture":"#1","tintindex":0},"south":{"uv":[11.4375,5.125,12.0625,5.4375],"rotation":0,"texture":"#1","tintindex":0},"north":{"uv":[11.3125,11.375,11.9375,11.6875],"rotation":0,"texture":"#1","tintindex":0},"west":{"uv":[11.4375,5.9375,12.0625,6.25],"rotation":0,"texture":"#1","tintindex":0},"up":{"uv":[10.5,7.0,9.875,6.375],"rotation":0,"texture":"#1","tintindex":0},"down":{"uv":[3.1875,8.1875,3.8125,9.0625],"rotation":0,"texture":"#1","tintindex":0}}},{"from":[6.56,4.084571,6.2205715],"to":[8.822857,8.484571,8.382857],"rotation":{"angle":0.0,"axis":"y","origin":[7.6914287,6.033143,7.490286]},"faces":{"east":{"uv":[7.4375,6.9375,8.0,8.0],"rotation":0,"texture":"#1","tintindex":0},"south":{"uv":[7.6875,5.125,8.25,6.1875],"rotation":0,"texture":"#1","tintindex":0},"north":{"uv":[4.9375,7.625,5.5,8.6875],"rotation":0,"texture":"#1","tintindex":0},"west":{"uv":[5.5,7.75,6.0625,8.8125],"rotation":0,"texture":"#1","tintindex":0},"up":{"uv":[9.0625,10.8125,8.5,10.25],"rotation":0,"texture":"#1","tintindex":0},"down":{"uv":[1.0,10.3125,0.4375,10.875],"rotation":0,"texture":"#1","tintindex":0}}},{"from":[8.244572,3.7577143,5.7177143],"to":[8.9988575,4.6879997,6.0445714],"rotation":{"angle":-22.5,"axis":"y","origin":[8.621715,4.16,5.8811426]},"faces":{"east":{"uv":[1.3125,0.0,1.5,0.25],"rotation":0,"texture":"#1","tintindex":0},"south":{"uv":[1.3125,0.0,1.5,0.25],"rotation":0,"texture":"#1","tintindex":0},"north":{"uv":[1.3125,0.0,1.5,0.25],"rotation":0,"texture":"#1","tintindex":0},"west":{"uv":[1.3125,0.0,1.5,0.25],"rotation":0,"texture":"#1","tintindex":0},"up":{"uv":[1.3125,0.0,1.5,0.0625],"rotation":0,"texture":"#1","tintindex":0},"down":{"uv":[1.3125,0.0,1.5,0.0625],"rotation":0,"texture":"#1","tintindex":0}}},{"from":[7.3394284,3.7577143,5.5668573],"to":[8.093715,4.6879997,5.893714],"rotation":{"angle":0.0,"axis":"y","origin":[7.6914287,6.033143,7.490286]},"faces":{"east":{"uv":[1.3125,0.0,1.5,0.25],"rotation":0,"texture":"#1","tintindex":0},"south":{"uv":[1.3125,0.0,1.5,0.25],"rotation":0,"texture":"#1","tintindex":0},"north":{"uv":[1.3125,0.0,1.5,0.25],"rotation":0,"texture":"#1","tintindex":0},"west":{"uv":[1.3125,0.0,1.5,0.25],"rotation":0,"texture":"#1","tintindex":0},"up":{"uv":[1.3125,0.0,1.5,0.0625],"rotation":0,"texture":"#1","tintindex":0},"down":{"uv":[1.3125,0.0,1.5,0.0625],"rotation":0,"texture":"#1","tintindex":0}}},{"from":[6.384,3.7577143,5.7177143],"to":[7.1382856,4.6879997,6.0445714],"rotation":{"angle":22.5,"axis":"y","origin":[6.7611427,4.16,5.8811426]},"faces":{"east":{"uv":[1.3125,0.0,1.5,0.25],"rotation":0,"texture":"#1","tintindex":0},"south":{"uv":[1.3125,0.0,1.5,0.25],"rotation":0,"texture":"#1","tintindex":0},"north":{"uv":[1.3125,0.0,1.5,0.25],"rotation":0,"texture":"#1","tintindex":0},"west":{"uv":[1.3125,0.0,1.5,0.25],"rotation":0,"texture":"#1","tintindex":0},"up":{"uv":[1.3125,0.0,1.5,0.0625],"rotation":0,"texture":"#1","tintindex":0},"down":{"uv":[1.3125,0.0,1.5,0.0625],"rotation":0,"texture":"#1","tintindex":0}}}],"display":{"head":{"translation":[0.0,-6.4,0.0],"scale":[4.0,4.0,4.0]}}}