{"textures":{"1":"modelengine:entity/mammoth"},"elements":[{"from":[7.017143,6.415618,7.6942186],"to":[8.752,8.2259035,9.353647],"rotation":{"angle":0.0,"axis":"y","origin":[7.909714,7.257904,10.120504]},"faces":{"east":{"uv":[7.9375,10.8125,8.375,11.4375],"rotation":0,"texture":"#1","tintindex":0},"south":{"uv":[10.5625,1.0,11.0625,1.625],"rotation":0,"texture":"#1","tintindex":0},"north":{"uv":[9.0625,10.5,9.5625,11.125],"rotation":0,"texture":"#1","tintindex":0},"west":{"uv":[8.375,10.8125,8.8125,11.4375],"rotation":0,"texture":"#1","tintindex":0},"up":{"uv":[11.625,8.0625,11.125,7.625],"rotation":0,"texture":"#1","tintindex":0},"down":{"uv":[9.3125,11.125,8.8125,11.5625],"rotation":0,"texture":"#1","tintindex":0}}},{"from":[7.193143,5.233904,7.6942186],"to":[8.626286,7.4213324,9.077076],"rotation":{"angle":-22.5,"axis":"x","origin":[7.909714,7.257904,10.120504]},"faces":{"east":{"uv":[7.9375,10.8125,8.375,11.4375],"rotation":0,"texture":"#1","tintindex":0},"south":{"uv":[10.5625,1.0,11.0625,1.625],"rotation":0,"texture":"#1","tintindex":0},"north":{"uv":[9.0625,10.5,9.5625,11.125],"rotation":0,"texture":"#1","tintindex":0},"west":{"uv":[8.375,10.8125,8.8125,11.4375],"rotation":0,"texture":"#1","tintindex":0},"up":{"uv":[11.625,8.0625,11.125,7.625],"rotation":0,"texture":"#1","tintindex":0},"down":{"uv":[9.3125,11.125,8.8125,11.5625],"rotation":0,"texture":"#1","tintindex":0}}}],"display":{"head":{"translation":[0.0,-6.4,0.0],"scale":[4.0,4.0,4.0]}}}