{"textures":{"1":"modelengine:entity/mammoth"},"elements":[{"from":[6.28,5.227331,7.464884],"to":[9.316,8.395331,10.368884],"faces":{"east":{"uv":[7.9375,10.8125,8.375,11.4375],"tintindex":0,"rotation":0,"texture":"#1"},"south":{"uv":[10.5625,1.0,11.0625,1.625],"tintindex":0,"rotation":0,"texture":"#1"},"north":{"uv":[9.0625,10.5,9.5625,11.125],"tintindex":0,"rotation":0,"texture":"#1"},"west":{"uv":[8.375,10.8125,8.8125,11.4375],"tintindex":0,"rotation":0,"texture":"#1"},"up":{"uv":[11.625,8.0625,11.125,7.625],"tintindex":0,"rotation":0,"texture":"#1"},"down":{"uv":[9.3125,11.125,8.8125,11.5625],"tintindex":0,"rotation":0,"texture":"#1"}}},{"from":[6.5880003,3.1593313,7.464884],"to":[9.096,6.9873314,9.884884],"faces":{"east":{"uv":[7.9375,10.8125,8.375,11.4375],"tintindex":0,"rotation":0,"texture":"#1"},"south":{"uv":[10.5625,1.0,11.0625,1.625],"tintindex":0,"rotation":0,"texture":"#1"},"north":{"uv":[9.0625,10.5,9.5625,11.125],"tintindex":0,"rotation":0,"texture":"#1"},"west":{"uv":[8.375,10.8125,8.8125,11.4375],"tintindex":0,"rotation":0,"texture":"#1"},"up":{"uv":[11.625,8.0625,11.125,7.625],"tintindex":0,"rotation":0,"texture":"#1"},"down":{"uv":[9.3125,11.125,8.8125,11.5625],"tintindex":0,"rotation":0,"texture":"#1"}},"rotation":{"origin":[7.842,6.701331,11.710884],"angle":-22.5,"axis":"x"}}]}