{"textures":{"1":"modelengine:entity/mammoth"},"elements":[{"from":[5.636,0.2882614,9.201674],"to":[6.648,4.336261,10.081675],"faces":{"east":{"uv":[9.1875,9.625,9.3125,10.1875],"tintindex":0,"rotation":0,"texture":"#1"},"south":{"uv":[5.9375,10.125,6.0625,10.6875],"tintindex":0,"rotation":0,"texture":"#1"},"north":{"uv":[9.1875,9.625,9.3125,10.1875],"tintindex":0,"rotation":0,"texture":"#1"},"west":{"uv":[3.0625,10.1875,3.1875,10.75],"tintindex":0,"rotation":0,"texture":"#1"},"up":{"uv":[12.5625,2.4375,12.4375,2.3125],"tintindex":0,"rotation":0,"texture":"#1"},"down":{"uv":[12.5625,4.3125,12.4375,4.4375],"tintindex":0,"rotation":0,"texture":"#1"}}},{"from":[5.46,3.552,8.428],"to":[6.7799997,7.8640003,9.660001],"faces":{"east":{"uv":[7.5,5.125,7.6875,5.75],"tintindex":0,"rotation":0,"texture":"#1"},"south":{"uv":[6.25,11.875,6.4375,12.5],"tintindex":0,"rotation":0,"texture":"#1"},"north":{"uv":[6.25,11.875,6.4375,12.5],"tintindex":0,"rotation":0,"texture":"#1"},"west":{"uv":[1.6875,11.9375,1.875,12.5625],"tintindex":0,"rotation":0,"texture":"#1"},"up":{"uv":[12.1875,7.1875,12.0,7.0],"tintindex":0,"rotation":0,"texture":"#1"},"down":{"uv":[12.25,5.25,12.0625,5.4375],"tintindex":0,"rotation":0,"texture":"#1"}},"rotation":{"origin":[6.12,5.092,7.922],"angle":-22.5,"axis":"x"}},{"from":[5.46,-2.4759998,9.748],"to":[6.824,-0.62800026,11.508],"faces":{"east":{"uv":[6.4375,12.1875,6.6875,12.4375],"tintindex":0,"rotation":0,"texture":"#1"},"south":{"uv":[3.3125,12.3125,3.5,12.5625],"tintindex":0,"rotation":0,"texture":"#1"},"north":{"uv":[12.3125,3.25,12.5,3.5],"tintindex":0,"rotation":0,"texture":"#1"},"west":{"uv":[12.25,1.125,12.5,1.375],"tintindex":0,"rotation":0,"texture":"#1"},"up":{"uv":[3.6875,12.5625,3.5,12.3125],"tintindex":0,"rotation":0,"texture":"#1"},"down":{"uv":[12.5,3.5,12.3125,3.75],"tintindex":0,"rotation":0,"texture":"#1"}},"rotation":{"origin":[6.12,-2.1240005,8.626],"angle":-45.0,"axis":"x"}}]}