{"textures":{"0":"modelengine:entity/nocsy_drakonin4"},"elements":[{"from":[8.002221,7.0885715,4.5414524],"to":[17.716507,8.802857,6.2557383],"rotation":{"angle":-22.5,"axis":"y","origin":[8.8593645,7.9457145,6.5414524]},"faces":{"east":{"uv":[3.8125,9.8125,3.625,10.0],"rotation":0,"texture":"#0","tintindex":0},"south":{"uv":[7.875,2.375,6.8125,2.5625],"rotation":0,"texture":"#0","tintindex":0},"north":{"uv":[7.875,2.125,6.8125,2.3125],"rotation":0,"texture":"#0","tintindex":0},"west":{"uv":[10.0,3.4375,9.8125,3.625],"rotation":0,"texture":"#0","tintindex":0},"up":{"uv":[2.75,7.0,3.8125,6.8125],"rotation":0,"texture":"#0","tintindex":0},"down":{"uv":[3.875,6.875,4.9375,7.0625],"rotation":0,"texture":"#0","tintindex":0}}},{"from":[15.784662,7.0942855,11.272357],"to":[22.058949,8.797143,12.975214],"rotation":{"angle":-45.0,"axis":"y","origin":[20.636091,7.9457145,12.123786]},"faces":{"east":{"uv":[4.9375,9.8125,4.75,10.0],"rotation":0,"texture":"#0","tintindex":0},"south":{"uv":[1.9375,7.875,1.25,8.0625],"rotation":0,"texture":"#0","tintindex":0},"north":{"uv":[1.1875,7.875,0.5,8.0625],"rotation":0,"texture":"#0","tintindex":0},"west":{"uv":[4.0625,9.8125,3.875,10.0],"rotation":0,"texture":"#0","tintindex":0},"up":{"uv":[7.875,1.8125,8.5625,1.625],"rotation":0,"texture":"#0","tintindex":0},"down":{"uv":[7.875,1.875,8.5625,2.0625],"rotation":0,"texture":"#0","tintindex":0}}},{"from":[20.75732,7.0885715,11.91591],"to":[22.471607,8.802857,18.201626],"rotation":{"angle":22.5,"axis":"y","origin":[23.900177,7.9457145,12.773053]},"faces":{"east":{"uv":[8.5625,7.625,7.875,7.8125],"rotation":0,"texture":"#0","tintindex":0},"south":{"uv":[10.0,5.5,9.8125,5.6875],"rotation":0,"texture":"#0","tintindex":0},"north":{"uv":[5.4375,9.8125,5.25,10.0],"rotation":0,"texture":"#0","tintindex":0},"west":{"uv":[2.6875,7.875,2.0,8.0625],"rotation":0,"texture":"#0","tintindex":0},"up":{"uv":[5.5,8.5625,5.6875,7.875],"rotation":0,"texture":"#0","tintindex":0},"down":{"uv":[5.75,7.875,5.9375,8.5625],"rotation":0,"texture":"#0","tintindex":0}}},{"from":[8.002221,8.002857,4.5414524],"to":[26.287937,8.117143,27.970026],"rotation":{"angle":0.0,"axis":"y","origin":[8.8593645,7.9457145,6.5414524]},"faces":{"east":{"uv":[9.9375,4.6875,7.375,4.75],"rotation":0,"texture":"#0","tintindex":0},"south":{"uv":[9.875,7.875,7.875,7.9375],"rotation":0,"texture":"#0","tintindex":0},"north":{"uv":[9.8125,6.6875,7.8125,6.75],"rotation":0,"texture":"#0","tintindex":0},"west":{"uv":[9.9375,4.5625,7.375,4.625],"rotation":0,"texture":"#0","tintindex":0},"up":{"uv":[0.0,5.1875,2.0,2.625],"rotation":0,"texture":"#0","tintindex":0},"down":{"uv":[2.0625,2.625,4.0625,5.1875],"rotation":0,"texture":"#0","tintindex":0}}}],"display":{"head":{"translation":[0.0,-6.4,0.0],"scale":[4.0,4.0,4.0]}}}