{"textures":{"0":"modelengine:entity/nocsy_drakonin4"},"elements":[{"from":[6.5714283,5.7632623,7.1870265],"to":[9.428572,9.1918335,11.187027],"rotation":{"angle":22.5,"axis":"x","origin":[7.714286,6.7367954,10.716557]},"faces":{"east":{"uv":[7.3125,3.625,7.75,4.0],"rotation":0,"texture":"#0","tintindex":0},"south":{"uv":[3.8125,8.25,4.125,8.625],"rotation":0,"texture":"#0","tintindex":0},"north":{"uv":[6.1875,2.75,6.5,3.125],"rotation":0,"texture":"#0","tintindex":0},"west":{"uv":[7.3125,6.4375,7.75,6.8125],"rotation":0,"texture":"#0","tintindex":0},"up":{"uv":[8.0625,5.25,7.75,4.8125],"rotation":0,"texture":"#0","tintindex":0},"down":{"uv":[8.125,0.5,7.8125,0.9375],"rotation":0,"texture":"#0","tintindex":0}}},{"from":[4.2285714,7.648977,8.329884],"to":[6.5142856,7.648977,12.901312],"rotation":{"angle":22.5,"axis":"z","origin":[5.428571,8.048977,10.615598]},"faces":{"east":{"uv":[9.9375,3.6875,10.4375,3.6875],"rotation":0,"texture":"#0","tintindex":0},"south":{"uv":[3.5,8.625,3.75,8.625],"rotation":0,"texture":"#0","tintindex":0},"north":{"uv":[8.5625,3.625,8.8125,3.625],"rotation":0,"texture":"#0","tintindex":0},"west":{"uv":[9.9375,3.75,10.4375,3.75],"rotation":0,"texture":"#0","tintindex":0},"up":{"uv":[3.3125,8.5,3.0625,8.0],"rotation":0,"texture":"#0","tintindex":0},"down":{"uv":[3.3125,8.0,3.0625,8.5],"rotation":0,"texture":"#0","tintindex":0}}},{"from":[9.485714,7.648977,8.329884],"to":[11.771429,7.648977,12.901312],"rotation":{"angle":-22.5,"axis":"z","origin":[10.571428,8.048977,10.615598]},"faces":{"east":{"uv":[10.4375,3.75,9.9375,3.75],"rotation":0,"texture":"#0","tintindex":0},"south":{"uv":[3.75,8.625,3.5,8.625],"rotation":0,"texture":"#0","tintindex":0},"north":{"uv":[8.8125,3.625,8.5625,3.625],"rotation":0,"texture":"#0","tintindex":0},"west":{"uv":[10.4375,3.6875,9.9375,3.6875],"rotation":0,"texture":"#0","tintindex":0},"up":{"uv":[3.0625,8.5,3.3125,8.0],"rotation":0,"texture":"#0","tintindex":0},"down":{"uv":[3.0625,8.0,3.3125,8.5],"rotation":0,"texture":"#0","tintindex":0}}}],"display":{"head":{"translation":[0.0,-6.4,0.0],"scale":[4.0,4.0,4.0]}}}