{"textures":{"0":"modelengine:entity/sleigh1"},"elements":[{"from":[8.0,3.4475045,0.9918318],"to":[8.788571,4.6303616,8.562119],"rotation":{"angle":-22.5,"axis":"x","origin":[8.0,4.038933,4.7769747]},"faces":{"east":{"uv":[8.96875,9.78125,9.375,9.84375],"rotation":0,"texture":"#0","tintindex":0},"south":{"uv":[3.34375,9.6875,3.375,9.75],"rotation":0,"texture":"#0","tintindex":0},"north":{"uv":[9.6875,0.3125,9.71875,0.375],"rotation":0,"texture":"#0","tintindex":0},"west":{"uv":[6.9375,6.34375,7.46875,6.40625],"rotation":0,"texture":"#0","tintindex":0},"up":{"uv":[8.78125,10.90625,8.75,10.5],"rotation":0,"texture":"#0","tintindex":0},"down":{"uv":[0.59375,10.5625,0.5625,10.96875],"rotation":0,"texture":"#0","tintindex":0}}},{"from":[8.0,7.4443107,6.9734755],"to":[8.788571,8.627168,12.178047],"rotation":{"angle":-45.0,"axis":"x","origin":[8.0,8.035739,10.758618]},"faces":{"east":{"uv":[10.25,6.0,10.53125,6.0625],"rotation":0,"texture":"#0","tintindex":0},"south":{"uv":[7.09375,9.625,7.125,9.6875],"rotation":0,"texture":"#0","tintindex":0},"north":{"uv":[9.5,2.21875,9.53125,2.28125],"rotation":0,"texture":"#0","tintindex":0},"west":{"uv":[6.9375,6.34375,7.46875,6.40625],"rotation":0,"texture":"#0","tintindex":0},"up":{"uv":[8.9375,11.0,8.90625,10.71875],"rotation":0,"texture":"#0","tintindex":0},"down":{"uv":[0.53125,10.75,0.5,11.03125],"rotation":0,"texture":"#0","tintindex":0}}},{"from":[8.0,7.6257143,10.979712],"to":[8.788571,8.808572,17.761427],"rotation":{"angle":22.5,"axis":"x","origin":[8.0,8.217143,12.7934265]},"faces":{"east":{"uv":[10.0,0.1875,10.375,0.25],"rotation":0,"texture":"#0","tintindex":0},"south":{"uv":[3.6875,9.46875,3.71875,9.53125],"rotation":0,"texture":"#0","tintindex":0},"north":{"uv":[8.59375,9.375,8.625,9.4375],"rotation":0,"texture":"#0","tintindex":0},"west":{"uv":[6.9375,6.34375,7.46875,6.40625],"rotation":0,"texture":"#0","tintindex":0},"up":{"uv":[6.40625,11.0,6.375,10.625],"rotation":0,"texture":"#0","tintindex":0},"down":{"uv":[3.3125,10.65625,3.28125,11.03125],"rotation":0,"texture":"#0","tintindex":0}}},{"from":[8.0,2.0440125,-8.429712],"to":[8.788571,3.2268696,1.5062885],"rotation":{"angle":0.0,"axis":"y","origin":[5.634286,2.6354413,-12.924568]},"faces":{"east":{"uv":[9.46875,0.0,10.0,0.0625],"rotation":0,"texture":"#0","tintindex":0},"south":{"uv":[7.09375,9.71875,7.125,9.78125],"rotation":0,"texture":"#0","tintindex":0},"north":{"uv":[4.34375,9.71875,4.375,9.78125],"rotation":0,"texture":"#0","tintindex":0},"west":{"uv":[6.9375,6.34375,7.46875,6.40625],"rotation":0,"texture":"#0","tintindex":0},"up":{"uv":[4.375,10.65625,4.34375,10.125],"rotation":0,"texture":"#0","tintindex":0},"down":{"uv":[9.6875,10.125,9.65625,10.65625],"rotation":0,"texture":"#0","tintindex":0}}},{"from":[8.0,2.0440125,-16.0],"to":[8.788571,3.2268696,-8.429712],"rotation":{"angle":0.0,"axis":"y","origin":[5.634286,2.6354413,-12.60914]},"faces":{"east":{"uv":[9.8125,3.0625,10.21875,3.125],"rotation":0,"texture":"#0","tintindex":0},"south":{"uv":[0.625,9.8125,0.65625,9.875],"rotation":0,"texture":"#0","tintindex":0},"north":{"uv":[2.875,9.75,2.90625,9.8125],"rotation":0,"texture":"#0","tintindex":0},"west":{"uv":[9.8125,4.4375,10.21875,4.5],"rotation":0,"texture":"#0","tintindex":0},"up":{"uv":[1.5625,10.96875,1.53125,10.5625],"rotation":0,"texture":"#0","tintindex":0},"down":{"uv":[9.09375,10.5625,9.0625,10.96875],"rotation":0,"texture":"#0","tintindex":0}}}],"display":{"head":{"translation":[0.0,-6.4,-19.173706],"scale":[4.0,4.0,4.0]}}}