{"textures":{"0":"modelengine:entity/sleigh1"},"elements":[{"from":[8.0,3.4475045,0.9918318],"to":[8.788571,4.6303616,8.562119],"rotation":{"angle":-22.5,"axis":"x","origin":[8.0,4.038933,4.7769747]},"faces":{"east":{"uv":[9.625,7.59375,10.03125,7.65625],"rotation":0,"texture":"#0","tintindex":0},"south":{"uv":[6.5,9.03125,6.53125,9.09375],"rotation":0,"texture":"#0","tintindex":0},"north":{"uv":[5.3125,8.90625,5.34375,8.96875],"rotation":0,"texture":"#0","tintindex":0},"west":{"uv":[6.9375,6.34375,7.46875,6.40625],"rotation":0,"texture":"#0","tintindex":0},"up":{"uv":[0.40625,9.8125,0.375,9.40625],"rotation":0,"texture":"#0","tintindex":0},"down":{"uv":[9.625,10.4375,9.59375,10.84375],"rotation":0,"texture":"#0","tintindex":0}}},{"from":[8.0,7.4443107,6.9734755],"to":[8.788571,8.627168,12.178047],"rotation":{"angle":-45.0,"axis":"x","origin":[8.0,8.035739,10.758618]},"faces":{"east":{"uv":[10.15625,7.15625,10.4375,7.21875],"rotation":0,"texture":"#0","tintindex":0},"south":{"uv":[0.84375,9.34375,0.875,9.40625],"rotation":0,"texture":"#0","tintindex":0},"north":{"uv":[5.53125,9.25,5.5625,9.3125],"rotation":0,"texture":"#0","tintindex":0},"west":{"uv":[6.9375,6.34375,7.46875,6.40625],"rotation":0,"texture":"#0","tintindex":0},"up":{"uv":[6.40625,6.875,6.375,6.59375],"rotation":0,"texture":"#0","tintindex":0},"down":{"uv":[10.0625,10.6875,10.03125,10.96875],"rotation":0,"texture":"#0","tintindex":0}}},{"from":[8.0,2.0440125,-8.429712],"to":[8.788571,3.2268696,1.5062885],"rotation":{"angle":0.0,"axis":"y","origin":[5.634286,2.6354413,-12.924568]},"faces":{"east":{"uv":[6.9375,6.34375,7.46875,6.40625],"rotation":0,"texture":"#0","tintindex":0},"south":{"uv":[4.09375,8.59375,4.125,8.65625],"rotation":0,"texture":"#0","tintindex":0},"north":{"uv":[2.4375,8.34375,2.46875,8.40625],"rotation":0,"texture":"#0","tintindex":0},"west":{"uv":[6.9375,6.34375,7.46875,6.40625],"rotation":0,"texture":"#0","tintindex":0},"up":{"uv":[2.40625,9.21875,2.375,8.6875],"rotation":0,"texture":"#0","tintindex":0},"down":{"uv":[4.96875,10.03125,4.9375,10.5625],"rotation":0,"texture":"#0","tintindex":0}}},{"from":[8.0,2.0440125,-16.0],"to":[8.788571,3.2268696,-8.429712],"rotation":{"angle":0.0,"axis":"y","origin":[5.634286,2.6354413,-12.60914]},"faces":{"east":{"uv":[2.5,5.46875,2.90625,5.53125],"rotation":0,"texture":"#0","tintindex":0},"south":{"uv":[7.6875,3.65625,7.71875,3.71875],"rotation":0,"texture":"#0","tintindex":0},"north":{"uv":[3.53125,6.78125,3.5625,6.84375],"rotation":0,"texture":"#0","tintindex":0},"west":{"uv":[7.5625,4.25,7.96875,4.3125],"rotation":0,"texture":"#0","tintindex":0},"up":{"uv":[0.90625,5.53125,0.875,5.125],"rotation":0,"texture":"#0","tintindex":0},"down":{"uv":[2.09375,9.0625,2.0625,9.46875],"rotation":0,"texture":"#0","tintindex":0}}},{"from":[8.0,7.6257143,10.979712],"to":[8.788571,8.808572,17.761427],"rotation":{"angle":22.5,"axis":"x","origin":[8.0,8.217143,12.7934265]},"faces":{"east":{"uv":[7.71875,6.78125,8.09375,6.84375],"rotation":0,"texture":"#0","tintindex":0},"south":{"uv":[1.6875,9.375,1.71875,9.4375],"rotation":0,"texture":"#0","tintindex":0},"north":{"uv":[5.53125,9.34375,5.5625,9.40625],"rotation":0,"texture":"#0","tintindex":0},"west":{"uv":[6.9375,6.34375,7.46875,6.40625],"rotation":0,"texture":"#0","tintindex":0},"up":{"uv":[4.6875,10.96875,4.65625,10.59375],"rotation":0,"texture":"#0","tintindex":0},"down":{"uv":[0.25,10.625,0.21875,11.0],"rotation":0,"texture":"#0","tintindex":0}}}],"display":{"head":{"translation":[0.0,-6.4,-19.173706],"scale":[4.0,4.0,4.0]}}}