{"textures":{"0":"modelengine:entity/sleigh1"},"elements":[{"from":[8.0,7.6758475,4.6050286],"to":[8.46,8.365848,7.641029],"faces":{"east":{"uv":[10.25,6.0,10.53125,6.0625],"tintindex":0,"rotation":0,"texture":"#0"},"south":{"uv":[7.09375,9.625,7.125,9.6875],"tintindex":0,"rotation":0,"texture":"#0"},"north":{"uv":[9.5,2.21875,9.53125,2.28125],"tintindex":0,"rotation":0,"texture":"#0"},"west":{"uv":[6.9375,6.34375,7.46875,6.40625],"tintindex":0,"rotation":0,"texture":"#0"},"up":{"uv":[8.9375,11.0,8.90625,10.71875],"tintindex":0,"rotation":0,"texture":"#0"},"down":{"uv":[0.53125,10.75,0.5,11.03125],"tintindex":0,"rotation":0,"texture":"#0"}},"rotation":{"origin":[8.0,8.020847,6.813029],"angle":-45.0,"axis":"x"}},{"from":[8.0,5.344378,1.1157365],"to":[8.46,6.034378,5.531737],"faces":{"east":{"uv":[8.96875,9.78125,9.375,9.84375],"tintindex":0,"rotation":0,"texture":"#0"},"south":{"uv":[3.34375,9.6875,3.375,9.75],"tintindex":0,"rotation":0,"texture":"#0"},"north":{"uv":[9.6875,0.3125,9.71875,0.375],"tintindex":0,"rotation":0,"texture":"#0"},"west":{"uv":[6.9375,6.34375,7.46875,6.40625],"tintindex":0,"rotation":0,"texture":"#0"},"up":{"uv":[8.78125,10.90625,8.75,10.5],"tintindex":0,"rotation":0,"texture":"#0"},"down":{"uv":[0.59375,10.5625,0.5625,10.96875],"tintindex":0,"rotation":0,"texture":"#0"}},"rotation":{"origin":[8.0,5.689378,3.3237367],"angle":-22.5,"axis":"x"}},{"from":[8.0,4.525674,-4.380164],"to":[8.46,5.215674,1.4158363],"faces":{"east":{"uv":[9.46875,0.0,10.0,0.0625],"tintindex":0,"rotation":0,"texture":"#0"},"south":{"uv":[7.09375,9.71875,7.125,9.78125],"tintindex":0,"rotation":0,"texture":"#0"},"north":{"uv":[4.34375,9.71875,4.375,9.78125],"tintindex":0,"rotation":0,"texture":"#0"},"west":{"uv":[6.9375,6.34375,7.46875,6.40625],"tintindex":0,"rotation":0,"texture":"#0"},"up":{"uv":[4.375,10.65625,4.34375,10.125],"tintindex":0,"rotation":0,"texture":"#0"},"down":{"uv":[9.6875,10.125,9.65625,10.65625],"tintindex":0,"rotation":0,"texture":"#0"}}},{"from":[8.0,4.525674,-8.796165],"to":[8.46,5.215674,-4.380164],"faces":{"east":{"uv":[9.8125,3.0625,10.21875,3.125],"tintindex":0,"rotation":0,"texture":"#0"},"south":{"uv":[0.625,9.8125,0.65625,9.875],"tintindex":0,"rotation":0,"texture":"#0"},"north":{"uv":[2.875,9.75,2.90625,9.8125],"tintindex":0,"rotation":0,"texture":"#0"},"west":{"uv":[9.8125,4.4375,10.21875,4.5],"tintindex":0,"rotation":0,"texture":"#0"},"up":{"uv":[1.5625,10.96875,1.53125,10.5625],"tintindex":0,"rotation":0,"texture":"#0"},"down":{"uv":[9.09375,10.5625,9.0625,10.96875],"tintindex":0,"rotation":0,"texture":"#0"}}},{"from":[8.0,7.781667,6.942],"to":[8.46,8.471667,10.898001],"faces":{"east":{"uv":[10.0,0.1875,10.375,0.25],"tintindex":0,"rotation":0,"texture":"#0"},"south":{"uv":[3.6875,9.46875,3.71875,9.53125],"tintindex":0,"rotation":0,"texture":"#0"},"north":{"uv":[8.59375,9.375,8.625,9.4375],"tintindex":0,"rotation":0,"texture":"#0"},"west":{"uv":[6.9375,6.34375,7.46875,6.40625],"tintindex":0,"rotation":0,"texture":"#0"},"up":{"uv":[6.40625,11.0,6.375,10.625],"tintindex":0,"rotation":0,"texture":"#0"},"down":{"uv":[3.3125,10.65625,3.28125,11.03125],"tintindex":0,"rotation":0,"texture":"#0"}},"rotation":{"origin":[8.0,8.126667,8.0],"angle":22.5,"axis":"x"}}]}