{"textures":{"0":"modelengine:entity/sleigh1"},"elements":[{"from":[4.826,5.2059975,0.2995987],"to":[11.174,11.554001,15.700399],"faces":{"east":{"uv":[8.4375,5.25,8.90625,5.4375],"tintindex":0,"rotation":0,"texture":"#0"},"south":{"uv":[9.40625,7.46875,9.59375,7.65625],"tintindex":0,"rotation":0,"texture":"#0"},"north":{"uv":[6.90625,9.40625,7.09375,9.59375],"tintindex":0,"rotation":0,"texture":"#0"},"west":{"uv":[8.46875,0.0,8.9375,0.1875],"tintindex":0,"rotation":0,"texture":"#0"},"up":{"uv":[0.84375,7.0625,0.65625,6.59375],"tintindex":0,"rotation":0,"texture":"#0"},"down":{"uv":[4.3125,6.59375,4.125,7.0625],"tintindex":0,"rotation":0,"texture":"#0"}}},{"from":[4.55,7.551998,-0.2524004],"to":[11.45,9.208,16.2524],"faces":{"east":{"uv":[9.46875,1.6875,10.0,1.75],"tintindex":0,"rotation":0,"texture":"#0"},"south":{"uv":[9.53125,3.21875,9.75,3.28125],"tintindex":0,"rotation":0,"texture":"#0"},"north":{"uv":[10.15625,5.65625,10.46875,5.71875],"tintindex":0,"rotation":0,"texture":"#0"},"west":{"uv":[9.46875,1.78125,10.0,1.84375],"tintindex":0,"rotation":0,"texture":"#0"},"up":{"uv":[3.34375,8.28125,3.125,7.75],"tintindex":0,"rotation":0,"texture":"#0"},"down":{"uv":[5.34375,8.0,5.125,8.53125],"tintindex":0,"rotation":0,"texture":"#0"}}},{"from":[7.3100004,4.792,-0.11440086],"to":[8.69,11.967995,16.114399],"faces":{"east":{"uv":[2.5,8.21875,3.0,8.4375],"tintindex":0,"rotation":0,"texture":"#0"},"south":{"uv":[2.375,9.25,2.40625,9.46875],"tintindex":0,"rotation":0,"texture":"#0"},"north":{"uv":[10.0,10.15625,10.0625,10.46875],"tintindex":0,"rotation":0,"texture":"#0"},"west":{"uv":[0.0,8.3125,0.5,8.53125],"tintindex":0,"rotation":0,"texture":"#0"},"up":{"uv":[8.75,10.0,8.6875,9.46875],"tintindex":0,"rotation":0,"texture":"#0"},"down":{"uv":[1.6875,10.34375,1.65625,10.84375],"tintindex":0,"rotation":0,"texture":"#0"}}}]}