{"textures":{"0":"modelengine:entity/sleigh1"},"elements":[{"from":[4.0177145,4.8262854,3.5997715],"to":[10.799429,11.608,12.4002285],"rotation":{"angle":0.0,"axis":"y","origin":[-1.3051434,-18.334057,-8.504801]},"faces":{"east":{"uv":[6.5,0.4375,6.96875,0.8125],"rotation":0,"texture":"#0","tintindex":0},"south":{"uv":[7.34375,7.34375,7.71875,7.71875],"rotation":0,"texture":"#0","tintindex":0},"north":{"uv":[6.9375,7.34375,7.3125,7.71875],"rotation":0,"texture":"#0","tintindex":0},"west":{"uv":[4.6875,6.59375,5.15625,6.96875],"rotation":0,"texture":"#0","tintindex":0},"up":{"uv":[5.5625,7.0625,5.1875,6.59375],"rotation":0,"texture":"#0","tintindex":0},"down":{"uv":[5.96875,6.59375,5.59375,7.0625],"rotation":0,"texture":"#0","tintindex":0}}},{"from":[3.7022858,7.665143,3.2843423],"to":[11.114858,8.769143,12.715658],"rotation":{"angle":0.0,"axis":"y","origin":[-1.3051434,-18.334057,-8.504801]},"faces":{"east":{"uv":[9.46875,7.34375,10.0,7.40625],"rotation":0,"texture":"#0","tintindex":0},"south":{"uv":[9.8125,6.40625,10.21875,6.46875],"rotation":0,"texture":"#0","tintindex":0},"north":{"uv":[9.8125,6.3125,10.21875,6.375],"rotation":0,"texture":"#0","tintindex":0},"west":{"uv":[9.46875,7.6875,10.0,7.75],"rotation":0,"texture":"#0","tintindex":0},"up":{"uv":[5.96875,6.5625,5.5625,6.03125],"rotation":0,"texture":"#0","tintindex":0},"down":{"uv":[6.40625,6.03125,6.0,6.5625],"rotation":0,"texture":"#0","tintindex":0}}},{"from":[7.9605713,8.769143,3.2843423],"to":[9.222286,11.923429,12.715658],"rotation":{"angle":0.0,"axis":"y","origin":[-1.3051434,-18.334057,-8.504801]},"faces":{"east":{"uv":[8.375,0.75,8.90625,0.9375],"rotation":0,"texture":"#0","tintindex":0},"south":{"uv":[10.71875,6.78125,10.78125,6.96875],"rotation":0,"texture":"#0","tintindex":0},"north":{"uv":[1.0625,10.71875,1.125,10.90625],"rotation":0,"texture":"#0","tintindex":0},"west":{"uv":[8.375,2.4375,8.90625,2.625],"rotation":0,"texture":"#0","tintindex":0},"up":{"uv":[8.84375,10.0,8.78125,9.46875],"rotation":0,"texture":"#0","tintindex":0},"down":{"uv":[8.9375,9.46875,8.875,10.0],"rotation":0,"texture":"#0","tintindex":0}}},{"from":[7.9605713,4.510857,3.2843423],"to":[9.222286,7.665143,12.715658],"rotation":{"angle":0.0,"axis":"y","origin":[-1.3051434,-18.334057,-8.504801]},"faces":{"east":{"uv":[3.03125,8.375,3.5625,8.5625],"rotation":0,"texture":"#0","tintindex":0},"south":{"uv":[7.1875,10.71875,7.25,10.90625],"rotation":0,"texture":"#0","tintindex":0},"north":{"uv":[7.09375,10.71875,7.15625,10.90625],"rotation":0,"texture":"#0","tintindex":0},"west":{"uv":[3.59375,8.375,4.125,8.5625],"rotation":0,"texture":"#0","tintindex":0},"up":{"uv":[0.90625,10.03125,0.84375,9.5],"rotation":0,"texture":"#0","tintindex":0},"down":{"uv":[1.0,9.5,0.9375,10.03125],"rotation":0,"texture":"#0","tintindex":0}}}],"display":{"head":{"translation":[0.0,-6.4,0.0],"scale":[4.0,4.0,4.0]}}}