{"textures":{"0":"modelengine:entity/sleigh1"},"elements":[{"from":[4.0177145,4.8262854,3.5997715],"to":[10.799429,11.608,12.4002285],"rotation":{"angle":0.0,"axis":"y","origin":[-1.3051434,-18.334057,-8.504801]},"faces":{"east":{"uv":[3.09375,6.375,3.5625,6.75],"rotation":0,"texture":"#0","tintindex":0},"south":{"uv":[3.09375,7.34375,3.46875,7.71875],"rotation":0,"texture":"#0","tintindex":0},"north":{"uv":[5.375,7.25,5.75,7.625],"rotation":0,"texture":"#0","tintindex":0},"west":{"uv":[6.4375,6.03125,6.90625,6.40625],"rotation":0,"texture":"#0","tintindex":0},"up":{"uv":[6.8125,6.90625,6.4375,6.4375],"rotation":0,"texture":"#0","tintindex":0},"down":{"uv":[1.25,6.46875,0.875,6.9375],"rotation":0,"texture":"#0","tintindex":0}}},{"from":[3.7022858,7.665143,3.2843423],"to":[11.114858,8.769143,12.715658],"rotation":{"angle":0.0,"axis":"y","origin":[-1.3051434,-18.334057,-8.504801]},"faces":{"east":{"uv":[9.46875,2.96875,10.0,3.03125],"rotation":0,"texture":"#0","tintindex":0},"south":{"uv":[9.8125,5.5625,10.21875,5.625],"rotation":0,"texture":"#0","tintindex":0},"north":{"uv":[9.8125,4.53125,10.21875,4.59375],"rotation":0,"texture":"#0","tintindex":0},"west":{"uv":[9.46875,6.125,10.0,6.1875],"rotation":0,"texture":"#0","tintindex":0},"up":{"uv":[5.09375,6.5625,4.6875,6.03125],"rotation":0,"texture":"#0","tintindex":0},"down":{"uv":[5.53125,6.03125,5.125,6.5625],"rotation":0,"texture":"#0","tintindex":0}}},{"from":[7.9605713,8.769143,3.2843423],"to":[9.222286,11.923429,12.715658],"rotation":{"angle":0.0,"axis":"y","origin":[-1.3051434,-18.334057,-8.504801]},"faces":{"east":{"uv":[0.0,7.71875,0.53125,7.90625],"rotation":0,"texture":"#0","tintindex":0},"south":{"uv":[4.3125,10.6875,4.375,10.875],"rotation":0,"texture":"#0","tintindex":0},"north":{"uv":[5.90625,10.65625,5.96875,10.84375],"rotation":0,"texture":"#0","tintindex":0},"west":{"uv":[8.34375,1.0625,8.875,1.25],"rotation":0,"texture":"#0","tintindex":0},"up":{"uv":[4.46875,9.96875,4.40625,9.4375],"rotation":0,"texture":"#0","tintindex":0},"down":{"uv":[3.65625,9.46875,3.59375,10.0],"rotation":0,"texture":"#0","tintindex":0}}},{"from":[7.9605713,4.510857,3.2843423],"to":[9.222286,7.665143,12.715658],"rotation":{"angle":0.0,"axis":"y","origin":[-1.3051434,-18.334057,-8.504801]},"faces":{"east":{"uv":[1.53125,8.34375,2.0625,8.53125],"rotation":0,"texture":"#0","tintindex":0},"south":{"uv":[10.71875,0.0,10.78125,0.1875],"rotation":0,"texture":"#0","tintindex":0},"north":{"uv":[7.78125,10.6875,7.84375,10.875],"rotation":0,"texture":"#0","tintindex":0},"west":{"uv":[8.34375,5.5625,8.875,5.75],"rotation":0,"texture":"#0","tintindex":0},"up":{"uv":[4.0,10.0,3.9375,9.46875],"rotation":0,"texture":"#0","tintindex":0},"down":{"uv":[8.65625,9.46875,8.59375,10.0],"rotation":0,"texture":"#0","tintindex":0}}}],"display":{"head":{"translation":[0.0,-6.4,0.0],"scale":[4.0,4.0,4.0]}}}