{"textures":{"2":"modelengine:entity/banadeer"},"elements":[{"from":[6.1536045,8.107482,5.8813252],"to":[9.8463955,8.6614,9.943396],"rotation":{"angle":22.5,"axis":"x","origin":[8.0,12.351333,7.7952514]},"faces":{"east":{"uv":[6.875,3.75,7.125,3.8125],"rotation":0,"texture":"#2","tintindex":0},"south":{"uv":[3.875,6.875,4.125,6.9375],"rotation":0,"texture":"#2","tintindex":0},"north":{"uv":[6.875,3.5,7.125,3.5625],"rotation":0,"texture":"#2","tintindex":0},"west":{"uv":[6.875,4.0,7.125,4.0625],"rotation":0,"texture":"#2","tintindex":0},"up":{"uv":[5.75,1.375,5.5,1.125],"rotation":0,"texture":"#2","tintindex":0},"down":{"uv":[5.75,1.5,5.5,1.75],"rotation":0,"texture":"#2","tintindex":0}}},{"from":[6.5228834,8.364628,6.385382],"to":[9.477117,8.918547,8.416417],"rotation":{"angle":0.0,"axis":"y","origin":[8.0,10.901362,7.1946545]},"faces":{"east":{"uv":[6.25,7.375,6.375,7.4375],"rotation":0,"texture":"#2","tintindex":0},"south":{"uv":[7.375,4.75,7.5625,4.8125],"rotation":0,"texture":"#2","tintindex":0},"north":{"uv":[7.375,4.5,7.5625,4.5625],"rotation":0,"texture":"#2","tintindex":0},"west":{"uv":[0.0,7.5,0.125,7.5625],"rotation":0,"texture":"#2","tintindex":0},"up":{"uv":[6.8125,6.75,6.625,6.625],"rotation":0,"texture":"#2","tintindex":0},"down":{"uv":[1.6875,6.75,1.5,6.875],"rotation":0,"texture":"#2","tintindex":0}}}],"display":{"head":{"translation":[0.0,-6.4,0.0],"scale":[4.0,4.0,4.0]}}}