{"textures":{"2":"modelengine:entity/banadeer","3":"modelengine:entity/cafeori"},"elements":[{"from":[-0.2510996,-4.953539,-8.722282],"to":[16.20486,7.263706,1.0492706],"faces":{"east":{"uv":[3.375,6.0,4.625,7.5],"tintindex":0,"rotation":0,"texture":"#3"},"south":{"uv":[2.5,1.625,4.625,3.125],"tintindex":0,"rotation":0,"texture":"#3"},"north":{"uv":[2.5,0.0,4.625,1.5],"tintindex":0,"rotation":0,"texture":"#3"},"west":{"uv":[4.625,6.0,3.375,7.5],"tintindex":0,"rotation":0,"texture":"#3"},"up":{"uv":[4.625,4.5,2.5,3.25],"tintindex":0,"rotation":0,"texture":"#3"},"down":{"uv":[4.625,4.625,2.5,5.875],"tintindex":0,"rotation":0,"texture":"#3"}},"rotation":{"origin":[7.726881,1.1550827,-3.8365097],"angle":22.5,"axis":"x"}},{"from":[-0.07798004,-11.866074,-6.6436462],"to":[16.07798,5.9054832,7.573601],"faces":{"east":{"uv":[2.0,0.75,2.5625,1.4375],"tintindex":0,"rotation":0,"texture":"#2"},"south":{"uv":[0.75,1.75,1.375,2.4375],"tintindex":0,"rotation":0,"texture":"#2"},"north":{"uv":[0.0,1.75,0.625,2.4375],"tintindex":0,"rotation":0,"texture":"#2"},"west":{"uv":[2.5625,0.75,2.0,1.4375],"tintindex":0,"rotation":0,"texture":"#2"},"up":{"uv":[2.125,3.0625,1.5,2.5],"tintindex":0,"rotation":0,"texture":"#2"},"down":{"uv":[2.875,2.5,2.25,3.0625],"tintindex":0,"rotation":0,"texture":"#2"}}},{"from":[-0.19909939,-3.8640735,-10.641646],"to":[16.15286,5.9034834,-3.4283993],"faces":{"east":{"uv":[6.125,6.375,7.125,7.625],"tintindex":0,"rotation":0,"texture":"#3"},"south":{"uv":[4.75,1.375,6.875,2.625],"tintindex":0,"rotation":0,"texture":"#3"},"north":{"uv":[4.75,0.0,6.875,1.25],"tintindex":0,"rotation":0,"texture":"#3"},"west":{"uv":[7.125,6.375,6.125,7.625],"tintindex":0,"rotation":0,"texture":"#3"},"up":{"uv":[8.0,4.875,5.875,3.875],"tintindex":0,"rotation":0,"texture":"#3"},"down":{"uv":[3.25,6.0,1.125,7.0],"tintindex":0,"rotation":0,"texture":"#3"}},"rotation":{"origin":[7.676881,-2.9802952,0.46497345],"angle":-45.0,"axis":"x"}}]}