{"textures":{"2":"modelengine:entity/banadeer"},"elements":[{"from":[4.930368,2.9916515,3.96101],"to":[11.069633,15.270184,15.270184],"faces":{"east":{"uv":[3.625,1.875,4.0625,2.375],"tintindex":0,"rotation":0,"texture":"#2"},"south":{"uv":[3.625,1.875,4.0625,2.375],"tintindex":0,"rotation":0,"texture":"#2"},"north":{"uv":[3.625,1.875,4.0625,2.375],"tintindex":0,"rotation":0,"texture":"#2"},"west":{"uv":[3.625,1.875,4.0625,2.375],"tintindex":0,"rotation":0,"texture":"#2"},"up":{"uv":[3.625,1.875,4.0625,2.375],"tintindex":0,"rotation":0,"texture":"#2"},"down":{"uv":[3.625,1.875,4.0625,2.375],"tintindex":0,"rotation":0,"texture":"#2"}}}]}