{"textures":{"2":"modelengine:entity/banadeer"},"elements":[{"from":[6.6152034,2.5992932,5.184247],"to":[9.384796,7.9538403,7.9538403],"rotation":{"angle":0.0,"axis":"y","origin":[8.0,10.077195,6.5690436]},"faces":{"east":{"uv":[5.125,5.125,5.3125,5.5],"rotation":0,"texture":"#2","tintindex":0},"south":{"uv":[5.125,5.125,5.3125,5.5],"rotation":0,"texture":"#2","tintindex":0},"north":{"uv":[5.125,5.125,5.3125,5.5],"rotation":0,"texture":"#2","tintindex":0},"west":{"uv":[5.125,5.125,5.3125,5.5],"rotation":0,"texture":"#2","tintindex":0},"up":{"uv":[5.125,5.125,5.3125,5.5],"rotation":0,"texture":"#2","tintindex":0},"down":{"uv":[5.125,5.125,5.3125,5.5],"rotation":0,"texture":"#2","tintindex":0}}},{"from":[6.2459245,-0.35493946,4.999607],"to":[9.754076,2.9685721,8.138479],"rotation":{"angle":0.0,"axis":"y","origin":[14.370065,1.1221766,-2.385975]},"faces":{"east":{"uv":[5.875,5.375,6.0625,5.625],"rotation":0,"texture":"#2","tintindex":0},"south":{"uv":[4.5,5.5,4.75,5.75],"rotation":0,"texture":"#2","tintindex":0},"north":{"uv":[5.5,4.25,5.75,4.5],"rotation":0,"texture":"#2","tintindex":0},"west":{"uv":[5.625,5.875,5.8125,6.125],"rotation":0,"texture":"#2","tintindex":0},"up":{"uv":[6.25,2.0625,6.0,1.875],"rotation":0,"texture":"#2","tintindex":0},"down":{"uv":[5.875,5.375,6.0625,5.625],"rotation":0,"texture":"#2","tintindex":0}}},{"from":[6.4305634,-0.5878,4.144288],"to":[9.569436,2.3664331,5.6214046],"rotation":{"angle":22.5,"axis":"x","origin":[8.0,0.7046766,5.898364]},"faces":{"east":{"uv":[5.0,6.75,5.125,6.9375],"rotation":0,"texture":"#2","tintindex":0},"south":{"uv":[0.375,6.5,0.5625,6.6875],"rotation":0,"texture":"#2","tintindex":0},"north":{"uv":[6.5,0.0,6.6875,0.1875],"rotation":0,"texture":"#2","tintindex":0},"west":{"uv":[6.75,5.5,6.875,5.6875],"rotation":0,"texture":"#2","tintindex":0},"up":{"uv":[6.4375,6.875,6.25,6.75],"rotation":0,"texture":"#2","tintindex":0},"down":{"uv":[0.1875,6.875,0.0,7.0],"rotation":0,"texture":"#2","tintindex":0}}}],"display":{"head":{"translation":[0.0,-6.4,0.0],"scale":[4.0,4.0,4.0]}}}