{"textures":{"2":"modelengine:entity/banadeer","3":"modelengine:entity/cafeori"},"elements":[{"from":[-0.72421837,3.809681,-3.9855156],"to":[16.724218,21.258118,7.6467743],"faces":{"east":{"uv":[0.0,2.625,0.4375,3.3125],"tintindex":0,"rotation":0,"texture":"#2"},"south":{"uv":[1.125,0.875,1.8125,1.5625],"tintindex":0,"rotation":0,"texture":"#2"},"north":{"uv":[1.125,0.0,1.8125,0.6875],"tintindex":0,"rotation":0,"texture":"#2"},"west":{"uv":[0.4375,2.625,0.0,3.3125],"tintindex":0,"rotation":0,"texture":"#2"},"up":{"uv":[3.4375,0.4375,2.75,0.0],"tintindex":0,"rotation":0,"texture":"#2"},"down":{"uv":[3.4375,0.625,2.75,1.0625],"tintindex":0,"rotation":0,"texture":"#2"}}},{"from":[-1.4242182,15.85812,-3.9855156],"to":[17.424217,22.206558,4.4467735],"faces":{"east":{"uv":[3.5,6.0,4.5540366,6.793555],"tintindex":0,"rotation":0,"texture":"#3"},"south":{"uv":[0.0,2.5,2.375,4.875],"tintindex":0,"rotation":0,"texture":"#3"},"north":{"uv":[0.0,0.0,2.375,2.375],"tintindex":0,"rotation":0,"texture":"#3"},"west":{"uv":[4.5540366,6.0,3.5,6.793555],"tintindex":0,"rotation":0,"texture":"#3"},"up":{"uv":[7.125,6.25,4.75,5.25],"tintindex":0,"rotation":0,"texture":"#3"},"down":{"uv":[4.75,6.25,7.125,5.25],"tintindex":0,"rotation":0,"texture":"#3"}}},{"from":[-1.4242182,3.5096817,-3.9855156],"to":[17.424217,15.85812,4.4467735],"faces":{"east":{"uv":[3.5,6.0,4.5540366,7.481055],"tintindex":0,"rotation":0,"texture":"#3"},"south":{"uv":[0.0,2.5,2.375,4.875],"tintindex":0,"rotation":0,"texture":"#3"},"north":{"uv":[0.0,0.0,2.375,2.375],"tintindex":0,"rotation":0,"texture":"#3"},"west":{"uv":[4.5540366,6.0,3.5,7.481055],"tintindex":0,"rotation":0,"texture":"#3"},"up":{"uv":[7.125,6.25,4.75,5.25],"tintindex":0,"rotation":0,"texture":"#3"},"down":{"uv":[8.25,2.75,5.875,3.75],"tintindex":0,"rotation":0,"texture":"#3"}}}]}