{"textures":{"1":"minecraft:item/em_cakes/em_redvelvet_cake"},"elements":[{"from":[13.99564,8.893297,10.185006],"to":[14.18764,10.525297,12.777006],"rotation":{"angle":45.0,"axis":"x","origin":[14.57164,9.709297,11.961006]},"faces":{"east":{"uv":[1.875,11.625,2.625,12.125],"rotation":0,"texture":"#1","tintindex":0},"south":{"uv":[7.375,12.625,7.5,13.125],"rotation":0,"texture":"#1","tintindex":0},"north":{"uv":[7.625,12.625,7.75,13.125],"rotation":0,"texture":"#1","tintindex":0},"west":{"uv":[11.625,11.375,12.375,11.875],"rotation":0,"texture":"#1","tintindex":0},"up":{"uv":[0.75,12.125,0.0,12.0],"rotation":90,"texture":"#1","tintindex":0},"down":{"uv":[1.625,12.0,0.875,12.125],"rotation":270,"texture":"#1","tintindex":0}}},{"from":[14.121,9.941,15.2842865],"to":[15.561,9.941,16.244286],"rotation":{"angle":-22.5,"axis":"z","origin":[14.241,9.941,15.764286]},"faces":{"east":{"uv":[13.5,7.0,13.75,7.0],"rotation":0,"texture":"#1","tintindex":0},"south":{"uv":[13.5,10.125,13.875,10.125],"rotation":0,"texture":"#1","tintindex":0},"north":{"uv":[13.0,10.25,13.375,10.25],"rotation":0,"texture":"#1","tintindex":0},"west":{"uv":[13.5,10.25,13.75,10.25],"rotation":0,"texture":"#1","tintindex":0},"up":{"uv":[0.375,12.75,0.0,12.5],"rotation":0,"texture":"#1","tintindex":0},"down":{"uv":[12.875,0.0,12.5,0.25],"rotation":0,"texture":"#1","tintindex":0}}},{"from":[13.161,8.501,16.244286],"to":[14.121,9.941,16.244286],"rotation":{"angle":-45.0,"axis":"x","origin":[13.641001,9.941,16.244286]},"faces":{"east":{"uv":[13.625,4.125,14.0,4.125],"rotation":270,"texture":"#1","tintindex":0},"south":{"uv":[12.75,0.75,12.5,0.375],"rotation":0,"texture":"#1","tintindex":0},"north":{"uv":[0.75,12.5,0.5,12.875],"rotation":180,"texture":"#1","tintindex":0},"west":{"uv":[2.25,13.75,2.625,13.75],"rotation":90,"texture":"#1","tintindex":0},"up":{"uv":[13.5,13.25,13.75,13.25],"rotation":180,"texture":"#1","tintindex":0},"down":{"uv":[13.625,4.25,13.875,4.25],"rotation":0,"texture":"#1","tintindex":0}}},{"from":[10.803,8.933001,8.624286],"to":[11.283,9.893,16.304287],"rotation":{"angle":0.0,"axis":"y","origin":[12.72,9.440001,13.0342865]},"faces":{"east":{"uv":[0.25,6.25,0.0,4.25],"rotation":90,"texture":"#1","tintindex":0},"south":{"uv":[12.625,12.0,12.875,12.125],"rotation":90,"texture":"#1","tintindex":0},"north":{"uv":[11.75,10.375,12.0,10.5],"rotation":270,"texture":"#1","tintindex":0},"west":{"uv":[6.25,0.0,4.25,2.0],"rotation":90,"texture":"#1","tintindex":0},"up":{"uv":[2.75,12.125,4.75,12.25],"rotation":90,"texture":"#1","tintindex":0},"down":{"uv":[2.75,11.875,4.75,12.0],"rotation":90,"texture":"#1","tintindex":0}}},{"from":[12.509668,10.520263,9.152286],"to":[13.373669,11.384263,10.016286],"rotation":{"angle":-45.0,"axis":"z","origin":[12.318001,9.374001,13.0342865]},"faces":{"east":{"uv":[13.0,2.125,13.25,2.375],"rotation":0,"texture":"#1","tintindex":0},"south":{"uv":[13.0,2.5,13.25,2.75],"rotation":0,"texture":"#1","tintindex":0},"north":{"uv":[1.625,13.0,1.875,13.25],"rotation":0,"texture":"#1","tintindex":0},"west":{"uv":[13.0,4.375,13.25,4.625],"rotation":0,"texture":"#1","tintindex":0},"up":{"uv":[13.25,5.0,13.0,4.75],"rotation":0,"texture":"#1","tintindex":0},"down":{"uv":[8.375,13.0,8.125,13.25],"rotation":0,"texture":"#1","tintindex":0}}},{"from":[11.187,8.957,9.0082855],"to":[12.339001,9.869,15.920286],"rotation":{"angle":0.0,"axis":"y","origin":[12.72,9.440001,13.0342865]},"faces":{"east":{"uv":[2.0,10.25,1.875,8.5],"rotation":90,"texture":"#1","tintindex":0},"south":{"uv":[11.25,6.0,11.375,6.25],"rotation":90,"texture":"#1","tintindex":0},"north":{"uv":[11.25,6.0,11.4375,6.25],"rotation":270,"texture":"#1","tintindex":0},"west":{"uv":[10.25,1.875,8.5,3.625],"rotation":90,"texture":"#1","tintindex":0},"up":{"uv":[7.875,11.375,9.625,11.625],"rotation":90,"texture":"#1","tintindex":0},"down":{"uv":[11.25,6.375,13.0,6.625],"rotation":90,"texture":"#1","tintindex":0}}},{"from":[12.243,8.933001,8.624286],"to":[14.163,9.893,16.304287],"rotation":{"angle":0.0,"axis":"y","origin":[12.72,9.440001,13.0342865]},"faces":{"east":{"uv":[2.375,6.25,2.125,4.25],"rotation":90,"texture":"#1","tintindex":0},"south":{"uv":[9.25,9.125,9.5,9.625],"rotation":90,"texture":"#1","tintindex":0},"north":{"uv":[7.5,8.5,7.75,9.0],"rotation":270,"texture":"#1","tintindex":0},"west":{"uv":[6.25,2.125,4.25,4.125],"rotation":90,"texture":"#1","tintindex":0},"up":{"uv":[9.625,8.125,11.625,8.625],"rotation":90,"texture":"#1","tintindex":0},"down":{"uv":[8.5,7.5,10.5,8.0],"rotation":90,"texture":"#1","tintindex":0}}},{"from":[14.097955,8.9954,13.952286],"to":[14.961954,9.8594,14.816286],"rotation":{"angle":22.5,"axis":"z","origin":[12.72,9.440001,13.994286]},"faces":{"east":{"uv":[9.125,12.875,8.875,12.625],"rotation":90,"texture":"#1","tintindex":0},"south":{"uv":[8.5,12.625,8.75,12.875],"rotation":90,"texture":"#1","tintindex":0},"north":{"uv":[6.0,10.75,6.25,11.0],"rotation":270,"texture":"#1","tintindex":0},"west":{"uv":[12.875,8.875,12.625,9.125],"rotation":90,"texture":"#1","tintindex":0},"up":{"uv":[12.625,8.5,12.875,8.75],"rotation":90,"texture":"#1","tintindex":0},"down":{"uv":[8.125,12.625,8.375,12.875],"rotation":90,"texture":"#1","tintindex":0}}}],"display":{"head":{"translation":[0.0,-6.4,0.0],"scale":[4.0,4.0,4.0]}}}