{"textures":{"0":"modelengine:entity/stone_minion"},"elements":[{"from":[6.825522,5.89355,2.2859998],"to":[9.111237,8.750693,3.4288564],"rotation":{"angle":0.0,"axis":"y","origin":[6.4300632,9.186597,6.571714]},"faces":{"east":{"uv":[4.625,6.125,4.875,6.75],"rotation":0,"texture":"#0","tintindex":0},"south":{"uv":[6.375,1.625,6.875,2.25],"rotation":0,"texture":"#0","tintindex":0},"north":{"uv":[6.375,0.875,6.875,1.5],"rotation":0,"texture":"#0","tintindex":0},"west":{"uv":[6.375,4.875,6.625,5.5],"rotation":0,"texture":"#0","tintindex":0},"up":{"uv":[5.5,6.625,5.0,6.375],"rotation":0,"texture":"#0","tintindex":0},"down":{"uv":[6.875,5.625,6.375,5.875],"rotation":0,"texture":"#0","tintindex":0}}},{"from":[3.968379,12.236408,3.4288564],"to":[11.96838,12.236408,9.714571],"rotation":{"angle":0.0,"axis":"y","origin":[6.4300632,9.186597,6.571714]},"faces":{"east":{"uv":[6.625,6.25,8.0,6.25],"rotation":0,"texture":"#0","tintindex":0},"south":{"uv":[6.375,6.625,8.125,6.625],"rotation":0,"texture":"#0","tintindex":0},"north":{"uv":[6.625,6.125,8.375,6.125],"rotation":0,"texture":"#0","tintindex":0},"west":{"uv":[6.625,6.375,8.0,6.375],"rotation":0,"texture":"#0","tintindex":0},"up":{"uv":[1.75,4.375,0.0,3.0],"rotation":0,"texture":"#0","tintindex":0},"down":{"uv":[1.75,3.0,0.0,4.375],"rotation":0,"texture":"#0","tintindex":0}}},{"from":[3.968379,11.4284525,1.4782815],"to":[11.96838,11.4284525,3.7639956],"rotation":{"angle":-45.0,"axis":"x","origin":[7.9683795,11.4284525,2.6211386]},"faces":{"east":{"uv":[0.125,6.75,0.625,6.75],"rotation":0,"texture":"#0","tintindex":0},"south":{"uv":[1.5,6.75,3.25,6.75],"rotation":0,"texture":"#0","tintindex":0},"north":{"uv":[6.625,6.5,8.375,6.5],"rotation":0,"texture":"#0","tintindex":0},"west":{"uv":[0.75,6.75,1.25,6.75],"rotation":0,"texture":"#0","tintindex":0},"up":{"uv":[5.5,3.5,3.75,3.0],"rotation":0,"texture":"#0","tintindex":0},"down":{"uv":[5.5,3.0,3.75,3.5],"rotation":0,"texture":"#0","tintindex":0}}},{"from":[3.968379,14.641847,7.3799095],"to":[11.96838,14.641847,9.665624],"rotation":{"angle":45.0,"axis":"x","origin":[6.4300632,10.621512,5.6436186]},"faces":{"east":{"uv":[3.375,6.75,3.875,6.75],"rotation":0,"texture":"#0","tintindex":0},"south":{"uv":[6.75,5.0,8.5,5.0],"rotation":0,"texture":"#0","tintindex":0},"north":{"uv":[6.75,4.875,8.5,4.875],"rotation":0,"texture":"#0","tintindex":0},"west":{"uv":[5.0,6.75,5.5,6.75],"rotation":0,"texture":"#0","tintindex":0},"up":{"uv":[5.5,4.75,3.75,4.25],"rotation":0,"texture":"#0","tintindex":0},"down":{"uv":[5.5,4.25,3.75,4.75],"rotation":0,"texture":"#0","tintindex":0}}},{"from":[3.973154,14.120499,3.4288564],"to":[6.258868,14.120499,9.714571],"rotation":{"angle":45.0,"axis":"z","origin":[7.3879232,10.41416,6.571714]},"faces":{"east":{"uv":[6.75,5.25,8.125,5.25],"rotation":0,"texture":"#0","tintindex":0},"south":{"uv":[6.75,5.375,7.25,5.375],"rotation":0,"texture":"#0","tintindex":0},"north":{"uv":[6.75,5.125,7.25,5.125],"rotation":0,"texture":"#0","tintindex":0},"west":{"uv":[6.75,5.5,8.125,5.5],"rotation":0,"texture":"#0","tintindex":0},"up":{"uv":[0.5,6.5,0.0,5.125],"rotation":0,"texture":"#0","tintindex":0},"down":{"uv":[0.5,5.125,0.0,6.5],"rotation":0,"texture":"#0","tintindex":0}}},{"from":[5.5903463,11.78953,6.9180374],"to":[7.8760605,15.78953,6.9180374],"rotation":{"angle":22.5,"axis":"z","origin":[6.2540936,9.186597,6.571714]},"faces":{"east":{"uv":[0.75,6.875,0.75,7.75],"rotation":0,"texture":"#0","tintindex":0},"south":{"uv":[2.375,5.75,1.875,6.625],"rotation":0,"texture":"#0","tintindex":0},"north":{"uv":[1.875,5.75,2.375,6.625],"rotation":0,"texture":"#0","tintindex":0},"west":{"uv":[0.875,6.875,0.875,7.75],"rotation":0,"texture":"#0","tintindex":0},"up":{"uv":[3.5,6.875,3.0,6.875],"rotation":0,"texture":"#0","tintindex":0},"down":{"uv":[5.125,6.875,4.625,6.875],"rotation":0,"texture":"#0","tintindex":0}}},{"from":[6.0781355,12.236408,3.6755705],"to":[10.649564,14.522121,3.6755705],"rotation":{"angle":-22.5,"axis":"y","origin":[6.2540936,9.186597,6.571714]},"faces":{"east":{"uv":[1.0,6.875,1.0,7.375],"rotation":0,"texture":"#0","tintindex":0},"south":{"uv":[6.25,0.0,5.25,0.5],"rotation":0,"texture":"#0","tintindex":0},"north":{"uv":[5.25,0.0,6.25,0.5],"rotation":0,"texture":"#0","tintindex":0},"west":{"uv":[1.125,6.875,1.125,7.375],"rotation":0,"texture":"#0","tintindex":0},"up":{"uv":[6.75,6.875,5.75,6.875],"rotation":0,"texture":"#0","tintindex":0},"down":{"uv":[7.875,6.875,6.875,6.875],"rotation":0,"texture":"#0","tintindex":0}}},{"from":[9.278067,8.091951,8.947999],"to":[13.849495,10.377666,8.947999],"rotation":{"angle":45.0,"axis":"z","origin":[6.2540936,9.186597,6.571714]},"faces":{"east":{"uv":[1.25,6.875,1.25,7.375],"rotation":0,"texture":"#0","tintindex":0},"south":{"uv":[6.25,1.25,5.25,1.75],"rotation":0,"texture":"#0","tintindex":0},"north":{"uv":[5.25,1.25,6.25,1.75],"rotation":0,"texture":"#0","tintindex":0},"west":{"uv":[3.625,6.875,3.625,7.375],"rotation":0,"texture":"#0","tintindex":0},"up":{"uv":[8.0,0.0,7.0,0.0],"rotation":0,"texture":"#0","tintindex":0},"down":{"uv":[8.0,0.125,7.0,0.125],"rotation":0,"texture":"#0","tintindex":0}}},{"from":[9.67789,14.120499,3.4288564],"to":[11.963604,14.120499,9.714571],"rotation":{"angle":-45.0,"axis":"z","origin":[8.548835,10.41416,6.571714]},"faces":{"east":{"uv":[8.125,5.5,6.75,5.5],"rotation":0,"texture":"#0","tintindex":0},"south":{"uv":[7.25,5.375,6.75,5.375],"rotation":0,"texture":"#0","tintindex":0},"north":{"uv":[7.25,5.125,6.75,5.125],"rotation":0,"texture":"#0","tintindex":0},"west":{"uv":[8.125,5.25,6.75,5.25],"rotation":0,"texture":"#0","tintindex":0},"up":{"uv":[0.0,6.5,0.5,5.125],"rotation":0,"texture":"#0","tintindex":0},"down":{"uv":[0.0,5.125,0.5,6.5],"rotation":0,"texture":"#0","tintindex":0}}},{"from":[3.968379,5.89355,3.4288564],"to":[11.96838,12.179264,9.714571],"rotation":{"angle":0.0,"axis":"y","origin":[6.4300632,9.186597,6.571714]},"faces":{"east":{"uv":[3.75,0.0,5.125,1.375],"rotation":0,"texture":"#0","tintindex":0},"south":{"uv":[0.0,1.5,1.75,2.875],"rotation":0,"texture":"#0","tintindex":0},"north":{"uv":[0.0,0.0,1.75,1.375],"rotation":0,"texture":"#0","tintindex":0},"west":{"uv":[3.75,1.5,5.125,2.875],"rotation":0,"texture":"#0","tintindex":0},"up":{"uv":[3.625,1.375,1.875,0.0],"rotation":0,"texture":"#0","tintindex":0},"down":{"uv":[3.625,1.5,1.875,2.875],"rotation":0,"texture":"#0","tintindex":0}}}],"display":{"head":{"translation":[0.0,-6.4,0.0],"scale":[4.0,4.0,4.0]}}}