{"textures":{"1":"modelengine:entity/elephantsaddle1"},"elements":[{"from":[7.6552,-1.7924709,6.5837564],"to":[8.6128,-0.1880703,7.960517],"faces":{"east":{"uv":[14.875,5.875,15.5625,6.5625],"tintindex":0,"rotation":0,"texture":"#1"},"south":{"uv":[14.3125,4.5625,15.1875,5.1875],"tintindex":0,"rotation":0,"texture":"#1"},"north":{"uv":[14.3125,4.5625,15.1875,5.1875],"tintindex":0,"rotation":0,"texture":"#1"},"west":{"uv":[14.875,5.875,15.5625,6.5625],"tintindex":0,"rotation":0,"texture":"#1"},"up":{"uv":[14.3125,4.5625,15.1875,5.1875],"tintindex":0,"rotation":0,"texture":"#1"},"down":{"uv":[14.875,5.875,15.375,6.75],"tintindex":0,"rotation":0,"texture":"#1"}},"rotation":{"origin":[8.134,-0.82227135,5.886137],"angle":45.0,"axis":"x"}},{"from":[7.5880003,-3.7720013,7.6280003],"to":[8.722,-3.7720013,8.048],"faces":{"east":{"uv":[14.3125,4.5625,15.1875,5.1875],"tintindex":0,"rotation":0,"texture":"#1"},"south":{"uv":[14.3125,4.5625,15.1875,5.1875],"tintindex":0,"rotation":0,"texture":"#1"},"north":{"uv":[14.3125,4.5625,15.1875,5.1875],"tintindex":0,"rotation":0,"texture":"#1"},"west":{"uv":[14.3125,4.5625,15.1875,5.1875],"tintindex":0,"rotation":0,"texture":"#1"},"up":{"uv":[15.0625,3.5,15.9375,3.8125],"tintindex":0,"rotation":0,"texture":"#1"},"down":{"uv":[15.0625,3.5,15.9375,3.8125],"tintindex":0,"rotation":0,"texture":"#1"}},"rotation":{"origin":[8.155,-3.7720013,7.8380003],"angle":22.5,"axis":"x"}},{"from":[7.4872,-3.8652,7.97244],"to":[8.7808,-3.0168,8.3412],"faces":{"east":{"uv":[13.857142,5.857143,14.142858,6.571429],"tintindex":0,"rotation":0,"texture":"#1"},"south":{"uv":[13.857142,5.857143,14.285714,6.428571],"tintindex":0,"rotation":0,"texture":"#1"},"north":{"uv":[14.3125,4.5625,15.1875,5.1875],"tintindex":0,"rotation":0,"texture":"#1"},"west":{"uv":[13.857142,5.857143,14.142858,6.571429],"tintindex":0,"rotation":0,"texture":"#1"},"up":{"uv":[14.142858,5.714286,15.0,5.857143],"tintindex":0,"rotation":0,"texture":"#1"},"down":{"uv":[14.142858,5.714286,15.0,5.857143],"tintindex":0,"rotation":0,"texture":"#1"}}},{"from":[7.55,7.25,7.3500004],"to":[8.35,8.15,8.05],"faces":{"east":{"uv":[3.375,7.75,3.5,8.625],"tintindex":0,"rotation":0,"texture":"#1"},"south":{"uv":[3.375,7.75,3.5,8.625],"tintindex":0,"rotation":0,"texture":"#1"},"north":{"uv":[3.375,7.75,3.5,8.625],"tintindex":0,"rotation":0,"texture":"#1"},"west":{"uv":[3.375,7.75,3.5,8.625],"tintindex":0,"rotation":0,"texture":"#1"},"up":{"uv":[3.375,7.75,3.5,8.625],"tintindex":0,"rotation":0,"texture":"#1"},"down":{"uv":[3.375,7.75,3.5,8.625],"tintindex":0,"rotation":0,"texture":"#1"}},"rotation":{"origin":[7.9750004,7.799999,7.7],"angle":22.5,"axis":"z"}},{"from":[7.6552,0.16479874,7.3844404],"to":[8.5708,2.6111984,8.6772],"faces":{"east":{"uv":[14.3125,4.5625,15.1875,5.1875],"tintindex":0,"rotation":0,"texture":"#1"},"south":{"uv":[14.142858,5.714286,15.0,5.857143],"tintindex":0,"rotation":0,"texture":"#1"},"north":{"uv":[14.3125,4.5625,15.1875,5.1875],"tintindex":0,"rotation":0,"texture":"#1"},"west":{"uv":[12.0625,5.1875,12.9375,5.8125],"tintindex":0,"rotation":270,"texture":"#1"},"up":{"uv":[14.3125,4.5625,15.1875,5.1875],"tintindex":0,"rotation":0,"texture":"#1"},"down":{"uv":[14.3125,4.5625,15.1875,5.1875],"tintindex":0,"rotation":0,"texture":"#1"}},"rotation":{"origin":[8.218,0.8009987,8.93382],"angle":-22.5,"axis":"x"}},{"from":[8.134,-2.1240005,9.342],"to":[8.134,0.2859993,11.988],"faces":{"east":{"uv":[12.1875,4.125,13.625,3.4375],"tintindex":0,"rotation":0,"texture":"#1"},"south":{"uv":[14.3125,4.5625,15.1875,5.1875],"tintindex":0,"rotation":0,"texture":"#1"},"north":{"uv":[14.3125,4.5625,15.1875,5.1875],"tintindex":0,"rotation":0,"texture":"#1"},"west":{"uv":[12.1875,3.4375,13.625,4.125],"tintindex":0,"rotation":0,"texture":"#1"},"up":{"uv":[14.3125,4.5625,15.1875,5.1875],"tintindex":0,"rotation":0,"texture":"#1"},"down":{"uv":[14.3125,4.5625,15.1875,5.1875],"tintindex":0,"rotation":0,"texture":"#1"}}},{"from":[7.4851,-3.3192005,6.4604406],"to":[8.7829,-2.344801,7.4592],"faces":{"east":{"uv":[15.0,6.3125,15.75,6.875],"tintindex":0,"rotation":0,"texture":"#1"},"south":{"uv":[14.3125,4.5625,15.1875,5.1875],"tintindex":0,"rotation":0,"texture":"#1"},"north":{"uv":[15.0,6.3125,15.75,6.875],"tintindex":0,"rotation":0,"texture":"#1"},"west":{"uv":[15.0,6.3125,15.75,6.875],"tintindex":0,"rotation":0,"texture":"#1"},"up":{"uv":[14.3125,4.5625,15.1875,5.1875],"tintindex":0,"rotation":0,"texture":"#1"},"down":{"uv":[14.3125,4.5625,15.1875,5.1875],"tintindex":0,"rotation":0,"texture":"#1"}},"rotation":{"origin":[8.134,-2.4540005,7.0438204],"angle":-22.5,"axis":"x"}},{"from":[7.4872,-3.6972008,7.1324406],"to":[8.7808,-2.8488007,8.0472],"faces":{"east":{"uv":[15.0,6.3125,15.75,6.875],"tintindex":0,"rotation":0,"texture":"#1"},"south":{"uv":[14.3125,4.5625,15.1875,5.1875],"tintindex":0,"rotation":0,"texture":"#1"},"north":{"uv":[15.0,6.3125,15.75,6.875],"tintindex":0,"rotation":0,"texture":"#1"},"west":{"uv":[15.0,6.3125,15.75,6.875],"tintindex":0,"rotation":0,"texture":"#1"},"up":{"uv":[14.3125,4.5625,15.1875,5.1875],"tintindex":0,"rotation":0,"texture":"#1"},"down":{"uv":[14.3125,4.5625,15.1875,5.1875],"tintindex":0,"rotation":0,"texture":"#1"}},"rotation":{"origin":[8.134,-2.8320007,7.54782],"angle":22.5,"axis":"x"}},{"from":[8.134,0.73799896,5.46],"to":[8.134,3.132,7.5180006],"faces":{"east":{"uv":[13.8125,1.6875,15.1875,2.375],"tintindex":0,"rotation":180,"texture":"#1"},"south":{"uv":[14.3125,4.5625,15.1875,5.1875],"tintindex":0,"rotation":0,"texture":"#1"},"north":{"uv":[14.3125,4.5625,15.1875,5.1875],"tintindex":0,"rotation":0,"texture":"#1"},"west":{"uv":[13.8125,1.6875,15.1875,2.375],"tintindex":0,"rotation":270,"texture":"#1"},"up":{"uv":[14.3125,4.5625,15.1875,5.1875],"tintindex":0,"rotation":0,"texture":"#1"},"down":{"uv":[14.3125,4.5625,15.1875,5.1875],"tintindex":0,"rotation":0,"texture":"#1"}},"rotation":{"origin":[8.134,1.809,6.573],"angle":-45.0,"axis":"x"}},{"from":[8.134,-0.7520008,8.064],"to":[8.134,2.1419983,10.122],"faces":{"east":{"uv":[13.8125,2.4375,15.25,1.6875],"tintindex":0,"rotation":270,"texture":"#1"},"south":{"uv":[14.3125,4.5625,15.1875,5.1875],"tintindex":0,"rotation":0,"texture":"#1"},"north":{"uv":[14.3125,4.5625,15.1875,5.1875],"tintindex":0,"rotation":0,"texture":"#1"},"west":{"uv":[13.8125,1.6875,15.25,2.4375],"tintindex":0,"rotation":270,"texture":"#1"},"up":{"uv":[14.3125,4.5625,15.1875,5.1875],"tintindex":0,"rotation":0,"texture":"#1"},"down":{"uv":[14.3125,4.5625,15.1875,5.1875],"tintindex":0,"rotation":0,"texture":"#1"}},"rotation":{"origin":[8.134,0.31899834,9.177],"angle":22.5,"axis":"x"}},{"from":[7.6552,-1.7924709,5.197757],"to":[8.6128,-0.1880703,6.5745163],"faces":{"east":{"uv":[14.875,5.875,15.5625,6.5625],"tintindex":0,"rotation":0,"texture":"#1"},"south":{"uv":[14.3125,4.5625,15.1875,5.1875],"tintindex":0,"rotation":0,"texture":"#1"},"north":{"uv":[14.875,5.875,15.375,6.75],"tintindex":0,"rotation":0,"texture":"#1"},"west":{"uv":[14.875,5.875,15.5625,6.5625],"tintindex":0,"rotation":0,"texture":"#1"},"up":{"uv":[14.3125,4.5625,15.1875,5.1875],"tintindex":0,"rotation":0,"texture":"#1"},"down":{"uv":[14.875,5.875,15.375,6.75],"tintindex":0,"rotation":0,"texture":"#1"}},"rotation":{"origin":[8.134,-0.82227135,5.886137],"angle":45.0,"axis":"x"}},{"from":[8.134,-1.1200008,3.4680004],"to":[8.134,1.434,5.6100006],"faces":{"east":{"uv":[13.714286,3.4285715,12.0,4.142857],"tintindex":0,"rotation":90,"texture":"#1"},"south":{"uv":[15.125,0.1875,16.0,0.8125],"tintindex":0,"rotation":0,"texture":"#1"},"north":{"uv":[15.125,0.1875,16.0,0.8125],"tintindex":0,"rotation":180,"texture":"#1"},"west":{"uv":[12.0625,3.4375,13.6875,4.125],"tintindex":0,"rotation":270,"texture":"#1"},"up":{"uv":[15.125,0.1875,16.0,0.8125],"tintindex":0,"rotation":0,"texture":"#1"},"down":{"uv":[15.125,0.1875,16.0,0.8125],"tintindex":0,"rotation":180,"texture":"#1"}},"rotation":{"origin":[8.134,-0.3430004,4.5390005],"angle":22.5,"axis":"x"}},{"from":[7.6132,-0.589201,5.91444],