{"textures":{"0":"modelengine:entity/asianelephant"},"elements":[{"from":[3.7999997,-4.8,5.8499994],"to":[12.8,10.699999,14.449999],"faces":{"east":{"uv":[2.975,0.96875,2.4375,0.0],"tintindex":0,"rotation":0,"texture":"#0"},"south":{"uv":[3.0,0.96875,2.4375,0.0],"tintindex":0,"rotation":0,"texture":"#0"},"north":{"uv":[3.0,0.96875,2.4375,0.0],"tintindex":0,"rotation":0,"texture":"#0"},"west":{"uv":[2.975,0.96875,2.4375,0.0],"tintindex":0,"rotation":0,"texture":"#0"},"up":{"uv":[4.3125,2.375,2.4375,0.0],"tintindex":0,"rotation":0,"texture":"#0"},"down":{"uv":[4.3125,2.375,2.4375,0.0],"tintindex":0,"rotation":0,"texture":"#0"}}},{"from":[3.1,-7.6000004,3.75],"to":[6.1,-3.9000006,5.049999],"faces":{"east":{"uv":[9.428572,5.142857,10.0,5.714286],"tintindex":0,"rotation":0,"texture":"#0"},"south":{"uv":[9.428572,5.142857,10.0,5.714286],"tintindex":0,"rotation":0,"texture":"#0"},"north":{"uv":[9.428572,5.142857,10.0,5.714286],"tintindex":0,"rotation":0,"texture":"#0"},"west":{"uv":[9.428572,5.142857,10.0,5.714286],"tintindex":0,"rotation":0,"texture":"#0"},"up":{"uv":[9.428572,5.142857,10.0,5.714286],"tintindex":0,"rotation":0,"texture":"#0"},"down":{"uv":[9.428572,5.142857,10.0,5.714286],"tintindex":0,"rotation":0,"texture":"#0"}},"rotation":{"origin":[4.6,-6.0,4.3999996],"angle":22.5,"axis":"y"}},{"from":[3.1,-7.6000004,4.45],"to":[13.5,-2.6000004,14.949999],"faces":{"east":{"uv":[3.09375,0.3125,2.4375,0.0],"tintindex":0,"rotation":0,"texture":"#0"},"south":{"uv":[3.0875,0.3125,2.4375,0.0],"tintindex":0,"rotation":0,"texture":"#0"},"north":{"uv":[3.0875,0.3125,2.4375,0.0],"tintindex":0,"rotation":0,"texture":"#0"},"west":{"uv":[3.09375,0.3125,2.4375,0.0],"tintindex":0,"rotation":0,"texture":"#0"},"up":{"uv":[3.0875,0.65625,2.4375,0.0],"tintindex":0,"rotation":0,"texture":"#0"},"down":{"uv":[12.275,4.28125,11.625,3.625],"tintindex":0,"rotation":0,"texture":"#0"}}},{"from":[6.7,-7.6000004,3.1499996],"to":[9.7,-3.9000006,4.45],"faces":{"east":{"uv":[9.428572,5.142857,10.0,5.714286],"tintindex":0,"rotation":0,"texture":"#0"},"south":{"uv":[9.428572,5.142857,10.0,5.714286],"tintindex":0,"rotation":0,"texture":"#0"},"north":{"uv":[9.428572,5.142857,10.0,5.714286],"tintindex":0,"rotation":0,"texture":"#0"},"west":{"uv":[9.428572,5.142857,10.0,5.714286],"tintindex":0,"rotation":0,"texture":"#0"},"up":{"uv":[9.428572,5.142857,10.0,5.714286],"tintindex":0,"rotation":0,"texture":"#0"},"down":{"uv":[9.428572,5.142857,10.0,5.714286],"tintindex":0,"rotation":0,"texture":"#0"}}},{"from":[10.5,-7.6000004,3.75],"to":[13.5,-3.9000006,5.049999],"faces":{"east":{"uv":[9.428572,5.142857,10.0,5.714286],"tintindex":0,"rotation":0,"texture":"#0"},"south":{"uv":[9.428572,5.142857,10.0,5.714286],"tintindex":0,"rotation":0,"texture":"#0"},"north":{"uv":[9.428572,5.142857,10.0,5.714286],"tintindex":0,"rotation":0,"texture":"#0"},"west":{"uv":[9.428572,5.142857,10.0,5.714286],"tintindex":0,"rotation":0,"texture":"#0"},"up":{"uv":[9.428572,5.142857,10.0,5.714286],"tintindex":0,"rotation":0,"texture":"#0"},"down":{"uv":[9.428572,5.142857,10.0,5.714286],"tintindex":0,"rotation":0,"texture":"#0"}},"rotation":{"origin":[12.0,-6.0,4.3999996],"angle":-22.5,"axis":"y"}}]}