{"textures":{"0":"modelengine:entity/asianelephant"},"elements":[{"from":[5.2,-0.9904766,2.2714286],"to":[11.485714,3.2380953,8.1],"rotation":{"angle":0.0,"axis":"y","origin":[8.342857,7.3809524,4.0142856]},"faces":{"east":{"uv":[3.075,0.4625,2.4375,0.0],"rotation":0,"texture":"#0","tintindex":0},"south":{"uv":[3.125,0.4625,2.4375,0.0],"rotation":0,"texture":"#0","tintindex":0},"north":{"uv":[3.125,0.4625,2.4375,0.0],"rotation":0,"texture":"#0","tintindex":0},"west":{"uv":[3.075,0.4625,2.4375,0.0],"rotation":0,"texture":"#0","tintindex":0},"up":{"uv":[4.3125,2.375,2.4375,0.0],"rotation":0,"texture":"#0","tintindex":0},"down":{"uv":[3.125,0.6375,2.4375,0.0],"rotation":0,"texture":"#0","tintindex":0}}},{"from":[4.5142856,2.6666665,1.9285712],"to":[11.657143,7.409524,8.157143],"rotation":{"angle":0.0,"axis":"x","origin":[8.057143,10.466667,4.0714283]},"faces":{"east":{"uv":[3.11875,0.51875,2.4375,0.0],"rotation":0,"texture":"#0","tintindex":0},"south":{"uv":[3.21875,0.51875,2.4375,0.0],"rotation":0,"texture":"#0","tintindex":0},"north":{"uv":[3.21875,0.51875,2.4375,0.0],"rotation":0,"texture":"#0","tintindex":0},"west":{"uv":[3.11875,0.51875,2.4375,0.0],"rotation":0,"texture":"#0","tintindex":0},"up":{"uv":[4.3125,2.375,2.4375,0.0],"rotation":0,"texture":"#0","tintindex":0},"down":{"uv":[4.3125,2.375,2.4375,0.0],"rotation":0,"texture":"#0","tintindex":0}}},{"from":[4.457143,6.152381,1.4142857],"to":[11.714286,13.580953,8.785714],"rotation":{"angle":22.5,"axis":"x","origin":[6.857143,7.0380955,4.5857143]},"faces":{"east":{"uv":[3.24375,0.8125,2.4375,0.0],"rotation":0,"texture":"#0","tintindex":0},"south":{"uv":[3.23125,0.8125,2.4375,0.0],"rotation":0,"texture":"#0","tintindex":0},"north":{"uv":[3.23125,0.8125,2.4375,0.0],"rotation":0,"texture":"#0","tintindex":0},"west":{"uv":[3.24375,0.8125,2.4375,0.0],"rotation":0,"texture":"#0","tintindex":0},"up":{"uv":[3.23125,0.80625,2.4375,0.0],"rotation":0,"texture":"#0","tintindex":0},"down":{"uv":[3.23125,0.80625,2.4375,0.0],"rotation":0,"texture":"#0","tintindex":0}}}],"display":{"head":{"translation":[0.0,-6.4,0.0],"scale":[4.0,4.0,4.0]}}}