{"textures":{"0":"modelengine:entity/scorpion_king"},"elements":[{"from":[7.0,6.0,-6.0],"to":[11.0,10.0,1.0],"faces":{"east":{"uv":[5.5,2.125,5.9375,2.375],"tintindex":0,"rotation":0,"texture":"#0"},"south":{"uv":[2.875,9.125,3.125,9.375],"tintindex":0,"rotation":0,"texture":"#0"},"north":{"uv":[8.3125,2.4375,8.5625,2.6875],"tintindex":0,"rotation":0,"texture":"#0"},"west":{"uv":[9.1875,4.4375,9.625,4.6875],"tintindex":0,"rotation":0,"texture":"#0"},"up":{"uv":[1.25,5.75,1.0,5.3125],"tintindex":0,"rotation":0,"texture":"#0"},"down":{"uv":[7.6875,2.75,7.4375,3.1875],"tintindex":0,"rotation":0,"texture":"#0"}}},{"from":[-3.69343,5.0,11.426409],"to":[2.3065681,11.0,20.426409],"faces":{"east":{"uv":[13.125,6.625,13.6875,7.0],"tintindex":0,"rotation":0,"texture":"#0"},"south":{"uv":[13.25,11.1875,13.625,11.5625],"tintindex":0,"rotation":0,"texture":"#0"},"north":{"uv":[10.9375,0.875,11.3125,1.25],"tintindex":0,"rotation":0,"texture":"#0"},"west":{"uv":[9.875,13.125,10.4375,13.5],"tintindex":0,"rotation":0,"texture":"#0"},"up":{"uv":[13.5625,2.0625,13.1875,1.5],"tintindex":0,"rotation":0,"texture":"#0"},"down":{"uv":[2.125,13.1875,1.75,13.75],"tintindex":0,"rotation":0,"texture":"#0"}},"rotation":{"origin":[32.875496,22.466259,34.57929],"angle":-22.5,"axis":"y"}}]}