{"textures":{"0":"modelengine:entity/scorpion_king"},"elements":[{"from":[-15.216259,14.555664,3.5],"to":[0.7837405,23.555664,12.5],"faces":{"east":{"uv":[5.375,12.4375,5.9375,13.0],"tintindex":0,"rotation":0,"texture":"#0"},"south":{"uv":[8.3125,1.8125,9.3125,2.375],"tintindex":0,"rotation":0,"texture":"#0"},"north":{"uv":[8.25,1.1875,9.25,1.75],"tintindex":0,"rotation":0,"texture":"#0"},"west":{"uv":[12.4375,7.5,13.0,8.0625],"tintindex":0,"rotation":0,"texture":"#0"},"up":{"uv":[4.25,8.875,3.25,8.3125],"tintindex":0,"rotation":0,"texture":"#0"},"down":{"uv":[5.3125,8.3125,4.3125,8.875],"tintindex":0,"rotation":0,"texture":"#0"}},"rotation":{"origin":[17.314775,22.329418,5.3583302],"angle":45.0,"axis":"z"}}]}