{"textures":{"0":"modelengine:entity/scorpion_king"},"elements":[{"from":[6.0928974,-14.380581,8.0],"to":[15.092897,-1.3805809,8.0],"faces":{"south":{"uv":[1.25,11.1875,1.8125,12.0],"tintindex":0,"rotation":0,"texture":"#0"},"north":{"uv":[1.8125,11.1875,1.25,12.0],"tintindex":0,"rotation":0,"texture":"#0"}},"rotation":{"origin":[-20.150743,21.476566,5.3583302],"angle":22.5,"axis":"z"}},{"from":[-3.9071026,-14.380581,3.5],"to":[6.0928974,-1.3805809,12.5],"faces":{"east":{"uv":[1.1875,11.1875,0.625,12.0],"tintindex":0,"rotation":0,"texture":"#0"},"south":{"uv":[7.75,10.1875,7.125,11.0],"tintindex":0,"rotation":0,"texture":"#0"},"north":{"uv":[7.0625,10.1875,6.4375,11.0],"tintindex":0,"rotation":0,"texture":"#0"},"west":{"uv":[0.5625,11.1875,0.0,12.0],"tintindex":0,"rotation":0,"texture":"#0"},"up":{"uv":[12.0625,7.4375,12.6875,6.875],"tintindex":0,"rotation":0,"texture":"#0"},"down":{"uv":[8.75,12.0625,9.375,12.625],"tintindex":0,"rotation":0,"texture":"#0"}},"rotation":{"origin":[-20.150743,21.476566,5.3583302],"angle":22.5,"axis":"z"}},{"from":[9.302517,-12.102867,5.5],"to":[14.302515,0.8971338,10.5],"faces":{"east":{"uv":[2.9375,12.75,2.625,13.5625],"tintindex":0,"rotation":0,"texture":"#0"},"south":{"uv":[9.0625,12.6875,8.75,13.5],"tintindex":0,"rotation":0,"texture":"#0"},"north":{"uv":[1.6875,7.125,1.375,7.9375],"tintindex":0,"rotation":0,"texture":"#0"},"west":{"uv":[11.0625,12.5,10.75,13.3125],"tintindex":0,"rotation":0,"texture":"#0"},"up":{"uv":[3.75,13.9375,4.0625,13.625],"tintindex":0,"rotation":0,"texture":"#0"},"down":{"uv":[13.625,4.625,13.9375,4.9375],"tintindex":0,"rotation":0,"texture":"#0"}}}]}