{"textures":{"0":"modelengine:entity/scorpion_king"},"elements":[{"from":[4.75,15.591753,6.068036],"to":[11.25,25.591753,11.068035],"faces":{"east":{"uv":[6.125,0.0,6.75,1.25],"tintindex":0,"rotation":0,"texture":"#0"},"south":{"uv":[1.3125,4.5,2.125,5.75],"tintindex":0,"rotation":0,"texture":"#0"},"north":{"uv":[4.5,0.0,5.3125,1.25],"tintindex":0,"rotation":0,"texture":"#0"},"west":{"uv":[6.125,2.125,6.75,3.375],"tintindex":0,"rotation":0,"texture":"#0"},"up":{"uv":[10.875,7.125,10.0625,6.5],"tintindex":0,"rotation":0,"texture":"#0"},"down":{"uv":[6.375,10.1875,5.5625,10.8125],"tintindex":0,"rotation":0,"texture":"#0"}},"rotation":{"origin":[8.0,12.338991,-11.91078],"angle":22.5,"axis":"x"}},{"from":[8.0,15.591753,1.0680361],"to":[8.0,25.591753,6.068036],"faces":{"east":{"uv":[7.125,4.0,6.5,5.25],"tintindex":0,"rotation":0,"texture":"#0"},"west":{"uv":[6.5,4.0,7.125,5.25],"tintindex":0,"rotation":0,"texture":"#0"}},"rotation":{"origin":[8.0,12.338991,-11.91078],"angle":22.5,"axis":"x"}}]}