{"textures":{"0":"modelengine:entity/scorpion_king"},"elements":[{"from":[1.5,-9.312733,4.005724],"to":[14.5,3.6872673,17.005724],"faces":{"east":{"uv":[2.375,7.625,3.1875,8.4375],"tintindex":0,"rotation":0,"texture":"#0"},"south":{"uv":[5.625,7.6875,6.4375,8.5],"tintindex":0,"rotation":0,"texture":"#0"},"north":{"uv":[7.4375,1.875,8.25,2.6875],"tintindex":0,"rotation":0,"texture":"#0"},"west":{"uv":[7.75,2.75,8.5625,3.5625],"tintindex":0,"rotation":0,"texture":"#0"},"up":{"uv":[8.5625,8.0,7.75,7.1875],"tintindex":0,"rotation":0,"texture":"#0"},"down":{"uv":[8.625,5.125,7.8125,5.9375],"tintindex":0,"rotation":0,"texture":"#0"}},"rotation":{"origin":[8.0,-18.651691,-22.01761],"angle":-22.5,"axis":"x"}},{"from":[8.0,-13.312733,-13.994276],"to":[8.0,5.6872673,4.005724],"faces":{"east":{"uv":[2.875,2.9375,4.0,4.125],"tintindex":0,"rotation":0,"texture":"#0"},"west":{"uv":[1.625,3.25,2.75,4.4375],"tintindex":0,"rotation":0,"texture":"#0"}},"rotation":{"origin":[8.0,-18.651691,-22.01761],"angle":-22.5,"axis":"x"}}]}