{"textures":{"0":"modelengine:entity/scorpion_king"},"elements":[{"from":[8.0,8.133984,-4.752901],"to":[8.0,12.633984,2.747099],"faces":{"east":{"uv":[10.6875,8.25,9.75,8.8125],"tintindex":0,"rotation":0,"texture":"#0"},"west":{"uv":[9.75,8.25,10.6875,8.8125],"tintindex":0,"rotation":0,"texture":"#0"}},"rotation":{"origin":[8.0,-2.5936527,-11.996435],"angle":22.5,"axis":"x"}},{"from":[6.25,12.633984,-4.752901],"to":[9.75,17.133984,2.747099],"faces":{"east":{"uv":[8.3125,9.6875,9.25,10.25],"tintindex":0,"rotation":0,"texture":"#0"},"south":{"uv":[12.9375,0.0,13.375,0.5625],"tintindex":0,"rotation":0,"texture":"#0"},"north":{"uv":[2.875,6.0,3.3125,6.5625],"tintindex":0,"rotation":0,"texture":"#0"},"west":{"uv":[9.75,5.3125,10.6875,5.875],"tintindex":0,"rotation":0,"texture":"#0"},"up":{"uv":[0.4375,13.0,0.0,12.0625],"tintindex":0,"rotation":0,"texture":"#0"},"down":{"uv":[0.9375,12.0625,0.5,13.0],"tintindex":0,"rotation":0,"texture":"#0"}},"rotation":{"origin":[8.0,-2.5936527,-11.996435],"angle":22.5,"axis":"x"}}]}