{"textures":{"0":"modelengine:entity/rhino"},"elements":[{"from":[4.2630854,-0.2541237,1.8586907],"to":[12.064915,2.929419,3.3178911],"rotation":{"angle":45.0,"axis":"x","origin":[8.0,-2.0648136,4.141076]},"faces":{"east":{"uv":[5.9375,10.5,6.125,10.875],"rotation":0,"texture":"#0","tintindex":0},"south":{"uv":[9.6875,8.0625,10.5625,8.4375],"rotation":0,"texture":"#0","tintindex":0},"north":{"uv":[9.6875,7.6875,10.5625,8.0625],"rotation":0,"texture":"#0","tintindex":0},"west":{"uv":[6.125,10.5,6.3125,10.875],"rotation":0,"texture":"#0","tintindex":0},"up":{"uv":[11.375,3.8125,10.5,3.625],"rotation":0,"texture":"#0","tintindex":0},"down":{"uv":[11.375,3.8125,10.5,4.0],"rotation":0,"texture":"#0","tintindex":0}}},{"from":[10.763813,7.5730615,2.4167433],"to":[12.13707,8.47089,3.0188007],"rotation":{"angle":22.5,"axis":"x","origin":[7.9504414,8.0219755,2.717772]},"faces":{"east":{"uv":[3.5,2.5,3.5625,2.625],"rotation":0,"texture":"#0","tintindex":0},"south":{"uv":[3.625,10.125,3.75,10.25],"rotation":0,"texture":"#0","tintindex":0},"north":{"uv":[4.375,10.0625,4.5,10.1875],"rotation":0,"texture":"#0","tintindex":0},"west":{"uv":[4.3125,1.0,4.375,1.125],"rotation":0,"texture":"#0","tintindex":0},"up":{"uv":[4.25,5.9375,4.125,5.875],"rotation":0,"texture":"#0","tintindex":0},"down":{"uv":[5.1875,6.625,5.0625,6.6875],"rotation":0,"texture":"#0","tintindex":0}}},{"from":[5.7282286,-0.07730007,-2.9637928],"to":[10.456915,2.1073852,-0.48287773],"rotation":{"angle":45.0,"axis":"x","origin":[8.092571,-5.937132,-5.7328367]},"faces":{"east":{"uv":[3.0625,10.5625,3.3125,10.8125],"rotation":0,"texture":"#0","tintindex":0},"south":{"uv":[3.625,10.5,4.125,10.75],"rotation":0,"texture":"#0","tintindex":0},"north":{"uv":[0.0,9.25,0.5,9.5],"rotation":0,"texture":"#0","tintindex":0},"west":{"uv":[3.3125,10.5625,3.5625,10.8125],"rotation":0,"texture":"#0","tintindex":0},"up":{"uv":[11.0,4.25,10.5,4.0],"rotation":0,"texture":"#0","tintindex":0},"down":{"uv":[10.375,10.375,9.8125,10.75],"rotation":0,"texture":"#0","tintindex":0}}},{"from":[5.997943,-4.5354414,0.94518995],"to":[10.187201,-2.5358992,6.3883905],"rotation":{"angle":-22.5,"axis":"x","origin":[8.0,-2.0648136,4.141076]},"faces":{"east":{"uv":[10.5,4.5,11.125,4.6875],"rotation":0,"texture":"#0","tintindex":0},"south":{"uv":[5.75,4.3125,6.1875,4.5],"rotation":0,"texture":"#0","tintindex":0},"north":{"uv":[4.375,2.0,4.8125,2.1875],"rotation":0,"texture":"#0","tintindex":0},"west":{"uv":[10.5,4.6875,11.125,4.875],"rotation":0,"texture":"#0","tintindex":0},"up":{"uv":[10.5,5.5625,10.0625,4.9375],"rotation":0,"texture":"#0","tintindex":0},"down":{"uv":[10.5,6.4375,10.0625,7.0625],"rotation":0,"texture":"#0","tintindex":0}}},{"from":[6.993739,-0.6562748,-2.7702885],"to":[9.148546,3.1635609,-0.47551346],"rotation":{"angle":-22.5,"axis":"x","origin":[8.142571,1.2536435,-2.1229]},"faces":{"east":{"uv":[8.875,7.3125,9.125,7.75],"rotation":0,"texture":"#0","tintindex":0},"south":{"uv":[1.875,8.9375,2.125,9.375],"rotation":0,"texture":"#0","tintindex":0},"north":{"uv":[4.8125,8.875,5.0625,9.3125],"rotation":0,"texture":"#0","tintindex":0},"west":{"uv":[4.5,9.5625,4.75,10.0],"rotation":0,"texture":"#0","tintindex":0},"up":{"uv":[10.8125,7.9375,10.5625,7.6875],"rotation":0,"texture":"#0","tintindex":0},"down":{"uv":[10.8125,7.9375,10.5625,8.1875],"rotation":0,"texture":"#0","tintindex":0}}},{"from":[4.5168,2.1939683,5.8441935],"to":[11.4832,9.377512,13.635965],"rotation":{"angle":0.0,"axis":"y","origin":[8.0,5.6123533,8.789165]},"faces":{"east":{"uv":[5.875,10.0,6.4375,10.5],"rotation":270,"texture":"#0","tintindex":0},"south":{"uv":[5.5,7.75,6.25,8.5625],"rotation":0,"texture":"#0","tintindex":0},"north":{"uv":[7.6875,3.125,8.4375,3.9375],"rotation":0,"texture":"#0","tintindex":0},"west":{"uv":[5.875,10.0,6.4375,10.5],"rotation":270,"texture":"#0","tintindex":0},"up":{"uv":[5.875,10.0,6.4375,10.5],"rotation":270,"texture":"#0","tintindex":0},"down":{"uv":[8.1875,7.3125,7.4375,8.1875],"rotation":0,"texture":"#0","tintindex":0}}},{"from":[3.691657,-0.2541237,0.4301195],"to":[12.493486,2.929419,1.8893194],"rotation":{"angle":45.0,"axis":"x","origin":[8.0,-2.0648136,4.141076]},"faces":{"east":{"uv":[3.75,7.6875,3.9375,8.0625],"rotation":0,"texture":"#0","tintindex":0},"south":{"uv":[8.875,9.5625,9.8125,9.9375],"rotation":0,"texture":"#0","tintindex":0},"north":{"uv":[9.5625,4.5625,10.5,4.9375],"rotation":0,"texture":"#0","tintindex":0},"west":{"uv":[10.5,5.1875,10.6875,5.5625],"rotation":0,"texture":"#0","tintindex":0},"up":{"uv":[11.3125,10.125,10.375,9.9375],"rotation":0,"texture":"#0","tintindex":0},"down":{"uv":[11.375,6.1875,10.4375,6.375],"rotation":0,"texture":"#0","tintindex":0}}},{"from":[5.4425144,-4.71274,-0.6744051],"to":[10.742629,-1.5600538,2.5893664],"rotation":{"angle":22.5,"axis":"x","origin":[8.0,-2.0648136,4.141076]},"faces":{"east":{"uv":[6.25,7.75,6.625,8.125],"rotation":0,"texture":"#0","tintindex":0},"south":{"uv":[8.4375,3.5625,9.0,3.9375],"rotation":0,"texture":"#0","tintindex":0},"north":{"uv":[8.3125,6.625,8.875,7.0],"rotation":0,"texture":"#0","tintindex":0},"west":{"uv":[8.1875,7.8125,8.5625,8.1875],"rotation":0,"texture":"#0","tintindex":0},"up":{"uv":[10.9375,9.9375,10.375,9.5625],"rotation":0,"texture":"#0","tintindex":0},"down":{"uv":[10.375,10.375,9.8125,10.75],"rotation":0,"texture":"#0","tintindex":0}}},{"from":[4.887086,-2.82687,0.94518995],"to":[11.298058,1.7223873,5.8329616],"rotation":{"angle":-22.5,"axis":"x","origin":[8.0,-2.0648136,4.141076]},"faces":{"east":{"uv":[5.875,10.0,6.4375,10.5],"rotation":0,"texture":"#0","tintindex":0},"south":{"uv":[3.0625,9.625,3.75,10.125],"rotation":0,"texture":"#0","tintindex":0},"north":{"uv":[9.625,2.3125,10.3125,2.8125],"rotation":0,"texture":"#0","tintindex":0},"west":{"uv":[6.4375,10.0,7.0,10.5],"rotation":0,"texture":"#0","tintindex":0},"up":{"uv":[8.875,10.0,8.1875,9.4375],"rotation":0,"texture":"#0","tintindex":0},"down":{"uv":[0.6875,9.5,0.0,10.0625],"rotation":0,"texture":"#0","tintindex":0}}},{"from":[7.231086,1.1319132,2.7022252],"to":[9.4832,3.60117,5.208282],"rotation":{"angle":45.0,"axis":"x","origin":[8.428572,2.795113,3.3838248]},"faces":{"east":{"uv":[10.5,6.375,10.75,6.625],"rotation":0,"texture":"#0","tintindex":0},"south":{"uv":[6.5625,10.5,6.8125,10.75],"rotation":0,"texture":"#0","tintindex":0},"north":{"uv":[6.3125,10.5,6.5625,10.75],"rotation":0,"texture":"#0","tintindex":0},"west":{"uv":[10.5,6.625,10.75,6.875],"rotation":0,"texture":"#0","tintindex":0},"up":{"uv":[9.125,10.75,8.875,10.5],"rotation":0,"texture":"#0","tintindex":0},"down":{"uv":[9.375,10.5,9.125,10.75],"rotation":0,"texture":"#0","tintindex":0}}},{"from":[3.691657,2.8887339,0.4301195],"to":[12.493486,6.0722766,3.6036053],"rotation":{"angle":45.0,"axis":"x","origin":[8.0,-2.0648136,4.141076]},"faces":{"east":{"uv":[3.125,2.25,3.5,2.625],"rotation":0,"texture":"#0","tintindex":0},"south":{"uv":[9.5625,3.4375,10.5,3.8125],"rotation":0,"texture":"#0","tintindex":0},"north":{"uv":[9.375,5.625,10.3125,6.0],"rotation":0,"texture":"#0","tintindex":0},"west":{"uv":[3.9375,0.75,4.3125,1.125],"rotation":0,"texture":"#0","tintindex":0},"up":{"uv":[10.5,4.1875,9.5625,3.8125],"rotation":0,"texture":"#0","tintindex":0},"down":{"uv":[10.5,4.1875,9.5625,4.5625],"rotation":0,"texture":"#0","tintindex":0}}},{"from":[4.887086,-1.1112661,5.2438335],"to":[11.298058,6.0722766,7.3544626],"rotation":{"angle":45.0,"axis":"x","origin":[8.0,-2.0648136,4.141076]},"faces":{"east":{"uv":[10.375,10.375,10.625,11.1875],"rotation":0,"texture":"#0","tintindex":0},"south":{"uv":[8.1875,7.0,8.875,7.8125],"rotation":0,"texture":"#0","tintindex":0},"north":{"uv":[8.1875,0.6875,8.875,1.5],"rotation":0,"texture":"#0","tintindex":0},"west":{"uv":[0.625,10.4375,0.875,11.25],"rotation":0,"texture":"#0","tintindex":0},"up":{"uv":[11.1875,1.5625,10.5,1.3125],"rotation":0,"texture":"#0","tintindex":0},"down":{"uv":[11.1875,3.375,10.5,3.625],"rotation":0,"texture":"#0",