{"textures":{"0":"modelengine:entity/rhino"},"elements":[{"from":[4.8,-4.4833336,3.1750011],"to":[16.9,15.816666,13.025001],"faces":{"east":{"uv":[4.5625,6.875,3.9375,8.125],"tintindex":0,"rotation":0,"texture":"#0"},"south":{"uv":[6.5,0.9375,5.75,2.1875],"tintindex":0,"rotation":0,"texture":"#0"},"north":{"uv":[5.9375,5.4375,5.1875,6.6875],"tintindex":0,"rotation":0,"texture":"#0"},"west":{"uv":[5.5,6.6875,4.875,7.9375],"tintindex":0,"rotation":0,"texture":"#0"},"up":{"uv":[5.875,10.0,6.4375,10.5],"tintindex":0,"rotation":270,"texture":"#0"},"down":{"uv":[7.8125,8.1875,8.5625,8.8125],"tintindex":0,"rotation":0,"texture":"#0"}},"rotation":{"origin":[7.3999996,7.966667,6.625],"angle":-22.5,"axis":"z"}}]}