{"textures":{"0":"modelengine:entity/rhino"},"elements":[{"from":[5.2571425,0.68571377,8.6285715],"to":[10.4,7.6857142,12.828571],"rotation":{"angle":0.0,"axis":"y","origin":[7.8285713,5.1142855,10.8]},"faces":{"east":{"uv":[4.8125,1.25,4.375,2.0],"rotation":0,"texture":"#0","tintindex":0},"south":{"uv":[9.5625,4.3125,9.0,5.0625],"rotation":0,"texture":"#0","tintindex":0},"north":{"uv":[9.5625,3.5625,9.0,4.3125],"rotation":0,"texture":"#0","tintindex":0},"west":{"uv":[4.375,0.0,3.9375,0.75],"rotation":0,"texture":"#0","tintindex":0},"up":{"uv":[3.0625,10.5625,3.625,10.125],"rotation":0,"texture":"#0","tintindex":0},"down":{"uv":[2.5,10.1875,3.0625,10.625],"rotation":0,"texture":"#0","tintindex":0}}},{"from":[4.8571424,0.22857094,6.714286],"to":[6.5714283,2.342857,7.457143],"rotation":{"angle":22.5,"axis":"y","origin":[5.714286,1.1428566,7.0857143]},"faces":{"east":{"uv":[5.5,8.1875,5.4375,8.4375],"rotation":0,"texture":"#0","tintindex":0},"south":{"uv":[4.5625,10.75,4.375,11.0],"rotation":0,"texture":"#0","tintindex":0},"north":{"uv":[4.125,10.75,3.9375,11.0],"rotation":0,"texture":"#0","tintindex":0},"west":{"uv":[8.1875,7.0,8.125,7.25],"rotation":0,"texture":"#0","tintindex":0},"up":{"uv":[3.75,8.125,3.9375,8.0625],"rotation":0,"texture":"#0","tintindex":0},"down":{"uv":[8.0625,3.9375,8.25,4.0],"rotation":0,"texture":"#0","tintindex":0}}},{"from":[9.085714,0.22857094,6.714286],"to":[10.8,2.342857,7.457143],"rotation":{"angle":-22.5,"axis":"y","origin":[9.942858,1.1428566,7.0857143]},"faces":{"east":{"uv":[7.125,4.0,7.0625,4.25],"rotation":0,"texture":"#0","tintindex":0},"south":{"uv":[2.0,10.75,1.8125,11.0],"rotation":0,"texture":"#0","tintindex":0},"north":{"uv":[1.8125,10.75,1.625,11.0],"rotation":0,"texture":"#0","tintindex":0},"west":{"uv":[5.9375,6.9375,5.875,7.1875],"rotation":0,"texture":"#0","tintindex":0},"up":{"uv":[7.8125,7.3125,8.0,7.25],"rotation":0,"texture":"#0","tintindex":0},"down":{"uv":[7.875,3.9375,8.0625,4.0],"rotation":0,"texture":"#0","tintindex":0}}},{"from":[7.028571,0.22857094,6.3714285],"to":[8.742857,2.342857,7.1142855],"rotation":{"angle":0.0,"axis":"y","origin":[7.8285713,5.3999996,10.742857]},"faces":{"east":{"uv":[5.5,7.9375,5.4375,8.1875],"rotation":0,"texture":"#0","tintindex":0},"south":{"uv":[3.9375,10.75,3.75,11.0],"rotation":0,"texture":"#0","tintindex":0},"north":{"uv":[3.75,10.75,3.5625,11.0],"rotation":0,"texture":"#0","tintindex":0},"west":{"uv":[5.9375,7.1875,5.875,7.4375],"rotation":0,"texture":"#0","tintindex":0},"up":{"uv":[7.875,6.0625,8.0625,6.0],"rotation":0,"texture":"#0","tintindex":0},"down":{"uv":[8.0,7.25,8.1875,7.3125],"rotation":0,"texture":"#0","tintindex":0}}},{"from":[4.685714,4.8285713,7.0571427],"to":[10.971429,9.057143,12.885715],"rotation":{"angle":0.0,"axis":"y","origin":[7.8285713,13.200001,6.0857143]},"faces":{"east":{"uv":[7.625,10.0,7.0,10.4375],"rotation":0,"texture":"#0","tintindex":0},"south":{"uv":[10.6875,1.8125,10.0,2.25],"rotation":0,"texture":"#0","tintindex":0},"north":{"uv":[2.5,10.0,1.8125,10.4375],"rotation":0,"texture":"#0","tintindex":0},"west":{"uv":[3.125,1.125,2.5,1.5625],"rotation":0,"texture":"#0","tintindex":0},"up":{"uv":[8.875,1.125,9.5625,0.5],"rotation":0,"texture":"#0","tintindex":0},"down":{"uv":[0.5625,8.875,1.25,9.5],"rotation":0,"texture":"#0","tintindex":0}}},{"from":[4.8571424,0.22857094,7.1142855],"to":[10.8,3.0857139,13.114286],"rotation":{"angle":0.0,"axis":"y","origin":[7.8285713,5.3999996,10.742857]},"faces":{"east":{"uv":[11.0,5.5625,10.3125,5.875],"rotation":0,"texture":"#0","tintindex":0},"south":{"uv":[8.875,10.4375,8.25,10.75],"rotation":0,"texture":"#0","tintindex":0},"north":{"uv":[8.25,10.4375,7.625,10.75],"rotation":0,"texture":"#0","tintindex":0},"west":{"uv":[11.0,2.5,10.3125,2.8125],"rotation":0,"texture":"#0","tintindex":0},"up":{"uv":[2.6875,9.5625,3.3125,8.875],"rotation":0,"texture":"#0","tintindex":0},"down":{"uv":[4.1875,8.875,4.8125,9.5625],"rotation":0,"texture":"#0","tintindex":0}}}],"display":{"head":{"translation":[0.0,-6.4,0.0],"scale":[4.0,4.0,4.0]}}}