{"textures":{"0":"modelengine:entity/asianelephant","1":"modelengine:entity/elephantsaddle1"},"elements":[{"from":[4.3873014,-3.9300747,3.6887102],"to":[9.187302,-1.9300747,6.545853],"rotation":{"angle":-45.0,"axis":"x","origin":[6.9015875,-4.4443617,6.2315674]},"faces":{"east":{"uv":[2.8,0.15,2.4375,0.0],"rotation":0,"texture":"#0","tintindex":0},"south":{"uv":[4.3125,2.375,2.4375,0.0],"rotation":0,"texture":"#0","tintindex":0},"north":{"uv":[2.9625,0.21875,2.4375,0.0],"rotation":0,"texture":"#0","tintindex":0},"west":{"uv":[2.8,0.15,2.4375,0.0],"rotation":0,"texture":"#0","tintindex":0},"up":{"uv":[2.9625,0.125,2.4375,0.0],"rotation":0,"texture":"#0","tintindex":0},"down":{"uv":[2.9625,0.125,2.4375,0.0],"rotation":0,"texture":"#0","tintindex":0}}},{"from":[3.9301586,-3.9300747,6.545853],"to":[9.701588,-1.9300747,8.717282],"rotation":{"angle":-45.0,"axis":"x","origin":[6.9015875,-4.4443617,6.2315674]},"faces":{"east":{"uv":[2.675,0.21875,2.4375,0.0],"rotation":0,"texture":"#0","tintindex":0},"south":{"uv":[4.3125,2.375,2.4375,0.0],"rotation":0,"texture":"#0","tintindex":0},"north":{"uv":[3.06875,0.21875,2.4375,0.0],"rotation":0,"texture":"#0","tintindex":0},"west":{"uv":[2.675,0.21875,2.4375,0.0],"rotation":0,"texture":"#0","tintindex":0},"up":{"uv":[4.3125,2.375,2.4375,0.0],"rotation":0,"texture":"#0","tintindex":0},"down":{"uv":[3.06875,0.2375,2.4375,0.0],"rotation":0,"texture":"#0","tintindex":0}}},{"from":[3.9301586,-3.1872187,5.5744247],"to":[9.701588,2.4699254,9.460139],"rotation":{"angle":0.0,"axis":"y","origin":[6.95873,1.3842106,15.345854]},"faces":{"east":{"uv":[2.8625,0.61875,2.4375,0.0],"rotation":0,"texture":"#0","tintindex":0},"south":{"uv":[4.3125,2.375,2.4375,0.0],"rotation":0,"texture":"#0","tintindex":0},"north":{"uv":[4.3125,2.375,2.4375,0.0],"rotation":0,"texture":"#0","tintindex":0},"west":{"uv":[2.8625,0.61875,2.4375,0.0],"rotation":0,"texture":"#0","tintindex":0},"up":{"uv":[4.3125,2.375,2.4375,0.0],"rotation":0,"texture":"#0","tintindex":0},"down":{"uv":[3.06875,0.425,2.4375,0.0],"rotation":0,"texture":"#0","tintindex":0}}},{"from":[3.644444,-3.8157902,9.460139],"to":[10.1587305,10.298496,14.945853],"rotation":{"angle":0.0,"axis":"y","origin":[6.95873,1.3842106,15.345854]},"faces":{"east":{"uv":[3.0375,1.54375,2.4375,0.0],"rotation":0,"texture":"#0","tintindex":0},"south":{"uv":[4.3125,2.375,2.4375,0.0],"rotation":0,"texture":"#0","tintindex":0},"north":{"uv":[3.15,1.54375,2.4375,0.0],"rotation":0,"texture":"#0","tintindex":0},"west":{"uv":[3.0375,1.54375,2.4375,0.0],"rotation":0,"texture":"#0","tintindex":0},"up":{"uv":[3.15,0.6,2.4375,0.0],"rotation":0,"texture":"#0","tintindex":0},"down":{"uv":[3.15,0.6,2.4375,0.0],"rotation":0,"texture":"#0","tintindex":0}}},{"from":[3.4730158,5.7997327,6.482476],"to":[10.273016,10.656876,9.796762],"rotation":{"angle":22.5,"axis":"x","origin":[6.873016,8.799733,8.853905]},"faces":{"east":{"uv":[8.5,2.75,8.83125,3.1875],"rotation":0,"texture":"#0","tintindex":0},"south":{"uv":[10.375,5.6875,11.125,6.125],"rotation":0,"texture":"#0","tintindex":0},"north":{"uv":[10.375,5.25,11.125,5.6875],"rotation":0,"texture":"#0","tintindex":0},"west":{"uv":[10.25,0.875,10.58125,1.3125],"rotation":0,"texture":"#0","tintindex":0},"up":{"uv":[11.99375,4.64375,11.25,4.3125],"rotation":0,"texture":"#0","tintindex":0},"down":{"uv":[12.0,5.9375,11.25,6.25],"rotation":0,"texture":"#0","tintindex":0}}},{"from":[4.273016,0.095778465,3.042904],"to":[9.415873,6.781493,7.2714753],"rotation":{"angle":-22.5,"axis":"x","origin":[6.8444443,0.43863535,4.528618]},"faces":{"east":{"uv":[2.9,0.73125,2.4375,0.0],"rotation":0,"texture":"#0","tintindex":0},"south":{"uv":[4.3125,2.375,2.4375,0.0],"rotation":0,"texture":"#0","tintindex":0},"north":{"uv":[3.0,0.73125,2.4375,0.0],"rotation":0,"texture":"#0","tintindex":0},"west":{"uv":[2.9,0.73125,2.4375,0.0],"rotation":0,"texture":"#0","tintindex":0},"up":{"uv":[3.0,0.4625,2.4375,0.0],"rotation":0,"texture":"#0","tintindex":0},"down":{"uv":[4.3125,2.375,2.4375,0.0],"rotation":0,"texture":"#0","tintindex":0}}},{"from":[2.7301583,6.428874,1.4259205],"to":[11.015873,9.057446,4.568778],"rotation":{"angle":0.0,"axis":"y","origin":[6.873016,8.171731,4.4259205]},"faces":{"east":{"uv":[2.65625,0.2875,2.4375,0.0],"rotation":0,"texture":"#0","tintindex":0},"south":{"uv":[4.3125,2.375,2.4375,0.0],"rotation":0,"texture":"#0","tintindex":0},"north":{"uv":[3.34375,0.2875,2.4375,0.0],"rotation":0,"texture":"#0","tintindex":0},"west":{"uv":[2.65625,0.2875,2.4375,0.0],"rotation":0,"texture":"#0","tintindex":0},"up":{"uv":[3.34375,0.21875,2.4375,0.0],"rotation":0,"texture":"#0","tintindex":0},"down":{"uv":[4.3125,2.375,2.4375,0.0],"rotation":0,"texture":"#0","tintindex":0}}},{"from":[3.1301584,6.0872126,1.5921102],"to":[10.615873,11.058641,4.7921104],"rotation":{"angle":-22.5,"axis":"x","origin":[6.873016,9.772927,6.506396]},"faces":{"east":{"uv":[2.85625,0.2875,2.4375,0.0],"rotation":270,"texture":"#0","tintindex":0},"south":{"uv":[3.25625,0.41875,2.4375,0.0],"rotation":0,"texture":"#0","tintindex":0},"north":{"uv":[4.3125,2.375,2.4375,0.0],"rotation":180,"texture":"#0","tintindex":0},"west":{"uv":[2.85625,0.2875,2.4375,0.0],"rotation":90,"texture":"#0","tintindex":0},"up":{"uv":[3.25625,0.2875,2.4375,0.0],"rotation":180,"texture":"#0","tintindex":0},"down":{"uv":[4.3125,2.375,2.4375,0.0],"rotation":0,"texture":"#0","tintindex":0}}},{"from":[3.2730155,6.0872126,4.734967],"to":[10.473016,11.058641,7.9349675],"rotation":{"angle":-22.5,"axis":"x","origin":[6.873016,9.772927,6.506396]},"faces":{"east":{"uv":[2.85625,0.2875,2.4375,0.0],"rotation":270,"texture":"#0","tintindex":0},"south":{"uv":[3.25625,0.41875,2.4375,0.0],"rotation":0,"texture":"#0","tintindex":0},"north":{"uv":[4.3125,2.375,2.4375,0.0],"rotation":180,"texture":"#0","tintindex":0},"west":{"uv":[2.85625,0.2875,2.4375,0.0],"rotation":90,"texture":"#0","tintindex":0},"up":{"uv":[3.25625,0.2875,2.4375,0.0],"rotation":180,"texture":"#0","tintindex":0},"down":{"uv":[4.3125,2.375,2.4375,0.0],"rotation":0,"texture":"#0","tintindex":0}}},{"from":[2.3301587,4.3019123,0.76471615],"to":[11.301587,6.5304837,7.2790027],"rotation":{"angle":22.5,"axis":"x","origin":[6.815873,5.416198,4.021859]},"faces":{"east":{"uv":[3.025,0.24375,2.4375,0.0],"rotation":0,"texture":"#0","tintindex":0},"south":{"uv":[4.3125,2.375,2.4375,0.0],"rotation":0,"texture":"#0","tintindex":0},"north":{"uv":[3.41875,0.24375,2.4375,0.0],"rotation":0,"texture":"#0","tintindex":0},"west":{"uv":[3.025,0.24375,2.4375,0.0],"rotation":0,"texture":"#0","tintindex":0},"up":{"uv":[4.3125,2.375,2.4375,0.0],"rotation":0,"texture":"#0","tintindex":0},"down":{"uv":[3.41875,0.5875,2.4375,0.0],"rotation":0,"texture":"#0","tintindex":0}}},{"from":[2.7301583,3.8957787,5.7286177],"to":[11.015873,9.124351,11.328618],"rotation":{"angle":22.5,"axis":"x","origin":[5.2444444,9.638636,3.557189]},"faces":{"east":{"uv":[3.05,0.525,2.4375,0.0],"rotation":0,"texture":"#0","tintindex":0},"south":{"uv":[4.3125,2.375,2.4375,0.0],"rotation":0,"texture":"#0","tintindex":0},"north":{"uv":[3.34375,0.525,2.4375,0.0],"rotation":0,"texture":"#0","tintindex":0},"west":{"uv":[3.05,0.525,2.4375,0.0],"rotation":0,"texture":"#0","tintindex":0},"up":{"uv":[4.3125,2.375,2.4375,0.0],"rotation":0,"texture":"#0","tintindex":0},"down":{"uv":[3.34375,0.6125,2.4375,0.0],"rotation":0,"texture":"#0","tintindex":0}}},{"from":[2.4444442,2.4748006,8.658176],"to":[11.187302,6.189086,10.543891],"rotation":{"angle":0.0,"axis":"y","origin":[6.873016,4.446229,10.343891]},"faces":{"east":{"uv":[2.64375,0.40625,2.4375,0.0],"rotation":0,"texture":"#0","tintindex":0},"south":{"uv":[3.34375,0.21875,2.4375,0.0],"rotation":0,"texture":"#0","tintindex":0},"north":{"uv":[4.3125,2.375,2.4375,0.0],"rotation":0,"texture":"#0","tintindex":0},"west":{"uv":[2.64375,0.40625,2.4375,0.0],"rotation":0,"texture":"#0","tintindex":0},"up":{"uv":[4.3125,2.375,2.4375,0.0],"rotation":0,"texture":"#0","tintindex":0},"down":{"uv":[4.3125,2.375,2.4375,0.0],