{"textures":{"0":"modelengine:entity/asianelephant"},"elements":[{"from":[6.1261806,5.251999,6.133974],"to":[7.690181,7.0880013,8.513973],"faces":{"east":{"uv":[2.58125,0.21875,2.4375,0.0],"tintindex":0,"rotation":0,"texture":"#0"},"south":{"uv":[2.58125,0.21875,2.4375,0.0],"tintindex":0,"rotation":0,"texture":"#0"},"north":{"uv":[2.58125,0.21875,2.4375,0.0],"tintindex":0,"rotation":0,"texture":"#0"},"west":{"uv":[2.58125,0.21875,2.4375,0.0],"tintindex":0,"rotation":0,"texture":"#0"},"up":{"uv":[2.58125,0.21875,2.4375,0.0],"tintindex":0,"rotation":0,"texture":"#0"},"down":{"uv":[2.58125,0.21875,2.4375,0.0],"tintindex":0,"rotation":0,"texture":"#0"}}},{"from":[-3.7397385,4.5833282,6.8819733],"to":[-0.8157387,5.7393303,8.037973],"faces":{"east":{"uv":[2.70625,0.10625,2.4375,0.0],"tintindex":0,"rotation":0,"texture":"#0"},"south":{"uv":[2.70625,0.10625,2.4375,0.0],"tintindex":0,"rotation":0,"texture":"#0"},"north":{"uv":[2.70625,0.10625,2.4375,0.0],"tintindex":0,"rotation":0,"texture":"#0"},"west":{"uv":[2.70625,0.10625,2.4375,0.0],"tintindex":0,"rotation":0,"texture":"#0"},"up":{"uv":[2.70625,0.10625,2.4375,0.0],"tintindex":0,"rotation":0,"texture":"#0"},"down":{"uv":[2.70625,0.10625,2.4375,0.0],"tintindex":0,"rotation":0,"texture":"#0"}},"rotation":{"origin":[-0.019601822,6.173622,7.931999],"angle":45.0,"axis":"z"}},{"from":[3.7513084,5.568367,6.473974],"to":[6.1313076,6.9963646,8.173973],"faces":{"east":{"uv":[2.65625,0.13125,2.4375,0.0],"tintindex":0,"rotation":0,"texture":"#0"},"south":{"uv":[2.65625,0.13125,2.4375,0.0],"tintindex":0,"rotation":0,"texture":"#0"},"north":{"uv":[2.65625,0.13125,2.4375,0.0],"tintindex":0,"rotation":0,"texture":"#0"},"west":{"uv":[2.65625,0.13125,2.4375,0.0],"tintindex":0,"rotation":0,"texture":"#0"},"up":{"uv":[2.65625,0.13125,2.4375,0.0],"tintindex":0,"rotation":0,"texture":"#0"},"down":{"uv":[2.65625,0.13125,2.4375,0.0],"tintindex":0,"rotation":0,"texture":"#0"}}},{"from":[-0.9765644,-5.9284706,6.949974],"to":[0.043434143,2.5715294,7.9699745],"faces":{"east":{"uv":[2.53125,0.78125,2.4375,0.0],"tintindex":0,"rotation":0,"texture":"#0"},"south":{"uv":[2.53125,0.78125,2.4375,0.0],"tintindex":0,"rotation":0,"texture":"#0"},"north":{"uv":[2.53125,0.78125,2.4375,0.0],"tintindex":0,"rotation":0,"texture":"#0"},"west":{"uv":[2.53125,0.78125,2.4375,0.0],"tintindex":0,"rotation":0,"texture":"#0"},"up":{"uv":[2.53125,0.78125,2.4375,0.0],"tintindex":0,"rotation":0,"texture":"#0"},"down":{"uv":[2.53125,0.09375,2.4375,0.0],"tintindex":0,"rotation":0,"texture":"#0"}},"rotation":{"origin":[-0.019601822,6.173622,7.931999],"angle":-22.5,"axis":"z"}},{"from":[7.690181,4.9799995,5.793974],"to":[11.634181,7.223999,8.921974],"faces":{"east":{"uv":[2.8,0.20625,2.4375,0.0],"tintindex":0,"rotation":0,"texture":"#0"},"south":{"uv":[2.8,0.20625,2.4375,0.0],"tintindex":0,"rotation":0,"texture":"#0"},"north":{"uv":[2.8,0.20625,2.4375,0.0],"tintindex":0,"rotation":0,"texture":"#0"},"west":{"uv":[2.8,0.20625,2.4375,0.0],"tintindex":0,"rotation":0,"texture":"#0"},"up":{"uv":[2.8,0.20625,2.4375,0.0],"tintindex":0,"rotation":0,"texture":"#0"},"down":{"uv":[2.8,0.20625,2.4375,0.0],"tintindex":0,"rotation":0,"texture":"#0"}}},{"from":[-4.4124756,-5.859478,6.9618645],"to":[3.6115236,2.0965233,7.764263],"faces":{"east":{"uv":[4.3125,2.375,2.4375,0.0],"tintindex":0,"rotation":0,"texture":"#0"},"south":{"uv":[3.175,0.73125,2.4375,0.0],"tintindex":0,"rotation":0,"texture":"#0"},"north":{"uv":[3.175,0.73125,2.4375,0.0],"tintindex":0,"rotation":0,"texture":"#0"},"west":{"uv":[4.3125,2.375,2.4375,0.0],"tintindex":0,"rotation":0,"texture":"#0"},"up":{"uv":[4.3125,2.375,2.4375,0.0],"tintindex":0,"rotation":0,"texture":"#0"},"down":{"uv":[3.175,0.07375,2.4375,0.0],"tintindex":0,"rotation":0,"texture":"#0"}},"rotation":{"origin":[-1.7555141,-4.7393875,7.931999],"angle":-22.5,"axis":"z"}},{"from":[-1.05657,6.114937,6.8139744],"to":[3.36343,7.4069366,8.037973],"faces":{"east":{"uv":[2.84375,0.11875,2.4375,0.0],"tintindex":0,"rotation":0,"texture":"#0"},"south":{"uv":[2.84375,0.11875,2.4375,0.0],"tintindex":0,"rotation":0,"texture":"#0"},"north":{"uv":[2.84375,0.11875,2.4375,0.0],"tintindex":0,"rotation":0,"texture":"#0"},"west":{"uv":[2.84375,0.11875,2.4375,0.0],"tintindex":0,"rotation":0,"texture":"#0"},"up":{"uv":[2.84375,0.11875,2.4375,0.0],"tintindex":0,"rotation":0,"texture":"#0"},"down":{"uv":[2.84375,0.11875,2.4375,0.0],"tintindex":0,"rotation":0,"texture":"#0"}},"rotation":{"origin":[4.6271276,8.282364,7.931999],"angle":22.5,"axis":"z"}},{"from":[-3.3005695,-9.729063,6.949974],"to":[6.55943,-1.7730637,7.765974],"faces":{"east":{"uv":[4.3125,2.375,2.4375,0.0],"tintindex":0,"rotation":0,"texture":"#0"},"south":{"uv":[3.34375,0.73125,2.4375,0.0],"tintindex":0,"rotation":0,"texture":"#0"},"north":{"uv":[3.34375,0.73125,2.4375,0.0],"tintindex":0,"rotation":0,"texture":"#0"},"west":{"uv":[2.5125,0.73125,2.4375,0.0],"tintindex":0,"rotation":0,"texture":"#0"},"up":{"uv":[4.3125,2.375,2.4375,0.0],"tintindex":0,"rotation":0,"texture":"#0"},"down":{"uv":[3.34375,0.075,2.4375,0.0],"tintindex":0,"rotation":0,"texture":"#0"}},"rotation":{"origin":[4.6271276,8.282364,7.931999],"angle":22.5,"axis":"z"}},{"from":[-3.3005695,-1.8410645,6.949974],"to":[6.55943,6.114937,7.765974],"faces":{"east":{"uv":[4.3125,2.375,2.4375,0.0],"tintindex":0,"rotation":0,"texture":"#0"},"south":{"uv":[3.34375,0.73125,2.4375,0.0],"tintindex":0,"rotation":0,"texture":"#0"},"north":{"uv":[3.34375,0.73125,2.4375,0.0],"tintindex":0,"rotation":0,"texture":"#0"},"west":{"uv":[4.3125,2.375,2.4375,0.0],"tintindex":0,"rotation":0,"texture":"#0"},"up":{"uv":[4.3125,2.375,2.4375,0.0],"tintindex":0,"rotation":0,"texture":"#0"},"down":{"uv":[4.3125,2.375,2.4375,0.0],"tintindex":0,"rotation":0,"texture":"#0"}},"rotation":{"origin":[4.6271276,8.282364,7.931999],"angle":22.5,"axis":"z"}},{"from":[6.55943,-0.54906464,6.949974],"to":[8.12343,4.1429367,7.765974],"faces":{"east":{"uv":[4.3125,2.375,2.4375,0.0],"tintindex":0,"rotation":0,"texture":"#0"},"south":{"uv":[4.3125,2.375,2.4375,0.0],"tintindex":0,"rotation":0,"texture":"#0"},"north":{"uv":[4.3125,2.375,2.4375,0.0],"tintindex":0,"rotation":0,"texture":"#0"},"west":{"uv":[4.3125,2.375,2.4375,0.0],"tintindex":0,"rotation":0,"texture":"#0"},"up":{"uv":[4.3125,2.375,2.4375,0.0],"tintindex":0,"rotation":0,"texture":"#0"},"down":{"uv":[4.3125,2.375,2.4375,0.0],"tintindex":0,"rotation":0,"texture":"#0"}},"rotation":{"origin":[4.6271276,8.282364,7.931999],"angle":22.5,"axis":"z"}}]}