{"textures":{"0":"modelengine:entity/asianelephant"},"elements":[{"from":[10.5,-9.6,-1.3499994],"to":[13.5,-5.9000006,-0.05000019],"faces":{"east":{"uv":[9.428572,5.142857,10.0,5.714286],"tintindex":0,"rotation":0,"texture":"#0"},"south":{"uv":[9.428572,5.142857,10.0,5.714286],"tintindex":0,"rotation":0,"texture":"#0"},"north":{"uv":[9.428572,5.142857,10.0,5.714286],"tintindex":0,"rotation":0,"texture":"#0"},"west":{"uv":[9.428572,5.142857,10.0,5.714286],"tintindex":0,"rotation":0,"texture":"#0"},"up":{"uv":[9.428572,5.142857,10.0,5.714286],"tintindex":0,"rotation":0,"texture":"#0"},"down":{"uv":[9.428572,5.142857,10.0,5.714286],"tintindex":0,"rotation":0,"texture":"#0"}},"rotation":{"origin":[12.0,-8.0,-0.6999998],"angle":-22.5,"axis":"y"}},{"from":[3.1,-9.6,-1.3499994],"to":[6.1,-5.9000006,-0.05000019],"faces":{"east":{"uv":[9.428572,5.142857,10.0,5.714286],"tintindex":0,"rotation":0,"texture":"#0"},"south":{"uv":[9.428572,5.142857,10.0,5.714286],"tintindex":0,"rotation":0,"texture":"#0"},"north":{"uv":[9.428572,5.142857,10.0,5.714286],"tintindex":0,"rotation":0,"texture":"#0"},"west":{"uv":[9.428572,5.142857,10.0,5.714286],"tintindex":0,"rotation":0,"texture":"#0"},"up":{"uv":[9.428572,5.142857,10.0,5.714286],"tintindex":0,"rotation":0,"texture":"#0"},"down":{"uv":[9.428572,5.142857,10.0,5.714286],"tintindex":0,"rotation":0,"texture":"#0"}},"rotation":{"origin":[4.6,-8.0,-0.6999998],"angle":22.5,"axis":"y"}},{"from":[6.7,-9.6,-1.9499998],"to":[9.7,-5.9000006,-0.6500006],"faces":{"east":{"uv":[9.428572,5.142857,10.0,5.714286],"tintindex":0,"rotation":0,"texture":"#0"},"south":{"uv":[9.428572,5.142857,10.0,5.714286],"tintindex":0,"rotation":0,"texture":"#0"},"north":{"uv":[9.428572,5.142857,10.0,5.714286],"tintindex":0,"rotation":0,"texture":"#0"},"west":{"uv":[9.428572,5.142857,10.0,5.714286],"tintindex":0,"rotation":0,"texture":"#0"},"up":{"uv":[9.428572,5.142857,10.0,5.714286],"tintindex":0,"rotation":0,"texture":"#0"},"down":{"uv":[9.428572,5.142857,10.0,5.714286],"tintindex":0,"rotation":0,"texture":"#0"}}},{"from":[3.1,-9.6,-0.6500006],"to":[13.5,-4.6000004,9.85],"faces":{"east":{"uv":[3.09375,0.3125,2.4375,0.0],"tintindex":0,"rotation":0,"texture":"#0"},"south":{"uv":[3.0875,0.3125,2.4375,0.0],"tintindex":0,"rotation":0,"texture":"#0"},"north":{"uv":[3.0875,0.3125,2.4375,0.0],"tintindex":0,"rotation":0,"texture":"#0"},"west":{"uv":[3.09375,0.3125,2.4375,0.0],"tintindex":0,"rotation":0,"texture":"#0"},"up":{"uv":[3.0875,0.65625,2.4375,0.0],"tintindex":0,"rotation":0,"texture":"#0"},"down":{"uv":[12.275,4.28125,11.625,3.625],"tintindex":0,"rotation":0,"texture":"#0"}}},{"from":[3.8000002,-8.300001,0.6500006],"to":[12.8,9.199999,9.25],"faces":{"east":{"uv":[2.975,1.09375,2.4375,0.0],"tintindex":0,"rotation":0,"texture":"#0"},"south":{"uv":[3.0,1.09375,2.4375,0.0],"tintindex":0,"rotation":0,"texture":"#0"},"north":{"uv":[3.0,1.09375,2.4375,0.0],"tintindex":0,"rotation":0,"texture":"#0"},"west":{"uv":[2.975,1.09375,2.4375,0.0],"tintindex":0,"rotation":0,"texture":"#0"},"up":{"uv":[4.3125,2.375,2.4375,0.0],"tintindex":0,"rotation":0,"texture":"#0"},"down":{"uv":[4.3125,2.375,2.4375,0.0],"tintindex":0,"rotation":0,"texture":"#0"}}}]}