{"textures":{"0":"modelengine:entity/lr_yeti"},"elements":[{"from":[2.8571424,-6.8571434,-2.8571434],"to":[12.0,8.0,9.142858],"rotation":{"angle":0.0,"axis":"y","origin":[9.714286,2.2857141,1.7142854]},"faces":{"east":{"uv":[4.0,3.5,5.3125,5.125],"rotation":0,"texture":"#0","tintindex":0},"south":{"uv":[6.0625,6.3125,7.0625,7.9375],"rotation":0,"texture":"#0","tintindex":0},"north":{"uv":[6.0625,4.6875,7.0625,6.3125],"rotation":0,"texture":"#0","tintindex":0},"west":{"uv":[2.0,5.0625,3.3125,6.6875],"rotation":0,"texture":"#0","tintindex":0},"up":{"uv":[3.0,8.0,2.0,6.6875],"rotation":0,"texture":"#0","tintindex":0},"down":{"uv":[7.6875,3.0625,6.6875,4.375],"rotation":0,"texture":"#0","tintindex":0}}},{"from":[7.9547024,-11.216469,-2.285715],"to":[11.383274,-5.502184,2.8571424],"rotation":{"angle":22.5,"axis":"z","origin":[6.526131,-7.502184,2.5714283]},"faces":{"east":{"uv":[1.375,10.4375,1.9375,11.0625],"rotation":0,"texture":"#0","tintindex":0},"south":{"uv":[0.0,10.625,0.375,11.25],"rotation":0,"texture":"#0","tintindex":0},"north":{"uv":[10.25,10.5,10.625,11.125],"rotation":0,"texture":"#0","tintindex":0},"west":{"uv":[1.9375,10.4375,2.5,11.0625],"rotation":0,"texture":"#0","tintindex":0},"up":{"uv":[11.0,3.1875,10.625,2.625],"rotation":0,"texture":"#0","tintindex":0},"down":{"uv":[4.0,10.625,3.625,11.1875],"rotation":0,"texture":"#0","tintindex":0}}},{"from":[3.383274,-10.6450405,-1.7142859],"to":[9.668988,-5.502184,8.0],"rotation":{"angle":22.5,"axis":"z","origin":[6.526131,-7.502184,2.5714283]},"faces":{"east":{"uv":[9.1875,4.0625,10.25,4.625],"rotation":0,"texture":"#0","tintindex":0},"south":{"uv":[0.6875,10.4375,1.375,11.0],"rotation":0,"texture":"#0","tintindex":0},"north":{"uv":[10.375,7.8125,11.0625,8.375],"rotation":0,"texture":"#0","tintindex":0},"west":{"uv":[9.1875,4.625,10.25,5.1875],"rotation":0,"texture":"#0","tintindex":0},"up":{"uv":[9.3125,9.9375,8.625,8.875],"rotation":0,"texture":"#0","tintindex":0},"down":{"uv":[7.6875,8.9375,7.0,10.0],"rotation":0,"texture":"#0","tintindex":0}}},{"from":[2.8571424,-6.8571434,9.142858],"to":[2.8571424,8.0,12.571428],"rotation":{"angle":0.0,"axis":"y","origin":[2.8571424,0.5714283,10.857143]},"faces":{"east":{"uv":[4.4375,8.6875,4.8125,10.3125],"rotation":0,"texture":"#0","tintindex":0},"south":{"uv":[0.0,0.0,0.0,1.625],"rotation":0,"texture":"#0","tintindex":0},"north":{"uv":[0.0,0.0,0.0,1.625],"rotation":0,"texture":"#0","tintindex":0},"west":{"uv":[4.8125,8.6875,4.4375,10.3125],"rotation":0,"texture":"#0","tintindex":0},"up":{"uv":[0.0,0.375,0.0,0.0],"rotation":0,"texture":"#0","tintindex":0},"down":{"uv":[0.0,0.0,0.0,0.375],"rotation":0,"texture":"#0","tintindex":0}}},{"from":[2.091776,-10.704903,-2.8571434],"to":[2.091776,-6.7049026,9.142858],"rotation":{"angle":-22.5,"axis":"z","origin":[2.091776,-8.704903,3.142857]},"faces":{"east":{"uv":[10.5,5.625,9.1875,6.0625],"rotation":0,"texture":"#0","tintindex":0},"south":{"uv":[0.0,0.0,0.0,0.4375],"rotation":0,"texture":"#0","tintindex":0},"north":{"uv":[0.0,0.0,0.0,0.4375],"rotation":0,"texture":"#0","tintindex":0},"west":{"uv":[9.1875,5.625,10.5,6.0625],"rotation":0,"texture":"#0","tintindex":0},"up":{"uv":[0.0,1.3125,0.0,0.0],"rotation":0,"texture":"#0","tintindex":0},"down":{"uv":[0.0,0.0,0.0,1.3125],"rotation":0,"texture":"#0","tintindex":0}}},{"from":[2.8571424,-11.254801,10.017035],"to":[12.0,-6.6833725,10.017035],"rotation":{"angle":-22.5,"axis":"x","origin":[7.428571,-8.969086,10.017035]},"faces":{"east":{"uv":[0.0,0.0,0.0,0.5],"rotation":0,"texture":"#0","tintindex":0},"south":{"uv":[9.9375,6.0625,10.9375,6.5625],"rotation":0,"texture":"#0","tintindex":0},"north":{"uv":[10.9375,6.0625,9.9375,6.5625],"rotation":0,"texture":"#0","tintindex":0},"west":{"uv":[0.0,0.0,0.0,0.5],"rotation":0,"texture":"#0","tintindex":0},"up":{"uv":[1.0,0.0,0.0,0.0],"rotation":0,"texture":"#0","tintindex":0},"down":{"uv":[1.0,0.0,0.0,0.0],"rotation":0,"texture":"#0","tintindex":0}}},{"from":[2.8571424,-11.254801,-3.7313204],"to":[12.0,-6.6833725,-3.7313204],"rotation":{"angle":22.5,"axis":"x","origin":[7.428571,-8.969086,-3.7313204]},"faces":{"east":{"uv":[0.0,0.0,0.0,0.5],"rotation":0,"texture":"#0","tintindex":0},"south":{"uv":[9.625,10.0,8.625,10.5],"rotation":0,"texture":"#0","tintindex":0},"north":{"uv":[8.625,10.0,9.625,10.5],"rotation":0,"texture":"#0","tintindex":0},"west":{"uv":[0.0,0.0,0.0,0.5],"rotation":0,"texture":"#0","tintindex":0},"up":{"uv":[1.0,0.0,0.0,0.0],"rotation":0,"texture":"#0","tintindex":0},"down":{"uv":[1.0,0.0,0.0,0.0],"rotation":0,"texture":"#0","tintindex":0}}},{"from":[12.7653675,-10.704903,-2.8571434],"to":[12.7653675,-6.7049026,9.142858],"rotation":{"angle":22.5,"axis":"z","origin":[12.7653675,-8.704903,3.142857]},"faces":{"east":{"uv":[9.3125,0.0,10.625,0.4375],"rotation":0,"texture":"#0","tintindex":0},"south":{"uv":[0.0,0.0,0.0,0.4375],"rotation":0,"texture":"#0","tintindex":0},"north":{"uv":[0.0,0.0,0.0,0.4375],"rotation":0,"texture":"#0","tintindex":0},"west":{"uv":[10.625,0.0,9.3125,0.4375],"rotation":0,"texture":"#0","tintindex":0},"up":{"uv":[0.0,1.3125,0.0,0.0],"rotation":0,"texture":"#0","tintindex":0},"down":{"uv":[0.0,0.0,0.0,1.3125],"rotation":0,"texture":"#0","tintindex":0}}}],"display":{"head":{"translation":[0.0,-6.4,0.0],"scale":[4.0,4.0,4.0]}}}