{"textures":{"0":"modelengine:entity/lr_yeti"},"elements":[{"from":[9.714286,-12.57143,7.142857],"to":[12.571428,-3.4285717,8.857143],"rotation":{"angle":0.0,"axis":"y","origin":[8.0,-24.0,7.714286]},"faces":{"east":{"uv":[12.25,1.625,12.4375,2.625],"rotation":0,"texture":"#0","tintindex":0},"south":{"uv":[11.4375,1.625,11.75,2.625],"rotation":0,"texture":"#0","tintindex":0},"north":{"uv":[11.75,1.625,12.0625,2.625],"rotation":0,"texture":"#0","tintindex":0},"west":{"uv":[12.0625,1.625,12.25,2.625],"rotation":0,"texture":"#0","tintindex":0},"up":{"uv":[12.4375,1.8125,12.75,2.0],"rotation":0,"texture":"#0","tintindex":0},"down":{"uv":[12.4375,1.625,12.75,1.8125],"rotation":0,"texture":"#0","tintindex":0}}},{"from":[3.4285712,-12.57143,7.142857],"to":[6.285714,-3.4285717,8.857143],"rotation":{"angle":0.0,"axis":"y","origin":[1.7142854,-24.0,7.714286]},"faces":{"east":{"uv":[14.0,0.625,14.1875,1.625],"rotation":0,"texture":"#0","tintindex":0},"south":{"uv":[13.1875,0.625,13.5,1.625],"rotation":0,"texture":"#0","tintindex":0},"north":{"uv":[13.5,0.625,13.8125,1.625],"rotation":0,"texture":"#0","tintindex":0},"west":{"uv":[13.8125,0.625,14.0,1.625],"rotation":0,"texture":"#0","tintindex":0},"up":{"uv":[13.5,1.625,13.8125,1.8125],"rotation":0,"texture":"#0","tintindex":0},"down":{"uv":[13.1875,1.625,13.5,1.8125],"rotation":0,"texture":"#0","tintindex":0}}},{"from":[6.285714,-12.57143,7.142857],"to":[9.714286,-9.714287,8.857143],"rotation":{"angle":0.0,"axis":"y","origin":[1.7142854,-30.285717,7.714286]},"faces":{"east":{"uv":[13.0625,0.3125,13.25,0.625],"rotation":0,"texture":"#0","tintindex":0},"south":{"uv":[13.25,0.0,13.625,0.3125],"rotation":0,"texture":"#0","tintindex":0},"north":{"uv":[13.25,0.3125,13.625,0.625],"rotation":0,"texture":"#0","tintindex":0},"west":{"uv":[13.0625,0.0,13.25,0.3125],"rotation":0,"texture":"#0","tintindex":0},"up":{"uv":[13.625,0.1875,14.0,0.375],"rotation":0,"texture":"#0","tintindex":0},"down":{"uv":[13.625,0.0,14.0,0.1875],"rotation":0,"texture":"#0","tintindex":0}}},{"from":[6.285714,-6.8571434,6.5714283],"to":[9.714286,-2.8571434,9.428572],"rotation":{"angle":0.0,"axis":"y","origin":[1.7142854,-24.0,7.714286]},"faces":{"east":{"uv":[12.875,0.75,13.1875,1.1875],"rotation":0,"texture":"#0","tintindex":0},"south":{"uv":[11.4375,0.75,11.8125,1.1875],"rotation":0,"texture":"#0","tintindex":0},"north":{"uv":[11.8125,0.75,12.1875,1.1875],"rotation":0,"texture":"#0","tintindex":0},"west":{"uv":[12.5625,0.75,12.875,1.1875],"rotation":0,"texture":"#0","tintindex":0},"up":{"uv":[12.1875,1.0625,12.5625,1.375],"rotation":0,"texture":"#0","tintindex":0},"down":{"uv":[12.1875,0.75,12.5625,1.0625],"rotation":0,"texture":"#0","tintindex":0}}},{"from":[1.7142854,-4.5714293,8.0],"to":[14.285715,8.0,8.0],"rotation":{"angle":0.0,"axis":"y","origin":[1.7142854,-24.0,7.428571]},"faces":{"east":{"uv":[0.0,0.0,0.0,1.375],"rotation":0,"texture":"#0","tintindex":0},"south":{"uv":[14.625,0.0,16.0,1.375],"rotation":0,"texture":"#0","tintindex":0},"north":{"uv":[14.625,0.0,16.0,1.375],"rotation":0,"texture":"#0","tintindex":0},"west":{"uv":[0.0,0.0,0.0,1.375],"rotation":0,"texture":"#0","tintindex":0},"up":{"uv":[0.0,0.0,1.375,0.0],"rotation":0,"texture":"#0","tintindex":0},"down":{"uv":[0.0,0.0,1.375,0.0],"rotation":0,"texture":"#0","tintindex":0}}},{"from":[1.7142854,-2.285715,7.142857],"to":[14.285715,-0.57142925,8.857143],"rotation":{"angle":0.0,"axis":"y","origin":[8.0,-2.285715,7.714286]},"faces":{"east":{"uv":[12.8125,0.1875,13.0,0.375],"rotation":0,"texture":"#0","tintindex":0},"south":{"uv":[11.4375,0.5625,12.8125,0.75],"rotation":0,"texture":"#0","tintindex":0},"north":{"uv":[11.4375,0.0,12.8125,0.1875],"rotation":0,"texture":"#0","tintindex":0},"west":{"uv":[12.8125,0.0,13.0,0.1875],"rotation":0,"texture":"#0","tintindex":0},"up":{"uv":[11.4375,0.375,12.8125,0.5625],"rotation":0,"texture":"#0","tintindex":0},"down":{"uv":[11.4375,0.1875,12.8125,0.375],"rotation":0,"texture":"#0","tintindex":0}}}],"display":{"head":{"translation":[0.0,-6.4,0.0],"scale":[4.0,4.0,4.0]}}}