{"textures":{"0":"modelengine:entity/lr_yeti"},"elements":[{"from":[4.0,-6.8571434,-2.8571434],"to":[13.142858,8.0,9.142858],"rotation":{"angle":0.0,"axis":"y","origin":[6.285714,2.2857141,1.7142854]},"faces":{"east":{"uv":[3.3125,5.0625,2.0,6.6875],"rotation":0,"texture":"#0","tintindex":0},"south":{"uv":[7.0625,6.3125,6.0625,7.9375],"rotation":0,"texture":"#0","tintindex":0},"north":{"uv":[7.0625,4.6875,6.0625,6.3125],"rotation":0,"texture":"#0","tintindex":0},"west":{"uv":[5.3125,3.5,4.0,5.125],"rotation":0,"texture":"#0","tintindex":0},"up":{"uv":[2.0,8.0,3.0,6.6875],"rotation":0,"texture":"#0","tintindex":0},"down":{"uv":[6.6875,3.0625,7.6875,4.375],"rotation":0,"texture":"#0","tintindex":0}}},{"from":[6.331012,-10.6450405,-1.7142859],"to":[12.616726,-5.502184,8.0],"rotation":{"angle":-22.5,"axis":"z","origin":[9.473869,-7.502184,2.5714283]},"faces":{"east":{"uv":[10.25,4.625,9.1875,5.1875],"rotation":0,"texture":"#0","tintindex":0},"south":{"uv":[1.375,10.4375,0.6875,11.0],"rotation":0,"texture":"#0","tintindex":0},"north":{"uv":[11.0625,7.8125,10.375,8.375],"rotation":0,"texture":"#0","tintindex":0},"west":{"uv":[10.25,4.0625,9.1875,4.625],"rotation":0,"texture":"#0","tintindex":0},"up":{"uv":[8.625,9.9375,9.3125,8.875],"rotation":0,"texture":"#0","tintindex":0},"down":{"uv":[7.0,8.9375,7.6875,10.0],"rotation":0,"texture":"#0","tintindex":0}}},{"from":[4.616726,-11.216469,-2.285715],"to":[8.045298,-5.502184,2.8571424],"rotation":{"angle":-22.5,"axis":"z","origin":[9.473869,-7.502184,2.5714283]},"faces":{"east":{"uv":[2.5,10.4375,1.9375,11.0625],"rotation":0,"texture":"#0","tintindex":0},"south":{"uv":[0.375,10.625,0.0,11.25],"rotation":0,"texture":"#0","tintindex":0},"north":{"uv":[10.625,10.5,10.25,11.125],"rotation":0,"texture":"#0","tintindex":0},"west":{"uv":[1.9375,10.4375,1.375,11.0625],"rotation":0,"texture":"#0","tintindex":0},"up":{"uv":[10.625,3.1875,11.0,2.625],"rotation":0,"texture":"#0","tintindex":0},"down":{"uv":[3.625,10.625,4.0,11.1875],"rotation":0,"texture":"#0","tintindex":0}}},{"from":[13.142286,-6.8571434,9.142858],"to":[13.142286,8.0,12.571428],"rotation":{"angle":0.0,"axis":"y","origin":[13.142286,0.5714283,10.857143]},"faces":{"east":{"uv":[4.4375,8.6875,4.8125,10.3125],"rotation":0,"texture":"#0","tintindex":0},"south":{"uv":[0.0,0.0,0.0,1.625],"rotation":0,"texture":"#0","tintindex":0},"north":{"uv":[0.0,0.0,0.0,1.625],"rotation":0,"texture":"#0","tintindex":0},"west":{"uv":[4.8125,8.6875,4.4375,10.3125],"rotation":0,"texture":"#0","tintindex":0},"up":{"uv":[0.0,0.375,0.0,0.0],"rotation":0,"texture":"#0","tintindex":0},"down":{"uv":[0.0,0.0,0.0,0.375],"rotation":0,"texture":"#0","tintindex":0}}},{"from":[13.908224,-10.704903,-2.8571434],"to":[13.908224,-6.7049026,9.142858],"rotation":{"angle":22.5,"axis":"z","origin":[13.908224,-8.704903,3.142857]},"faces":{"east":{"uv":[10.5,5.625,9.1875,6.0625],"rotation":0,"texture":"#0","tintindex":0},"south":{"uv":[0.0,0.0,0.0,0.4375],"rotation":0,"texture":"#0","tintindex":0},"north":{"uv":[0.0,0.0,0.0,0.4375],"rotation":0,"texture":"#0","tintindex":0},"west":{"uv":[9.1875,5.625,10.5,6.0625],"rotation":0,"texture":"#0","tintindex":0},"up":{"uv":[0.0,1.3125,0.0,0.0],"rotation":0,"texture":"#0","tintindex":0},"down":{"uv":[0.0,0.0,0.0,1.3125],"rotation":0,"texture":"#0","tintindex":0}}},{"from":[4.0,-11.254801,10.017035],"to":[13.142858,-6.6833725,10.017035],"rotation":{"angle":-22.5,"axis":"x","origin":[8.571428,-8.969086,10.017035]},"faces":{"east":{"uv":[0.0,0.0,0.0,0.5],"rotation":0,"texture":"#0","tintindex":0},"south":{"uv":[10.9375,6.0625,9.9375,6.5625],"rotation":0,"texture":"#0","tintindex":0},"north":{"uv":[9.9375,6.0625,10.9375,6.5625],"rotation":0,"texture":"#0","tintindex":0},"west":{"uv":[0.0,0.0,0.0,0.5],"rotation":0,"texture":"#0","tintindex":0},"up":{"uv":[0.0,0.0,1.0,0.0],"rotation":0,"texture":"#0","tintindex":0},"down":{"uv":[0.0,0.0,1.0,0.0],"rotation":0,"texture":"#0","tintindex":0}}},{"from":[4.0,-11.254801,-3.7313204],"to":[13.142858,-6.6833725,-3.7313204],"rotation":{"angle":22.5,"axis":"x","origin":[8.571428,-8.969086,-3.7313204]},"faces":{"east":{"uv":[0.0,0.0,0.0,0.5],"rotation":0,"texture":"#0","tintindex":0},"south":{"uv":[8.625,10.0,9.625,10.5],"rotation":0,"texture":"#0","tintindex":0},"north":{"uv":[9.625,10.0,8.625,10.5],"rotation":0,"texture":"#0","tintindex":0},"west":{"uv":[0.0,0.0,0.0,0.5],"rotation":0,"texture":"#0","tintindex":0},"up":{"uv":[0.0,0.0,1.0,0.0],"rotation":0,"texture":"#0","tintindex":0},"down":{"uv":[0.0,0.0,1.0,0.0],"rotation":0,"texture":"#0","tintindex":0}}},{"from":[3.234633,-10.704903,-2.8571434],"to":[3.234633,-6.7049026,9.142858],"rotation":{"angle":-22.5,"axis":"z","origin":[3.234633,-8.704903,3.142857]},"faces":{"east":{"uv":[9.3125,0.0,10.625,0.4375],"rotation":0,"texture":"#0","tintindex":0},"south":{"uv":[0.0,0.0,0.0,0.4375],"rotation":0,"texture":"#0","tintindex":0},"north":{"uv":[0.0,0.0,0.0,0.4375],"rotation":0,"texture":"#0","tintindex":0},"west":{"uv":[10.625,0.0,9.3125,0.4375],"rotation":0,"texture":"#0","tintindex":0},"up":{"uv":[0.0,1.3125,0.0,0.0],"rotation":0,"texture":"#0","tintindex":0},"down":{"uv":[0.0,0.0,0.0,1.3125],"rotation":0,"texture":"#0","tintindex":0}}}],"display":{"head":{"translation":[0.0,-6.4,0.0],"scale":[4.0,4.0,4.0]}}}