{"textures":{"0":"modelengine:entity/lr_yeti"},"elements":[{"from":[13.878679,-0.5,13.121321],"to":[13.878679,11.5,19.12132],"faces":{"east":{"uv":[10.875,5.0625,10.5,5.8125],"tintindex":0,"rotation":0,"texture":"#0"},"west":{"uv":[10.5,5.0625,10.875,5.8125],"tintindex":0,"rotation":0,"texture":"#0"}},"rotation":{"origin":[13.878679,5.5,16.12132],"angle":-45.0,"axis":"y"}},{"from":[7.0,-0.5,2.0],"to":[16.0,11.5,14.0],"faces":{"east":{"uv":[10.4375,2.0625,9.6875,2.8125],"tintindex":0,"rotation":0,"texture":"#0"},"south":{"uv":[8.1875,10.3125,7.625,11.0625],"tintindex":0,"rotation":0,"texture":"#0"},"north":{"uv":[5.375,10.25,4.8125,11.0],"tintindex":0,"rotation":0,"texture":"#0"},"west":{"uv":[2.25,9.6875,1.5,10.4375],"tintindex":0,"rotation":0,"texture":"#0"},"up":{"uv":[10.3125,9.5,10.875,8.75],"tintindex":0,"rotation":0,"texture":"#0"},"down":{"uv":[5.9375,10.375,6.5,11.125],"tintindex":0,"rotation":0,"texture":"#0"}}}]}