{"textures":{"0":"modelengine:entity/charleskingspaniel"},"elements":[{"from":[7.0375,6.0716267,7.1749654],"to":[8.9625,8.321627,9.174965],"faces":{"east":{"uv":[5.508,9.258,5.992,9.875],"tintindex":0,"rotation":0,"texture":"#0"},"south":{"uv":[9.258,8.258,9.742,8.875],"tintindex":0,"rotation":0,"texture":"#0"},"north":{"uv":[4.758,9.258,5.242,9.875],"tintindex":0,"rotation":0,"texture":"#0"},"west":{"uv":[9.258,9.258,9.742,9.875],"tintindex":0,"rotation":0,"texture":"#0"},"up":{"uv":[10.492,2.242,10.008,1.758],"tintindex":0,"rotation":0,"texture":"#0"},"down":{"uv":[10.492,2.508,10.008,2.992],"tintindex":0,"rotation":0,"texture":"#0"}},"rotation":{"origin":[8.00625,7.7889757,8.153319],"angle":-22.5,"axis":"x"}}]}