{"textures":{"0":"modelengine:entity/charleskingspaniel"},"elements":[{"from":[7.428571,7.5142856,7.6857142],"to":[8.571428,8.085714,8.828571],"rotation":{"angle":0.0,"axis":"y","origin":[8.0,7.9428573,8.114285]},"faces":{"east":{"uv":[7.242,10.508,6.758,10.742],"rotation":0,"texture":"#0","tintindex":0},"south":{"uv":[10.992,1.258,10.508,1.492],"rotation":0,"texture":"#0","tintindex":0},"north":{"uv":[10.742,7.758,10.258,7.992],"rotation":0,"texture":"#0","tintindex":0},"west":{"uv":[10.992,0.758,10.508,0.992],"rotation":0,"texture":"#0","tintindex":0},"up":{"uv":[10.008,3.742,10.492,3.258],"rotation":0,"texture":"#0","tintindex":0},"down":{"uv":[10.008,4.008,10.492,4.492],"rotation":0,"texture":"#0","tintindex":0}}}],"display":{"head":{"translation":[0.0,-6.4,0.0],"scale":[4.0,4.0,4.0]}}}