{"textures":{"0":"modelengine:entity/dragon_desert"},"elements":[{"from":[4.8571424,1.8103442,1.7692537],"to":[11.142858,9.238916,9.197825],"rotation":{"angle":-45.0,"axis":"x","origin":[8.0,5.5246305,5.4835396]},"faces":{"east":{"uv":[4.0,5.625,4.8125,6.4375],"rotation":0,"texture":"#0","tintindex":0},"south":{"uv":[4.875,6.4375,5.5625,7.25],"rotation":0,"texture":"#0","tintindex":0},"north":{"uv":[6.0,5.5625,6.6875,6.375],"rotation":0,"texture":"#0","tintindex":0},"west":{"uv":[5.8125,0.875,6.625,1.6875],"rotation":0,"texture":"#0","tintindex":0},"up":{"uv":[6.3125,7.25,5.625,6.4375],"rotation":0,"texture":"#0","tintindex":0},"down":{"uv":[7.0625,6.4375,6.375,7.25],"rotation":0,"texture":"#0","tintindex":0}}},{"from":[6.0,7.666256,-1.8846273],"to":[6.0,11.666256,4.972516],"rotation":{"angle":-45.0,"axis":"x","origin":[6.0,9.666256,1.5439444]},"faces":{"east":{"uv":[3.8125,7.125,3.0625,7.5625],"rotation":0,"texture":"#0","tintindex":0},"south":{"uv":[0.375,8.4375,0.375,8.875],"rotation":0,"texture":"#0","tintindex":0},"north":{"uv":[1.0625,8.375,1.0625,8.8125],"rotation":0,"texture":"#0","tintindex":0},"west":{"uv":[3.0625,7.125,3.8125,7.5625],"rotation":0,"texture":"#0","tintindex":0},"up":{"uv":[9.625,10.8125,9.625,10.0625],"rotation":0,"texture":"#0","tintindex":0},"down":{"uv":[0.25,10.125,0.25,10.875],"rotation":0,"texture":"#0","tintindex":0}}},{"from":[10.0,7.666256,-1.8846273],"to":[10.0,11.666256,4.972516],"rotation":{"angle":-45.0,"axis":"x","origin":[10.0,9.666256,1.5439444]},"faces":{"east":{"uv":[3.8125,7.125,3.0625,7.5625],"rotation":0,"texture":"#0","tintindex":0},"south":{"uv":[0.375,8.4375,0.375,8.875],"rotation":0,"texture":"#0","tintindex":0},"north":{"uv":[1.0625,8.375,1.0625,8.8125],"rotation":0,"texture":"#0","tintindex":0},"west":{"uv":[3.0625,7.125,3.8125,7.5625],"rotation":0,"texture":"#0","tintindex":0},"up":{"uv":[9.625,10.8125,9.625,10.0625],"rotation":0,"texture":"#0","tintindex":0},"down":{"uv":[0.25,10.125,0.25,10.875],"rotation":0,"texture":"#0","tintindex":0}}}],"display":{"head":{"translation":[0.0,-6.4,0.0],"scale":[4.0,4.0,4.0]}}}