{"textures":{"0":"modelengine:entity/dragon_desert"},"elements":[{"from":[11.179575,7.430357,-0.3860445],"to":[18.608147,8.573215,1.3282413],"rotation":{"angle":0.0,"axis":"y","origin":[14.893862,8.001785,0.4710989]},"faces":{"east":{"uv":[10.4375,0.25,10.25,0.375],"rotation":0,"texture":"#0","tintindex":0},"south":{"uv":[0.0,9.4375,0.8125,9.3125],"rotation":0,"texture":"#0","tintindex":0},"north":{"uv":[0.8125,9.3125,0.0,9.4375],"rotation":0,"texture":"#0","tintindex":0},"west":{"uv":[10.375,9.3125,10.1875,9.4375],"rotation":0,"texture":"#0","tintindex":0},"up":{"uv":[8.9375,9.0625,9.75,8.875],"rotation":0,"texture":"#0","tintindex":0},"down":{"uv":[8.9375,9.0625,9.75,8.875],"rotation":0,"texture":"#0","tintindex":0}}},{"from":[7.912848,8.001785,0.0],"to":[18.198563,8.001785,32.0],"rotation":{"angle":0.0,"axis":"y","origin":[13.055705,8.001785,16.0]},"faces":{"east":{"uv":[13.75,2.6875,10.25,2.6875],"rotation":0,"texture":"#0","tintindex":0},"south":{"uv":[11.3125,9.5625,10.1875,9.5625],"rotation":0,"texture":"#0","tintindex":0},"north":{"uv":[11.25,3.4375,10.125,3.4375],"rotation":0,"texture":"#0","tintindex":0},"west":{"uv":[13.6875,9.5,10.1875,9.5],"rotation":0,"texture":"#0","tintindex":0},"up":{"uv":[0.0,7.0625,1.125,3.5625],"rotation":0,"texture":"#0","tintindex":0},"down":{"uv":[0.0,3.5625,1.125,7.0625],"rotation":0,"texture":"#0","tintindex":0}}},{"from":[12.3224325,8.001785,-5.528902],"to":[17.46529,8.001785,-0.3860445],"rotation":{"angle":0.0,"axis":"y","origin":[14.893862,8.001785,-2.9574728]},"faces":{"east":{"uv":[10.875,8.6875,10.3125,8.6875],"rotation":0,"texture":"#0","tintindex":0},"south":{"uv":[10.875,8.625,10.3125,8.625],"rotation":0,"texture":"#0","tintindex":0},"north":{"uv":[10.875,5.5625,10.3125,5.5625],"rotation":0,"texture":"#0","tintindex":0},"west":{"uv":[10.875,6.3125,10.3125,6.3125],"rotation":0,"texture":"#0","tintindex":0},"up":{"uv":[7.3125,2.0625,7.875,1.5],"rotation":0,"texture":"#0","tintindex":0},"down":{"uv":[7.3125,1.5,7.875,2.0625],"rotation":0,"texture":"#0","tintindex":0}}},{"from":[6.309848,7.4160714,1.7697144],"to":[12.595563,8.5589285,3.4840002],"rotation":{"angle":45.0,"axis":"y","origin":[9.452705,7.9875,2.6268578]},"faces":{"east":{"uv":[10.375,2.0,10.1875,2.125],"rotation":0,"texture":"#0","tintindex":0},"south":{"uv":[0.6875,9.625,0.0,9.5],"rotation":0,"texture":"#0","tintindex":0},"north":{"uv":[0.6875,9.5,0.0,9.625],"rotation":0,"texture":"#0","tintindex":0},"west":{"uv":[10.3125,4.375,10.125,4.5],"rotation":0,"texture":"#0","tintindex":0},"up":{"uv":[0.0,9.25,0.6875,9.0625],"rotation":0,"texture":"#0","tintindex":0},"down":{"uv":[0.0,9.25,0.6875,9.0625],"rotation":0,"texture":"#0","tintindex":0}}}],"display":{"head":{"translation":[0.0,-6.4,14.551926],"scale":[4.0,4.0,4.0]}}}