{"credit":"magic_store_official","texture_size":[256,256],"textures":{"0":"outsourced:christmas/magicstore/christmas_pack","particle":"outsourced:christmas/magicstore/christmas_pack"},"elements":[{"from":[3.52145,7.91321,8.54224],"to":[10.52145,9.91321,11.54224],"rotation":{"angle":-22.5,"axis":"z","origin":[8.5,4.90433,10.04224]},"faces":{"north":{"uv":[10.125,2.5625,10.5625,2.6875],"texture":"#0"},"east":{"uv":[10.5625,2.5625,10.75,2.6875],"texture":"#0"},"south":{"uv":[10.5625,2.5625,10.125,2.6875],"texture":"#0"},"west":{"uv":[10.5625,2.5625,10.75,2.6875],"texture":"#0"},"up":{"uv":[10.125,2.375,10.5625,2.5625],"rotation":180,"texture":"#0"},"down":{"uv":[10.125,2.1875,10.5625,2.375],"texture":"#0"}}},{"from":[4.02145,4.91321,9.04224],"to":[9.02145,7.91321,11.04224],"rotation":{"angle":-22.5,"axis":"z","origin":[8.5,4.90433,10.04224]},"faces":{"north":{"uv":[10.8125,2.1875,11.125,2.375],"texture":"#0","tintindex":0},"east":{"uv":[11.0625,2.1875,11.125,2.375],"texture":"#0","tintindex":0},"south":{"uv":[11.125,2.1875,10.8125,2.375],"texture":"#0","tintindex":0},"west":{"uv":[10.8125,2.1875,10.875,2.375],"texture":"#0","tintindex":0}}},{"from":[4.02145,0.91321,9.04224],"to":[12.02145,4.91321,11.04224],"rotation":{"angle":-22.5,"axis":"z","origin":[8.5,4.90433,10.04224]},"faces":{"north":{"uv":[11.125,2.1875,11.625,2.4375],"texture":"#0","tintindex":0},"east":{"uv":[11.125,2.1875,11.1875,2.4375],"texture":"#0","tintindex":0},"south":{"uv":[11.625,2.1875,11.125,2.4375],"texture":"#0","tintindex":0},"west":{"uv":[11.5625,2.1875,11.625,2.4375],"texture":"#0","tintindex":0},"up":{"uv":[11.125,2.1875,11.625,2.25],"rotation":180,"texture":"#0","tintindex":0},"down":{"uv":[11.125,2.375,11.625,2.4375],"texture":"#0","tintindex":0}}}],"display":{"thirdperson_righthand":{"rotation":[158.61,40.12,-138.41],"translation":[0,3.25,2],"scale":[0.5,0.5,0.5]},"thirdperson_lefthand":{"rotation":[158.61,40.12,-138.41],"translation":[0,3.25,2],"scale":[0.5,0.5,0.5]},"firstperson_righthand":{"rotation":[0,100,0],"translation":[0,5,1.5],"scale":[0.5,0.5,0.5]},"firstperson_lefthand":{"rotation":[0,-73,0],"translation":[0.75,5,1.5],"scale":[0.5,0.5,0.5]},"ground":{"translation":[0,0.5,0],"scale":[0.5,0.5,0.5]},"gui":{"rotation":[30,135,0],"translation":[-1,0,0],"scale":[0.7,0.7,0.7]},"head":{"translation":[0,-28,0],"scale":[1.6,1.6,1.6]},"fixed":{"translation":[0.5,6.5,-8],"scale":[2,2,2]}}}