{"textures":{"0":"modelengine:entity/krampusklausrage"},"elements":[{"from":[3.433505,3.1565657,6.0839233],"to":[11.699552,6.6323233,10.31946],"rotation":{"angle":0.0,"axis":"y","origin":[-6.9929857,-15.091162,-8.135313]},"faces":{"east":{"uv":[9.625,2.0,9.0,2.5],"rotation":0,"texture":"#0","tintindex":0},"south":{"uv":[5.5,6.25,6.75,6.75],"rotation":0,"texture":"#0","tintindex":0},"north":{"uv":[6.25,5.25,7.5,5.75],"rotation":0,"texture":"#0","tintindex":0},"west":{"uv":[9.0,2.0,9.625,2.5],"rotation":0,"texture":"#0","tintindex":0},"up":{"uv":[1.25,6.25,0.0,5.625],"rotation":0,"texture":"#0","tintindex":0},"down":{"uv":[5.5,6.25,6.75,6.75],"rotation":0,"texture":"#0","tintindex":0}}},{"from":[3.6213698,6.6323233,5.781402],"to":[11.511687,10.108081,10.823684],"rotation":{"angle":0.0,"axis":"y","origin":[-6.9929857,-15.091162,-8.135313]},"faces":{"east":{"uv":[9.125,1.5,8.375,2.0],"rotation":0,"texture":"#0","tintindex":0},"south":{"uv":[6.625,2.125,7.8125,2.625],"rotation":0,"texture":"#0","tintindex":0},"north":{"uv":[6.625,1.625,7.8125,2.125],"rotation":0,"texture":"#0","tintindex":0},"west":{"uv":[8.375,1.5,9.125,2.0],"rotation":0,"texture":"#0","tintindex":0},"up":{"uv":[1.1875,5.625,0.0,4.875],"rotation":0,"texture":"#0","tintindex":0},"down":{"uv":[4.4375,4.875,3.25,5.625],"rotation":0,"texture":"#0","tintindex":0}}},{"from":[2.7759786,11.4114895,5.3548613],"to":[12.357079,14.670012,11.306423],"rotation":{"angle":0.0,"axis":"y","origin":[-6.9929857,-15.091162,-8.135313]},"faces":{"east":{"uv":[7.9375,5.75,7.0,6.25],"rotation":0,"texture":"#0","tintindex":0},"south":{"uv":[5.5,5.75,6.9375,6.25],"rotation":0,"texture":"#0","tintindex":0},"north":{"uv":[1.25,5.75,2.6875,6.25],"rotation":0,"texture":"#0","tintindex":0},"west":{"uv":[7.0,5.75,7.9375,6.25],"rotation":0,"texture":"#0","tintindex":0},"up":{"uv":[1.4375,3.9375,0.0,3.0],"rotation":0,"texture":"#0","tintindex":0},"down":{"uv":[4.4375,0.0,3.0,0.9375],"rotation":0,"texture":"#0","tintindex":0}}},{"from":[2.9638433,10.108081,5.378019],"to":[12.169213,11.4114895,11.227067],"rotation":{"angle":0.0,"axis":"y","origin":[-6.9929857,-15.091162,-8.135313]},"faces":{"east":{"uv":[7.625,1.375,6.75,1.5625],"rotation":0,"texture":"#0","tintindex":0},"south":{"uv":[8.5,3.0,9.875,3.1875],"rotation":0,"texture":"#0","tintindex":0},"north":{"uv":[6.625,3.5,8.0,3.6875],"rotation":0,"texture":"#0","tintindex":0},"west":{"uv":[6.75,1.375,7.625,1.5625],"rotation":0,"texture":"#0","tintindex":0},"up":{"uv":[4.625,4.875,3.25,4.0],"rotation":0,"texture":"#0","tintindex":0},"down":{"uv":[5.5,1.875,4.125,2.75],"rotation":0,"texture":"#0","tintindex":0}}},{"from":[3.339573,14.670012,5.8822427],"to":[11.793484,15.321717,10.722843],"rotation":{"angle":0.0,"axis":"y","origin":[-6.9929857,-15.091162,-8.135313]},"faces":{"east":{"uv":[10.375,1.625,9.625,1.75],"rotation":0,"texture":"#0","tintindex":0},"south":{"uv":[9.125,1.875,10.4375,2.0],"rotation":0,"texture":"#0","tintindex":0},"north":{"uv":[10.4375,1.875,9.125,2.0],"rotation":0,"texture":"#0","tintindex":0},"west":{"uv":[9.625,1.625,10.375,1.75],"rotation":0,"texture":"#0","tintindex":0},"up":{"uv":[5.4375,3.5,4.125,2.75],"rotation":0,"texture":"#0","tintindex":0},"down":{"uv":[5.8125,0.0,4.5,0.75],"rotation":0,"texture":"#0","tintindex":0}}},{"from":[6.950016,3.7663941,-6.3833036],"to":[7.8189554,9.84897,-5.5143633],"rotation":{"angle":-45.0,"axis":"x","origin":[6.732781,26.143017,9.350951]},"faces":{"east":{"uv":[4.375,6.25,4.5,7.1875],"rotation":0,"texture":"#0","tintindex":0},"south":{"uv":[4.375,6.25,4.5,7.1875],"rotation":0,"texture":"#0","tintindex":0},"north":{"uv":[4.375,6.25,4.5,7.1875],"rotation":0,"texture":"#0","tintindex":0},"west":{"uv":[4.375,6.25,4.5,7.1875],"rotation":0,"texture":"#0","tintindex":0},"up":{"uv":[7.875,1.625,7.75,1.5],"rotation":0,"texture":"#0","tintindex":0},"down":{"uv":[6.875,7.875,6.75,8.0],"rotation":0,"texture":"#0","tintindex":0}}},{"from":[6.9717393,-6.2735853,13.793308],"to":[7.8406787,-0.19100952,14.662249],"rotation":{"angle":0.0,"axis":"y","origin":[6.732781,26.964779,20.83817]},"faces":{"east":{"uv":[4.0,9.75,4.125,10.6875],"rotation":0,"texture":"#0","tintindex":0},"south":{"uv":[4.0,9.75,4.125,10.6875],"rotation":0,"texture":"#0","tintindex":0},"north":{"uv":[4.0,9.75,4.125,10.6875],"rotation":0,"texture":"#0","tintindex":0},"west":{"uv":[4.0,9.75,4.125,10.6875],"rotation":0,"texture":"#0","tintindex":0},"up":{"uv":[8.5,2.375,8.375,2.25],"rotation":0,"texture":"#0","tintindex":0},"down":{"uv":[9.0,4.375,8.875,4.5],"rotation":0,"texture":"#0","tintindex":0}}},{"from":[6.9934626,2.5774488,-7.6904573],"to":[7.8624024,8.660025,-6.821519],"rotation":{"angle":-45.0,"axis":"x","origin":[6.732781,27.12642,21.077888]},"faces":{"east":{"uv":[4.5,9.75,4.625,10.6875],"rotation":0,"texture":"#0","tintindex":0},"south":{"uv":[4.5,9.75,4.625,10.6875],"rotation":0,"texture":"#0","tintindex":0},"north":{"uv":[4.5,9.75,4.625,10.6875],"rotation":0,"texture":"#0","tintindex":0},"west":{"uv":[4.5,9.75,4.625,10.6875],"rotation":0,"texture":"#0","tintindex":0},"up":{"uv":[9.125,1.5,9.0,1.375],"rotation":0,"texture":"#0","tintindex":0},"down":{"uv":[9.625,4.0,9.5,4.125],"rotation":0,"texture":"#0","tintindex":0}}},{"from":[6.5155463,-10.922367,18.039131],"to":[8.253425,-9.184488,21.94936],"rotation":{"angle":0.0,"axis":"y","origin":[6.732781,-7.631154,16.733192]},"faces":{"east":{"uv":[10.125,7.125,9.5,7.375],"rotation":0,"texture":"#0","tintindex":0},"south":{"uv":[3.0,2.75,3.25,3.0],"rotation":0,"texture":"#0","tintindex":0},"north":{"uv":[3.0,2.75,3.25,3.0],"rotation":0,"texture":"#0","tintindex":0},"west":{"uv":[9.5,7.125,10.125,7.375],"rotation":0,"texture":"#0","tintindex":0},"up":{"uv":[4.125,2.5,3.875,1.875],"rotation":0,"texture":"#0","tintindex":0},"down":{"uv":[3.875,2.5,4.125,1.875],"rotation":0,"texture":"#0","tintindex":0}}}],"display":{"head":{"translation":[0.0,-6.4,0.0],"scale":[4.0,4.0,4.0]}}}