{"textures":{"0":"modelengine:entity/krampusklausrage"},"elements":[{"from":[10.538459,11.185859,5.827674],"to":[14.252745,12.900145,7.54196],"rotation":{"angle":-45.0,"axis":"y","origin":[9.681315,11.185859,5.827674]},"faces":{"east":{"uv":[4.75,9.75,4.9375,9.9375],"rotation":0,"texture":"#0","tintindex":0},"south":{"uv":[1.0,10.375,1.1875,9.75],"rotation":90,"texture":"#0","tintindex":0},"north":{"uv":[1.0,9.75,1.1875,10.375],"rotation":90,"texture":"#0","tintindex":0},"west":{"uv":[4.75,9.75,4.9375,9.9375],"rotation":0,"texture":"#0","tintindex":0},"up":{"uv":[9.625,9.0,9.8125,8.375],"rotation":90,"texture":"#0","tintindex":0},"down":{"uv":[0.75,10.375,0.9375,9.75],"rotation":90,"texture":"#0","tintindex":0}}},{"from":[9.3521595,11.835314,5.50657],"to":[10.655568,15.745541,6.8099794],"rotation":{"angle":22.5,"axis":"x","origin":[9.569394,11.081097,6.599305]},"faces":{"east":{"uv":[1.1875,9.75,1.0,10.375],"rotation":0,"texture":"#0","tintindex":0},"south":{"uv":[0.75,9.75,0.9375,10.375],"rotation":0,"texture":"#0","tintindex":0},"north":{"uv":[9.8125,8.375,9.625,9.0],"rotation":0,"texture":"#0","tintindex":0},"west":{"uv":[1.0,9.75,1.1875,10.375],"rotation":0,"texture":"#0","tintindex":0},"up":{"uv":[4.0625,9.3125,3.875,9.125],"rotation":0,"texture":"#0","tintindex":0},"down":{"uv":[4.75,9.75,4.9375,9.9375],"rotation":0,"texture":"#0","tintindex":0}}},{"from":[9.786629,16.529411,3.449226],"to":[10.872803,20.43964,4.5354004],"rotation":{"angle":45.0,"axis":"x","origin":[9.569394,11.430496,4.5419607]},"faces":{"east":{"uv":[2.1875,9.75,2.0,10.375],"rotation":0,"texture":"#0","tintindex":0},"south":{"uv":[1.75,9.75,1.9375,10.375],"rotation":0,"texture":"#0","tintindex":0},"north":{"uv":[1.4375,9.75,1.25,10.375],"rotation":0,"texture":"#0","tintindex":0},"west":{"uv":[2.0,9.75,2.1875,10.375],"rotation":0,"texture":"#0","tintindex":0},"up":{"uv":[5.1875,9.9375,5.0,9.75],"rotation":0,"texture":"#0","tintindex":0},"down":{"uv":[9.75,5.125,9.9375,5.3125],"rotation":0,"texture":"#0","tintindex":0}}},{"from":[10.221099,18.021816,9.286348],"to":[11.090038,19.759693,10.155287],"rotation":{"angle":45.0,"axis":"x","origin":[9.786629,17.26762,10.379083]},"faces":{"east":{"uv":[4.25,8.0,4.125,8.25],"rotation":0,"texture":"#0","tintindex":0},"south":{"uv":[7.875,2.375,8.0,2.625],"rotation":0,"texture":"#0","tintindex":0},"north":{"uv":[7.75,1.375,7.625,1.625],"rotation":0,"texture":"#0","tintindex":0},"west":{"uv":[4.125,8.0,4.25,8.25],"rotation":0,"texture":"#0","tintindex":0},"up":{"uv":[6.125,0.625,6.25,0.5],"rotation":0,"texture":"#0","tintindex":0},"down":{"uv":[4.25,7.125,4.375,7.25],"rotation":0,"texture":"#0","tintindex":0}}},{"from":[10.764186,19.329916,11.775663],"to":[11.198655,19.764385,13.513542],"rotation":{"angle":-22.5,"axis":"x","origin":[9.786629,18.848633,11.921254]},"faces":{"east":{"uv":[5.75,9.75,5.5,9.8125],"rotation":0,"texture":"#0","tintindex":0},"south":{"uv":[6.375,9.75,6.4375,9.8125],"rotation":0,"texture":"#0","tintindex":0},"north":{"uv":[6.3125,9.75,6.25,9.8125],"rotation":0,"texture":"#0","tintindex":0},"west":{"uv":[5.5,9.75,5.75,9.8125],"rotation":0,"texture":"#0","tintindex":0},"up":{"uv":[9.8125,5.75,9.75,5.5],"rotation":0,"texture":"#0","tintindex":0},"down":{"uv":[5.8125,9.75,5.75,10.0],"rotation":0,"texture":"#0","tintindex":0}}},{"from":[5.11608,19.329916,11.775663],"to":[5.5505495,19.764385,13.513542],"rotation":{"angle":-22.5,"axis":"x","origin":[7.179811,18.848633,11.921254]},"faces":{"east":{"uv":[5.75,9.75,5.5,9.8125],"rotation":0,"texture":"#0","tintindex":0},"south":{"uv":[6.375,9.75,6.4375,9.8125],"rotation":0,"texture":"#0","tintindex":0},"north":{"uv":[6.25,9.75,6.3125,9.8125],"rotation":0,"texture":"#0","tintindex":0},"west":{"uv":[5.5,9.75,5.75,9.8125],"rotation":0,"texture":"#0","tintindex":0},"up":{"uv":[9.8125,5.75,9.75,5.5],"rotation":0,"texture":"#0","tintindex":0},"down":{"uv":[5.8125,9.75,5.75,10.0],"rotation":0,"texture":"#0","tintindex":0}}},{"from":[5.224697,18.021816,9.286348],"to":[6.0936365,19.759693,10.155287],"rotation":{"angle":45.0,"axis":"x","origin":[7.179811,17.26762,10.379083]},"faces":{"east":{"uv":[4.25,8.0,4.125,8.25],"rotation":0,"texture":"#0","tintindex":0},"south":{"uv":[7.875,2.375,8.0,2.625],"rotation":0,"texture":"#0","tintindex":0},"north":{"uv":[7.625,1.375,7.75,1.625],"rotation":0,"texture":"#0","tintindex":0},"west":{"uv":[4.125,8.0,4.25,8.25],"rotation":0,"texture":"#0","tintindex":0},"up":{"uv":[6.25,0.625,6.125,0.5],"rotation":0,"texture":"#0","tintindex":0},"down":{"uv":[4.375,7.125,4.25,7.25],"rotation":0,"texture":"#0","tintindex":0}}},{"from":[5.4419317,16.529411,3.449226],"to":[6.528106,20.43964,4.5354004],"rotation":{"angle":45.0,"axis":"x","origin":[7.3970456,11.430496,4.5419607]},"faces":{"east":{"uv":[2.1875,9.75,2.0,10.375],"rotation":0,"texture":"#0","tintindex":0},"south":{"uv":[1.75,9.75,1.9375,10.375],"rotation":0,"texture":"#0","tintindex":0},"north":{"uv":[1.25,9.75,1.4375,10.375],"rotation":0,"texture":"#0","tintindex":0},"west":{"uv":[2.0,9.75,2.1875,10.375],"rotation":0,"texture":"#0","tintindex":0},"up":{"uv":[5.1875,9.9375,5.0,9.75],"rotation":0,"texture":"#0","tintindex":0},"down":{"uv":[9.9375,5.125,9.75,5.3125],"rotation":0,"texture":"#0","tintindex":0}}},{"from":[5.659167,11.835314,5.50657],"to":[6.962576,15.745541,6.8099794],"rotation":{"angle":22.5,"axis":"x","origin":[7.3970456,11.081097,6.599305]},"faces":{"east":{"uv":[1.1875,9.75,1.0,10.375],"rotation":0,"texture":"#0","tintindex":0},"south":{"uv":[0.75,9.75,0.9375,10.375],"rotation":0,"texture":"#0","tintindex":0},"north":{"uv":[9.625,8.375,9.8125,9.0],"rotation":0,"texture":"#0","tintindex":0},"west":{"uv":[1.0,9.75,1.1875,10.375],"rotation":0,"texture":"#0","tintindex":0},"up":{"uv":[4.0625,9.3125,3.875,9.125],"rotation":0,"texture":"#0","tintindex":0},"down":{"uv":[4.9375,9.75,4.75,9.9375],"rotation":0,"texture":"#0","tintindex":0}}},{"from":[6.462936,7.9762754,2.1222653],"to":[6.462936,8.845215,4.720394],"rotation":{"angle":-45.0,"axis":"x","origin":[6.3108716,9.061435,5.35969]},"faces":{"east":{"uv":[11.0,3.3125,10.25,3.625],"rotation":0,"texture":"#0","tintindex":0},"south":{"uv":[0.0,0.0,0.0,0.125],"rotation":0,"texture":"#0","tintindex":0},"north":{"uv":[0.0,0.0,0.0,0.125],"rotation":0,"texture":"#0","tintindex":0},"west":{"uv":[10.25,3.3125,11.0,3.625],"rotation":0,"texture":"#0","tintindex":0},"up":{"uv":[0.0,0.375,0.0,0.0],"rotation":0,"texture":"#0","tintindex":0},"down":{"uv":[0.0,0.0,0.0,0.375],"rotation":0,"texture":"#0","tintindex":0}}},{"from":[6.462936,7.9762754,2.1222653],"to":[9.636737,8.845215,2.120123],"rotation":{"angle":-45.0,"axis":"x","origin":[6.3108716,9.061435,5.35969]},"faces":{"east":{"uv":[0.0,0.0,0.0,0.125],"rotation":0,"texture":"#0","tintindex":0},"south":{"uv":[10.125,2.8125,10.8125,3.125],"rotation":0,"texture":"#0","tintindex":0},"north":{"uv":[10.8125,2.8125,10.125,3.125],"rotation":0,"texture":"#0","tintindex":0},"west":{"uv":[0.0,0.0,0.0,0.125],"rotation":0,"texture":"#0","tintindex":0},"up":{"uv":[0.5,0.0,0.0,0.0],"rotation":0,"texture":"#0","tintindex":0},"down":{"uv":[0.5,0.0,0.0,0.0],"rotation":0,"texture":"#0","tintindex":0}}},{"from":[10.538459,12.900145,8.684817],"to":[13.109887,14.328716,10.113388],"rotation":{"angle":-45.0,"axis":"z","origin":[9.681315,11.185859,5.827674]},"faces":{"east":{"uv":[4.75,9.75,4.9375,9.9375],"rotation":0,"texture":"#0","tintindex":0},"south":{"uv":[2.0,10.375,2.1875,9.75],"rotation":90,"texture":"#0","tintindex":0},"north":{"uv":[2.0,9.75,2.1875,10.375],"rotation":90,"texture":"#0","tintindex":0},"west":{"uv":[4.75,9.75,4.9375,9.9375],"rotation":0,"texture":"#0","tintindex":0},"up":{"uv":[1.25,10.375,1.4375,9.75],"rotation":90,"texture":"#0","tintindex":0},"down":{"uv":[1.75,10.375,1.9375,9.75],"rotation":90,"texture":"#0","tintindex":0}}},{"from":[12.824173,8.328716,4.684817],"to":[13.681315,9.185859,7.2562456],"rotation":{"angle":0.0,"axis":"y","origin":[9.681315,11.185859,5.827674]},