{"textures":{"0":"modelengine:entity/krampusklausrage"},"elements":[{"from":[6.372274,-1.6066885,6.637503],"to":[9.435286,8.603349,9.700515],"rotation":{"angle":22.5,"axis":"x","origin":[7.4606204,7.73441,6.987447]},"faces":{"east":{"uv":[0.0,6.25,0.4375,7.8125],"rotation":0,"texture":"#0","tintindex":0},"south":{"uv":[0.0,6.25,0.4375,7.8125],"rotation":0,"texture":"#0","tintindex":0},"north":{"uv":[0.0,6.25,0.4375,7.8125],"rotation":0,"texture":"#0","tintindex":0},"west":{"uv":[0.0,6.25,0.4375,7.8125],"rotation":0,"texture":"#0","tintindex":0},"up":{"uv":[8.9375,5.125,8.375,4.5],"rotation":0,"texture":"#0","tintindex":0},"down":{"uv":[7.1875,9.25,6.75,9.6875],"rotation":0,"texture":"#0","tintindex":0}}},{"from":[6.065973,-2.2583923,2.8629394],"to":[9.741587,-0.08604431,6.5385528],"rotation":{"angle":0.0,"axis":"y","origin":[7.4606204,7.73441,6.987447]},"faces":{"east":{"uv":[3.0,9.5,3.5625,9.8125],"rotation":0,"texture":"#0","tintindex":0},"south":{"uv":[3.0,9.5,3.5625,9.8125],"rotation":0,"texture":"#0","tintindex":0},"north":{"uv":[3.875,9.375,4.4375,9.6875],"rotation":0,"texture":"#0","tintindex":0},"west":{"uv":[3.0,9.5,3.5625,9.8125],"rotation":0,"texture":"#0","tintindex":0},"up":{"uv":[7.3125,9.1875,6.75,8.625],"rotation":0,"texture":"#0","tintindex":0},"down":{"uv":[9.0625,8.625,8.5,9.1875],"rotation":0,"texture":"#0","tintindex":0}}}],"display":{"head":{"translation":[0.0,-6.4,0.0],"scale":[4.0,4.0,4.0]}}}