{"textures":{"0":"modelengine:entity/krampusklausrage"},"elements":[{"from":[6.434692,-1.3749752,6.0284715],"to":[9.497704,8.835062,9.091483],"rotation":{"angle":22.5,"axis":"x","origin":[9.139266,7.2076693,6.4160185]},"faces":{"east":{"uv":[0.0,6.25,0.4375,7.8125],"rotation":0,"texture":"#0","tintindex":0},"south":{"uv":[0.0,6.25,0.4375,7.8125],"rotation":0,"texture":"#0","tintindex":0},"north":{"uv":[0.0,6.25,0.4375,7.8125],"rotation":0,"texture":"#0","tintindex":0},"west":{"uv":[0.0,6.25,0.4375,7.8125],"rotation":0,"texture":"#0","tintindex":0},"up":{"uv":[8.9375,4.5,8.375,5.125],"rotation":0,"texture":"#0","tintindex":0},"down":{"uv":[0.4375,9.375,0.0,9.8125],"rotation":0,"texture":"#0","tintindex":0}}},{"from":[6.128391,-2.7851343,2.2703085],"to":[9.804005,-0.61278534,5.945922],"rotation":{"angle":0.0,"axis":"y","origin":[9.139266,9.380017,6.4160185]},"faces":{"east":{"uv":[3.0,9.5,3.5625,9.8125],"rotation":0,"texture":"#0","tintindex":0},"south":{"uv":[3.0,9.5,3.5625,9.8125],"rotation":0,"texture":"#0","tintindex":0},"north":{"uv":[3.875,9.375,4.4375,9.6875],"rotation":0,"texture":"#0","tintindex":0},"west":{"uv":[3.0,9.5,3.5625,9.8125],"rotation":0,"texture":"#0","tintindex":0},"up":{"uv":[7.3125,9.1875,6.75,8.625],"rotation":0,"texture":"#0","tintindex":0},"down":{"uv":[9.0625,8.625,8.5,9.1875],"rotation":0,"texture":"#0","tintindex":0}}}],"display":{"head":{"translation":[0.0,-6.4,0.0],"scale":[4.0,4.0,4.0]}}}