{"textures":{"0":"modelengine:entity/krampusklausrage"},"elements":[{"from":[5.947298,-0.07165432,5.5176325],"to":[10.439714,7.7488,11.031053],"rotation":{"angle":0.0,"axis":"y","origin":[9.366574,6.4671144,9.641619]},"faces":{"east":{"uv":[2.375,4.5,3.1875,5.6875],"rotation":0,"texture":"#0","tintindex":0},"south":{"uv":[2.375,4.5,3.1875,5.6875],"rotation":0,"texture":"#0","tintindex":0},"north":{"uv":[2.375,4.5,3.1875,5.6875],"rotation":0,"texture":"#0","tintindex":0},"west":{"uv":[2.375,4.5,3.1875,5.6875],"rotation":0,"texture":"#0","tintindex":0},"up":{"uv":[4.3125,7.0625,3.625,6.25],"rotation":0,"texture":"#0","tintindex":0},"down":{"uv":[4.3125,7.0625,3.625,6.25],"rotation":0,"texture":"#0","tintindex":0}}},{"from":[6.3556995,-1.1668005,6.4300184],"to":[10.031313,4.3466196,10.340246],"rotation":{"angle":-45.0,"axis":"x","origin":[9.366574,2.122417,9.471307]},"faces":{"east":{"uv":[6.875,6.25,7.5,7.0625],"rotation":0,"texture":"#0","tintindex":0},"south":{"uv":[6.875,6.25,7.5,7.0625],"rotation":0,"texture":"#0","tintindex":0},"north":{"uv":[6.875,6.25,7.5,7.0625],"rotation":0,"texture":"#0","tintindex":0},"west":{"uv":[6.875,6.25,7.5,7.0625],"rotation":0,"texture":"#0","tintindex":0},"up":{"uv":[8.9375,5.125,8.375,4.5],"rotation":0,"texture":"#0","tintindex":0},"down":{"uv":[8.9375,5.125,8.375,4.5],"rotation":0,"texture":"#0","tintindex":0}}}],"display":{"head":{"translation":[0.0,-6.4,0.0],"scale":[4.0,4.0,4.0]}}}