{"textures":{"0":"modelengine:entity/krampusklausrage","1":"modelengine:entity/krampussword"},"elements":[{"from":[7.181669,2.336475,6.9440203],"to":[10.222958,7.7673464,9.626436],"rotation":{"angle":22.5,"axis":"x","origin":[8.601965,7.3512516,7.9938745]},"faces":{"east":{"uv":[1.4375,8.5,1.0,9.3125],"rotation":0,"texture":"#0","tintindex":0},"south":{"uv":[0.9375,8.5,0.5,9.3125],"rotation":0,"texture":"#0","tintindex":0},"north":{"uv":[0.5,8.5,0.9375,9.3125],"rotation":0,"texture":"#0","tintindex":0},"west":{"uv":[1.0,8.5,1.4375,9.3125],"rotation":0,"texture":"#0","tintindex":0},"up":{"uv":[9.0,7.1875,9.5,6.75],"rotation":0,"texture":"#0","tintindex":0},"down":{"uv":[9.1875,9.25,8.75,9.6875],"rotation":0,"texture":"#0","tintindex":0}}},{"from":[6.9644346,-0.9220476,6.791956],"to":[10.440192,2.336475,9.8575735],"rotation":{"angle":22.5,"axis":"x","origin":[8.601965,7.3512516,7.9938745]},"faces":{"east":{"uv":[9.5625,1.25,9.125,1.75],"rotation":0,"texture":"#0","tintindex":0},"south":{"uv":[4.125,3.5,4.625,4.0],"rotation":0,"texture":"#0","tintindex":0},"north":{"uv":[4.625,3.5,4.125,4.0],"rotation":0,"texture":"#0","tintindex":0},"west":{"uv":[9.5625,0.75,9.125,1.25],"rotation":0,"texture":"#0","tintindex":0},"up":{"uv":[9.75,5.5625,9.25,5.125],"rotation":0,"texture":"#0","tintindex":0},"down":{"uv":[9.125,7.75,9.625,8.1875],"rotation":0,"texture":"#0","tintindex":0}}},{"from":[8.028494,-5.436202,5.6885543],"to":[9.296961,-4.484853,6.639905],"rotation":{"angle":-22.5,"axis":"x","origin":[9.669049,5.1952124,-3.2964382]},"faces":{"east":{"uv":[5.5,10.5,5.0,10.0],"rotation":0,"texture":"#1","tintindex":0},"south":{"uv":[7.0,9.0,7.5,9.75],"rotation":90,"texture":"#1","tintindex":0},"north":{"uv":[5.5,9.0,5.0,9.75],"rotation":270,"texture":"#1","tintindex":0},"west":{"uv":[5.5,10.5,5.0,10.0],"rotation":270,"texture":"#1","tintindex":0},"up":{"uv":[5.0,9.0,5.5,9.75],"rotation":90,"texture":"#1","tintindex":0},"down":{"uv":[7.5,9.0,7.0,9.75],"rotation":90,"texture":"#1","tintindex":0}}},{"from":[8.450211,3.146844,-1.5150509],"to":[8.970441,6.268288,2.944119],"rotation":{"angle":22.5,"axis":"x","origin":[9.669049,5.1952124,-3.2964382]},"faces":{"east":{"uv":[1.75,2.5,0.0,0.0],"rotation":90,"texture":"#1","tintindex":0},"south":{"uv":[8.0,8.0,9.75,8.25],"rotation":90,"texture":"#1","tintindex":0},"north":{"uv":[6.0,8.0,7.75,8.25],"rotation":270,"texture":"#1","tintindex":0},"west":{"uv":[0.0,0.0,1.75,2.5],"rotation":90,"texture":"#1","tintindex":0},"up":{"uv":[2.5,8.0,0.0,8.25],"rotation":90,"texture":"#1","tintindex":0},"down":{"uv":[0.0,8.0,2.5,8.25],"rotation":90,"texture":"#1","tintindex":0}}},{"from":[8.034027,1.6357188,2.7066617],"to":[9.302494,7.9283314,3.3408952],"rotation":{"angle":22.5,"axis":"x","origin":[9.669049,5.1952124,-3.2964382]},"faces":{"east":{"uv":[8.625,6.375,5.0,6.0],"rotation":90,"texture":"#1","tintindex":0},"south":{"uv":[0.0,6.0,3.625,6.75],"rotation":90,"texture":"#1","tintindex":0},"north":{"uv":[4.0,5.0,7.625,5.75],"rotation":270,"texture":"#1","tintindex":0},"west":{"uv":[8.625,6.0,5.0,6.375],"rotation":90,"texture":"#1","tintindex":0},"up":{"uv":[1.0,10.0,1.375,10.75],"rotation":90,"texture":"#1","tintindex":0},"down":{"uv":[1.375,10.0,1.0,10.75],"rotation":90,"texture":"#1","tintindex":0}}},{"from":[8.450211,3.5184412,-5.974221],"to":[8.970441,5.8966904,-1.5150509],"rotation":{"angle":22.5,"axis":"x","origin":[9.669049,5.1952124,-3.2964382]},"faces":{"east":{"uv":[1.25,5.5,0.0,3.0],"rotation":90,"texture":"#1","tintindex":0},"south":{"uv":[10.5,1.0,8.0,1.25],"rotation":90,"texture":"#1","tintindex":0},"north":{"uv":[9.0,7.0,10.375,7.25],"rotation":270,"texture":"#1","tintindex":0},"west":{"uv":[0.0,3.0,1.25,5.5],"rotation":90,"texture":"#1","tintindex":0},"up":{"uv":[10.5,1.0,8.0,1.25],"rotation":90,"texture":"#1","tintindex":0},"down":{"uv":[8.0,1.0,10.5,1.25],"rotation":90,"texture":"#1","tintindex":0}}},{"from":[8.450211,3.8157387,-10.43339],"to":[8.970441,5.599394,-5.974221],"rotation":{"angle":22.5,"axis":"x","origin":[9.669049,5.1952124,-3.2964382]},"faces":{"east":{"uv":[7.0,2.5,6.0,0.0],"rotation":90,"texture":"#1","tintindex":0},"south":{"uv":[10.0,2.0,11.0,2.25],"rotation":90,"texture":"#1","tintindex":0},"north":{"uv":[2.0,10.0,3.0,10.25],"rotation":270,"texture":"#1","tintindex":0},"west":{"uv":[6.0,0.0,7.0,2.5],"rotation":90,"texture":"#1","tintindex":0},"up":{"uv":[9.5,2.0,7.0,2.25],"rotation":90,"texture":"#1","tintindex":0},"down":{"uv":[7.0,2.0,9.5,2.25],"rotation":90,"texture":"#1","tintindex":0}}},{"from":[8.450211,4.1130037,-13.40617],"to":[8.970441,5.3021283,-10.43339],"rotation":{"angle":22.5,"axis":"x","origin":[9.669049,5.1952124,-3.2964382]},"faces":{"east":{"uv":[7.625,1.75,7.0,0.0],"rotation":90,"texture":"#1","tintindex":0},"south":{"uv":[7.0,10.0,7.625,10.25],"rotation":90,"texture":"#1","tintindex":0},"north":{"uv":[10.0,6.0,10.625,6.25],"rotation":270,"texture":"#1","tintindex":0},"west":{"uv":[7.625,0.0,7.0,1.75],"rotation":90,"texture":"#1","tintindex":0},"up":{"uv":[1.75,9.0,0.0,9.25],"rotation":90,"texture":"#1","tintindex":0},"down":{"uv":[0.0,9.0,1.75,9.25],"rotation":90,"texture":"#1","tintindex":0}}},{"from":[8.464094,11.587105,-11.201897],"to":[8.954674,12.419474,-10.369497],"rotation":{"angle":-22.5,"axis":"x","origin":[9.669049,5.1952124,-3.2964382]},"faces":{"east":{"uv":[3.5,10.5,3.0,10.0],"rotation":0,"texture":"#1","tintindex":0},"south":{"uv":[10.0,9.0,10.5,9.25],"rotation":90,"texture":"#1","tintindex":0},"north":{"uv":[10.0,8.0,10.5,8.25],"rotation":270,"texture":"#1","tintindex":0},"west":{"uv":[3.5,10.0,3.0,10.5],"rotation":180,"texture":"#1","tintindex":0},"up":{"uv":[8.0,10.0,8.5,10.25],"rotation":90,"texture":"#1","tintindex":0},"down":{"uv":[9.0,10.0,9.5,10.25],"rotation":90,"texture":"#1","tintindex":0}}},{"from":[8.192585,4.0388303,2.944119],"to":[9.143935,5.3764286,10.574457],"rotation":{"angle":22.5,"axis":"x","origin":[9.669049,5.1952124,-3.2964382]},"faces":{"east":{"uv":[4.75,4.375,4.0,0.0],"rotation":90,"texture":"#1","tintindex":0},"south":{"uv":[4.0,9.0,4.75,9.5],"rotation":90,"texture":"#1","tintindex":0},"north":{"uv":[3.0,8.0,3.75,8.5],"rotation":270,"texture":"#1","tintindex":0},"west":{"uv":[4.75,0.0,4.0,4.375],"rotation":90,"texture":"#1","tintindex":0},"up":{"uv":[4.75,0.0,4.0,4.375],"rotation":180,"texture":"#1","tintindex":0},"down":{"uv":[4.75,4.375,4.0,0.0],"rotation":180,"texture":"#1","tintindex":0}}}],"display":{"head":{"translation":[0.0,-6.4,0.0],"scale":[4.0,4.0,4.0]}}}