{"textures":{"0":"modelengine:entity/christmas_pack"},"elements":[{"from":[21.378021,19.21339,15.823219],"to":[25.37802,19.21339,18.82322],"faces":{"up":{"uv":[4.0625,2.0,3.8125,2.1875],"tintindex":0,"rotation":180,"texture":"#0"},"down":{"uv":[3.8125,2.0,4.0625,2.1875],"tintindex":0,"rotation":0,"texture":"#0"}},"rotation":{"origin":[23.03963,19.5,14.823219],"angle":-22.5,"axis":"x"}},{"from":[20.674461,16.936611,12.22322],"to":[24.87446,21.13661,16.42322],"faces":{"east":{"uv":[3.9375,0.1875,4.1875,0.4375],"tintindex":0,"rotation":270,"texture":"#0"},"south":{"uv":[4.1875,0.1875,4.4375,0.4375],"tintindex":0,"rotation":90,"texture":"#0"},"north":{"uv":[3.5,1.9375,3.75,2.1875],"tintindex":0,"rotation":90,"texture":"#0"},"west":{"uv":[3.9375,0.1875,4.1875,0.4375],"tintindex":0,"rotation":90,"texture":"#0"},"up":{"uv":[3.9375,0.1875,4.1875,0.4375],"tintindex":0,"rotation":180,"texture":"#0"},"down":{"uv":[3.9375,0.1875,4.1875,0.4375],"tintindex":0,"rotation":0,"texture":"#0"}},"rotation":{"origin":[23.03963,19.5,14.823219],"angle":-22.5,"axis":"x"}},{"from":[20.77446,17.03661,12.323219],"to":[24.77446,21.03661,16.32322],"faces":{"east":{"uv":[3.125,3.5,3.375,3.75],"tintindex":0,"rotation":270,"texture":"#0"},"south":{"uv":[3.375,3.5,3.625,3.75],"tintindex":0,"rotation":90,"texture":"#0"},"north":{"uv":[3.625,3.5,3.875,3.75],"tintindex":0,"rotation":90,"texture":"#0"},"west":{"uv":[3.125,3.5,3.375,3.75],"tintindex":0,"rotation":90,"texture":"#0"},"up":{"uv":[3.125,3.5,3.375,3.75],"tintindex":0,"rotation":180,"texture":"#0"},"down":{"uv":[3.125,3.5,3.375,3.75],"tintindex":0,"rotation":0,"texture":"#0"}},"rotation":{"origin":[23.03963,19.5,14.823219],"angle":-22.5,"axis":"x"}},{"from":[22.878021,16.71339,15.823219],"to":[22.878021,20.71339,18.82322],"faces":{"east":{"uv":[4.0625,2.0,3.8125,2.1875],"tintindex":0,"rotation":270,"texture":"#0"},"west":{"uv":[3.8125,2.0,4.0625,2.1875],"tintindex":0,"rotation":90,"texture":"#0"}},"rotation":{"origin":[23.03963,19.5,14.823219],"angle":-22.5,"axis":"x"}}]}