{"textures":{"0":"modelengine:entity/christmas_pack"},"elements":[{"from":[16.413269,15.3714285,2.127554],"to":[18.813269,17.77143,4.5275545],"rotation":{"angle":22.5,"axis":"y","origin":[17.714287,17.428572,3.3275542]},"faces":{"east":{"uv":[3.9375,0.1875,4.1875,0.4375],"rotation":0,"texture":"#0","tintindex":0},"south":{"uv":[3.9375,0.1875,4.1875,0.4375],"rotation":0,"texture":"#0","tintindex":0},"north":{"uv":[3.9375,0.1875,4.1875,0.4375],"rotation":0,"texture":"#0","tintindex":0},"west":{"uv":[3.9375,0.1875,4.1875,0.4375],"rotation":0,"texture":"#0","tintindex":0},"up":{"uv":[4.1875,0.1875,4.4375,0.4375],"rotation":90,"texture":"#0","tintindex":0},"down":{"uv":[3.5,1.9375,3.75,2.1875],"rotation":270,"texture":"#0","tintindex":0}}},{"from":[16.470413,15.428572,2.1846972],"to":[18.756126,17.714287,4.4704113],"rotation":{"angle":22.5,"axis":"y","origin":[17.714287,17.428572,3.3275542]},"faces":{"east":{"uv":[4.0625,1.875,4.3125,2.125],"rotation":0,"texture":"#0","tintindex":0},"south":{"uv":[4.0625,1.875,4.3125,2.125],"rotation":0,"texture":"#0","tintindex":0},"north":{"uv":[4.0625,1.875,4.3125,2.125],"rotation":0,"texture":"#0","tintindex":0},"west":{"uv":[4.0625,1.875,4.3125,2.125],"rotation":0,"texture":"#0","tintindex":0},"up":{"uv":[4.3125,1.875,4.5625,2.125],"rotation":90,"texture":"#0","tintindex":0},"down":{"uv":[4.5625,1.875,4.8125,2.125],"rotation":270,"texture":"#0","tintindex":0}}},{"from":[16.785715,17.428572,3.398983],"to":[19.07143,19.142857,3.398983],"rotation":{"angle":-22.5,"axis":"y","origin":[17.714287,17.428572,3.3275542]},"faces":{"east":{"uv":[0.0,0.0,0.0,0.1875],"rotation":0,"texture":"#missing","tintindex":0},"south":{"uv":[3.8125,2.0,4.0625,2.1875],"rotation":0,"texture":"#0","tintindex":0},"north":{"uv":[4.0625,2.0,3.8125,2.1875],"rotation":0,"texture":"#0","tintindex":0},"west":{"uv":[0.0,0.0,0.0,0.1875],"rotation":0,"texture":"#missing","tintindex":0},"up":{"uv":[0.0,0.0,0.0,0.25],"rotation":90,"texture":"#missing","tintindex":0},"down":{"uv":[0.0,0.0,0.0,0.25],"rotation":270,"texture":"#missing","tintindex":0}}},{"from":[17.642857,17.428572,1.9704113],"to":[17.642857,19.142857,4.2561255],"rotation":{"angle":-22.5,"axis":"y","origin":[17.714287,17.428572,3.3275542]},"faces":{"east":{"uv":[3.8125,2.0,4.0625,2.1875],"rotation":0,"texture":"#0","tintindex":0},"south":{"uv":[0.0,0.0,0.0,0.1875],"rotation":0,"texture":"#missing","tintindex":0},"north":{"uv":[0.0,0.0,0.0,0.1875],"rotation":0,"texture":"#missing","tintindex":0},"west":{"uv":[4.0625,2.0,3.8125,2.1875],"rotation":0,"texture":"#0","tintindex":0},"up":{"uv":[0.0,0.0,0.0,0.25],"rotation":0,"texture":"#missing","tintindex":0},"down":{"uv":[0.0,0.0,0.0,0.25],"rotation":0,"texture":"#missing","tintindex":0}}}],"display":{"head":{"translation":[0.0,-6.4,0.0],"scale":[4.0,4.0,4.0]}}}