{"textures":{"0":"modelengine:entity/christmas_pack"},"elements":[{"from":[24.875,24.5,-2.5517797],"to":[24.875,27.5,1.4482198],"faces":{"east":{"uv":[3.8125,2.0,4.0625,2.1875],"tintindex":0,"rotation":0,"texture":"#0"},"west":{"uv":[4.0625,2.0,3.8125,2.1875],"tintindex":0,"rotation":0,"texture":"#0"}},"rotation":{"origin":[25.0,24.5,-0.17677975],"angle":-22.5,"axis":"y"}},{"from":[22.72322,20.9,-2.2767801],"to":[26.92322,25.1,1.9232202],"faces":{"east":{"uv":[3.9375,0.1875,4.1875,0.4375],"tintindex":0,"rotation":0,"texture":"#0"},"south":{"uv":[3.9375,0.1875,4.1875,0.4375],"tintindex":0,"rotation":0,"texture":"#0"},"north":{"uv":[3.9375,0.1875,4.1875,0.4375],"tintindex":0,"rotation":0,"texture":"#0"},"west":{"uv":[3.9375,0.1875,4.1875,0.4375],"tintindex":0,"rotation":0,"texture":"#0"},"up":{"uv":[4.1875,0.1875,4.4375,0.4375],"tintindex":0,"rotation":90,"texture":"#0"},"down":{"uv":[3.5,1.9375,3.75,2.1875],"tintindex":0,"rotation":270,"texture":"#0"}},"rotation":{"origin":[25.0,24.5,-0.17677975],"angle":22.5,"axis":"y"}},{"from":[22.82322,21.0,-2.1767797],"to":[26.82322,25.0,1.8232198],"faces":{"east":{"uv":[4.0625,1.875,4.3125,2.125],"tintindex":0,"rotation":0,"texture":"#0"},"south":{"uv":[4.0625,1.875,4.3125,2.125],"tintindex":0,"rotation":0,"texture":"#0"},"north":{"uv":[4.0625,1.875,4.3125,2.125],"tintindex":0,"rotation":0,"texture":"#0"},"west":{"uv":[4.0625,1.875,4.3125,2.125],"tintindex":0,"rotation":0,"texture":"#0"},"up":{"uv":[4.3125,1.875,4.5625,2.125],"tintindex":0,"rotation":90,"texture":"#0"},"down":{"uv":[4.5625,1.875,4.8125,2.125],"tintindex":0,"rotation":270,"texture":"#0"}},"rotation":{"origin":[25.0,24.5,-0.17677975],"angle":22.5,"axis":"y"}},{"from":[23.375,24.5,-0.051779747],"to":[27.375,27.5,-0.051779747],"faces":{"south":{"uv":[3.8125,2.0,4.0625,2.1875],"tintindex":0,"rotation":0,"texture":"#0"},"north":{"uv":[4.0625,2.0,3.8125,2.1875],"tintindex":0,"rotation":0,"texture":"#0"}},"rotation":{"origin":[25.0,24.5,-0.17677975],"angle":-22.5,"axis":"y"}}]}