{"textures":{"0":"modelengine:entity/christmas_pack"},"elements":[{"from":[5.0,21.0,-3.0],"to":[9.0,25.0,1.0],"faces":{"east":{"uv":[3.1875,0.1875,3.4375,0.4375],"tintindex":0,"rotation":0,"texture":"#0"},"south":{"uv":[3.1875,0.1875,3.4375,0.4375],"tintindex":0,"rotation":0,"texture":"#0"},"north":{"uv":[3.1875,0.1875,3.4375,0.4375],"tintindex":0,"rotation":0,"texture":"#0"},"west":{"uv":[3.1875,0.1875,3.4375,0.4375],"tintindex":0,"rotation":0,"texture":"#0"},"up":{"uv":[3.4375,0.1875,3.6875,0.4375],"tintindex":0,"rotation":0,"texture":"#0"},"down":{"uv":[3.6875,0.1875,3.9375,0.4375],"tintindex":0,"rotation":0,"texture":"#0"}},"rotation":{"origin":[7.0,24.5,-1.1767797],"angle":22.5,"axis":"y"}},{"from":[4.9,20.9,-3.1000004],"to":[9.1,25.1,1.0999999],"faces":{"east":{"uv":[3.9375,0.1875,4.1875,0.4375],"tintindex":0,"rotation":0,"texture":"#0"},"south":{"uv":[3.9375,0.1875,4.1875,0.4375],"tintindex":0,"rotation":0,"texture":"#0"},"north":{"uv":[3.9375,0.1875,4.1875,0.4375],"tintindex":0,"rotation":0,"texture":"#0"},"west":{"uv":[3.9375,0.1875,4.1875,0.4375],"tintindex":0,"rotation":0,"texture":"#0"},"up":{"uv":[4.1875,0.1875,4.4375,0.4375],"tintindex":0,"rotation":0,"texture":"#0"},"down":{"uv":[3.5,1.9375,3.75,2.1875],"tintindex":0,"rotation":0,"texture":"#0"}},"rotation":{"origin":[7.0,24.5,-1.1767797],"angle":22.5,"axis":"y"}},{"from":[4.625,24.5,-1.0517797],"to":[8.625,27.5,-1.0517797],"faces":{"south":{"uv":[4.0625,2.0,3.8125,2.1875],"tintindex":0,"rotation":0,"texture":"#0"},"north":{"uv":[3.8125,2.0,4.0625,2.1875],"tintindex":0,"rotation":0,"texture":"#0"}},"rotation":{"origin":[7.0,24.5,-1.1767797],"angle":-22.5,"axis":"y"}},{"from":[7.125,24.5,-3.5517797],"to":[7.125,27.5,0.44821978],"faces":{"east":{"uv":[3.8125,2.0,4.0625,2.1875],"tintindex":0,"rotation":0,"texture":"#0"},"west":{"uv":[4.0625,2.0,3.8125,2.1875],"tintindex":0,"rotation":0,"texture":"#0"}},"rotation":{"origin":[7.0,24.5,-1.1767797],"angle":-22.5,"axis":"y"}}]}