{"textures":{"0":"modelengine:entity/christmas_pack"},"elements":[{"from":[8.70248,16.1,12.69219],"to":[12.90248,20.3,16.892189],"faces":{"east":{"uv":[3.9375,0.1875,4.1875,0.4375],"tintindex":0,"rotation":0,"texture":"#0"},"south":{"uv":[3.9375,0.1875,4.1875,0.4375],"tintindex":0,"rotation":0,"texture":"#0"},"north":{"uv":[3.9375,0.1875,4.1875,0.4375],"tintindex":0,"rotation":0,"texture":"#0"},"west":{"uv":[3.9375,0.1875,4.1875,0.4375],"tintindex":0,"rotation":0,"texture":"#0"},"up":{"uv":[4.1875,0.1875,4.4375,0.4375],"tintindex":0,"rotation":90,"texture":"#0"},"down":{"uv":[3.5,1.9375,3.75,2.1875],"tintindex":0,"rotation":270,"texture":"#0"}},"rotation":{"origin":[11.06765,19.7,14.755569],"angle":-22.5,"axis":"y"}},{"from":[8.80248,16.2,12.792191],"to":[12.802481,20.2,16.79219],"faces":{"east":{"uv":[2.3125,3.5,2.5625,3.75],"tintindex":0,"rotation":0,"texture":"#0"},"south":{"uv":[2.3125,3.5,2.5625,3.75],"tintindex":0,"rotation":0,"texture":"#0"},"north":{"uv":[2.3125,3.5,2.5625,3.75],"tintindex":0,"rotation":0,"texture":"#0"},"west":{"uv":[2.3125,3.5,2.5625,3.75],"tintindex":0,"rotation":0,"texture":"#0"},"up":{"uv":[2.5625,3.5,2.8125,3.75],"tintindex":0,"rotation":90,"texture":"#0"},"down":{"uv":[2.8125,3.5,3.0625,3.75],"tintindex":0,"rotation":270,"texture":"#0"}},"rotation":{"origin":[11.06765,19.7,14.755569],"angle":-22.5,"axis":"y"}},{"from":[10.8542595,19.7,13.09396],"to":[10.8542595,22.7,17.09396],"faces":{"east":{"uv":[4.0625,2.0,3.8125,2.1875],"tintindex":0,"rotation":0,"texture":"#0"},"west":{"uv":[3.8125,2.0,4.0625,2.1875],"tintindex":0,"rotation":0,"texture":"#0"}},"rotation":{"origin":[11.06765,19.7,14.755569],"angle":22.5,"axis":"y"}},{"from":[9.3542595,19.7,14.59396],"to":[13.3542595,22.7,14.59396],"faces":{"south":{"uv":[3.8125,2.0,4.0625,2.1875],"tintindex":0,"rotation":0,"texture":"#0"},"north":{"uv":[4.0625,2.0,3.8125,2.1875],"tintindex":0,"rotation":0,"texture":"#0"}},"rotation":{"origin":[11.06765,19.7,14.755569],"angle":22.5,"axis":"y"}}]}