{"textures":{"0":"modelengine:entity/yetigrandpa"},"elements":[{"from":[4.9953146,7.021985,0.63490057],"to":[11.656393,18.62841,9.617265],"rotation":{"angle":22.5,"axis":"x","origin":[34.314156,12.825197,5.126083]},"faces":{"east":{"uv":[1.4375,5.875,0.8125,6.6875],"rotation":0,"texture":"#0","tintindex":0},"south":{"uv":[8.0625,0.875,7.6875,1.6875],"rotation":0,"texture":"#0","tintindex":0},"north":{"uv":[8.125,5.125,7.6875,5.9375],"rotation":0,"texture":"#0","tintindex":0},"west":{"uv":[0.625,6.0,0.0,6.8125],"rotation":0,"texture":"#0","tintindex":0},"up":{"uv":[1.9375,5.875,1.5,6.5],"rotation":0,"texture":"#0","tintindex":0},"down":{"uv":[8.875,0.625,8.4375,0.0],"rotation":0,"texture":"#0","tintindex":0}}},{"from":[5.589381,22.932533,2.6534095],"to":[12.351385,28.483433,8.910787],"rotation":{"angle":22.5,"axis":"z","origin":[35.81655,14.606185,5.7820983]},"faces":{"east":{"uv":[10.0,1.0625,9.5625,1.4375],"rotation":0,"texture":"#0","tintindex":0},"south":{"uv":[9.8125,5.4375,9.3125,5.8125],"rotation":0,"texture":"#0","tintindex":0},"north":{"uv":[9.8125,5.875,9.3125,6.25],"rotation":0,"texture":"#0","tintindex":0},"west":{"uv":[10.0,1.5,9.5625,1.875],"rotation":0,"texture":"#0","tintindex":0},"up":{"uv":[4.0625,8.8125,3.5625,9.25],"rotation":0,"texture":"#0","tintindex":0},"down":{"uv":[9.3125,5.375,8.8125,4.9375],"rotation":0,"texture":"#0","tintindex":0}}},{"from":[10.159922,-16.0,2.8552608],"to":[11.875654,-13.779638,8.305235],"rotation":{"angle":-45.0,"axis":"z","origin":[44.827812,9.079973,5.580248]},"faces":{"east":{"uv":[11.125,4.875,10.75,5.0],"rotation":0,"texture":"#0","tintindex":0},"south":{"uv":[11.875,11.75,11.75,11.875],"rotation":0,"texture":"#0","tintindex":0},"north":{"uv":[1.0,11.8125,0.875,11.9375],"rotation":0,"texture":"#0","tintindex":0},"west":{"uv":[11.125,5.875,10.75,6.0],"rotation":0,"texture":"#0","tintindex":0},"up":{"uv":[5.4375,10.75,5.3125,11.125],"rotation":0,"texture":"#0","tintindex":0},"down":{"uv":[5.625,11.125,5.5,10.75],"rotation":0,"texture":"#0","tintindex":0}}},{"from":[2.5731034,13.481214,6.7913527],"to":[4.6925383,15.196945,8.406159],"rotation":{"angle":0.0,"axis":"y","origin":[39.81459,14.339079,7.5987563]},"faces":{"east":{"uv":[1.875,11.8125,1.75,11.9375],"rotation":0,"texture":"#0","tintindex":0},"south":{"uv":[1.1875,11.8125,1.0625,11.9375],"rotation":0,"texture":"#0","tintindex":0},"north":{"uv":[11.9375,2.125,11.8125,2.25],"rotation":0,"texture":"#0","tintindex":0},"west":{"uv":[11.9375,2.625,11.8125,2.75],"rotation":0,"texture":"#0","tintindex":0},"up":{"uv":[11.9375,2.8125,11.8125,2.9375],"rotation":0,"texture":"#0","tintindex":0},"down":{"uv":[3.125,11.9375,3.0,11.8125],"rotation":0,"texture":"#0","tintindex":0}}},{"from":[1.462924,13.582139,6.892278],"to":[4.2888365,15.09602,8.305234],"rotation":{"angle":0.0,"axis":"y","origin":[39.81459,14.339079,7.5987563]},"faces":{"east":{"uv":[11.9375,5.8125,11.8125,5.9375],"rotation":0,"texture":"#0","tintindex":0},"south":{"uv":[11.625,10.0625,11.4375,10.1875],"rotation":0,"texture":"#0","tintindex":0},"north":{"uv":[10.4375,11.4375,10.25,11.5625],"rotation":0,"texture":"#0","tintindex":0},"west":{"uv":[11.9375,6.0,11.8125,6.125],"rotation":0,"texture":"#0","tintindex":0},"up":{"uv":[11.625,10.625,11.4375,10.75],"rotation":0,"texture":"#0","tintindex":0},"down":{"uv":[11.625,10.9375,11.4375,10.8125],"rotation":0,"texture":"#0","tintindex":0}}},{"from":[0.36373758,14.126907,6.9932036],"to":[1.6757679,15.438938,8.2043085],"rotation":{"angle":22.5,"axis":"z","origin":[2.6850224,14.782923,7.5987563]},"faces":{"east":{"uv":[12.1875,2.625,12.125,2.6875],"rotation":0,"texture":"#0","tintindex":0},"south":{"uv":[12.1875,2.5,12.125,2.5625],"rotation":0,"texture":"#0","tintindex":0},"north":{"uv":[12.1875,2.75,12.125,2.8125],"rotation":0,"texture":"#0","tintindex":0},"west":{"uv":[2.9375,12.125,2.875,12.1875],"rotation":0,"texture":"#0","tintindex":0},"up":{"uv":[12.1875,2.875,12.125,2.9375],"rotation":0,"texture":"#0","tintindex":0},"down":{"uv":[3.0625,12.1875,3.0,12.125],"rotation":0,"texture":"#0","tintindex":0}}},{"from":[-0.854373,14.195373,7.094129],"to":[0.45765734,15.3055525,8.103383],"rotation":{"angle":45.0,"axis":"z","origin":[1.4669118,14.750463,7.5987563]},"faces":{"east":{"uv":[4.25,12.125,4.1875,12.1875],"rotation":0,"texture":"#0","tintindex":0},"south":{"uv":[12.1875,3.75,12.125,3.8125],"rotation":0,"texture":"#0","tintindex":0},"north":{"uv":[4.375,12.125,4.3125,12.1875],"rotation":0,"texture":"#0","tintindex":0},"west":{"uv":[4.5,12.125,4.4375,12.1875],"rotation":0,"texture":"#0","tintindex":0},"up":{"uv":[4.625,12.125,4.5625,12.1875],"rotation":0,"texture":"#0","tintindex":0},"down":{"uv":[4.75,12.1875,4.6875,12.125],"rotation":0,"texture":"#0","tintindex":0}}},{"from":[0.33985043,14.55013,4.0663657],"to":[1.3491049,15.66031,5.07562],"rotation":{"angle":-45.0,"axis":"z","origin":[0.69308996,15.10522,4.570993]},"faces":{"east":{"uv":[6.4375,12.0625,6.375,12.125],"rotation":0,"texture":"#0","tintindex":0},"south":{"uv":[6.3125,12.0625,6.25,12.125],"rotation":0,"texture":"#0","tintindex":0},"north":{"uv":[6.5625,12.0625,6.5,12.125],"rotation":0,"texture":"#0","tintindex":0},"west":{"uv":[6.6875,12.0625,6.625,12.125],"rotation":0,"texture":"#0","tintindex":0},"up":{"uv":[10.4375,12.0625,10.375,12.125],"rotation":0,"texture":"#0","tintindex":0},"down":{"uv":[10.5625,12.125,10.5,12.0625],"rotation":0,"texture":"#0","tintindex":0}}},{"from":[0.65220165,12.6598835,3.9654403],"to":[1.964232,13.971914,5.1765456],"rotation":{"angle":-22.5,"axis":"z","origin":[4.4873686,13.315899,4.570993]},"faces":{"east":{"uv":[4.9375,12.0625,4.875,12.125],"rotation":0,"texture":"#0","tintindex":0},"south":{"uv":[12.125,4.75,12.0625,4.8125],"rotation":0,"texture":"#0","tintindex":0},"north":{"uv":[12.125,4.875,12.0625,4.9375],"rotation":0,"texture":"#0","tintindex":0},"west":{"uv":[12.125,5.0,12.0625,5.0625],"rotation":0,"texture":"#0","tintindex":0},"up":{"uv":[12.125,5.125,12.0625,5.1875],"rotation":0,"texture":"#0","tintindex":0},"down":{"uv":[12.125,5.3125,12.0625,5.25],"rotation":0,"texture":"#0","tintindex":0}}},{"from":[1.8666258,13.582139,3.8645148],"to":[4.6925383,15.09602,5.277471],"rotation":{"angle":0.0,"axis":"y","origin":[40.218292,14.339079,4.570993]},"faces":{"east":{"uv":[7.125,11.8125,7.0,11.9375],"rotation":0,"texture":"#0","tintindex":0},"south":{"uv":[0.1875,11.5,0.0,11.625],"rotation":0,"texture":"#0","tintindex":0},"north":{"uv":[11.6875,0.0,11.5,0.125],"rotation":0,"texture":"#0","tintindex":0},"west":{"uv":[11.9375,7.125,11.8125,7.25],"rotation":0,"texture":"#0","tintindex":0},"up":{"uv":[0.4375,11.5,0.25,11.625],"rotation":0,"texture":"#0","tintindex":0},"down":{"uv":[11.6875,0.5625,11.5,0.4375],"rotation":0,"texture":"#0","tintindex":0}}},{"from":[2.3712525,13.481214,3.7635894],"to":[4.4906874,15.196945,5.3783965],"rotation":{"angle":0.0,"axis":"y","origin":[40.218292,14.339079,4.570993]},"faces":{"east":{"uv":[5.5625,11.8125,5.4375,11.9375],"rotation":0,"texture":"#0","tintindex":0},"south":{"uv":[5.375,11.8125,5.25,11.9375],"rotation":0,"texture":"#0","tintindex":0},"north":{"uv":[11.9375,5.4375,11.8125,5.5625],"rotation":0,"texture":"#0","tintindex":0},"west":{"uv":[5.75,11.8125,5.625,11.9375],"rotation":0,"texture":"#0","tintindex":0},"up":{"uv":[11.9375,5.625,11.8125,5.75],"rotation":0,"texture":"#0","tintindex":0},"down":{"uv":[5.9375,11.9375,5.8125,11.8125],"rotation":0,"texture":"#0","tintindex":0}}},{"from":[2.8758798,11.76548,4.8737693],"to":[4.9953146,13.481214,6.4885764],"rotation":{"angle":0.0,"axis":"y","origin":[39.511818,12.623346,5.681173]},"faces":{"east":{"uv":[11.9375,4.0625,11.8125,4.1875],"rotation":0,"texture":"#0","tintindex":0},"south":{"uv":[11.9375,3.875,11.8125,4.0],"rotation":0,"texture":"#0","tintindex":0},"north":{"uv":[4.4375,11.8125,4.3125,11.9375],"rotation":0,"texture":"#0","tintindex":0},"west":{"uv":[4.625,11.8125,4.5,11.9375],"rotation":0,"texture":"#0","tintindex":0},