{"textures":{"0":"modelengine:entity/yetigrandpa"},"elements":[{"from":[3.3321981,-3.8260622,12.740134],"to":[12.667802,11.186598,22.075737],"faces":{"east":{"uv":[7.9375,7.375,7.4375,8.1875],"tintindex":0,"rotation":0,"texture":"#0"},"south":{"uv":[7.9375,6.5,7.4375,7.3125],"tintindex":0,"rotation":0,"texture":"#0"},"north":{"uv":[2.9375,7.5625,2.4375,8.375],"tintindex":0,"rotation":0,"texture":"#0"},"west":{"uv":[3.5,7.5625,3.0,8.375],"tintindex":0,"rotation":0,"texture":"#0"},"up":{"uv":[1.80853,7.25,1.3125,7.7428],"tintindex":0,"rotation":0,"texture":"#0"},"down":{"uv":[1.80853,7.25,1.3125,7.7428],"tintindex":0,"rotation":0,"texture":"#0"}},"rotation":{"origin":[7.7476864,-2.9537544,17.301506],"angle":-22.5,"axis":"x"}}]}