{"textures":{"0":"modelengine:entity/yetigrandpa"},"elements":[{"from":[5.9090548,7.8359013,5.457547],"to":[11.099506,12.305456,10.215461],"rotation":{"angle":0.0,"axis":"y","origin":[8.72055,10.070679,7.9085937]},"faces":{"east":{"uv":[6.4375,10.6875,6.1875,10.875],"rotation":0,"texture":"#0","tintindex":0},"south":{"uv":[10.9375,5.625,10.6875,5.8125],"rotation":0,"texture":"#0","tintindex":0},"north":{"uv":[9.0,10.6875,8.75,10.875],"rotation":0,"texture":"#0","tintindex":0},"west":{"uv":[9.3125,10.6875,9.0625,10.875],"rotation":0,"texture":"#0","tintindex":0},"up":{"uv":[1.875,10.3125,1.625,10.5625],"rotation":0,"texture":"#0","tintindex":0},"down":{"uv":[2.1875,10.5625,1.9375,10.3125],"rotation":0,"texture":"#0","tintindex":0}}},{"from":[5.9090548,8.412618,10.215461],"to":[11.099506,12.305456,11.945611],"rotation":{"angle":0.0,"axis":"y","origin":[8.50428,10.359037,12.23397]},"faces":{"east":{"uv":[1.125,3.125,1.0625,3.3125],"rotation":0,"texture":"#0","tintindex":0},"south":{"uv":[10.9375,10.125,10.6875,10.3125],"rotation":0,"texture":"#0","tintindex":0},"north":{"uv":[10.9375,10.375,10.6875,10.5625],"rotation":0,"texture":"#0","tintindex":0},"west":{"uv":[1.125,3.375,1.0625,3.5625],"rotation":0,"texture":"#0","tintindex":0},"up":{"uv":[5.5,0.8125,5.25,0.875],"rotation":0,"texture":"#0","tintindex":0},"down":{"uv":[5.8125,0.875,5.5625,0.8125],"rotation":0,"texture":"#0","tintindex":0}}},{"from":[6.1974134,7.7883306,11.047099],"to":[10.811148,11.6811695,15.084116],"rotation":{"angle":22.5,"axis":"x","origin":[8.50428,9.73475,13.065607]},"faces":{"east":{"uv":[10.125,10.875,9.9375,11.0625],"rotation":0,"texture":"#0","tintindex":0},"south":{"uv":[10.9375,10.625,10.6875,10.8125],"rotation":0,"texture":"#0","tintindex":0},"north":{"uv":[0.25,10.75,0.0,10.9375],"rotation":0,"texture":"#0","tintindex":0},"west":{"uv":[10.375,10.875,10.1875,11.0625],"rotation":0,"texture":"#0","tintindex":0},"up":{"uv":[11.0,0.25,10.75,0.4375],"rotation":0,"texture":"#0","tintindex":0},"down":{"uv":[0.5625,10.9375,0.3125,10.75],"rotation":0,"texture":"#0","tintindex":0}}},{"from":[6.3415923,6.01051,13.707796],"to":[10.666968,9.903349,17.744814],"rotation":{"angle":45.0,"axis":"x","origin":[8.50428,7.956929,15.726304]},"faces":{"east":{"uv":[1.0625,10.9375,0.875,11.125],"rotation":0,"texture":"#0","tintindex":0},"south":{"uv":[10.875,10.875,10.6875,11.0625],"rotation":0,"texture":"#0","tintindex":0},"north":{"uv":[1.3125,10.9375,1.125,11.125],"rotation":0,"texture":"#0","tintindex":0},"west":{"uv":[1.5625,10.9375,1.375,11.125],"rotation":0,"texture":"#0","tintindex":0},"up":{"uv":[2.375,10.9375,2.1875,11.125],"rotation":0,"texture":"#0","tintindex":0},"down":{"uv":[2.625,11.125,2.4375,10.9375],"rotation":0,"texture":"#0","tintindex":0}}},{"from":[3.0939379,4.013116,14.535765],"to":[9.437822,7.9059544,18.140245],"rotation":{"angle":-45.0,"axis":"y","origin":[6.6984177,5.9595346,16.338005]},"faces":{"east":{"uv":[6.3125,10.9375,6.125,11.125],"rotation":0,"texture":"#0","tintindex":0},"south":{"uv":[10.75,8.0625,10.4375,8.25],"rotation":0,"texture":"#0","tintindex":0},"north":{"uv":[10.75,8.3125,10.4375,8.5],"rotation":0,"texture":"#0","tintindex":0},"west":{"uv":[11.125,7.6875,10.9375,7.875],"rotation":0,"texture":"#0","tintindex":0},"up":{"uv":[10.75,8.5625,10.4375,8.75],"rotation":0,"texture":"#0","tintindex":0},"down":{"uv":[10.75,9.0,10.4375,8.8125],"rotation":0,"texture":"#0","tintindex":0}}},{"from":[1.4197369,4.301474,13.239143],"to":[4.5916796,7.6175957,16.555264],"rotation":{"angle":-22.5,"axis":"y","origin":[6.466009,5.9595346,14.897203]},"faces":{"east":{"uv":[8.8125,10.9375,8.625,11.125],"rotation":0,"texture":"#0","tintindex":0},"south":{"uv":[8.4375,2.125,8.3125,2.3125],"rotation":0,"texture":"#0","tintindex":0},"north":{"uv":[9.5625,3.4375,9.4375,3.625],"rotation":0,"texture":"#0","tintindex":0},"west":{"uv":[9.0625,10.9375,8.875,11.125],"rotation":0,"texture":"#0","tintindex":0},"up":{"uv":[10.0,6.0625,9.875,6.25],"rotation":0,"texture":"#0","tintindex":0},"down":{"uv":[9.125,10.1875,9.0,10.0],"rotation":0,"texture":"#0","tintindex":0}}},{"from":[-0.73356915,4.5898323,11.866768],"to":[2.438374,7.3292375,14.317815],"rotation":{"angle":0.0,"axis":"y","origin":[0.8524027,5.9595346,13.092291]},"faces":{"east":{"uv":[11.125,10.6875,11.0,10.8125],"rotation":0,"texture":"#0","tintindex":0},"south":{"uv":[11.125,6.3125,11.0,6.4375],"rotation":0,"texture":"#0","tintindex":0},"north":{"uv":[11.75,2.25,11.625,2.375],"rotation":0,"texture":"#0","tintindex":0},"west":{"uv":[11.75,4.125,11.625,4.25],"rotation":0,"texture":"#0","tintindex":0},"up":{"uv":[4.4375,11.625,4.3125,11.75],"rotation":0,"texture":"#0","tintindex":0},"down":{"uv":[4.625,11.75,4.5,11.625],"rotation":0,"texture":"#0","tintindex":0}}}],"display":{"head":{"translation":[0.0,-6.4,0.0],"scale":[4.0,4.0,4.0]}}}