{"textures":{"0":"modelengine:entity/yetigrandpa"},"elements":[{"from":[2.4527082,2.35365,-2.1438675],"to":[14.494555,9.043565,5.549534],"rotation":{"angle":0.0,"axis":"y","origin":[7.6373925,-0.6185026,-2.9837255]},"faces":{"east":{"uv":[5.4375,9.75,5.0625,10.0625],"rotation":0,"texture":"#0","tintindex":0},"south":{"uv":[5.75,9.375,5.1875,9.6875],"rotation":0,"texture":"#0","tintindex":0},"north":{"uv":[6.375,9.375,5.8125,9.6875],"rotation":0,"texture":"#0","tintindex":0},"west":{"uv":[5.875,9.75,5.5,10.0625],"rotation":0,"texture":"#0","tintindex":0},"up":{"uv":[9.6875,6.75,9.125,7.125],"rotation":0,"texture":"#0","tintindex":0},"down":{"uv":[9.75,1.0,9.1875,0.625],"rotation":0,"texture":"#0","tintindex":0}}},{"from":[4.125187,2.3011007,4.818995],"to":[12.822077,8.65652,12.512398],"rotation":{"angle":0.0,"axis":"y","origin":[7.6373925,-1.0055485,3.9791374]},"faces":{"east":{"uv":[6.3125,9.75,5.9375,10.0625],"rotation":0,"texture":"#0","tintindex":0},"south":{"uv":[9.125,9.625,8.6875,9.9375],"rotation":0,"texture":"#0","tintindex":0},"north":{"uv":[10.125,8.8125,9.6875,9.125],"rotation":0,"texture":"#0","tintindex":0},"west":{"uv":[6.75,9.75,6.375,10.0625],"rotation":0,"texture":"#0","tintindex":0},"up":{"uv":[1.3125,9.625,0.875,10.0],"rotation":0,"texture":"#0","tintindex":0},"down":{"uv":[10.0625,3.8125,9.625,3.4375],"rotation":0,"texture":"#0","tintindex":0}}},{"from":[5.797666,3.154387,12.077687],"to":[11.149598,7.837328,17.262371],"rotation":{"angle":-22.5,"axis":"x","origin":[8.975376,3.4023418,12.337893]},"faces":{"east":{"uv":[10.625,0.6875,10.375,0.9375],"rotation":0,"texture":"#0","tintindex":0},"south":{"uv":[10.375,10.3125,10.125,10.5625],"rotation":0,"texture":"#0","tintindex":0},"north":{"uv":[1.25,10.375,1.0,10.625],"rotation":0,"texture":"#0","tintindex":0},"west":{"uv":[0.5,10.4375,0.25,10.6875],"rotation":0,"texture":"#0","tintindex":0},"up":{"uv":[10.6875,0.25,10.4375,0.5],"rotation":0,"texture":"#0","tintindex":0},"down":{"uv":[0.8125,10.6875,0.5625,10.4375],"rotation":0,"texture":"#0","tintindex":0}}},{"from":[7.6373925,1.8484125,-4.1558714],"to":[13.32382,5.026122,-2.1488972],"rotation":{"angle":-45.0,"axis":"x","origin":[9.142623,3.7954664,-7.6015224]},"faces":{"east":{"uv":[11.3125,11.8125,11.1875,11.9375],"rotation":0,"texture":"#0","tintindex":0},"south":{"uv":[11.5625,2.9375,11.3125,3.0625],"rotation":0,"texture":"#0","tintindex":0},"north":{"uv":[3.5,11.3125,3.25,11.4375],"rotation":0,"texture":"#0","tintindex":0},"west":{"uv":[11.5,11.8125,11.375,11.9375],"rotation":0,"texture":"#0","tintindex":0},"up":{"uv":[11.5625,4.0,11.3125,4.125],"rotation":0,"texture":"#0","tintindex":0},"down":{"uv":[11.5625,4.3125,11.3125,4.1875],"rotation":0,"texture":"#0","tintindex":0}}},{"from":[3.9579391,1.8484125,-4.1558714],"to":[9.644367,5.026122,-2.1488972],"rotation":{"angle":-45.0,"axis":"x","origin":[9.142623,3.7954664,-7.6015224]},"faces":{"east":{"uv":[11.9375,11.375,11.8125,11.5],"rotation":0,"texture":"#0","tintindex":0},"south":{"uv":[11.625,0.75,11.375,0.875],"rotation":0,"texture":"#0","tintindex":0},"north":{"uv":[2.0,11.375,1.75,11.5],"rotation":0,"texture":"#0","tintindex":0},"west":{"uv":[11.6875,11.8125,11.5625,11.9375],"rotation":0,"texture":"#0","tintindex":0},"up":{"uv":[3.8125,11.375,3.5625,11.5],"rotation":0,"texture":"#0","tintindex":0},"down":{"uv":[6.625,11.5,6.375,11.375],"rotation":0,"texture":"#0","tintindex":0}}},{"from":[4.4596825,4.860614,-3.3878145],"to":[8.473632,7.8710756,-0.7118492],"rotation":{"angle":-22.5,"axis":"x","origin":[9.142623,5.108568,-5.6363277]},"faces":{"east":{"uv":[0.125,11.875,0.0,12.0],"rotation":0,"texture":"#0","tintindex":0},"south":{"uv":[11.75,8.1875,11.5625,8.3125],"rotation":0,"texture":"#0","tintindex":0},"north":{"uv":[9.4375,11.5625,9.25,11.6875],"rotation":0,"texture":"#0","tintindex":0},"west":{"uv":[0.3125,11.875,0.1875,12.0],"rotation":0,"texture":"#0","tintindex":0},"up":{"uv":[9.6875,11.5625,9.5,11.6875],"rotation":0,"texture":"#0","tintindex":0},"down":{"uv":[9.9375,11.6875,9.75,11.5625],"rotation":0,"texture":"#0","tintindex":0}}},{"from":[8.64088,4.860614,-3.3878145],"to":[12.822077,7.8710756,-0.7118492],"rotation":{"angle":-22.5,"axis":"x","origin":[9.142623,5.108568,-5.6363277]},"faces":{"east":{"uv":[12.0,0.1875,11.875,0.3125],"rotation":0,"texture":"#0","tintindex":0},"south":{"uv":[10.1875,11.5625,10.0,11.6875],"rotation":0,"texture":"#0","tintindex":0},"north":{"uv":[11.75,10.25,11.5625,10.375],"rotation":0,"texture":"#0","tintindex":0},"west":{"uv":[0.5,11.875,0.375,12.0],"rotation":0,"texture":"#0","tintindex":0},"up":{"uv":[11.75,10.4375,11.5625,10.5625],"rotation":0,"texture":"#0","tintindex":0},"down":{"uv":[10.6875,11.6875,10.5,11.5625],"rotation":0,"texture":"#0","tintindex":0}}},{"from":[9.142624,8.207326,-2.1438675],"to":[11.818589,9.545309,0.5320978],"rotation":{"angle":0.0,"axis":"y","origin":[7.1356487,-0.6185026,-2.9837255]},"faces":{"east":{"uv":[12.125,5.375,12.0,5.4375],"rotation":0,"texture":"#0","tintindex":0},"south":{"uv":[5.375,12.0,5.25,12.0625],"rotation":0,"texture":"#0","tintindex":0},"north":{"uv":[5.5625,12.0,5.4375,12.0625],"rotation":0,"texture":"#0","tintindex":0},"west":{"uv":[12.125,5.5,12.0,5.5625],"rotation":0,"texture":"#0","tintindex":0},"up":{"uv":[0.6875,11.875,0.5625,12.0],"rotation":0,"texture":"#0","tintindex":0},"down":{"uv":[12.0,0.6875,11.875,0.5625],"rotation":0,"texture":"#0","tintindex":0}}},{"from":[5.46317,8.207326,-2.1438675],"to":[8.139136,9.545309,0.5320978],"rotation":{"angle":0.0,"axis":"y","origin":[7.1356487,-0.6185026,-2.9837255]},"faces":{"east":{"uv":[12.125,5.625,12.0,5.6875],"rotation":0,"texture":"#0","tintindex":0},"south":{"uv":[5.75,12.0,5.625,12.0625],"rotation":0,"texture":"#0","tintindex":0},"north":{"uv":[12.125,5.75,12.0,5.8125],"rotation":0,"texture":"#0","tintindex":0},"west":{"uv":[5.9375,12.0,5.8125,12.0625],"rotation":0,"texture":"#0","tintindex":0},"up":{"uv":[12.0,0.75,11.875,0.875],"rotation":0,"texture":"#0","tintindex":0},"down":{"uv":[12.0,1.0625,11.875,0.9375],"rotation":0,"texture":"#0","tintindex":0}}},{"from":[10.647854,3.0226417,-5.321578],"to":[14.327308,6.367599,-1.1403809],"rotation":{"angle":0.0,"axis":"y","origin":[4.7941785,2.3919587,-7.4994183]},"faces":{"east":{"uv":[11.375,1.5,11.1875,1.6875],"rotation":0,"texture":"#0","tintindex":0},"south":{"uv":[11.375,1.25,11.1875,1.4375],"rotation":0,"texture":"#0","tintindex":0},"north":{"uv":[11.375,1.75,11.1875,1.9375],"rotation":0,"texture":"#0","tintindex":0},"west":{"uv":[11.375,2.0,11.1875,2.1875],"rotation":0,"texture":"#0","tintindex":0},"up":{"uv":[2.3125,11.1875,2.125,11.375],"rotation":0,"texture":"#0","tintindex":0},"down":{"uv":[2.5625,11.375,2.375,11.1875],"rotation":0,"texture":"#0","tintindex":0}}},{"from":[9.278584,3.524385,-5.496868],"to":[11.954549,6.200351,-1.984663],"rotation":{"angle":22.5,"axis":"y","origin":[5.017135,1.5557194,-8.880316]},"faces":{"east":{"uv":[10.9375,11.5625,10.75,11.6875],"rotation":0,"texture":"#0","tintindex":0},"south":{"uv":[12.0,1.125,11.875,1.25],"rotation":0,"texture":"#0","tintindex":0},"north":{"uv":[12.0,1.3125,11.875,1.4375],"rotation":0,"texture":"#0","tintindex":0},"west":{"uv":[11.8125,0.1875,11.625,0.3125],"rotation":0,"texture":"#0","tintindex":0},"up":{"uv":[0.625,11.625,0.5,11.8125],"rotation":0,"texture":"#0","tintindex":0},"down":{"uv":[0.8125,11.8125,0.6875,11.625],"rotation":0,"texture":"#0","tintindex":0}}},{"from":[2.4527082,3.0226417,-5.321578],"to":[6.1321616,6.367599,-1.1403809],"rotation":{"angle":0.0,"axis":"y","origin":[4.7941785,2.3919587,-7.4994183]},"faces":{"east":{"uv":[11.375,3.25,11.1875,3.4375],"rotation":0,"texture":"#0","tintindex":0},"south":{"uv":[2.8125,11.1875,2.625,11.375],"rotation":0,"texture":"#0","tintindex":0},"north":{"uv":[11.375,3.5,11.1875,3.6875],"rotation":0,"texture":"#0","tintindex":0},"west":{"uv":[11.375,3.75,11.1875,3.9375],"rotation":0,"texture":"#0","tintindex":0},"up":{"uv":[11.375,4.5,11.1875,4.6875],"rotation":0,