{"textures":{"0":"modelengine:entity/yetigrandpa"},"elements":[{"from":[4.8577695,9.4277725,1.8200097],"to":[11.67099,15.448637,1.8200097],"rotation":{"angle":0.0,"axis":"y","origin":[7.2274957,12.323331,-16.394907]},"faces":{"east":{"uv":[7.625,1.125,7.625,1.3125],"rotation":0,"texture":"#0","tintindex":0},"south":{"uv":[0.75,6.0,0.6875,6.1875],"rotation":0,"texture":"#0","tintindex":0},"north":{"uv":[0.75,6.25,0.6875,6.4375],"rotation":0,"texture":"#0","tintindex":0},"west":{"uv":[7.9375,3.75,7.9375,3.9375],"rotation":0,"texture":"#0","tintindex":0},"up":{"uv":[6.375,4.875,6.3125,4.875],"rotation":0,"texture":"#0","tintindex":0},"down":{"uv":[6.625,1.8125,6.5625,1.8125],"rotation":0,"texture":"#0","tintindex":0}}},{"from":[3.8261003,14.348781,-0.545661],"to":[4.4028172,15.358035,0.17523527],"rotation":{"angle":22.5,"axis":"x","origin":[4.114459,15.141767,-0.18521309]},"faces":{"east":{"uv":[11.5625,7.8125,11.5,7.875],"rotation":0,"texture":"#0","tintindex":0},"south":{"uv":[10.5625,11.4375,10.5,11.5],"rotation":0,"texture":"#0","tintindex":0},"north":{"uv":[3.8125,11.5625,3.75,11.625],"rotation":0,"texture":"#0","tintindex":0},"west":{"uv":[11.75,2.125,11.6875,2.1875],"rotation":0,"texture":"#0","tintindex":0},"up":{"uv":[3.6875,11.75,3.625,11.8125],"rotation":0,"texture":"#0","tintindex":0},"down":{"uv":[1.3125,11.875,1.25,11.8125],"rotation":0,"texture":"#0","tintindex":0}}},{"from":[3.6819215,13.016284,-0.95489025],"to":[4.546996,14.602255,0.05436468],"rotation":{"angle":0.0,"axis":"y","origin":[4.114459,11.430313,2.0007834]},"faces":{"east":{"uv":[4.25,10.875,4.1875,10.9375],"rotation":0,"texture":"#0","tintindex":0},"south":{"uv":[5.0,10.75,4.9375,10.8125],"rotation":0,"texture":"#0","tintindex":0},"north":{"uv":[0.8125,11.0625,0.75,11.125],"rotation":0,"texture":"#0","tintindex":0},"west":{"uv":[4.125,11.125,4.0625,11.1875],"rotation":0,"texture":"#0","tintindex":0},"up":{"uv":[1.8125,11.25,1.75,11.3125],"rotation":0,"texture":"#0","tintindex":0},"down":{"uv":[7.9375,11.3125,7.875,11.25],"rotation":0,"texture":"#0","tintindex":0}}},{"from":[3.5377421,12.599737,-0.15015697],"to":[4.6911755,14.185709,1.1474552],"rotation":{"angle":-45.0,"axis":"x","origin":[4.114459,12.455559,0.642828]},"faces":{"east":{"uv":[0.3125,10.3125,0.25,10.375],"rotation":0,"texture":"#0","tintindex":0},"south":{"uv":[9.9375,4.4375,9.875,4.5],"rotation":0,"texture":"#0","tintindex":0},"north":{"uv":[4.8125,10.3125,4.75,10.375],"rotation":0,"texture":"#0","tintindex":0},"west":{"uv":[10.375,4.8125,10.3125,4.875],"rotation":0,"texture":"#0","tintindex":0},"up":{"uv":[10.375,10.1875,10.3125,10.25],"rotation":0,"texture":"#0","tintindex":0},"down":{"uv":[10.75,9.625,10.6875,9.5625],"rotation":0,"texture":"#0","tintindex":0}}},{"from":[3.3935628,9.716154,-0.29433632],"to":[4.835355,12.743917,1.2916346],"rotation":{"angle":-45.0,"axis":"x","origin":[4.114459,12.455559,0.642828]},"faces":{"east":{"uv":[6.625,1.625,6.5625,1.75],"rotation":0,"texture":"#0","tintindex":0},"south":{"uv":[4.8125,0.9375,4.75,1.0625],"rotation":0,"texture":"#0","tintindex":0},"north":{"uv":[6.75,2.5,6.6875,2.625],"rotation":0,"texture":"#0","tintindex":0},"west":{"uv":[6.75,2.6875,6.6875,2.8125],"rotation":0,"texture":"#0","tintindex":0},"up":{"uv":[11.375,3.125,11.3125,3.1875],"rotation":0,"texture":"#0","tintindex":0},"down":{"uv":[11.375,4.4375,11.3125,4.375],"rotation":0,"texture":"#0","tintindex":0}}},{"from":[3.2324896,9.904233,1.1949944],"to":[4.3859234,11.346025,5.520371],"rotation":{"angle":0.0,"axis":"y","origin":[10.44145,10.625129,0.61827755]},"faces":{"east":{"uv":[10.625,0.5625,10.4375,0.625],"rotation":0,"texture":"#0","tintindex":0},"south":{"uv":[1.25,8.0,1.1875,8.0625],"rotation":0,"texture":"#0","tintindex":0},"north":{"uv":[8.6875,5.875,8.625,5.9375],"rotation":0,"texture":"#0","tintindex":0},"west":{"uv":[10.625,9.5625,10.4375,9.625],"rotation":0,"texture":"#0","tintindex":0},"up":{"uv":[3.75,1.375,3.6875,1.5625],"rotation":0,"texture":"#0","tintindex":0},"down":{"uv":[3.75,1.8125,3.6875,1.625],"rotation":0,"texture":"#0","tintindex":0}}},{"from":[4.0685835,7.1863313,3.604374],"to":[12.142619,11.197135,7.3858013],"rotation":{"angle":0.0,"axis":"y","origin":[8.105601,7.9072275,4.32527]},"faces":{"east":{"uv":[0.1875,11.0,0.0,11.1875],"rotation":0,"texture":"#0","tintindex":0},"south":{"uv":[9.1875,5.4375,8.8125,5.625],"rotation":0,"texture":"#0","tintindex":0},"north":{"uv":[10.4375,1.6875,10.0625,1.875],"rotation":0,"texture":"#0","tintindex":0},"west":{"uv":[11.1875,0.0,11.0,0.1875],"rotation":0,"texture":"#0","tintindex":0},"up":{"uv":[10.5,7.3125,10.125,7.5],"rotation":0,"texture":"#0","tintindex":0},"down":{"uv":[10.5,7.75,10.125,7.5625],"rotation":0,"texture":"#0","tintindex":0}}},{"from":[4.0685835,7.7383814,1.6941066],"to":[12.142619,10.766145,4.0009737],"rotation":{"angle":22.5,"axis":"x","origin":[8.105601,8.459277,2.4150028]},"faces":{"east":{"uv":[5.4375,11.625,5.3125,11.75],"rotation":0,"texture":"#0","tintindex":0},"south":{"uv":[11.125,1.375,10.75,1.5],"rotation":0,"texture":"#0","tintindex":0},"north":{"uv":[11.125,1.875,10.75,2.0],"rotation":0,"texture":"#0","tintindex":0},"west":{"uv":[5.625,11.625,5.5,11.75],"rotation":0,"texture":"#0","tintindex":0},"up":{"uv":[11.125,2.0625,10.75,2.1875],"rotation":0,"texture":"#0","tintindex":0},"down":{"uv":[2.625,10.875,2.25,10.75],"rotation":0,"texture":"#0","tintindex":0}}},{"from":[4.0685835,9.183337,-0.06339073],"to":[12.142619,11.201846,2.5318356],"rotation":{"angle":45.0,"axis":"x","origin":[8.105601,9.904233,0.657506]},"faces":{"east":{"uv":[4.8125,11.625,4.6875,11.75],"rotation":0,"texture":"#0","tintindex":0},"south":{"uv":[11.0625,0.8125,10.6875,0.9375],"rotation":0,"texture":"#0","tintindex":0},"north":{"uv":[11.125,1.0,10.75,1.125],"rotation":0,"texture":"#0","tintindex":0},"west":{"uv":[5.25,11.625,5.125,11.75],"rotation":0,"texture":"#0","tintindex":0},"up":{"uv":[1.5625,10.75,1.1875,10.875],"rotation":0,"texture":"#0","tintindex":0},"down":{"uv":[11.125,1.3125,10.75,1.1875],"rotation":0,"texture":"#0","tintindex":0}}},{"from":[5.654555,9.904233,-2.092146],"to":[10.556648,11.346025,-0.2178154],"rotation":{"angle":0.0,"axis":"y","origin":[8.105601,-42.000282,25.734442]},"faces":{"east":{"uv":[4.5625,2.875,4.5,2.9375],"rotation":0,"texture":"#0","tintindex":0},"south":{"uv":[6.75,5.625,6.5,5.6875],"rotation":0,"texture":"#0","tintindex":0},"north":{"uv":[1.75,6.5625,1.5,6.625],"rotation":0,"texture":"#0","tintindex":0},"west":{"uv":[2.0625,5.6875,2.0,5.75],"rotation":0,"texture":"#0","tintindex":0},"up":{"uv":[7.0625,5.625,6.8125,5.6875],"rotation":0,"texture":"#0","tintindex":0},"down":{"uv":[7.9375,6.4375,7.6875,6.375],"rotation":0,"texture":"#0","tintindex":0}}},{"from":[3.151033,9.904233,-1.0201693],"to":[7.1880507,11.346025,0.99833965],"rotation":{"angle":45.0,"axis":"y","origin":[5.1695414,10.625129,0.2774439]},"faces":{"east":{"uv":[1.9375,6.5625,1.8125,6.625],"rotation":0,"texture":"#0","tintindex":0},"south":{"uv":[7.875,2.375,7.6875,2.4375],"rotation":0,"texture":"#0","tintindex":0},"north":{"uv":[7.3125,8.75,7.125,8.8125],"rotation":0,"texture":"#0","tintindex":0},"west":{"uv":[9.125,8.1875,9.0,8.25],"rotation":0,"texture":"#0","tintindex":0},"up":{"uv":[5.6875,7.625,5.5,7.75],"rotation":0,"texture":"#0","tintindex":0},"down":{"uv":[8.75,5.0625,8.5625,4.9375],"rotation":0,"texture":"#0","tintindex":0}}},{"from":[6.5794544,9.760054,-0.7945328],"to":[8.597963,11.201846,0.21472168],"rotation":{"angle":22.5,"axis":"z","origin":[6.146917,10.480949,0.14263248]},"faces":{"east":{"uv":[9.1875,7.1875,9.125,7.25],"rotation":0,"texture":"#0","tintindex":0},"south":{"uv":[2.625,10.0,2.5,10.0625],"rotation":0,"texture":"#0","tintindex":0},"north":{"uv":[5.0,10.0,4.875,10.0625],"rotation":0,"texture":"#0","tintindex":0},"west":{"uv":[2.375,9.25,2.3125,9.3125],"rotation":0,"texture":"#0","tintindex":0},"up":{"uv":[10.3125,0.6875,10.1875,0.75],"rotation":0,"texture":"#0","tintindex":0},