{"textures":{"0":"modelengine:entity/yetigrandpa"},"elements":[{"from":[-1.7204857,1.5021172,3.2228975],"to":[8.498216,11.342346,10.161522],"faces":{"east":{"uv":[1.625,9.0,1.25,9.5625],"tintindex":0,"rotation":0,"texture":"#0"},"south":{"uv":[8.25,1.75,7.6875,2.3125],"tintindex":0,"rotation":0,"texture":"#0"},"north":{"uv":[6.0625,7.8125,5.5,8.375],"tintindex":0,"rotation":0,"texture":"#0"},"west":{"uv":[9.375,3.0625,9.0,3.625],"tintindex":0,"rotation":0,"texture":"#0"},"up":{"uv":[9.5,1.5625,8.9375,1.9375],"tintindex":0,"rotation":0,"texture":"#0"},"down":{"uv":[9.5625,4.0625,9.0,3.6875],"tintindex":0,"rotation":0,"texture":"#0"}},"rotation":{"origin":[-16.796223,-1.2102547,6.6922092],"angle":-22.5,"axis":"z"}},{"from":[1.4113255,-7.988449,1.0782318],"to":[9.8638315,6.519581,12.306187],"faces":{"east":{"uv":[4.0,5.8125,3.375,6.625],"tintindex":0,"rotation":0,"texture":"#0"},"south":{"uv":[7.375,6.9375,6.875,7.75],"tintindex":0,"rotation":0,"texture":"#0"},"north":{"uv":[7.625,5.625,7.125,6.4375],"tintindex":0,"rotation":0,"texture":"#0"},"west":{"uv":[4.6875,5.8125,4.0625,6.625],"tintindex":0,"rotation":0,"texture":"#0"},"up":{"uv":[8.5,3.75,8.0,4.375],"tintindex":0,"rotation":0,"texture":"#0"},"down":{"uv":[8.5,5.0625,8.0,4.4375],"tintindex":0,"rotation":0,"texture":"#0"}}},{"from":[-7.6012745,-13.248911,3.2228975],"to":[-5.835079,-9.842676,9.404581],"faces":{"east":{"uv":[10.625,2.8125,10.25,3.0],"tintindex":0,"rotation":0,"texture":"#0"},"south":{"uv":[11.5625,9.5625,11.4375,9.75],"tintindex":0,"rotation":0,"texture":"#0"},"north":{"uv":[11.5625,9.8125,11.4375,10.0],"tintindex":0,"rotation":0,"texture":"#0"},"west":{"uv":[10.625,5.6875,10.25,5.875],"tintindex":0,"rotation":0,"texture":"#0"},"up":{"uv":[2.8125,10.75,2.6875,11.125],"tintindex":0,"rotation":0,"texture":"#0"},"down":{"uv":[4.875,11.125,4.75,10.75],"tintindex":0,"rotation":0,"texture":"#0"}},"rotation":{"origin":[-11.196743,-0.19168091,6.3137393],"angle":45.0,"axis":"z"}},{"from":[2.0833263,6.519581,1.7502317],"to":[9.191832,12.119583,11.634187],"faces":{"east":{"uv":[10.0,4.5625,9.4375,4.875],"tintindex":0,"rotation":0,"texture":"#0"},"south":{"uv":[10.1875,2.375,9.8125,2.6875],"tintindex":0,"rotation":0,"texture":"#0"},"north":{"uv":[4.375,9.8125,4.0,10.125],"tintindex":0,"rotation":0,"texture":"#0"},"west":{"uv":[10.0,6.3125,9.4375,6.625],"tintindex":0,"rotation":0,"texture":"#0"},"up":{"uv":[4.5,9.1875,4.125,9.75],"tintindex":0,"rotation":0,"texture":"#0"},"down":{"uv":[7.5,9.75,7.125,9.1875],"tintindex":0,"rotation":0,"texture":"#0"}}}]}