{"textures":{"0":"modelengine:entity/yetigrandpa"},"elements":[{"from":[2.8275714,-4.0242167,-2.8900967],"to":[13.172428,10.988443,5.9408793],"faces":{"east":{"uv":[7.875,3.375,7.375,4.1875],"tintindex":0,"rotation":0,"texture":"#0"},"south":{"uv":[4.3125,6.6875,3.75,7.5],"tintindex":0,"rotation":0,"texture":"#0"},"north":{"uv":[1.25,6.75,0.6875,7.5625],"tintindex":0,"rotation":0,"texture":"#0"},"west":{"uv":[7.9375,4.25,7.4375,5.0625],"tintindex":0,"rotation":0,"texture":"#0"},"up":{"uv":[1.80853,7.25,1.3125,7.7428],"tintindex":0,"rotation":0,"texture":"#0"},"down":{"uv":[1.80853,7.25,1.3125,7.7428],"tintindex":0,"rotation":0,"texture":"#0"}},"rotation":{"origin":[7.369216,1.9846096,1.917953],"angle":45.0,"axis":"x"}}]}