{"textures":{"0":"modelengine:entity/yetigrandpa"},"elements":[{"from":[17.129349,-1.0013733,3.7111063],"to":[18.895544,2.4048615,9.89279],"faces":{"east":{"uv":[10.5,7.8125,10.125,8.0],"tintindex":0,"rotation":0,"texture":"#0"},"south":{"uv":[3.5,10.1875,3.375,10.375],"tintindex":0,"rotation":0,"texture":"#0"},"north":{"uv":[7.0625,11.375,6.9375,11.5625],"tintindex":0,"rotation":0,"texture":"#0"},"west":{"uv":[10.5625,0.0,10.1875,0.1875],"tintindex":0,"rotation":0,"texture":"#0"},"up":{"uv":[1.4375,6.75,1.3125,7.125],"tintindex":0,"rotation":0,"texture":"#0"},"down":{"uv":[0.5,8.8125,0.375,8.4375],"tintindex":0,"rotation":0,"texture":"#0"}},"rotation":{"origin":[13.53388,0.7017441,6.801948],"angle":-45.0,"axis":"z"}},{"from":[6.8406897,-4.461218,3.3326359],"to":[17.059391,7.7759933,10.271259],"faces":{"east":{"uv":[8.9375,3.0625,8.5625,3.75],"tintindex":0,"rotation":0,"texture":"#0"},"south":{"uv":[5.3125,5.8125,4.75,6.5],"tintindex":0,"rotation":0,"texture":"#0"},"north":{"uv":[1.125,7.625,0.5625,8.3125],"tintindex":0,"rotation":0,"texture":"#0"},"west":{"uv":[8.9375,3.8125,8.5625,4.5],"tintindex":0,"rotation":0,"texture":"#0"},"up":{"uv":[8.625,8.875,8.0625,9.25],"tintindex":0,"rotation":0,"texture":"#0"},"down":{"uv":[9.25,9.25,8.6875,8.875],"tintindex":0,"rotation":0,"texture":"#0"}},"rotation":{"origin":[11.319256,0.5219765,6.801948],"angle":22.5,"axis":"z"}},{"from":[6.8406897,-6.7320404,1.1879706],"to":[15.797823,7.7759933,12.415926],"faces":{"east":{"uv":[4.4375,2.125,3.8125,2.9375],"tintindex":0,"rotation":0,"texture":"#0"},"south":{"uv":[7.3125,2.5,6.8125,3.3125],"tintindex":0,"rotation":0,"texture":"#0"},"north":{"uv":[0.5,6.875,0.0,7.6875],"tintindex":0,"rotation":0,"texture":"#0"},"west":{"uv":[6.0,5.75,5.375,6.5625],"tintindex":0,"rotation":0,"texture":"#0"},"up":{"uv":[0.5,7.75,0.0,8.375],"tintindex":0,"rotation":0,"texture":"#0"},"down":{"uv":[8.375,0.625,7.875,0.0],"tintindex":0,"rotation":0,"texture":"#0"}}},{"from":[7.5126896,7.7759933,1.8599706],"to":[15.125822,13.375992,11.743925],"faces":{"east":{"uv":[7.0,9.375,6.4375,9.6875],"tintindex":0,"rotation":0,"texture":"#0"},"south":{"uv":[10.125,9.1875,9.6875,9.5],"tintindex":0,"rotation":0,"texture":"#0"},"north":{"uv":[10.125,9.5625,9.6875,9.875],"tintindex":0,"rotation":0,"texture":"#0"},"west":{"uv":[10.0,3.0625,9.4375,3.375],"tintindex":0,"rotation":0,"texture":"#0"},"up":{"uv":[6.5625,8.75,6.125,9.3125],"tintindex":0,"rotation":0,"texture":"#0"},"down":{"uv":[7.0625,9.3125,6.625,8.75],"tintindex":0,"rotation":0,"texture":"#0"}}}]}