{"textures":{"0":"modelengine:entity/yetigrandpa"},"elements":[{"from":[-2.5367298,-0.12376976,-1.6613607],"to":[18.225077,6.796832,15.063427],"rotation":{"angle":-22.5,"axis":"x","origin":[7.844174,8.526982,1.2943125]},"faces":{"east":{"uv":[0.9375,4.125,0.0,5.0],"rotation":0,"texture":"#0","tintindex":0},"south":{"uv":[8.6875,6.0,7.6875,6.3125],"rotation":0,"texture":"#0","tintindex":0},"north":{"uv":[7.125,7.8125,6.125,8.125],"rotation":0,"texture":"#0","tintindex":0},"west":{"uv":[0.9375,4.125,0.0,5.0],"rotation":0,"texture":"#0","tintindex":0},"up":{"uv":[4.25,4.9375,3.25,5.75],"rotation":0,"texture":"#0","tintindex":0},"down":{"uv":[7.0,0.8125,6.0,1.3125],"rotation":0,"texture":"#0","tintindex":0}}},{"from":[-2.5367298,5.797445,-0.7742748],"to":[18.225077,15.457452,18.113201],"rotation":{"angle":0.0,"axis":"y","origin":[7.844174,9.257746,3.91155]},"faces":{"east":{"uv":[5.6875,6.625,4.75,7.125],"rotation":0,"texture":"#0","tintindex":0},"south":{"uv":[6.75,3.25,5.75,3.75],"rotation":0,"texture":"#0","tintindex":0},"north":{"uv":[7.0,0.8125,6.0,1.3125],"rotation":0,"texture":"#0","tintindex":0},"west":{"uv":[7.625,1.375,6.6875,1.875],"rotation":0,"texture":"#0","tintindex":0},"up":{"uv":[1.0,3.125,0.0,4.0625],"rotation":0,"texture":"#0","tintindex":0},"down":{"uv":[4.5625,3.9375,3.5625,3.0],"rotation":0,"texture":"#0","tintindex":0}}},{"from":[-5.17529,9.402382,-0.34173584],"to":[1.1685948,20.50418,17.680664],"rotation":{"angle":22.5,"axis":"z","origin":[5.205612,14.232386,8.669464]},"faces":{"east":{"uv":[6.9375,6.3125,6.0625,6.875],"rotation":0,"texture":"#0","tintindex":0},"south":{"uv":[9.625,8.8125,9.3125,9.375],"rotation":0,"texture":"#0","tintindex":0},"north":{"uv":[0.3125,9.375,0.0,9.9375],"rotation":0,"texture":"#0","tintindex":0},"west":{"uv":[7.25,0.0,6.375,0.5625],"rotation":0,"texture":"#0","tintindex":0},"up":{"uv":[2.375,8.125,2.0625,9.0],"rotation":0,"texture":"#0","tintindex":0},"down":{"uv":[0.3125,9.3125,0.0,8.4375],"rotation":0,"texture":"#0","tintindex":0}}},{"from":[15.695578,13.871857,-0.34173584],"to":[22.039463,24.973656,17.680664],"rotation":{"angle":-22.5,"axis":"z","origin":[-0.16413498,19.422756,8.669464]},"faces":{"east":{"uv":[7.375,4.375,6.5,4.9375],"rotation":0,"texture":"#0","tintindex":0},"south":{"uv":[9.6875,0.0,9.375,0.5625],"rotation":0,"texture":"#0","tintindex":0},"north":{"uv":[2.625,9.375,2.3125,9.9375],"rotation":0,"texture":"#0","tintindex":0},"west":{"uv":[7.375,5.0,6.5,5.5625],"rotation":0,"texture":"#0","tintindex":0},"up":{"uv":[2.75,8.4375,2.4375,9.3125],"rotation":0,"texture":"#0","tintindex":0},"down":{"uv":[3.125,9.3125,2.8125,8.4375],"rotation":0,"texture":"#0","tintindex":0}}}],"display":{"head":{"translation":[0.0,-6.4,0.0],"scale":[4.0,4.0,4.0]}}}