{"textures":{"0":"modelengine:entity/yetigrandpa"},"elements":[{"from":[-3.5283785,9.227085,0.70098114],"to":[2.0225205,18.94116,16.470581],"faces":{"east":{"uv":[6.9375,6.3125,6.0625,6.875],"tintindex":0,"rotation":0,"texture":"#0"},"south":{"uv":[9.625,8.8125,9.3125,9.375],"tintindex":0,"rotation":0,"texture":"#0"},"north":{"uv":[0.3125,9.375,0.0,9.9375],"tintindex":0,"rotation":0,"texture":"#0"},"west":{"uv":[7.25,0.0,6.375,0.5625],"tintindex":0,"rotation":0,"texture":"#0"},"up":{"uv":[2.375,8.125,2.0625,9.0],"tintindex":0,"rotation":0,"texture":"#0"},"down":{"uv":[0.3125,9.3125,0.0,8.4375],"tintindex":0,"rotation":0,"texture":"#0"}},"rotation":{"origin":[5.554911,13.453339,8.585781],"angle":22.5,"axis":"z"}},{"from":[14.733629,13.137875,0.70098114],"to":[20.284529,22.85195,16.470581],"faces":{"east":{"uv":[7.375,4.375,6.5,4.9375],"tintindex":0,"rotation":0,"texture":"#0"},"south":{"uv":[9.6875,0.0,9.375,0.5625],"tintindex":0,"rotation":0,"texture":"#0"},"north":{"uv":[2.625,9.375,2.3125,9.9375],"tintindex":0,"rotation":0,"texture":"#0"},"west":{"uv":[7.375,5.0,6.5,5.5625],"tintindex":0,"rotation":0,"texture":"#0"},"up":{"uv":[2.75,8.4375,2.4375,9.3125],"tintindex":0,"rotation":0,"texture":"#0"},"down":{"uv":[3.125,9.3125,2.8125,8.4375],"tintindex":0,"rotation":0,"texture":"#0"}},"rotation":{"origin":[0.8563819,17.994913,8.585781],"angle":-22.5,"axis":"z"}},{"from":[-1.2196369,0.89170265,-0.45369148],"to":[16.946941,6.9472294,14.180498],"faces":{"east":{"uv":[0.9375,4.125,0.0,5.0],"tintindex":0,"rotation":0,"texture":"#0"},"south":{"uv":[8.6875,6.0,7.6875,6.3125],"tintindex":0,"rotation":0,"texture":"#0"},"north":{"uv":[7.125,7.8125,6.125,8.125],"tintindex":0,"rotation":0,"texture":"#0"},"west":{"uv":[0.9375,4.125,0.0,5.0],"tintindex":0,"rotation":0,"texture":"#0"},"up":{"uv":[4.25,4.9375,3.25,5.75],"tintindex":0,"rotation":0,"texture":"#0"},"down":{"uv":[7.0,0.8125,6.0,1.3125],"tintindex":0,"rotation":0,"texture":"#0"}},"rotation":{"origin":[7.863652,8.461111,2.1325235],"angle":-22.5,"axis":"x"}},{"from":[-1.2196369,6.0727654,0.32251072],"to":[16.946941,14.52527,16.84905],"faces":{"east":{"uv":[5.6875,6.625,4.75,7.125],"tintindex":0,"rotation":0,"texture":"#0"},"south":{"uv":[6.75,3.25,5.75,3.75],"tintindex":0,"rotation":0,"texture":"#0"},"north":{"uv":[7.0,0.8125,6.0,1.3125],"tintindex":0,"rotation":0,"texture":"#0"},"west":{"uv":[7.625,1.375,6.6875,1.875],"tintindex":0,"rotation":0,"texture":"#0"},"up":{"uv":[1.0,3.125,0.0,4.0625],"tintindex":0,"rotation":0,"texture":"#0"},"down":{"uv":[4.5625,3.9375,3.5625,3.0],"tintindex":0,"rotation":0,"texture":"#0"}}}]}