{"textures":{"0":"modelengine:entity/chinese_dragon_jade"},"elements":[{"from":[6.857143,6.857143,8.0],"to":[9.142858,9.142858,12.571428],"rotation":{"angle":0.0,"axis":"y","origin":[7.428571,8.0,8.571428]},"faces":{"east":{"uv":[7.975,5.525,6.025,6.475],"rotation":0,"texture":"#0","tintindex":0},"south":{"uv":[10.025,10.775,10.975,11.725],"rotation":0,"texture":"#0","tintindex":0},"north":{"uv":[9.025,10.775,9.975,11.725],"rotation":0,"texture":"#0","tintindex":0},"west":{"uv":[6.025,5.525,7.975,6.475],"rotation":0,"texture":"#0","tintindex":0},"up":{"uv":[1.975,8.225,1.025,6.275],"rotation":0,"texture":"#0","tintindex":0},"down":{"uv":[6.975,6.525,6.025,8.475],"rotation":0,"texture":"#0","tintindex":0}}},{"from":[5.714286,6.857143,10.285714],"to":[7.428571,9.142858,12.571428],"rotation":{"angle":-22.5,"axis":"x","origin":[6.285714,8.0,10.857143]},"faces":{"east":{"uv":[11.025,8.275,11.975,9.225],"rotation":0,"texture":"#0","tintindex":0},"south":{"uv":[1.775,12.025,2.475,12.975],"rotation":0,"texture":"#0","tintindex":0},"north":{"uv":[1.025,12.025,1.725,12.975],"rotation":0,"texture":"#0","tintindex":0},"west":{"uv":[11.025,9.275,11.975,10.225],"rotation":0,"texture":"#0","tintindex":0},"up":{"uv":[12.725,3.225,12.025,2.275],"rotation":0,"texture":"#0","tintindex":0},"down":{"uv":[12.725,3.275,12.025,4.225],"rotation":0,"texture":"#0","tintindex":0}}},{"from":[5.714286,5.714286,11.428572],"to":[6.857143,6.857143,12.571428],"rotation":{"angle":-22.5,"axis":"x","origin":[6.285714,8.0,10.857143]},"faces":{"east":{"uv":[12.775,3.775,13.225,4.225],"rotation":0,"texture":"#0","tintindex":0},"south":{"uv":[5.525,12.775,5.975,13.225],"rotation":0,"texture":"#0","tintindex":0},"north":{"uv":[12.775,3.275,13.225,3.725],"rotation":0,"texture":"#0","tintindex":0},"west":{"uv":[12.775,6.275,13.225,6.725],"rotation":0,"texture":"#0","tintindex":0},"up":{"uv":[13.225,7.225,12.775,6.775],"rotation":0,"texture":"#0","tintindex":0},"down":{"uv":[13.225,7.275,12.775,7.725],"rotation":0,"texture":"#0","tintindex":0}}},{"from":[5.714286,4.5714283,10.285714],"to":[6.857143,5.714286,12.571428],"rotation":{"angle":-22.5,"axis":"x","origin":[6.285714,8.0,10.857143]},"faces":{"east":{"uv":[2.525,12.275,3.475,12.725],"rotation":0,"texture":"#0","tintindex":0},"south":{"uv":[10.525,12.775,10.975,13.225],"rotation":0,"texture":"#0","tintindex":0},"north":{"uv":[12.775,7.775,13.225,8.225],"rotation":0,"texture":"#0","tintindex":0},"west":{"uv":[12.275,5.275,13.225,5.725],"rotation":0,"texture":"#0","tintindex":0},"up":{"uv":[4.975,12.975,4.525,12.025],"rotation":0,"texture":"#0","tintindex":0},"down":{"uv":[3.975,12.275,3.525,13.225],"rotation":0,"texture":"#0","tintindex":0}}},{"from":[5.142857,3.1428652,9.992229],"to":[7.428571,5.4285793,11.706515],"rotation":{"angle":-22.5,"axis":"x","origin":[6.285714,4.2857223,10.849373]},"faces":{"east":{"uv":[12.025,6.275,12.725,7.225],"rotation":0,"texture":"#0","tintindex":0},"south":{"uv":[3.025,11.275,3.975,12.225],"rotation":0,"texture":"#0","tintindex":0},"north":{"uv":[11.025,10.275,11.975,11.225],"rotation":0,"texture":"#0","tintindex":0},"west":{"uv":[12.025,7.275,12.725,8.225],"rotation":0,"texture":"#0","tintindex":0},"up":{"uv":[12.975,8.975,12.025,8.275],"rotation":0,"texture":"#0","tintindex":0},"down":{"uv":[12.975,9.025,12.025,9.725],"rotation":0,"texture":"#0","tintindex":0}}},{"from":[8.571428,6.857143,10.285714],"to":[10.285714,9.142858,12.571428],"rotation":{"angle":-22.5,"axis":"x","origin":[9.714286,8.0,10.857143]},"faces":{"east":{"uv":[11.975,9.275,11.025,10.225],"rotation":0,"texture":"#0","tintindex":0},"south":{"uv":[2.475,12.025,1.775,12.975],"rotation":0,"texture":"#0","tintindex":0},"north":{"uv":[1.725,12.025,1.025,12.975],"rotation":0,"texture":"#0","tintindex":0},"west":{"uv":[11.975,8.275,11.025,9.225],"rotation":0,"texture":"#0","tintindex":0},"up":{"uv":[12.025,3.225,12.725,2.275],"rotation":0,"texture":"#0","tintindex":0},"down":{"uv":[12.025,3.275,12.725,4.225],"rotation":0,"texture":"#0","tintindex":0}}},{"from":[9.142858,4.5714283,10.285714],"to":[10.285714,5.714286,12.571428],"rotation":{"angle":-22.5,"axis":"x","origin":[9.714286,8.0,10.857143]},"faces":{"east":{"uv":[13.225,5.275,12.275,5.725],"rotation":0,"texture":"#0","tintindex":0},"south":{"uv":[10.975,12.775,10.525,13.225],"rotation":0,"texture":"#0","tintindex":0},"north":{"uv":[13.225,7.775,12.775,8.225],"rotation":0,"texture":"#0","tintindex":0},"west":{"uv":[3.475,12.275,2.525,12.725],"rotation":0,"texture":"#0","tintindex":0},"up":{"uv":[4.525,12.975,4.975,12.025],"rotation":0,"texture":"#0","tintindex":0},"down":{"uv":[3.525,12.275,3.975,13.225],"rotation":0,"texture":"#0","tintindex":0}}},{"from":[9.142858,5.714286,11.428572],"to":[10.285714,6.857143,12.571428],"rotation":{"angle":-22.5,"axis":"x","origin":[9.714286,8.0,10.857143]},"faces":{"east":{"uv":[13.225,6.275,12.775,6.725],"rotation":0,"texture":"#0","tintindex":0},"south":{"uv":[5.975,12.775,5.525,13.225],"rotation":0,"texture":"#0","tintindex":0},"north":{"uv":[13.225,3.275,12.775,3.725],"rotation":0,"texture":"#0","tintindex":0},"west":{"uv":[13.225,3.775,12.775,4.225],"rotation":0,"texture":"#0","tintindex":0},"up":{"uv":[12.775,7.225,13.225,6.775],"rotation":0,"texture":"#0","tintindex":0},"down":{"uv":[12.775,7.275,13.225,7.725],"rotation":0,"texture":"#0","tintindex":0}}},{"from":[8.571428,3.1428652,9.992229],"to":[10.857143,5.4285793,11.706515],"rotation":{"angle":-22.5,"axis":"x","origin":[9.714286,4.2857223,10.849373]},"faces":{"east":{"uv":[12.725,7.275,12.025,8.225],"rotation":0,"texture":"#0","tintindex":0},"south":{"uv":[3.975,11.275,3.025,12.225],"rotation":0,"texture":"#0","tintindex":0},"north":{"uv":[11.975,10.275,11.025,11.225],"rotation":0,"texture":"#0","tintindex":0},"west":{"uv":[12.725,6.275,12.025,7.225],"rotation":0,"texture":"#0","tintindex":0},"up":{"uv":[12.025,8.975,12.975,8.275],"rotation":0,"texture":"#0","tintindex":0},"down":{"uv":[12.025,9.025,12.975,9.725],"rotation":0,"texture":"#0","tintindex":0}}},{"from":[8.0,9.142858,8.0],"to":[8.0,10.857143,12.571428],"rotation":{"angle":0.0,"axis":"y","origin":[7.428571,8.0,8.571428]},"faces":{"east":{"uv":[9.025,3.775,10.975,4.475],"rotation":0,"texture":"#0","tintindex":0},"south":{"uv":[0.025,0.025,0.025,0.725],"rotation":0,"texture":"#0","tintindex":0},"north":{"uv":[0.025,0.025,0.025,0.725],"rotation":0,"texture":"#0","tintindex":0},"west":{"uv":[10.975,3.775,9.025,4.475],"rotation":0,"texture":"#0","tintindex":0},"up":{"uv":[0.025,1.975,0.025,0.025],"rotation":0,"texture":"#0","tintindex":0},"down":{"uv":[0.025,0.025,0.025,1.975],"rotation":0,"texture":"#0","tintindex":0}}}],"display":{"head":{"translation":[0.0,-6.4,0.0],"scale":[4.0,4.0,4.0]}}}