{"textures":{"1":"modelengine:entity/1santo"},"elements":[{"from":[3.6071558,3.7892518,5.3714285],"to":[10.521442,6.8178234,10.4],"rotation":{"angle":0.0,"axis":"y","origin":[7.8928704,9.903538,5.142857]},"faces":{"east":{"uv":[6.0,11.5,6.5625,11.8125],"rotation":0,"texture":"#1","tintindex":0},"south":{"uv":[11.625,5.0,10.875,5.3125],"rotation":0,"texture":"#1","tintindex":0},"north":{"uv":[10.875,5.0,11.625,5.3125],"rotation":0,"texture":"#1","tintindex":0},"west":{"uv":[6.5625,11.5,6.0,11.8125],"rotation":0,"texture":"#1","tintindex":0},"up":{"uv":[10.25,3.6875,9.5,3.125],"rotation":0,"texture":"#1","tintindex":0},"down":{"uv":[10.25,3.75,9.5,4.3125],"rotation":0,"texture":"#1","tintindex":0}}},{"from":[4.495,5.002719,5.485714],"to":[9.009286,8.031291,10.285714],"rotation":{"angle":22.5,"axis":"z","origin":[7.121442,5.303538,5.6]},"faces":{"east":{"uv":[11.6875,1.875,12.1875,2.1875],"rotation":0,"texture":"#1","tintindex":0},"south":{"uv":[11.6875,3.5,12.1875,3.8125],"rotation":0,"texture":"#1","tintindex":0},"north":{"uv":[11.6875,1.5,12.1875,1.8125],"rotation":0,"texture":"#1","tintindex":0},"west":{"uv":[11.6875,4.9375,12.1875,5.25],"rotation":0,"texture":"#1","tintindex":0},"up":{"uv":[10.25,11.4375,9.75,10.9375],"rotation":0,"texture":"#1","tintindex":0},"down":{"uv":[11.4375,6.4375,10.9375,6.9375],"rotation":0,"texture":"#1","tintindex":0}}},{"from":[4.876645,5.372271,5.428571],"to":[8.362359,8.343699,10.342857],"rotation":{"angle":-45.0,"axis":"z","origin":[7.121442,5.303538,5.6]},"faces":{"east":{"uv":[11.5,6.625,12.0625,6.9375],"rotation":0,"texture":"#1","tintindex":0},"south":{"uv":[5.0625,11.8125,4.6875,12.125],"rotation":0,"texture":"#1","tintindex":0},"north":{"uv":[4.6875,11.8125,5.0625,12.125],"rotation":0,"texture":"#1","tintindex":0},"west":{"uv":[9.5,11.5,10.0625,11.8125],"rotation":0,"texture":"#1","tintindex":0},"up":{"uv":[4.375,11.4375,4.0,10.875],"rotation":0,"texture":"#1","tintindex":0},"down":{"uv":[1.5625,11.25,1.1875,11.8125],"rotation":0,"texture":"#1","tintindex":0}}}],"display":{"head":{"translation":[0.0,-6.4,0.0],"scale":[4.0,4.0,4.0]}}}