{"textures":{"1":"modelengine:entity/1santo"},"elements":[{"from":[3.250946,2.0828505,3.8000002],"to":[11.550946,7.3828506,12.2],"faces":{"east":{"uv":[11.6875,9.75,12.1875,10.0625],"tintindex":0,"rotation":0,"texture":"#1"},"south":{"uv":[11.6875,10.875,12.1875,11.1875],"tintindex":0,"rotation":0,"texture":"#1"},"north":{"uv":[5.4375,11.6875,5.9375,12.0],"tintindex":0,"rotation":0,"texture":"#1"},"west":{"uv":[11.75,0.0,12.25,0.3125],"tintindex":0,"rotation":0,"texture":"#1"},"up":{"uv":[10.25,11.4375,9.75,10.9375],"tintindex":0,"rotation":0,"texture":"#1"},"down":{"uv":[11.4375,10.5,10.9375,11.0],"tintindex":0,"rotation":0,"texture":"#1"}},"rotation":{"origin":[8.597067,2.415359,14.0],"angle":22.5,"axis":"z"}},{"from":[3.9188247,2.729566,3.6999998],"to":[10.418825,7.9295664,12.299999],"faces":{"east":{"uv":[10.125,11.5,10.6875,11.8125],"tintindex":0,"rotation":0,"texture":"#1"},"south":{"uv":[5.0625,11.8125,4.6875,12.125],"tintindex":0,"rotation":0,"texture":"#1"},"north":{"uv":[4.6875,11.8125,5.0625,12.125],"tintindex":0,"rotation":0,"texture":"#1"},"west":{"uv":[11.5,10.5,12.0625,10.8125],"tintindex":0,"rotation":0,"texture":"#1"},"up":{"uv":[11.625,2.25,11.25,1.6875],"tintindex":0,"rotation":0,"texture":"#1"},"down":{"uv":[9.4375,11.25,9.0625,11.8125],"tintindex":0,"rotation":0,"texture":"#1"}},"rotation":{"origin":[8.597067,2.415359,14.0],"angle":-45.0,"axis":"z"}},{"from":[1.747067,-0.23464108,3.5999994],"to":[13.7470665,5.065359,12.4],"faces":{"east":{"uv":[6.5625,11.5,6.0,11.8125],"tintindex":0,"rotation":0,"texture":"#1"},"south":{"uv":[11.625,5.0,10.875,5.3125],"tintindex":0,"rotation":0,"texture":"#1"},"north":{"uv":[10.875,5.0,11.625,5.3125],"tintindex":0,"rotation":0,"texture":"#1"},"west":{"uv":[6.0,11.5,6.5625,11.8125],"tintindex":0,"rotation":0,"texture":"#1"},"up":{"uv":[9.4375,10.0,8.6875,9.4375],"tintindex":0,"rotation":0,"texture":"#1"},"down":{"uv":[10.25,2.5,9.5,3.0625],"tintindex":0,"rotation":0,"texture":"#1"}}}]}