{"textures":{"1":"modelengine:entity/1santo"},"elements":[{"from":[6.128992,5.5769978,3.904643],"to":[11.843278,7.8627124,9.618929],"rotation":{"angle":0.0,"axis":"y","origin":[8.700421,5.8452673,6.9806137]},"faces":{"east":{"uv":[0.0,11.6875,0.625,11.9375],"rotation":0,"texture":"#1","tintindex":0},"south":{"uv":[0.0,11.6875,0.625,11.9375],"rotation":0,"texture":"#1","tintindex":0},"north":{"uv":[0.0,11.6875,0.625,11.9375],"rotation":0,"texture":"#1","tintindex":0},"west":{"uv":[0.0,11.6875,0.625,11.9375],"rotation":0,"texture":"#1","tintindex":0},"up":{"uv":[10.5625,1.3125,9.9375,0.6875],"rotation":0,"texture":"#1","tintindex":0},"down":{"uv":[1.75,10.0,1.125,10.625],"rotation":0,"texture":"#1","tintindex":0}}},{"from":[4.986135,4.43414,2.876072],"to":[12.9861355,7.0055695,10.647501],"rotation":{"angle":0.0,"axis":"y","origin":[8.700421,5.8452673,6.9806137]},"faces":{"east":{"uv":[6.25,4.125,7.125,4.4375],"rotation":0,"texture":"#1","tintindex":0},"south":{"uv":[6.125,4.5,5.25,4.8125],"rotation":0,"texture":"#1","tintindex":0},"north":{"uv":[5.25,4.5,6.125,4.8125],"rotation":0,"texture":"#1","tintindex":0},"west":{"uv":[10.5625,6.0625,11.4375,6.375],"rotation":0,"texture":"#1","tintindex":0},"up":{"uv":[8.125,5.9375,7.25,5.0625],"rotation":0,"texture":"#1","tintindex":0},"down":{"uv":[8.125,6.0,7.25,6.875],"rotation":0,"texture":"#1","tintindex":0}}},{"from":[7.878423,7.1259136,4.876072],"to":[11.421281,9.697342,8.647501],"rotation":{"angle":-22.5,"axis":"z","origin":[8.9861355,9.273839,7.266328]},"faces":{"east":{"uv":[10.5625,6.0,10.99375,6.25],"rotation":0,"texture":"#1","tintindex":0},"south":{"uv":[10.99375,6.0,10.5625,6.25],"rotation":0,"texture":"#1","tintindex":0},"north":{"uv":[10.5625,6.0,10.99375,6.25],"rotation":0,"texture":"#1","tintindex":0},"west":{"uv":[10.5625,6.0,10.99375,6.25],"rotation":0,"texture":"#1","tintindex":0},"up":{"uv":[11.9375,9.1875,11.5625,8.75],"rotation":0,"texture":"#1","tintindex":0},"down":{"uv":[11.9375,9.25,11.5625,9.6875],"rotation":0,"texture":"#1","tintindex":0}}}],"display":{"head":{"translation":[0.0,-6.4,0.0],"scale":[4.0,4.0,4.0]}}}