{"textures":{"1":"modelengine:entity/1santo"},"elements":[{"from":[5.3142858,4.742857,4.2285714],"to":[11.257143,7.885714,9.828571],"rotation":{"angle":0.0,"axis":"y","origin":[8.0,-2.742857,4.0]},"faces":{"east":{"uv":[11.125,7.0,11.75,7.375],"rotation":0,"texture":"#1","tintindex":0},"south":{"uv":[10.3125,11.0625,10.9375,11.4375],"rotation":0,"texture":"#1","tintindex":0},"north":{"uv":[10.3125,11.0625,10.9375,11.4375],"rotation":0,"texture":"#1","tintindex":0},"west":{"uv":[11.75,7.0,11.125,7.375],"rotation":0,"texture":"#1","tintindex":0},"up":{"uv":[10.4375,0.625,9.8125,0.0],"rotation":0,"texture":"#1","tintindex":0},"down":{"uv":[10.5,4.375,9.875,5.0],"rotation":0,"texture":"#1","tintindex":0}}},{"from":[5.542857,-0.11428642,4.0571427],"to":[11.028572,4.342857,9.6],"rotation":{"angle":0.0,"axis":"y","origin":[8.0,-2.742857,4.0]},"faces":{"east":{"uv":[10.9375,3.5,10.3125,4.0],"rotation":0,"texture":"#1","tintindex":0},"south":{"uv":[10.9375,9.9375,10.3125,10.4375],"rotation":0,"texture":"#1","tintindex":0},"north":{"uv":[10.3125,9.9375,10.9375,10.4375],"rotation":0,"texture":"#1","tintindex":0},"west":{"uv":[10.3125,3.5,10.9375,4.0],"rotation":0,"texture":"#1","tintindex":0},"up":{"uv":[10.125,10.0625,9.5,9.4375],"rotation":0,"texture":"#1","tintindex":0},"down":{"uv":[3.1875,9.5625,2.5625,10.1875],"rotation":0,"texture":"#1","tintindex":0}}},{"from":[5.8285713,0.91428566,4.3999996],"to":[10.742857,9.942858,9.257143],"rotation":{"angle":0.0,"axis":"y","origin":[8.0,-2.742857,4.0]},"faces":{"east":{"uv":[3.4375,8.5625,3.9375,9.5625],"rotation":0,"texture":"#1","tintindex":0},"south":{"uv":[8.0625,8.4375,8.625,9.4375],"rotation":0,"texture":"#1","tintindex":0},"north":{"uv":[7.4375,8.4375,8.0,9.4375],"rotation":0,"texture":"#1","tintindex":0},"west":{"uv":[8.8125,3.875,8.25,4.875],"rotation":0,"texture":"#1","tintindex":0},"up":{"uv":[10.1875,9.875,10.75,9.3125],"rotation":0,"texture":"#1","tintindex":0},"down":{"uv":[9.1875,10.5625,8.625,11.0625],"rotation":0,"texture":"#1","tintindex":0}}}],"display":{"head":{"translation":[0.0,-6.4,0.0],"scale":[4.0,4.0,4.0]}}}