{"textures":{"1":"modelengine:entity/1santo"},"elements":[{"from":[5.9350867,0.97871304,3.6771798],"to":[11.306516,9.435857,8.248609],"rotation":{"angle":0.0,"axis":"y","origin":[8.335087,-8.792715,-1.7513924]},"faces":{"east":{"uv":[9.3125,8.4375,9.8125,9.375],"rotation":0,"texture":"#1","tintindex":0},"south":{"uv":[1.875,9.0,1.3125,9.9375],"rotation":0,"texture":"#1","tintindex":0},"north":{"uv":[1.3125,9.0,1.875,9.9375],"rotation":0,"texture":"#1","tintindex":0},"west":{"uv":[9.8125,8.4375,9.3125,9.375],"rotation":0,"texture":"#1","tintindex":0},"up":{"uv":[0.5625,11.0625,0.0,10.5625],"rotation":0,"texture":"#1","tintindex":0},"down":{"uv":[11.125,4.0625,10.5625,4.5625],"rotation":0,"texture":"#1","tintindex":0}}}],"display":{"head":{"translation":[0.0,-6.4,0.0],"scale":[4.0,4.0,4.0]}}}