{"textures":{"1":"modelengine:entity/1santo"},"elements":[{"from":[7.5115767,7.223367,7.22806],"to":[8.711576,8.766225,8.999489],"rotation":{"angle":0.0,"axis":"y","origin":[8.0,8.0,8.0]},"faces":{"east":{"uv":[1.625,4.625,1.8125,4.8125],"rotation":0,"texture":"#1","tintindex":0},"south":{"uv":[9.3125,2.5,9.4375,2.6875],"rotation":0,"texture":"#1","tintindex":0},"north":{"uv":[8.875,4.8125,9.0,5.0],"rotation":0,"texture":"#1","tintindex":0},"west":{"uv":[7.375,2.0,7.5625,2.1875],"rotation":0,"texture":"#1","tintindex":0},"up":{"uv":[10.6875,9.125,10.5625,8.9375],"rotation":0,"texture":"#1","tintindex":0},"down":{"uv":[2.4375,10.625,2.3125,10.8125],"rotation":0,"texture":"#1","tintindex":0}}},{"from":[7.510222,7.1673937,5.3811617],"to":[8.48165,8.3673935,7.4383044],"rotation":{"angle":-22.5,"axis":"x","origin":[7.9959364,7.576647,6.9483852]},"faces":{"east":{"uv":[4.8125,7.5,5.0625,7.625],"rotation":0,"texture":"#1","tintindex":0},"south":{"uv":[11.5,10.875,11.625,11.0],"rotation":0,"texture":"#1","tintindex":0},"north":{"uv":[11.4375,1.5,11.5625,1.625],"rotation":0,"texture":"#1","tintindex":0},"west":{"uv":[9.0,2.5,9.25,2.625],"rotation":0,"texture":"#1","tintindex":0},"up":{"uv":[5.1875,3.3125,5.0625,3.0625],"rotation":0,"texture":"#1","tintindex":0},"down":{"uv":[6.0,7.6875,5.875,7.9375],"rotation":0,"texture":"#1","tintindex":0}}}],"display":{"head":{"translation":[0.0,-6.4,0.0],"scale":[4.0,4.0,4.0]}}}