{"textures":{"1":"modelengine:entity/1santo"},"elements":[{"from":[7.045259,5.7556458,4.464489],"to":[8.745259,7.855644,8.064489],"faces":{"east":{"uv":[9.0625,5.5,9.3125,5.625],"tintindex":0,"rotation":0,"texture":"#1"},"south":{"uv":[11.75,5.6875,11.875,5.8125],"tintindex":0,"rotation":0,"texture":"#1"},"north":{"uv":[11.75,4.25,11.875,4.375],"tintindex":0,"rotation":0,"texture":"#1"},"west":{"uv":[9.0625,5.6875,9.3125,5.8125],"tintindex":0,"rotation":0,"texture":"#1"},"up":{"uv":[7.5625,8.3125,7.4375,8.0625],"tintindex":0,"rotation":0,"texture":"#1"},"down":{"uv":[7.375,8.5625,7.25,8.8125],"tintindex":0,"rotation":0,"texture":"#1"}},"rotation":{"origin":[7.895259,7.2361565,5.3619037],"angle":-22.5,"axis":"x"}},{"from":[6.7547407,6.6827583,7.8519917],"to":[8.85474,9.382759,10.951992],"faces":{"east":{"uv":[7.625,2.0,7.8125,2.1875],"tintindex":0,"rotation":0,"texture":"#1"},"south":{"uv":[10.875,1.6875,11.0,1.875],"tintindex":0,"rotation":0,"texture":"#1"},"north":{"uv":[10.6875,1.6875,10.8125,1.875],"tintindex":0,"rotation":0,"texture":"#1"},"west":{"uv":[7.875,2.0,8.0625,2.1875],"tintindex":0,"rotation":0,"texture":"#1"},"up":{"uv":[11.0625,7.1875,10.9375,7.0],"tintindex":0,"rotation":0,"texture":"#1"},"down":{"uv":[11.1875,1.6875,11.0625,1.875],"tintindex":0,"rotation":0,"texture":"#1"}}}]}