{"textures":{"1":"modelengine:entity/1santo"},"elements":[{"from":[-2.870407,10.609192,3.3000002],"to":[3.8295922,21.00919,10.7],"faces":{"east":{"uv":[1.8125,10.625,2.25,11.25],"tintindex":0,"rotation":0,"texture":"#1"},"south":{"uv":[4.4375,10.625,4.875,11.25],"tintindex":0,"rotation":0,"texture":"#1"},"north":{"uv":[10.625,0.5625,11.0625,1.1875],"tintindex":0,"rotation":0,"texture":"#1"},"west":{"uv":[4.9375,10.625,5.375,11.25],"tintindex":0,"rotation":0,"texture":"#1"},"up":{"uv":[2.0625,11.75,1.625,11.3125],"tintindex":0,"rotation":0,"texture":"#1"},"down":{"uv":[4.875,11.3125,4.4375,11.75],"tintindex":0,"rotation":0,"texture":"#1"}},"rotation":{"origin":[-2.1136532,0.24466705,8.0],"angle":-45.0,"axis":"z"}}]}