{"textures":{"1":"modelengine:entity/1santo"},"elements":[{"from":[7.3714285,11.2,12.914286],"to":[9.2,15.3714285,13.885715],"rotation":{"angle":0.0,"axis":"y","origin":[8.0,3.0285711,7.542857]},"faces":{"east":{"uv":[1.7375,4.125,1.625,4.51875],"rotation":0,"texture":"#1","tintindex":0},"south":{"uv":[1.7375,4.125,1.625,4.51875],"rotation":0,"texture":"#1","tintindex":0},"north":{"uv":[2.5625,9.0,2.75,9.4375],"rotation":0,"texture":"#1","tintindex":0},"west":{"uv":[1.7375,4.125,1.625,4.51875],"rotation":0,"texture":"#1","tintindex":0},"up":{"uv":[1.825,4.125,1.625,4.23125],"rotation":0,"texture":"#1","tintindex":0},"down":{"uv":[1.825,4.125,1.625,4.23125],"rotation":0,"texture":"#1","tintindex":0}}},{"from":[3.8285713,11.485714,2.742857],"to":[4.457143,15.085714,3.771428],"rotation":{"angle":0.0,"axis":"y","origin":[8.0,3.0285711,3.5428567]},"faces":{"east":{"uv":[1.625,3.625,1.875,4.0625],"rotation":0,"texture":"#1","tintindex":0},"south":{"uv":[9.75,7.9375,9.8125,8.375],"rotation":0,"texture":"#1","tintindex":0},"north":{"uv":[5.5625,9.5,5.625,9.9375],"rotation":0,"texture":"#1","tintindex":0},"west":{"uv":[1.625,4.125,1.7375,4.51875],"rotation":0,"texture":"#1","tintindex":0},"up":{"uv":[1.9375,4.875,1.875,4.625],"rotation":0,"texture":"#1","tintindex":0},"down":{"uv":[0.9375,7.6875,0.875,7.9375],"rotation":0,"texture":"#1","tintindex":0}}},{"from":[4.457143,20.457142,6.6285715],"to":[4.6285715,21.6,7.885714],"rotation":{"angle":0.0,"axis":"y","origin":[8.514286,7.542857,7.542857]},"faces":{"east":{"uv":[9.5,11.25,9.625,11.375],"rotation":0,"texture":"#1","tintindex":0},"south":{"uv":[6.25,11.875,6.3125,12.0],"rotation":0,"texture":"#1","tintindex":0},"north":{"uv":[6.125,11.875,6.1875,12.0],"rotation":0,"texture":"#1","tintindex":0},"west":{"uv":[11.375,8.75,11.5,8.875],"rotation":0,"texture":"#1","tintindex":0},"up":{"uv":[6.4375,12.0,6.375,11.875],"rotation":0,"texture":"#1","tintindex":0},"down":{"uv":[6.5625,11.875,6.5,12.0],"rotation":0,"texture":"#1","tintindex":0}}},{"from":[3.6571426,7.9428573,0.6285715],"to":[12.914286,10.742857,13.885715],"rotation":{"angle":0.0,"axis":"y","origin":[8.0,-2.1142864,7.542857]},"faces":{"east":{"uv":[10.875,6.875,9.4375,7.1875],"rotation":0,"texture":"#1","tintindex":0},"south":{"uv":[10.1875,2.0,11.1875,2.3125],"rotation":0,"texture":"#1","tintindex":0},"north":{"uv":[7.125,3.1875,8.125,3.5],"rotation":0,"texture":"#1","tintindex":0},"west":{"uv":[9.4375,6.875,10.875,7.1875],"rotation":0,"texture":"#1","tintindex":0},"up":{"uv":[4.0625,6.375,3.0625,4.9375],"rotation":0,"texture":"#1","tintindex":0},"down":{"uv":[5.125,4.9375,4.125,6.375],"rotation":0,"texture":"#1","tintindex":0}}},{"from":[4.1142855,7.8285713,0.91428566],"to":[12.457144,19.37143,13.6],"rotation":{"angle":0.0,"axis":"y","origin":[8.0,-2.1142864,7.542857]},"faces":{"east":{"uv":[3.75,1.5625,5.125,2.8125],"rotation":0,"texture":"#1","tintindex":0},"south":{"uv":[1.9375,6.25,1.0,7.5],"rotation":0,"texture":"#1","tintindex":0},"north":{"uv":[1.0,6.25,1.9375,7.5],"rotation":0,"texture":"#1","tintindex":0},"west":{"uv":[1.625,4.9375,3.0,6.1875],"rotation":0,"texture":"#1","tintindex":0},"up":{"uv":[6.125,6.3125,5.1875,4.9375],"rotation":0,"texture":"#1","tintindex":0},"down":{"uv":[6.1875,3.0625,5.25,4.4375],"rotation":0,"texture":"#1","tintindex":0}}},{"from":[4.6285715,19.37143,1.4857144],"to":[11.942858,23.485714,13.028572],"rotation":{"angle":0.0,"axis":"y","origin":[8.0,-2.0,7.542857]},"faces":{"east":{"uv":[3.75,2.875,5.0,3.3125],"rotation":0,"texture":"#1","tintindex":0},"south":{"uv":[0.8125,10.0625,0.0,10.5],"rotation":0,"texture":"#1","tintindex":0},"north":{"uv":[0.0,10.0625,0.8125,10.5],"rotation":0,"texture":"#1","tintindex":0},"west":{"uv":[0.0,8.5625,1.25,9.0],"rotation":0,"texture":"#1","tintindex":0},"up":{"uv":[7.0625,3.5,6.25,2.25],"rotation":0,"texture":"#1","tintindex":0},"down":{"uv":[6.0,6.375,5.1875,7.625],"rotation":0,"texture":"#1","tintindex":0}}},{"from":[3.8285713,11.485714,10.742857],"to":[4.457143,15.085714,11.771429],"rotation":{"angle":0.0,"axis":"y","origin":[8.0,3.0285711,11.542857]},"faces":{"east":{"uv":[4.8125,7.0,5.0625,7.4375],"rotation":0,"texture":"#1","tintindex":0},"south":{"uv":[1.5,11.875,1.5625,12.3125],"rotation":0,"texture":"#1","tintindex":0},"north":{"uv":[1.6875,10.6875,1.75,11.125],"rotation":0,"texture":"#1","tintindex":0},"west":{"uv":[1.7375,4.125,1.625,4.51875],"rotation":0,"texture":"#1","tintindex":0},"up":{"uv":[8.1875,3.0625,8.125,2.8125],"rotation":0,"texture":"#1","tintindex":0},"down":{"uv":[5.8125,8.1875,5.75,8.4375],"rotation":0,"texture":"#1","tintindex":0}}},{"from":[12.4,11.485714,2.742857],"to":[13.028572,15.085714,3.771428],"rotation":{"angle":0.0,"axis":"y","origin":[8.0,3.0285711,3.5428567]},"faces":{"east":{"uv":[1.7375,4.125,1.625,4.51875],"rotation":0,"texture":"#1","tintindex":0},"south":{"uv":[9.8125,7.9375,9.75,8.375],"rotation":0,"texture":"#1","tintindex":0},"north":{"uv":[5.625,9.5,5.5625,9.9375],"rotation":0,"texture":"#1","tintindex":0},"west":{"uv":[1.875,3.625,1.625,4.0625],"rotation":0,"texture":"#1","tintindex":0},"up":{"uv":[1.875,4.875,1.9375,4.625],"rotation":0,"texture":"#1","tintindex":0},"down":{"uv":[0.875,7.6875,0.9375,7.9375],"rotation":0,"texture":"#1","tintindex":0}}},{"from":[12.4,11.485714,10.742857],"to":[13.028572,15.085714,11.771429],"rotation":{"angle":0.0,"axis":"y","origin":[8.0,3.0285711,11.542857]},"faces":{"east":{"uv":[1.625,4.125,1.7375,4.51875],"rotation":0,"texture":"#1","tintindex":0},"south":{"uv":[1.5625,11.875,1.5,12.3125],"rotation":0,"texture":"#1","tintindex":0},"north":{"uv":[1.75,10.6875,1.6875,11.125],"rotation":0,"texture":"#1","tintindex":0},"west":{"uv":[5.0625,7.0,4.8125,7.4375],"rotation":0,"texture":"#1","tintindex":0},"up":{"uv":[8.125,3.0625,8.1875,2.8125],"rotation":0,"texture":"#1","tintindex":0},"down":{"uv":[5.75,8.1875,5.8125,8.4375],"rotation":0,"texture":"#1","tintindex":0}}},{"from":[3.9428568,11.6,0.79999924],"to":[12.628572,14.971429,13.714286],"rotation":{"angle":0.0,"axis":"y","origin":[8.0,3.0285711,7.542857]},"faces":{"east":{"uv":[1.3125,8.5625,2.75,8.9375],"rotation":0,"texture":"#1","tintindex":0},"south":{"uv":[9.875,5.4375,10.8125,5.0625],"rotation":0,"texture":"#1","tintindex":0},"north":{"uv":[9.875,5.0625,10.8125,5.4375],"rotation":0,"texture":"#1","tintindex":0},"west":{"uv":[5.75,8.5625,7.1875,8.9375],"rotation":0,"texture":"#1","tintindex":0},"up":{"uv":[0.9375,6.625,0.0,5.1875],"rotation":0,"texture":"#1","tintindex":0},"down":{"uv":[6.125,1.5625,5.1875,3.0],"rotation":0,"texture":"#1","tintindex":0}}},{"from":[3.8285713,11.6,5.028571],"to":[3.9428568,14.971429,9.485714],"rotation":{"angle":0.0,"axis":"y","origin":[8.0,3.0285711,7.542857]},"faces":{"east":{"uv":[2.125,11.4375,2.625,11.8125],"rotation":0,"texture":"#1","tintindex":0},"south":{"uv":[9.75,4.375,9.8125,4.75],"rotation":0,"texture":"#1","tintindex":0},"north":{"uv":[1.125,9.5625,1.1875,9.9375],"rotation":0,"texture":"#1","tintindex":0},"west":{"uv":[2.6875,11.4375,3.1875,11.8125],"rotation":0,"texture":"#1","tintindex":0},"up":{"uv":[6.125,6.875,6.0625,6.375],"rotation":0,"texture":"#1","tintindex":0},"down":{"uv":[4.5,10.0625,4.4375,10.5625],"rotation":0,"texture":"#1","tintindex":0}}},{"from":[3.9428568,16.8,6.6285715],"to":[4.1142855,17.942858,7.885714],"rotation":{"angle":0.0,"axis":"y","origin":[8.0,3.885714,7.542857]},"faces":{"east":{"uv":[11.1875,5.875,11.3125,6.0],"rotation":0,"texture":"#1","tintindex":0},"south":{"uv":[11.8125,0.75,11.875,0.875],"rotation":0,"texture":"#1","tintindex":0},"north":{"uv":[11.375,5.875,11.4375,6.0],"rotation":0,"texture":"#1","tintindex":0},"west":{"uv":[11.1875,8.75,11.3125,8.875],"rotation":0,"texture":"#1","tintindex":0},"up":{"uv":[3.1875,12.0,3.125,11.875],"rotation":0,"texture":"#1","tintindex":0},"down":{"uv":[6.0625,11.875,6.0,12.0],"rotation":0,"texture":"#1","tintindex":0}}},{"from":[3.9428568,15.085714,6.6285715],"to":[4.1142855,16.228573,7.885714],"rotation":{"angle":0.0,