{"textures":{"0":"modelengine:entity/nocsy_drakonin2"},"elements":[{"from":[6.4241457,6.01961,6.9694037],"to":[8.138432,8.305325,10.969404],"rotation":{"angle":22.5,"axis":"z","origin":[7.4527173,7.1624675,10.055119]},"faces":{"east":{"uv":[6.375,8.375,6.8125,8.625],"rotation":0,"texture":"#0","tintindex":0},"south":{"uv":[4.8125,9.875,5.0,10.125],"rotation":0,"texture":"#0","tintindex":0},"north":{"uv":[0.75,9.875,0.9375,10.125],"rotation":0,"texture":"#0","tintindex":0},"west":{"uv":[8.375,7.1875,8.8125,7.4375],"rotation":0,"texture":"#0","tintindex":0},"up":{"uv":[7.1875,9.75,7.0,9.3125],"rotation":0,"texture":"#0","tintindex":0},"down":{"uv":[5.0,9.375,4.8125,9.8125],"rotation":0,"texture":"#0","tintindex":0}}},{"from":[6.2244563,6.8765597,9.949891],"to":[7.7101703,8.362274,13.149892],"rotation":{"angle":-45.0,"axis":"x","origin":[6.9101706,7.0479884,11.378463]},"faces":{"east":{"uv":[0.0,9.75,0.375,9.9375],"rotation":0,"texture":"#0","tintindex":0},"south":{"uv":[5.875,10.3125,6.0625,10.5],"rotation":0,"texture":"#0","tintindex":0},"north":{"uv":[5.625,10.3125,5.8125,10.5],"rotation":0,"texture":"#0","tintindex":0},"west":{"uv":[1.0,9.75,1.375,9.9375],"rotation":0,"texture":"#0","tintindex":0},"up":{"uv":[9.375,10.0625,9.1875,9.6875],"rotation":0,"texture":"#0","tintindex":0},"down":{"uv":[1.625,9.75,1.4375,10.125],"rotation":0,"texture":"#0","tintindex":0}}},{"from":[7.7771173,8.339714,11.368811],"to":[7.7771173,11.768286,12.854525],"rotation":{"angle":-22.5,"axis":"z","origin":[7.5164213,10.854,12.197792]},"faces":{"east":{"uv":[1.6875,9.75,1.875,10.125],"rotation":0,"texture":"#0","tintindex":0},"south":{"uv":[4.5,10.5,4.5,10.875],"rotation":0,"texture":"#0","tintindex":0},"north":{"uv":[4.4375,10.5,4.4375,10.875],"rotation":0,"texture":"#0","tintindex":0},"west":{"uv":[1.9375,9.75,2.125,10.125],"rotation":0,"texture":"#0","tintindex":0},"up":{"uv":[4.1875,9.3125,4.1875,9.125],"rotation":0,"texture":"#0","tintindex":0},"down":{"uv":[8.375,9.125,8.375,9.3125],"rotation":0,"texture":"#0","tintindex":0}}},{"from":[7.1985826,8.339714,12.055346],"to":[8.684298,11.768286,12.055346],"rotation":{"angle":-22.5,"axis":"z","origin":[7.5164213,10.854,12.197792]},"faces":{"east":{"uv":[4.5625,10.5,4.5625,10.875],"rotation":0,"texture":"#0","tintindex":0},"south":{"uv":[4.0625,9.75,4.25,10.125],"rotation":0,"texture":"#0","tintindex":0},"north":{"uv":[2.625,9.75,2.8125,10.125],"rotation":0,"texture":"#0","tintindex":0},"west":{"uv":[4.625,10.5,4.625,10.875],"rotation":0,"texture":"#0","tintindex":0},"up":{"uv":[7.5,4.75,7.3125,4.75],"rotation":0,"texture":"#0","tintindex":0},"down":{"uv":[7.6875,6.9375,7.5,6.9375],"rotation":0,"texture":"#0","tintindex":0}}}],"display":{"head":{"translation":[0.0,-6.4,0.0],"scale":[4.0,4.0,4.0]}}}