{"textures":{"0":"modelengine:entity/nocsy_drakonin2"},"elements":[{"from":[7.428571,5.3486032,6.7942166],"to":[9.142858,8.777175,9.079931],"rotation":{"angle":22.5,"axis":"x","origin":[7.714286,8.662889,7.594217]},"faces":{"east":{"uv":[6.6875,9.0625,6.9375,9.4375],"rotation":0,"texture":"#0","tintindex":0},"south":{"uv":[9.8125,9.8125,10.0,10.1875],"rotation":0,"texture":"#0","tintindex":0},"north":{"uv":[9.8125,9.375,10.0,9.75],"rotation":0,"texture":"#0","tintindex":0},"west":{"uv":[0.875,9.125,1.125,9.5],"rotation":0,"texture":"#0","tintindex":0},"up":{"uv":[9.3125,10.375,9.125,10.125],"rotation":0,"texture":"#0","tintindex":0},"down":{"uv":[10.375,0.125,10.1875,0.375],"rotation":0,"texture":"#0","tintindex":0}}}],"display":{"head":{"translation":[0.0,-6.4,0.0],"scale":[4.0,4.0,4.0]}}}