{"textures":{"0":"modelengine:entity/nocsy_drakonin2"},"elements":[{"from":[6.285714,5.121703,6.46508],"to":[8.571428,9.121703,9.893651],"rotation":{"angle":-22.5,"axis":"x","origin":[10.0,7.978846,8.750794]},"faces":{"east":{"uv":[7.25,5.8125,7.625,6.25],"rotation":0,"texture":"#0","tintindex":0},"south":{"uv":[8.4375,2.4375,8.6875,2.875],"rotation":0,"texture":"#0","tintindex":0},"north":{"uv":[8.4375,1.375,8.6875,1.8125],"rotation":0,"texture":"#0","tintindex":0},"west":{"uv":[7.25,6.3125,7.625,6.75],"rotation":0,"texture":"#0","tintindex":0},"up":{"uv":[6.25,9.125,6.0,8.75],"rotation":0,"texture":"#0","tintindex":0},"down":{"uv":[2.0,8.8125,1.75,9.1875],"rotation":0,"texture":"#0","tintindex":0}}},{"from":[7.3142858,8.778846,8.236508],"to":[7.3142858,12.778846,11.66508],"rotation":{"angle":-22.5,"axis":"x","origin":[10.0,7.978846,8.750794]},"faces":{"east":{"uv":[6.625,7.25,7.0,7.6875],"rotation":0,"texture":"#0","tintindex":0},"south":{"uv":[5.0625,10.5,5.0625,10.9375],"rotation":0,"texture":"#0","tintindex":0},"north":{"uv":[5.0,10.5,5.0,10.9375],"rotation":0,"texture":"#0","tintindex":0},"west":{"uv":[7.0625,7.25,7.4375,7.6875],"rotation":0,"texture":"#0","tintindex":0},"up":{"uv":[5.125,10.875,5.125,10.5],"rotation":0,"texture":"#0","tintindex":0},"down":{"uv":[5.1875,10.5,5.1875,10.875],"rotation":0,"texture":"#0","tintindex":0}}},{"from":[6.857143,9.121703,6.350794],"to":[6.857143,13.121703,9.779366],"rotation":{"angle":-22.5,"axis":"x","origin":[10.0,7.978846,8.750794]},"faces":{"east":{"uv":[7.3125,3.6875,7.6875,4.125],"rotation":0,"texture":"#0","tintindex":0},"south":{"uv":[5.3125,10.5,5.3125,10.9375],"rotation":0,"texture":"#0","tintindex":0},"north":{"uv":[5.25,10.5,5.25,10.9375],"rotation":0,"texture":"#0","tintindex":0},"west":{"uv":[7.3125,4.1875,7.6875,4.625],"rotation":0,"texture":"#0","tintindex":0},"up":{"uv":[5.375,10.875,5.375,10.5],"rotation":0,"texture":"#0","tintindex":0},"down":{"uv":[5.4375,10.5,5.4375,10.875],"rotation":0,"texture":"#0","tintindex":0}}}],"display":{"head":{"translation":[0.0,-6.4,0.0],"scale":[4.0,4.0,4.0]}}}