{"textures":{"0":"modelengine:entity/nocsy_drakonin2"},"elements":[{"from":[6.061298,6.6546144,6.857143],"to":[8.918441,8.940329,9.142858],"rotation":{"angle":0.0,"axis":"y","origin":[8.3470125,6.555906,6.7388253]},"faces":{"east":{"uv":[0.4375,9.875,0.6875,10.125],"rotation":0,"texture":"#0","tintindex":0},"south":{"uv":[9.25,5.3125,9.5625,5.5625],"rotation":0,"texture":"#0","tintindex":0},"north":{"uv":[9.1875,7.1875,9.5,7.4375],"rotation":0,"texture":"#0","tintindex":0},"west":{"uv":[3.3125,9.875,3.5625,10.125],"rotation":0,"texture":"#0","tintindex":0},"up":{"uv":[9.625,3.75,9.3125,3.5],"rotation":0,"texture":"#0","tintindex":0},"down":{"uv":[9.625,4.625,9.3125,4.875],"rotation":0,"texture":"#0","tintindex":0}}},{"from":[-0.79584503,6.9403286,7.0857143],"to":[6.6327267,8.654614,8.8],"rotation":{"angle":0.0,"axis":"y","origin":[8.3470125,6.555906,6.7388253]},"faces":{"east":{"uv":[3.125,8.5,3.3125,8.6875],"rotation":0,"texture":"#0","tintindex":0},"south":{"uv":[7.8125,3.125,8.625,3.3125],"rotation":0,"texture":"#0","tintindex":0},"north":{"uv":[4.0625,7.75,4.875,7.9375],"rotation":0,"texture":"#0","tintindex":0},"west":{"uv":[1.5,8.875,1.6875,9.0625],"rotation":0,"texture":"#0","tintindex":0},"up":{"uv":[0.8125,8.0625,0.0,7.875],"rotation":0,"texture":"#0","tintindex":0},"down":{"uv":[1.6875,7.875,0.875,8.0625],"rotation":0,"texture":"#0","tintindex":0}}},{"from":[-2.3167439,6.946043,2.8344297],"to":[-0.61388683,8.6489,6.8230014],"rotation":{"angle":45.0,"axis":"y","origin":[0.8203988,7.797472,5.971573]},"faces":{"east":{"uv":[7.0625,2.0,7.5,2.1875],"rotation":0,"texture":"#0","tintindex":0},"south":{"uv":[8.625,10.1875,8.8125,10.375],"rotation":0,"texture":"#0","tintindex":0},"north":{"uv":[5.0625,9.375,5.25,9.5625],"rotation":0,"texture":"#0","tintindex":0},"west":{"uv":[8.1875,7.875,8.625,8.0625],"rotation":0,"texture":"#0","tintindex":0},"up":{"uv":[5.9375,9.25,5.75,8.8125],"rotation":0,"texture":"#0","tintindex":0},"down":{"uv":[7.5625,8.875,7.375,9.3125],"rotation":0,"texture":"#0","tintindex":0}}},{"from":[-4.4548855,6.9403286,1.7957988],"to":[-2.7405996,8.654614,5.7957993],"rotation":{"angle":22.5,"axis":"y","origin":[-3.597743,7.797472,3.7957993]},"faces":{"east":{"uv":[8.375,4.9375,8.8125,5.125],"rotation":0,"texture":"#0","tintindex":0},"south":{"uv":[0.875,10.25,1.0625,10.4375],"rotation":0,"texture":"#0","tintindex":0},"north":{"uv":[10.25,0.4375,10.4375,0.625],"rotation":0,"texture":"#0","tintindex":0},"west":{"uv":[8.6875,3.125,9.125,3.3125],"rotation":0,"texture":"#0","tintindex":0},"up":{"uv":[4.0625,9.5625,3.875,9.125],"rotation":0,"texture":"#0","tintindex":0},"down":{"uv":[4.75,9.125,4.5625,9.5625],"rotation":0,"texture":"#0","tintindex":0}}},{"from":[-4.3243933,7.8546147,2.4518275],"to":[7.675607,7.9689,25.8804],"rotation":{"angle":0.0,"axis":"y","origin":[-5.1815367,7.797472,4.451828]},"faces":{"east":{"uv":[7.25,6.8125,9.8125,6.875],"rotation":0,"texture":"#0","tintindex":0},"south":{"uv":[8.875,4.9375,10.1875,5.0],"rotation":0,"texture":"#0","tintindex":0},"north":{"uv":[8.75,2.875,10.0625,2.9375],"rotation":0,"texture":"#0","tintindex":0},"west":{"uv":[7.5625,5.1875,10.125,5.25],"rotation":0,"texture":"#0","tintindex":0},"up":{"uv":[5.4375,2.5625,4.125,0.0],"rotation":0,"texture":"#0","tintindex":0},"down":{"uv":[5.4375,2.625,4.125,5.1875],"rotation":0,"texture":"#0","tintindex":0}}}],"display":{"head":{"translation":[0.0,-6.4,0.0],"scale":[4.0,4.0,4.0]}}}