{"textures":{"0":"modelengine:entity/nocsy_drakonin2"},"elements":[{"from":[7.428571,5.3486032,6.7942166],"to":[9.142858,8.777175,9.079931],"rotation":{"angle":22.5,"axis":"x","origin":[7.714286,8.662889,7.594217]},"faces":{"east":{"uv":[8.8125,1.9375,9.0625,2.3125],"rotation":0,"texture":"#0","tintindex":0},"south":{"uv":[5.4375,9.8125,5.625,10.1875],"rotation":0,"texture":"#0","tintindex":0},"north":{"uv":[8.625,9.75,8.8125,10.125],"rotation":0,"texture":"#0","tintindex":0},"west":{"uv":[2.0625,8.8125,2.3125,9.1875],"rotation":0,"texture":"#0","tintindex":0},"up":{"uv":[9.625,10.125,9.4375,9.875],"rotation":0,"texture":"#0","tintindex":0},"down":{"uv":[10.125,0.125,9.9375,0.375],"rotation":0,"texture":"#0","tintindex":0}}}],"display":{"head":{"translation":[0.0,-6.4,0.0],"scale":[4.0,4.0,4.0]}}}