{"textures":{"0":"modelengine:entity/nocsy_drakonin2"},"elements":[{"from":[3.695858,7.9457145,-1.9431486],"to":[12.267286,7.9457145,5.485424],"rotation":{"angle":0.0,"axis":"y","origin":[8.724429,7.9457145,5.8854237]},"faces":{"east":{"uv":[10.3125,3.625,11.125,3.625],"rotation":0,"texture":"#0","tintindex":0},"south":{"uv":[10.3125,3.6875,11.25,3.6875],"rotation":0,"texture":"#0","tintindex":0},"north":{"uv":[10.25,4.0,11.1875,4.0],"rotation":0,"texture":"#0","tintindex":0},"west":{"uv":[10.375,9.125,11.1875,9.125],"rotation":0,"texture":"#0","tintindex":0},"up":{"uv":[5.6875,6.0625,4.75,5.25],"rotation":0,"texture":"#0","tintindex":0},"down":{"uv":[6.4375,0.0,5.5,0.8125],"rotation":0,"texture":"#0","tintindex":0}}},{"from":[6.5530005,6.517143,3.1997094],"to":[9.410144,9.374286,5.485424],"rotation":{"angle":0.0,"axis":"y","origin":[8.724429,7.9457145,5.8854237]},"faces":{"east":{"uv":[4.4375,6.3125,4.6875,6.625],"rotation":0,"texture":"#0","tintindex":0},"south":{"uv":[8.75,0.125,9.0625,0.4375],"rotation":0,"texture":"#0","tintindex":0},"north":{"uv":[6.6875,8.6875,7.0,9.0],"rotation":0,"texture":"#0","tintindex":0},"west":{"uv":[7.25,9.375,7.5,9.6875],"rotation":0,"texture":"#0","tintindex":0},"up":{"uv":[9.625,8.5,9.3125,8.25],"rotation":0,"texture":"#0","tintindex":0},"down":{"uv":[8.1875,9.375,7.875,9.625],"rotation":0,"texture":"#0","tintindex":0}}},{"from":[-1.716507,7.0885715,4.5414524],"to":[7.997779,8.802857,6.2557383],"rotation":{"angle":22.5,"axis":"y","origin":[7.140636,7.9457145,6.5414524]},"faces":{"east":{"uv":[10.25,1.875,10.4375,2.0625],"rotation":0,"texture":"#0","tintindex":0},"south":{"uv":[6.625,7.0,7.6875,7.1875],"rotation":0,"texture":"#0","tintindex":0},"north":{"uv":[6.5,2.25,7.5625,2.4375],"rotation":0,"texture":"#0","tintindex":0},"west":{"uv":[10.25,2.125,10.4375,2.3125],"rotation":0,"texture":"#0","tintindex":0},"up":{"uv":[8.125,0.1875,7.0625,0.0],"rotation":0,"texture":"#0","tintindex":0},"down":{"uv":[8.125,0.25,7.0625,0.4375],"rotation":0,"texture":"#0","tintindex":0}}},{"from":[-6.0589485,7.0942855,11.272357],"to":[0.21533728,8.797143,12.975214],"rotation":{"angle":45.0,"axis":"y","origin":[-4.636091,7.9457145,12.123786]},"faces":{"east":{"uv":[3.625,10.25,3.8125,10.4375],"rotation":0,"texture":"#0","tintindex":0},"south":{"uv":[5.375,8.0,6.0625,8.1875],"rotation":0,"texture":"#0","tintindex":0},"north":{"uv":[7.9375,5.5625,8.625,5.75],"rotation":0,"texture":"#0","tintindex":0},"west":{"uv":[10.25,3.75,10.4375,3.9375],"rotation":0,"texture":"#0","tintindex":0},"up":{"uv":[8.75,2.125,8.0625,1.9375],"rotation":0,"texture":"#0","tintindex":0},"down":{"uv":[8.75,2.1875,8.0625,2.375],"rotation":0,"texture":"#0","tintindex":0}}},{"from":[-6.4716063,7.0885715,11.91591],"to":[-4.7573204,8.802857,18.201626],"rotation":{"angle":-22.5,"axis":"y","origin":[-7.900178,7.9457145,12.773053]},"faces":{"east":{"uv":[0.0,8.125,0.6875,8.3125],"rotation":0,"texture":"#0","tintindex":0},"south":{"uv":[4.375,10.25,4.5625,10.4375],"rotation":0,"texture":"#0","tintindex":0},"north":{"uv":[4.125,10.25,4.3125,10.4375],"rotation":0,"texture":"#0","tintindex":0},"west":{"uv":[0.75,8.125,1.4375,8.3125],"rotation":0,"texture":"#0","tintindex":0},"up":{"uv":[6.3125,8.6875,6.125,8.0],"rotation":0,"texture":"#0","tintindex":0},"down":{"uv":[1.6875,8.125,1.5,8.8125],"rotation":0,"texture":"#0","tintindex":0}}},{"from":[-10.287937,8.002857,4.5414524],"to":[7.997779,8.117143,27.970026],"rotation":{"angle":0.0,"axis":"y","origin":[7.140636,7.9457145,6.5414524]},"faces":{"east":{"uv":[7.75,4.375,10.3125,4.4375],"rotation":0,"texture":"#0","tintindex":0},"south":{"uv":[7.9375,7.625,9.9375,7.6875],"rotation":0,"texture":"#0","tintindex":0},"north":{"uv":[7.8125,3.375,9.8125,3.4375],"rotation":0,"texture":"#0","tintindex":0},"west":{"uv":[7.75,4.5,10.3125,4.5625],"rotation":0,"texture":"#0","tintindex":0},"up":{"uv":[2.0,2.5625,0.0,0.0],"rotation":0,"texture":"#0","tintindex":0},"down":{"uv":[4.0625,0.0,2.0625,2.5625],"rotation":0,"texture":"#0","tintindex":0}}}],"display":{"head":{"translation":[0.0,-6.4,0.0],"scale":[4.0,4.0,4.0]}}}