{"textures":{"0":"modelengine:entity/nocsy_drakonin2"},"elements":[{"from":[7.081559,6.6546144,6.857143],"to":[9.938702,8.940329,9.142858],"rotation":{"angle":0.0,"axis":"y","origin":[7.6529875,6.555906,6.7388253]},"faces":{"east":{"uv":[9.875,6.625,10.125,6.875],"rotation":0,"texture":"#0","tintindex":0},"south":{"uv":[0.25,9.4375,0.5625,9.6875],"rotation":0,"texture":"#0","tintindex":0},"north":{"uv":[8.25,9.375,8.5625,9.625],"rotation":0,"texture":"#0","tintindex":0},"west":{"uv":[9.875,7.75,10.125,8.0],"rotation":0,"texture":"#0","tintindex":0},"up":{"uv":[1.5,9.6875,1.1875,9.4375],"rotation":0,"texture":"#0","tintindex":0},"down":{"uv":[2.9375,9.4375,2.625,9.6875],"rotation":0,"texture":"#0","tintindex":0}}},{"from":[9.367273,6.9403286,7.0857143],"to":[16.795845,8.654614,8.8],"rotation":{"angle":0.0,"axis":"y","origin":[7.6529875,6.555906,6.7388253]},"faces":{"east":{"uv":[10.25,4.875,10.4375,5.0625],"rotation":0,"texture":"#0","tintindex":0},"south":{"uv":[6.4375,7.875,7.25,8.0625],"rotation":0,"texture":"#0","tintindex":0},"north":{"uv":[1.75,7.875,2.5625,8.0625],"rotation":0,"texture":"#0","tintindex":0},"west":{"uv":[10.25,5.125,10.4375,5.3125],"rotation":0,"texture":"#0","tintindex":0},"up":{"uv":[8.125,8.0625,7.3125,7.875],"rotation":0,"texture":"#0","tintindex":0},"down":{"uv":[8.75,5.3125,7.9375,5.5],"rotation":0,"texture":"#0","tintindex":0}}},{"from":[16.613888,6.946043,2.8344297],"to":[18.316744,8.6489,6.8230014],"rotation":{"angle":-45.0,"axis":"y","origin":[15.179602,7.797472,5.971573]},"faces":{"east":{"uv":[9.125,1.375,9.5625,1.5625],"rotation":0,"texture":"#0","tintindex":0},"south":{"uv":[10.25,5.375,10.4375,5.5625],"rotation":0,"texture":"#0","tintindex":0},"north":{"uv":[5.375,10.25,5.5625,10.4375],"rotation":0,"texture":"#0","tintindex":0},"west":{"uv":[4.8125,9.125,5.25,9.3125],"rotation":0,"texture":"#0","tintindex":0},"up":{"uv":[5.5,9.5625,5.3125,9.125],"rotation":0,"texture":"#0","tintindex":0},"down":{"uv":[7.8125,9.125,7.625,9.5625],"rotation":0,"texture":"#0","tintindex":0}}},{"from":[18.7406,6.9403286,1.7957988],"to":[20.454885,8.654614,5.7957993],"rotation":{"angle":-22.5,"axis":"y","origin":[19.597744,7.797472,3.7957993]},"faces":{"east":{"uv":[7.875,9.125,8.3125,9.3125],"rotation":0,"texture":"#0","tintindex":0},"south":{"uv":[6.4375,10.25,6.625,10.4375],"rotation":0,"texture":"#0","tintindex":0},"north":{"uv":[10.25,5.8125,10.4375,6.0],"rotation":0,"texture":"#0","tintindex":0},"west":{"uv":[9.1875,1.625,9.625,1.8125],"rotation":0,"texture":"#0","tintindex":0},"up":{"uv":[9.375,6.0625,9.1875,5.625],"rotation":0,"texture":"#0","tintindex":0},"down":{"uv":[6.1875,9.1875,6.0,9.625],"rotation":0,"texture":"#0","tintindex":0}}},{"from":[8.324392,7.8546147,2.4518275],"to":[20.324394,7.9689,25.8804],"rotation":{"angle":0.0,"axis":"y","origin":[21.181538,7.797472,4.451828]},"faces":{"east":{"uv":[6.4375,7.75,9.0,7.8125],"rotation":0,"texture":"#0","tintindex":0},"south":{"uv":[9.125,4.25,10.4375,4.3125],"rotation":0,"texture":"#0","tintindex":0},"north":{"uv":[8.875,5.0625,10.1875,5.125],"rotation":0,"texture":"#0","tintindex":0},"west":{"uv":[7.75,6.9375,10.3125,7.0],"rotation":0,"texture":"#0","tintindex":0},"up":{"uv":[1.3125,7.8125,0.0,5.25],"rotation":0,"texture":"#0","tintindex":0},"down":{"uv":[2.6875,5.25,1.375,7.8125],"rotation":0,"texture":"#0","tintindex":0}}}],"display":{"head":{"translation":[0.0,-6.4,0.0],"scale":[4.0,4.0,4.0]}}}