{"textures":{"0":"modelengine:entity/nocsy_drakonin2"},"elements":[{"from":[6.857143,5.3486032,6.7942166],"to":[8.571428,8.777175,9.079931],"rotation":{"angle":22.5,"axis":"x","origin":[8.285714,8.662889,7.594217]},"faces":{"east":{"uv":[7.0625,8.875,7.3125,9.25],"rotation":0,"texture":"#0","tintindex":0},"south":{"uv":[6.6875,9.8125,6.875,10.1875],"rotation":0,"texture":"#0","tintindex":0},"north":{"uv":[6.4375,9.8125,6.625,10.1875],"rotation":0,"texture":"#0","tintindex":0},"west":{"uv":[8.875,7.1875,9.125,7.5625],"rotation":0,"texture":"#0","tintindex":0},"up":{"uv":[10.125,8.3125,9.9375,8.0625],"rotation":0,"texture":"#0","tintindex":0},"down":{"uv":[0.1875,10.0,0.0,10.25],"rotation":0,"texture":"#0","tintindex":0}}}],"display":{"head":{"translation":[0.0,-6.4,0.0],"scale":[4.0,4.0,4.0]}}}