{"textures":{"0":"modelengine:entity/nocsy_drakonin2"},"elements":[{"from":[3.7327132,7.9457145,-1.9431486],"to":[12.304142,7.9457145,5.485424],"rotation":{"angle":0.0,"axis":"y","origin":[7.275571,7.9457145,5.8854237]},"faces":{"east":{"uv":[10.375,10.25,11.1875,10.25],"rotation":0,"texture":"#0","tintindex":0},"south":{"uv":[10.4375,1.1875,11.375,1.1875],"rotation":0,"texture":"#0","tintindex":0},"north":{"uv":[10.375,10.1875,11.3125,10.1875],"rotation":0,"texture":"#0","tintindex":0},"west":{"uv":[10.4375,1.25,11.25,1.25],"rotation":0,"texture":"#0","tintindex":0},"up":{"uv":[6.4375,1.6875,5.5,0.875],"rotation":0,"texture":"#0","tintindex":0},"down":{"uv":[6.4375,1.75,5.5,2.5625],"rotation":0,"texture":"#0","tintindex":0}}},{"from":[6.589856,6.517143,3.1997094],"to":[9.447,9.374286,5.485424],"rotation":{"angle":0.0,"axis":"y","origin":[7.275571,7.9457145,5.8854237]},"faces":{"east":{"uv":[8.625,9.375,8.875,9.6875],"rotation":0,"texture":"#0","tintindex":0},"south":{"uv":[8.75,0.875,9.0625,1.1875],"rotation":0,"texture":"#0","tintindex":0},"north":{"uv":[8.75,0.5,9.0625,0.8125],"rotation":0,"texture":"#0","tintindex":0},"west":{"uv":[3.0,9.4375,3.25,9.75],"rotation":0,"texture":"#0","tintindex":0},"up":{"uv":[9.75,4.0625,9.4375,3.8125],"rotation":0,"texture":"#0","tintindex":0},"down":{"uv":[4.4375,9.4375,4.125,9.6875],"rotation":0,"texture":"#0","tintindex":0}}},{"from":[8.002221,7.0885715,4.5414524],"to":[17.716507,8.802857,6.2557383],"rotation":{"angle":-22.5,"axis":"y","origin":[8.8593645,7.9457145,6.5414524]},"faces":{"east":{"uv":[6.6875,10.25,6.875,10.4375],"rotation":0,"texture":"#0","tintindex":0},"south":{"uv":[7.0625,0.75,8.125,0.9375],"rotation":0,"texture":"#0","tintindex":0},"north":{"uv":[7.0625,0.5,8.125,0.6875],"rotation":0,"texture":"#0","tintindex":0},"west":{"uv":[6.9375,10.25,7.125,10.4375],"rotation":0,"texture":"#0","tintindex":0},"up":{"uv":[8.125,1.1875,7.0625,1.0],"rotation":0,"texture":"#0","tintindex":0},"down":{"uv":[8.125,1.25,7.0625,1.4375],"rotation":0,"texture":"#0","tintindex":0}}},{"from":[15.784662,7.0942855,11.272357],"to":[22.058949,8.797143,12.975214],"rotation":{"angle":-45.0,"axis":"y","origin":[20.636091,7.9457145,12.123786]},"faces":{"east":{"uv":[7.4375,10.25,7.625,10.4375],"rotation":0,"texture":"#0","tintindex":0},"south":{"uv":[8.125,5.8125,8.8125,6.0],"rotation":0,"texture":"#0","tintindex":0},"north":{"uv":[1.75,8.125,2.4375,8.3125],"rotation":0,"texture":"#0","tintindex":0},"west":{"uv":[10.25,8.375,10.4375,8.5625],"rotation":0,"texture":"#0","tintindex":0},"up":{"uv":[8.8125,6.25,8.125,6.0625],"rotation":0,"texture":"#0","tintindex":0},"down":{"uv":[8.8125,6.3125,8.125,6.5],"rotation":0,"texture":"#0","tintindex":0}}},{"from":[20.75732,7.0885715,11.91591],"to":[22.471607,8.802857,18.201626],"rotation":{"angle":22.5,"axis":"y","origin":[23.900177,7.9457145,12.773053]},"faces":{"east":{"uv":[6.375,8.125,7.0625,8.3125],"rotation":0,"texture":"#0","tintindex":0},"south":{"uv":[0.0,10.3125,0.1875,10.5],"rotation":0,"texture":"#0","tintindex":0},"north":{"uv":[9.75,10.25,9.9375,10.4375],"rotation":0,"texture":"#0","tintindex":0},"west":{"uv":[8.125,6.5625,8.8125,6.75],"rotation":0,"texture":"#0","tintindex":0},"up":{"uv":[7.3125,8.8125,7.125,8.125],"rotation":0,"texture":"#0","tintindex":0},"down":{"uv":[7.5625,8.125,7.375,8.8125],"rotation":0,"texture":"#0","tintindex":0}}},{"from":[8.002221,8.002857,4.5414524],"to":[26.287937,8.117143,27.970026],"rotation":{"angle":0.0,"axis":"y","origin":[8.8593645,7.9457145,6.5414524]},"faces":{"east":{"uv":[7.75,7.0625,10.3125,7.125],"rotation":0,"texture":"#0","tintindex":0},"south":{"uv":[8.1875,0.0,10.1875,0.0625],"rotation":0,"texture":"#0","tintindex":0},"north":{"uv":[7.625,8.125,9.625,8.1875],"rotation":0,"texture":"#0","tintindex":0},"west":{"uv":[7.8125,3.0,10.375,3.0625],"rotation":0,"texture":"#0","tintindex":0},"up":{"uv":[2.0,5.1875,0.0,2.625],"rotation":0,"texture":"#0","tintindex":0},"down":{"uv":[4.0625,2.625,2.0625,5.1875],"rotation":0,"texture":"#0","tintindex":0}}}],"display":{"head":{"translation":[0.0,-6.4,0.0],"scale":[4.0,4.0,4.0]}}}