{"textures":{"0":"modelengine:entity/nocsy_drakonin2"},"elements":[{"from":[6.857143,5.3486032,6.7942166],"to":[8.571428,8.777175,9.079931],"rotation":{"angle":22.5,"axis":"x","origin":[8.285714,8.662889,7.594217]},"faces":{"east":{"uv":[2.8125,9.0,3.0625,9.375],"rotation":0,"texture":"#0","tintindex":0},"south":{"uv":[9.8125,8.9375,10.0,9.3125],"rotation":0,"texture":"#0","tintindex":0},"north":{"uv":[6.9375,9.8125,7.125,10.1875],"rotation":0,"texture":"#0","tintindex":0},"west":{"uv":[4.25,9.0,4.5,9.375],"rotation":0,"texture":"#0","tintindex":0},"up":{"uv":[10.25,3.375,10.0625,3.125],"rotation":0,"texture":"#0","tintindex":0},"down":{"uv":[10.25,3.4375,10.0625,3.6875],"rotation":0,"texture":"#0","tintindex":0}}}],"display":{"head":{"translation":[0.0,-6.4,0.0],"scale":[4.0,4.0,4.0]}}}