{"textures":{"0":"modelengine:entity/nocsy_drakonin2"},"elements":[{"from":[9.142858,7.06456,6.693651],"to":[9.142858,11.06456,10.122223],"rotation":{"angle":-22.5,"axis":"x","origin":[6.0,9.693131,2.4650793]},"faces":{"east":{"uv":[6.0,7.5,6.375,7.9375],"rotation":0,"texture":"#0","tintindex":0},"south":{"uv":[0.1875,10.5625,0.1875,11.0],"rotation":0,"texture":"#0","tintindex":0},"north":{"uv":[0.125,10.5625,0.125,11.0],"rotation":0,"texture":"#0","tintindex":0},"west":{"uv":[7.5,7.25,7.875,7.6875],"rotation":0,"texture":"#0","tintindex":0},"up":{"uv":[10.5625,3.5,10.5625,3.125],"rotation":0,"texture":"#0","tintindex":0},"down":{"uv":[3.4375,10.5625,3.4375,10.9375],"rotation":0,"texture":"#0","tintindex":0}}},{"from":[8.685715,7.4074173,4.8079367],"to":[8.685715,11.407417,8.236508],"rotation":{"angle":-22.5,"axis":"x","origin":[6.0,9.693131,2.4650793]},"faces":{"east":{"uv":[7.5625,1.5,7.9375,1.9375],"rotation":0,"texture":"#0","tintindex":0},"south":{"uv":[3.5625,10.5625,3.5625,11.0],"rotation":0,"texture":"#0","tintindex":0},"north":{"uv":[3.5,10.5625,3.5,11.0],"rotation":0,"texture":"#0","tintindex":0},"west":{"uv":[7.5625,2.5,7.9375,2.9375],"rotation":0,"texture":"#0","tintindex":0},"up":{"uv":[10.5625,5.25,10.5625,4.875],"rotation":0,"texture":"#0","tintindex":0},"down":{"uv":[10.5625,5.3125,10.5625,5.6875],"rotation":0,"texture":"#0","tintindex":0}}},{"from":[7.428571,5.121703,5.893651],"to":[9.714286,9.693131,9.893651],"rotation":{"angle":-22.5,"axis":"x","origin":[6.0,7.978846,8.750794]},"faces":{"east":{"uv":[2.75,6.9375,3.1875,7.4375],"rotation":0,"texture":"#0","tintindex":0},"south":{"uv":[5.0625,8.1875,5.3125,8.6875],"rotation":0,"texture":"#0","tintindex":0},"north":{"uv":[4.75,8.1875,5.0,8.6875],"rotation":0,"texture":"#0","tintindex":0},"west":{"uv":[3.25,6.9375,3.6875,7.4375],"rotation":0,"texture":"#0","tintindex":0},"up":{"uv":[4.5,8.9375,4.25,8.5],"rotation":0,"texture":"#0","tintindex":0},"down":{"uv":[8.8125,3.5,8.5625,3.9375],"rotation":0,"texture":"#0","tintindex":0}}}],"display":{"head":{"translation":[0.0,-6.4,0.0],"scale":[4.0,4.0,4.0]}}}