{"textures":{"0":"modelengine:entity/nocsy_drakonin2"},"elements":[{"from":[9.3714285,7.3431034,8.313452],"to":[11.657143,7.3431034,12.88488],"rotation":{"angle":-22.5,"axis":"z","origin":[10.285714,8.885961,7.1705947]},"faces":{"east":{"uv":[9.1875,7.5625,9.6875,7.5625],"rotation":0,"texture":"#0","tintindex":0},"south":{"uv":[8.4375,1.875,8.6875,1.875],"rotation":0,"texture":"#0","tintindex":0},"north":{"uv":[8.375,7.5625,8.625,7.5625],"rotation":0,"texture":"#0","tintindex":0},"west":{"uv":[9.5625,2.8125,10.0625,2.8125],"rotation":0,"texture":"#0","tintindex":0},"up":{"uv":[8.1875,8.75,7.9375,8.25],"rotation":0,"texture":"#0","tintindex":0},"down":{"uv":[8.5,8.25,8.25,8.75],"rotation":0,"texture":"#0","tintindex":0}}},{"from":[3.771428,7.3431034,8.313452],"to":[6.0571427,7.3431034,12.88488],"rotation":{"angle":22.5,"axis":"z","origin":[5.142857,8.885961,7.1705947]},"faces":{"east":{"uv":[10.5,0.625,11.0,0.625],"rotation":0,"texture":"#0","tintindex":0},"south":{"uv":[8.8125,2.375,9.0625,2.375],"rotation":0,"texture":"#0","tintindex":0},"north":{"uv":[8.75,2.8125,9.0,2.8125],"rotation":0,"texture":"#0","tintindex":0},"west":{"uv":[10.5,3.75,11.0,3.75],"rotation":0,"texture":"#0","tintindex":0},"up":{"uv":[0.25,8.875,0.0,8.375],"rotation":0,"texture":"#0","tintindex":0},"down":{"uv":[0.5625,8.375,0.3125,8.875],"rotation":0,"texture":"#0","tintindex":0}}},{"from":[6.5714283,6.7228823,6.9336557],"to":[8.857143,9.580025,10.362227],"rotation":{"angle":0.0,"axis":"y","origin":[8.0,8.0,9.3714285]},"faces":{"east":{"uv":[3.375,8.375,3.75,8.6875],"rotation":0,"texture":"#0","tintindex":0},"south":{"uv":[7.5625,9.625,7.8125,9.9375],"rotation":0,"texture":"#0","tintindex":0},"north":{"uv":[4.5,9.625,4.75,9.9375],"rotation":0,"texture":"#0","tintindex":0},"west":{"uv":[3.8125,8.375,4.1875,8.6875],"rotation":0,"texture":"#0","tintindex":0},"up":{"uv":[3.8125,9.5,3.5625,9.125],"rotation":0,"texture":"#0","tintindex":0},"down":{"uv":[9.375,3.8125,9.125,4.1875],"rotation":0,"texture":"#0","tintindex":0}}},{"from":[6.857143,7.0085964,10.362227],"to":[8.571428,9.294311,12.076513],"rotation":{"angle":0.0,"axis":"y","origin":[8.285714,8.0,9.3714285]},"faces":{"east":{"uv":[5.125,10.1875,5.3125,10.4375],"rotation":0,"texture":"#0","tintindex":0},"south":{"uv":[10.1875,6.125,10.375,6.375],"rotation":0,"texture":"#0","tintindex":0},"north":{"uv":[4.875,10.1875,5.0625,10.4375],"rotation":0,"texture":"#0","tintindex":0},"west":{"uv":[10.1875,6.4375,10.375,6.6875],"rotation":0,"texture":"#0","tintindex":0},"up":{"uv":[10.625,6.5,10.4375,6.3125],"rotation":0,"texture":"#0","tintindex":0},"down":{"uv":[10.625,7.1875,10.4375,7.375],"rotation":0,"texture":"#0","tintindex":0}}},{"from":[6.9714284,7.2794766,11.731037],"to":[8.457143,9.336619,13.216752],"rotation":{"angle":-22.5,"axis":"x","origin":[7.714286,7.955305,12.297401]},"faces":{"east":{"uv":[10.1875,7.1875,10.375,7.4375],"rotation":0,"texture":"#0","tintindex":0},"south":{"uv":[10.1875,7.75,10.375,8.0],"rotation":0,"texture":"#0","tintindex":0},"north":{"uv":[7.1875,10.1875,7.375,10.4375],"rotation":0,"texture":"#0","tintindex":0},"west":{"uv":[10.1875,8.0625,10.375,8.3125],"rotation":0,"texture":"#0","tintindex":0},"up":{"uv":[10.625,7.9375,10.4375,7.75],"rotation":0,"texture":"#0","tintindex":0},"down":{"uv":[10.625,8.0,10.4375,8.1875],"rotation":0,"texture":"#0","tintindex":0}}},{"from":[7.714286,4.479476,12.0738945],"to":[7.714286,13.622334,20.645323],"rotation":{"angle":-22.5,"axis":"x","origin":[8.0,7.955305,12.297401]},"faces":{"east":{"uv":[2.75,5.25,3.6875,6.25],"rotation":0,"texture":"#0","tintindex":0},"south":{"uv":[7.75,10.625,7.75,11.625],"rotation":0,"texture":"#0","tintindex":0},"north":{"uv":[7.6875,10.625,7.6875,11.625],"rotation":0,"texture":"#0","tintindex":0},"west":{"uv":[3.75,5.25,4.6875,6.25],"rotation":0,"texture":"#0","tintindex":0},"up":{"uv":[7.8125,11.5625,7.8125,10.625],"rotation":0,"texture":"#0","tintindex":0},"down":{"uv":[7.875,10.625,7.875,11.5625],"rotation":0,"texture":"#0","tintindex":0}}}],"display":{"head":{"translation":[0.0,-6.4,0.0],"scale":[4.0,4.0,4.0]}}}