{"textures":{"0":"modelengine:entity/nocsy_drakonin_baby8"},"elements":[{"from":[6.8755527,7.448248,7.337143],"to":[8.589839,8.591105,8.48],"rotation":{"angle":0.0,"axis":"y","origin":[8.201267,7.162425,7.268519]},"faces":{"east":{"uv":[10.5,6.75,10.25,7.0],"rotation":0,"texture":"#0","tintindex":0},"south":{"uv":[0.75,10.0,0.375,10.25],"rotation":0,"texture":"#0","tintindex":0},"north":{"uv":[6.75,9.875,6.375,10.125],"rotation":0,"texture":"#0","tintindex":0},"west":{"uv":[6.625,10.25,6.375,10.5],"rotation":0,"texture":"#0","tintindex":0},"up":{"uv":[1.875,10.25,2.25,10.0],"rotation":0,"texture":"#0","tintindex":0},"down":{"uv":[10.0,7.125,10.375,7.375],"rotation":0,"texture":"#0","tintindex":0}}},{"from":[5.389838,7.5625334,7.4514284],"to":[7.4469814,8.476819,8.365714],"rotation":{"angle":0.0,"axis":"y","origin":[8.772696,7.162425,7.268519]},"faces":{"east":{"uv":[10.5,10.125,10.25,10.375],"rotation":0,"texture":"#0","tintindex":0},"south":{"uv":[10.0,2.875,9.5,3.125],"rotation":0,"texture":"#0","tintindex":0},"north":{"uv":[10.0,2.5,9.5,2.75],"rotation":0,"texture":"#0","tintindex":0},"west":{"uv":[9.0,10.25,8.75,10.5],"rotation":0,"texture":"#0","tintindex":0},"up":{"uv":[9.5,3.5,10.0,3.25],"rotation":0,"texture":"#0","tintindex":0},"down":{"uv":[3.5,9.5,4.0,9.75],"rotation":0,"texture":"#0","tintindex":0}}},{"from":[3.391492,7.568248,6.863727],"to":[6.0086346,8.471106,7.7665844],"rotation":{"angle":-45.0,"axis":"y","origin":[4.9857774,8.019676,7.3151555]},"faces":{"east":{"uv":[10.625,1.0,10.375,1.25],"rotation":0,"texture":"#0","tintindex":0},"south":{"uv":[9.5,7.25,8.875,7.5],"rotation":0,"texture":"#0","tintindex":0},"north":{"uv":[9.5,4.375,8.875,4.625],"rotation":0,"texture":"#0","tintindex":0},"west":{"uv":[0.625,10.375,0.375,10.625],"rotation":0,"texture":"#0","tintindex":0},"up":{"uv":[8.875,7.875,9.5,7.625],"rotation":0,"texture":"#0","tintindex":0},"down":{"uv":[8.875,8.75,9.5,9.0],"rotation":0,"texture":"#0","tintindex":0}}},{"from":[3.9117417,7.9625335,6.8081794],"to":[7.340313,7.9625335,17.665323],"rotation":{"angle":0.0,"axis":"y","origin":[3.3117418,8.019676,7.9510365]},"faces":{"east":{"uv":[9.375,3.5,7.0,3.625],"rotation":0,"texture":"#0","tintindex":0},"south":{"uv":[10.75,8.375,10.0,8.5],"rotation":0,"texture":"#0","tintindex":0},"north":{"uv":[10.75,7.5,10.0,7.625],"rotation":0,"texture":"#0","tintindex":0},"west":{"uv":[9.375,3.25,7.0,3.375],"rotation":0,"texture":"#0","tintindex":0},"up":{"uv":[4.625,2.375,5.375,0.0],"rotation":0,"texture":"#0","tintindex":0},"down":{"uv":[4.625,0.0,5.375,2.375],"rotation":0,"texture":"#0","tintindex":0}}}],"display":{"head":{"translation":[0.0,-6.4,0.0],"scale":[4.0,4.0,4.0]}}}