{"textures":{"0":"modelengine:entity/nocsy_drakonin_baby8"},"elements":[{"from":[7.0556846,7.5342283,6.4201617],"to":[10.827113,8.448514,7.3344474],"rotation":{"angle":-22.5,"axis":"y","origin":[8.655684,7.9913716,8.020162]},"faces":{"east":{"uv":[1.875,10.375,2.125,10.625],"rotation":0,"texture":"#0","tintindex":0},"south":{"uv":[3.0,7.75,3.875,8.0],"rotation":0,"texture":"#0","tintindex":0},"north":{"uv":[7.75,2.125,8.625,2.375],"rotation":0,"texture":"#0","tintindex":0},"west":{"uv":[4.0,10.375,4.25,10.625],"rotation":0,"texture":"#0","tintindex":0},"up":{"uv":[7.125,8.0,6.25,7.75],"rotation":0,"texture":"#0","tintindex":0},"down":{"uv":[8.75,3.75,7.875,4.0],"rotation":0,"texture":"#0","tintindex":0}}},{"from":[7.9348,7.943744,6.8773046],"to":[15.9348,7.943744,17.734447],"rotation":{"angle":0.0,"axis":"y","origin":[8.649086,8.000887,8.020162]},"faces":{"east":{"uv":[7.0,5.875,9.375,6.0],"rotation":0,"texture":"#0","tintindex":0},"south":{"uv":[7.875,6.375,9.625,6.5],"rotation":0,"texture":"#0","tintindex":0},"north":{"uv":[7.875,4.125,9.625,4.25],"rotation":0,"texture":"#0","tintindex":0},"west":{"uv":[7.0,6.125,9.375,6.25],"rotation":0,"texture":"#0","tintindex":0},"up":{"uv":[1.75,4.875,0.0,2.5],"rotation":0,"texture":"#0","tintindex":0},"down":{"uv":[1.75,2.5,0.0,4.875],"rotation":0,"texture":"#0","tintindex":0}}},{"from":[10.304848,7.5913715,8.740897],"to":[13.390562,8.391372,9.540897],"rotation":{"angle":-45.0,"axis":"y","origin":[12.419133,7.9913716,9.140898]},"faces":{"east":{"uv":[4.375,10.375,4.625,10.625],"rotation":0,"texture":"#0","tintindex":0},"south":{"uv":[0.75,8.125,1.5,8.375],"rotation":0,"texture":"#0","tintindex":0},"north":{"uv":[8.0,7.75,8.75,8.0],"rotation":0,"texture":"#0","tintindex":0},"west":{"uv":[10.375,5.375,10.625,5.625],"rotation":0,"texture":"#0","tintindex":0},"up":{"uv":[2.375,8.375,1.625,8.125],"rotation":0,"texture":"#0","tintindex":0},"down":{"uv":[3.25,8.125,2.5,8.375],"rotation":0,"texture":"#0","tintindex":0}}},{"from":[12.36199,7.6485143,9.712326],"to":[13.047705,8.3342285,12.112327],"rotation":{"angle":22.5,"axis":"y","origin":[12.419133,7.9913716,9.140898]},"faces":{"east":{"uv":[7.125,10.375,7.625,10.5],"rotation":0,"texture":"#0","tintindex":0},"south":{"uv":[4.5,7.625,4.625,7.75],"rotation":0,"texture":"#0","tintindex":0},"north":{"uv":[1.875,7.125,2.0,7.25],"rotation":0,"texture":"#0","tintindex":0},"west":{"uv":[7.75,10.375,8.25,10.5],"rotation":0,"texture":"#0","tintindex":0},"up":{"uv":[6.125,10.875,6.0,10.375],"rotation":0,"texture":"#0","tintindex":0},"down":{"uv":[8.5,10.375,8.375,10.875],"rotation":0,"texture":"#0","tintindex":0}}}],"display":{"head":{"translation":[0.0,-6.4,0.0],"scale":[4.0,4.0,4.0]}}}