{"textures":{"0":"modelengine:entity/manticore_soul"},"elements":[{"from":[6.6415396,2.4586768,5.1423464],"to":[9.498683,8.744391,8.570918],"rotation":{"angle":22.5,"axis":"x","origin":[8.070111,5.601534,6.8566318]},"faces":{"east":{"uv":[7.3125,3.9375,7.6875,4.625],"rotation":0,"texture":"#0","tintindex":0},"south":{"uv":[1.1875,7.625,1.5,8.3125],"rotation":0,"texture":"#0","tintindex":0},"north":{"uv":[1.1875,7.625,1.5,8.3125],"rotation":0,"texture":"#0","tintindex":0},"west":{"uv":[7.3125,3.9375,7.6875,4.625],"rotation":0,"texture":"#0","tintindex":0},"up":{"uv":[1.9375,5.9375,1.625,5.5625],"rotation":0,"texture":"#0","tintindex":0},"down":{"uv":[1.9375,5.9375,1.625,5.5625],"rotation":0,"texture":"#0","tintindex":0}}}],"display":{"head":{"translation":[0.0,-6.4,0.0],"scale":[4.0,4.0,4.0]}}}