{"textures":{"0":"modelengine:entity/manticore_soul"},"elements":[{"from":[8.03179,3.7605686,7.142857],"to":[9.746075,8.331997,8.857143],"rotation":{"angle":22.5,"axis":"z","origin":[8.888932,6.046283,8.0]},"faces":{"east":{"uv":[4.75,8.5625,4.5625,9.0625],"rotation":0,"texture":"#0","tintindex":0},"south":{"uv":[1.125,7.75,0.9375,8.25],"rotation":0,"texture":"#0","tintindex":0},"north":{"uv":[1.125,7.75,0.9375,8.25],"rotation":0,"texture":"#0","tintindex":0},"west":{"uv":[4.75,8.5625,4.5625,9.0625],"rotation":0,"texture":"#0","tintindex":0},"up":{"uv":[5.5,9.3125,5.6875,9.5],"rotation":0,"texture":"#0","tintindex":0},"down":{"uv":[5.5,9.3125,5.6875,9.5],"rotation":0,"texture":"#0","tintindex":0}}},{"from":[8.555534,3.4054298,6.857143],"to":[10.8412485,4.548287,9.142858],"rotation":{"angle":0.0,"axis":"y","origin":[9.698391,3.9768581,8.0]},"faces":{"east":{"uv":[3.5,9.4375,3.25,9.5625],"rotation":0,"texture":"#0","tintindex":0},"south":{"uv":[9.625,7.5625,9.375,7.6875],"rotation":0,"texture":"#0","tintindex":0},"north":{"uv":[9.625,6.1875,9.375,6.3125],"rotation":0,"texture":"#0","tintindex":0},"west":{"uv":[9.625,7.375,9.375,7.5],"rotation":0,"texture":"#0","tintindex":0},"up":{"uv":[9.3125,1.25,9.5625,1.0],"rotation":0,"texture":"#0","tintindex":0},"down":{"uv":[1.4375,9.3125,1.6875,9.5625],"rotation":0,"texture":"#0","tintindex":0}}}],"display":{"head":{"translation":[0.0,-6.4,0.0],"scale":[4.0,4.0,4.0]}}}