{"textures":{"0":"modelengine:entity/lion"},"elements":[{"from":[7.0857143,3.9428568,2.8571424],"to":[8.514286,5.2,4.5714283],"rotation":{"angle":0.0,"axis":"y","origin":[8.8,3.9428568,2.8571424]},"faces":{"east":{"uv":[14.0,9.5,14.375,9.75],"rotation":0,"texture":"#0","tintindex":0},"south":{"uv":[14.0,9.75,14.375,10.0],"rotation":0,"texture":"#0","tintindex":0},"north":{"uv":[14.0,9.25,14.375,9.5],"rotation":0,"texture":"#0","tintindex":0},"west":{"uv":[14.0,10.5,14.375,10.75],"rotation":0,"texture":"#0","tintindex":0},"up":{"uv":[14.125,8.5,13.75,8.125],"rotation":0,"texture":"#0","tintindex":0},"down":{"uv":[14.125,8.5,13.75,8.875],"rotation":0,"texture":"#0","tintindex":0}}},{"from":[6.2285714,3.885714,3.771428],"to":[9.6,5.0857143,7.028571],"rotation":{"angle":0.0,"axis":"y","origin":[6.6285715,-1.5428581,0.5142851]},"faces":{"east":{"uv":[13.375,1.0,14.125,1.25],"rotation":0,"texture":"#0","tintindex":0},"south":{"uv":[13.375,1.25,14.125,1.5],"rotation":0,"texture":"#0","tintindex":0},"north":{"uv":[13.375,0.75,14.125,1.0],"rotation":0,"texture":"#0","tintindex":0},"west":{"uv":[13.375,1.5,14.125,1.75],"rotation":0,"texture":"#0","tintindex":0},"up":{"uv":[8.375,11.25,7.625,10.5],"rotation":0,"texture":"#0","tintindex":0},"down":{"uv":[9.125,10.5,8.375,11.25],"rotation":0,"texture":"#0","tintindex":0}}},{"from":[4.8571424,3.7999997,3.0857139],"to":[5.2,4.485714,3.771428],"rotation":{"angle":22.5,"axis":"y","origin":[5.942857,3.7999997,0.742857]},"faces":{"east":{"uv":[14.25,13.25,14.375,13.375],"rotation":0,"texture":"#0","tintindex":0},"south":{"uv":[14.25,13.375,14.375,13.5],"rotation":0,"texture":"#0","tintindex":0},"north":{"uv":[13.25,14.25,13.375,14.375],"rotation":0,"texture":"#0","tintindex":0},"west":{"uv":[14.25,13.5,14.375,13.625],"rotation":0,"texture":"#0","tintindex":0},"up":{"uv":[14.375,13.75,14.25,13.625],"rotation":0,"texture":"#0","tintindex":0},"down":{"uv":[14.375,13.75,14.25,13.875],"rotation":0,"texture":"#0","tintindex":0}}},{"from":[7.0857143,5.885714,2.7999997],"to":[9.085714,10.571428,5.2],"rotation":{"angle":22.5,"axis":"x","origin":[6.6285715,0.39999962,1.6571422]},"faces":{"east":{"uv":[2.25,11.75,2.75,12.75],"rotation":0,"texture":"#0","tintindex":0},"south":{"uv":[12.375,6.625,12.75,7.625],"rotation":0,"texture":"#0","tintindex":0},"north":{"uv":[12.375,5.625,12.75,6.625],"rotation":0,"texture":"#0","tintindex":0},"west":{"uv":[11.75,4.875,12.25,5.875],"rotation":0,"texture":"#0","tintindex":0},"up":{"uv":[3.875,13.75,3.5,13.25],"rotation":0,"texture":"#0","tintindex":0},"down":{"uv":[9.875,13.25,9.5,13.75],"rotation":0,"texture":"#0","tintindex":0}}},{"from":[9.028571,3.9428568,3.1999998],"to":[10.4,5.2,4.9142857],"rotation":{"angle":-22.5,"axis":"y","origin":[9.028571,3.9428568,3.1999998]},"faces":{"east":{"uv":[6.0,14.0,6.375,14.25],"rotation":0,"texture":"#0","tintindex":0},"south":{"uv":[11.625,14.125,11.875,14.375],"rotation":0,"texture":"#0","tintindex":0},"north":{"uv":[11.375,14.125,11.625,14.375],"rotation":0,"texture":"#0","tintindex":0},"west":{"uv":[6.375,14.0,6.75,14.25],"rotation":0,"texture":"#0","tintindex":0},"up":{"uv":[7.0,14.375,6.75,14.0],"rotation":0,"texture":"#0","tintindex":0},"down":{"uv":[14.25,6.75,14.0,7.125],"rotation":0,"texture":"#0","tintindex":0}}},{"from":[10.571428,3.7999997,3.0857139],"to":[10.914286,4.485714,3.771428],"rotation":{"angle":-22.5,"axis":"y","origin":[9.714286,3.7999997,0.742857]},"faces":{"east":{"uv":[8.875,13.875,9.0,14.0],"rotation":0,"texture":"#0","tintindex":0},"south":{"uv":[13.875,9.25,14.0,9.375],"rotation":0,"texture":"#0","tintindex":0},"north":{"uv":[8.25,13.875,8.375,14.0],"rotation":0,"texture":"#0","tintindex":0},"west":{"uv":[7.75,14.0,7.875,14.125],"rotation":0,"texture":"#0","tintindex":0},"up":{"uv":[13.25,14.375,13.125,14.25],"rotation":0,"texture":"#0","tintindex":0},"down":{"uv":[14.375,13.125,14.25,13.25],"rotation":0,"texture":"#0","tintindex":0}}},{"from":[5.485714,3.9428568,3.1999998],"to":[6.6285715,5.2,4.9142857],"rotation":{"angle":22.5,"axis":"y","origin":[6.6285715,3.9428568,3.1999998]},"faces":{"east":{"uv":[7.0,14.0,7.375,14.25],"rotation":0,"texture":"#0","tintindex":0},"south":{"uv":[13.375,14.125,13.625,14.375],"rotation":0,"texture":"#0","tintindex":0},"north":{"uv":[12.625,14.125,12.875,14.375],"rotation":0,"texture":"#0","tintindex":0},"west":{"uv":[7.375,14.0,7.75,14.25],"rotation":0,"texture":"#0","tintindex":0},"up":{"uv":[8.5,14.375,8.25,14.0],"rotation":0,"texture":"#0","tintindex":0},"down":{"uv":[8.75,14.0,8.5,14.375],"rotation":0,"texture":"#0","tintindex":0}}},{"from":[7.6,3.7999997,2.6857138],"to":[7.9428573,4.485714,3.371428],"rotation":{"angle":0.0,"axis":"y","origin":[8.685715,3.7999997,0.39999962]},"faces":{"east":{"uv":[14.375,0.5,14.5,0.625],"rotation":0,"texture":"#0","tintindex":0},"south":{"uv":[0.625,14.375,0.75,14.5],"rotation":0,"texture":"#0","tintindex":0},"north":{"uv":[0.5,14.375,0.625,14.5],"rotation":0,"texture":"#0","tintindex":0},"west":{"uv":[14.375,0.625,14.5,0.75],"rotation":0,"texture":"#0","tintindex":0},"up":{"uv":[14.5,0.875,14.375,0.75],"rotation":0,"texture":"#0","tintindex":0},"down":{"uv":[14.5,0.875,14.375,1.0],"rotation":0,"texture":"#0","tintindex":0}}}],"display":{"head":{"translation":[0.0,-6.4,0.0],"scale":[4.0,4.0,4.0]}}}