{"textures":{"0":"modelengine:entity/lion"},"elements":[{"from":[11.425,-3.3104649,6.1953564],"to":[12.025,-2.110465,7.395356],"faces":{"east":{"uv":[0.625,13.25,0.75,13.375],"tintindex":0,"rotation":0,"texture":"#0"},"south":{"uv":[13.375,5.5,13.5,5.625],"tintindex":0,"rotation":0,"texture":"#0"},"north":{"uv":[0.5,13.25,0.625,13.375],"tintindex":0,"rotation":0,"texture":"#0"},"west":{"uv":[11.625,13.375,11.75,13.5],"tintindex":0,"rotation":0,"texture":"#0"},"up":{"uv":[13.625,4.75,13.5,4.625],"tintindex":0,"rotation":0,"texture":"#0"},"down":{"uv":[13.625,8.125,13.5,8.25],"tintindex":0,"rotation":0,"texture":"#0"}}},{"from":[9.925,2.626545,6.9962597],"to":[13.325,6.826545,15.796259],"faces":{"east":{"uv":[10.25,2.625,11.375,3.125],"tintindex":0,"rotation":0,"texture":"#0"},"south":{"uv":[8.625,13.125,9.0,13.625],"tintindex":0,"rotation":0,"texture":"#0"},"north":{"uv":[6.875,10.0,7.25,10.5],"tintindex":0,"rotation":0,"texture":"#0"},"west":{"uv":[10.25,10.25,11.375,10.75],"tintindex":0,"rotation":0,"texture":"#0"},"up":{"uv":[4.5,13.0,4.125,11.875],"tintindex":0,"rotation":0,"texture":"#0"},"down":{"uv":[8.25,12.125,7.875,13.25],"tintindex":0,"rotation":0,"texture":"#0"}},"rotation":{"origin":[-8.475,8.697403,15.909901],"angle":22.5,"axis":"x"}},{"from":[10.226662,-3.3104649,6.379626],"to":[10.826662,-2.110465,7.579626],"faces":{"east":{"uv":[12.75,11.875,12.875,12.0],"tintindex":0,"rotation":0,"texture":"#0"},"south":{"uv":[12.875,8.25,13.0,8.375],"tintindex":0,"rotation":0,"texture":"#0"},"north":{"uv":[12.75,7.5,12.875,7.625],"tintindex":0,"rotation":0,"texture":"#0"},"west":{"uv":[12.875,11.875,13.0,12.0],"tintindex":0,"rotation":0,"texture":"#0"},"up":{"uv":[6.125,13.125,6.0,13.0],"tintindex":0,"rotation":0,"texture":"#0"},"down":{"uv":[13.125,8.25,13.0,8.375],"tintindex":0,"rotation":0,"texture":"#0"}},"rotation":{"origin":[11.5722065,-3.5411987,12.34498],"angle":22.5,"axis":"y"}},{"from":[9.525,-4.604064,6.9987373],"to":[13.625,5.195936,10.798737],"faces":{"east":{"uv":[5.875,9.75,6.375,11.0],"tintindex":0,"rotation":0,"texture":"#0"},"south":{"uv":[9.75,6.0,10.25,7.25],"tintindex":0,"rotation":0,"texture":"#0"},"north":{"uv":[2.0,9.5,2.5,10.75],"tintindex":0,"rotation":0,"texture":"#0"},"west":{"uv":[9.75,8.0,10.25,9.25],"tintindex":0,"rotation":0,"texture":"#0"},"up":{"uv":[7.875,13.125,7.375,12.625],"tintindex":0,"rotation":0,"texture":"#0"},"down":{"uv":[9.125,12.625,8.625,13.125],"tintindex":0,"rotation":0,"texture":"#0"}},"rotation":{"origin":[13.725,-9.648371,16.826353],"angle":22.5,"axis":"x"}},{"from":[9.1749735,-3.0604649,6.6886916],"to":[11.574974,-0.86046505,9.688692],"faces":{"east":{"uv":[1.375,14.0,1.75,14.25],"tintindex":0,"rotation":0,"texture":"#0"},"south":{"uv":[11.125,14.125,11.375,14.375],"tintindex":0,"rotation":0,"texture":"#0"},"north":{"uv":[14.125,11.0,14.375,11.25],"tintindex":0,"rotation":0,"texture":"#0"},"west":{"uv":[1.75,14.0,2.125,14.25],"tintindex":0,"rotation":0,"texture":"#0"},"up":{"uv":[2.625,14.375,2.375,14.0],"tintindex":0,"rotation":0,"texture":"#0"},"down":{"uv":[4.125,14.0,3.875,14.375],"tintindex":0,"rotation":0,"texture":"#0"}},"rotation":{"origin":[11.5722065,-3.5411987,12.044981],"angle":22.5,"axis":"y"}},{"from":[8.525,-3.1604652,8.095356],"to":[14.425,-1.0604649,13.795357],"faces":{"east":{"uv":[13.375,0.0,14.125,0.25],"tintindex":0,"rotation":0,"texture":"#0"},"south":{"uv":[13.375,0.25,14.125,0.5],"tintindex":0,"rotation":0,"texture":"#0"},"north":{"uv":[0.0,13.375,0.75,13.625],"tintindex":0,"rotation":0,"texture":"#0"},"west":{"uv":[13.375,0.5,14.125,0.75],"tintindex":0,"rotation":0,"texture":"#0"},"up":{"uv":[11.125,0.75,10.375,0.0],"tintindex":0,"rotation":0,"texture":"#0"},"down":{"uv":[5.0,10.375,4.25,11.125],"tintindex":0,"rotation":0,"texture":"#0"}}},{"from":[10.425,-3.0604649,6.495356],"to":[12.925,-0.86046505,9.495356],"faces":{"east":{"uv":[13.375,13.875,13.75,14.125],"tintindex":0,"rotation":0,"texture":"#0"},"south":{"uv":[13.75,13.875,14.125,14.125],"tintindex":0,"rotation":0,"texture":"#0"},"north":{"uv":[12.625,13.875,13.0,14.125],"tintindex":0,"rotation":0,"texture":"#0"},"west":{"uv":[0.0,14.0,0.375,14.25],"tintindex":0,"rotation":0,"texture":"#0"},"up":{"uv":[3.875,14.125,3.5,13.75],"tintindex":0,"rotation":0,"texture":"#0"},"down":{"uv":[14.125,4.625,13.75,5.0],"tintindex":0,"rotation":0,"texture":"#0"}}},{"from":[12.215301,-3.3104649,6.3392196],"to":[12.815301,-2.110465,7.53922],"faces":{"east":{"uv":[8.5,13.5,8.625,13.625],"tintindex":0,"rotation":0,"texture":"#0"},"south":{"uv":[12.375,13.5,12.5,13.625],"tintindex":0,"rotation":0,"texture":"#0"},"north":{"uv":[8.375,13.5,8.5,13.625],"tintindex":0,"rotation":0,"texture":"#0"},"west":{"uv":[13.625,4.625,13.75,4.75],"tintindex":0,"rotation":0,"texture":"#0"},"up":{"uv":[13.75,8.25,13.625,8.125],"tintindex":0,"rotation":0,"texture":"#0"},"down":{"uv":[13.875,9.25,13.75,9.375],"tintindex":0,"rotation":0,"texture":"#0"}},"rotation":{"origin":[11.5722065,-3.5411987,12.34498],"angle":-22.5,"axis":"y"}},{"from":[11.666989,-3.0604649,6.648286],"to":[13.666989,-0.86046505,9.648285],"faces":{"east":{"uv":[11.25,13.875,11.625,14.125],"tintindex":0,"rotation":0,"texture":"#0"},"south":{"uv":[10.875,14.125,11.125,14.375],"tintindex":0,"rotation":0,"texture":"#0"},"north":{"uv":[10.625,14.125,10.875,14.375],"tintindex":0,"rotation":0,"texture":"#0"},"west":{"uv":[11.625,13.875,12.0,14.125],"tintindex":0,"rotation":0,"texture":"#0"},"up":{"uv":[0.75,13.25,0.5,12.875],"tintindex":0,"rotation":0,"texture":"#0"},"down":{"uv":[12.625,13.875,12.375,14.25],"tintindex":0,"rotation":0,"texture":"#0"}},"rotation":{"origin":[11.5722065,-3.5411987,12.044981],"angle":-22.5,"axis":"y"}}]}