{"textures":{"0":"modelengine:entity/lion"},"elements":[{"from":[7.9428573,4.1142855,6.5142856],"to":[10.171429,8.171429,9.6],"rotation":{"angle":0.0,"axis":"y","origin":[6.742857,5.2,6.1714287]},"faces":{"east":{"uv":[6.875,11.25,7.5,12.125],"rotation":0,"texture":"#0","tintindex":0},"south":{"uv":[12.0,1.875,12.5,2.75],"rotation":0,"texture":"#0","tintindex":0},"north":{"uv":[3.625,11.875,4.125,12.75],"rotation":0,"texture":"#0","tintindex":0},"west":{"uv":[7.5,11.25,8.125,12.125],"rotation":0,"texture":"#0","tintindex":0},"up":{"uv":[8.125,3.25,7.625,2.625],"rotation":0,"texture":"#0","tintindex":0},"down":{"uv":[11.25,1.25,10.75,1.875],"rotation":0,"texture":"#0","tintindex":0}}},{"from":[7.714286,6.1142855,6.9714284],"to":[10.457143,9.771429,10.6285715],"rotation":{"angle":-45.0,"axis":"x","origin":[11.942858,6.5714283,8.0]},"faces":{"east":{"uv":[10.25,6.75,11.0,7.5],"rotation":0,"texture":"#0","tintindex":0},"south":{"uv":[11.75,6.625,12.375,7.375],"rotation":0,"texture":"#0","tintindex":0},"north":{"uv":[11.75,5.875,12.375,6.625],"rotation":0,"texture":"#0","tintindex":0},"west":{"uv":[10.25,8.0,11.0,8.75],"rotation":0,"texture":"#0","tintindex":0},"up":{"uv":[12.375,8.125,11.75,7.375],"rotation":0,"texture":"#0","tintindex":0},"down":{"uv":[12.375,8.125,11.75,8.875],"rotation":0,"texture":"#0","tintindex":0}}}],"display":{"head":{"translation":[0.0,-6.4,0.0],"scale":[4.0,4.0,4.0]}}}