{"textures":{"0":"modelengine:entity/lion"},"elements":[{"from":[7.8569016,7.3313503,5.5467224],"to":[8.412422,8.581271,6.2411213],"faces":{"east":{"uv":[9.875,14.375,10.0,14.5],"tintindex":0,"rotation":0,"texture":"#0"},"south":{"uv":[14.375,9.875,14.5,10.0],"tintindex":0,"rotation":0,"texture":"#0"},"north":{"uv":[14.375,9.75,14.5,9.875],"tintindex":0,"rotation":0,"texture":"#0"},"west":{"uv":[10.0,14.375,10.125,14.5],"tintindex":0,"rotation":0,"texture":"#0"},"up":{"uv":[10.25,14.5,10.125,14.375],"tintindex":0,"rotation":0,"texture":"#0"},"down":{"uv":[14.5,10.125,14.375,10.25],"tintindex":0,"rotation":0,"texture":"#0"}}},{"from":[6.580102,5.422058,3.1593475],"to":[7.274502,7.3887777,3.8537483],"faces":{"east":{"uv":[14.25,12.375,14.375,12.625],"tintindex":0,"rotation":0,"texture":"#0"},"south":{"uv":[12.5,14.25,12.625,14.5],"tintindex":0,"rotation":0,"texture":"#0"},"north":{"uv":[12.375,14.25,12.5,14.5],"tintindex":0,"rotation":0,"texture":"#0"},"west":{"uv":[13.0,14.25,13.125,14.5],"tintindex":0,"rotation":0,"texture":"#0"},"up":{"uv":[14.5,10.875,14.375,10.75],"tintindex":0,"rotation":0,"texture":"#0"},"down":{"uv":[11.0,14.375,10.875,14.5],"tintindex":0,"rotation":0,"texture":"#0"}},"rotation":{"origin":[1.5377979,1.0693836,9.803907],"angle":22.5,"axis":"x"}},{"from":[6.356102,6.676468,6.316572],"to":[7.050502,7.926388,7.010971],"faces":{"east":{"uv":[11.0,14.375,11.125,14.5],"tintindex":0,"rotation":0,"texture":"#0"},"south":{"uv":[14.375,11.0,14.5,11.125],"tintindex":0,"rotation":0,"texture":"#0"},"north":{"uv":[14.375,10.875,14.5,11.0],"tintindex":0,"rotation":0,"texture":"#0"},"west":{"uv":[11.125,14.375,11.25,14.5],"tintindex":0,"rotation":0,"texture":"#0"},"up":{"uv":[14.5,11.25,14.375,11.125],"tintindex":0,"rotation":0,"texture":"#0"},"down":{"uv":[11.375,14.375,11.25,14.5],"tintindex":0,"rotation":0,"texture":"#0"}}},{"from":[6.356102,6.2361298,7.0244274],"to":[7.050502,7.4860497,7.7188263],"faces":{"east":{"uv":[14.375,11.375,14.5,11.5],"tintindex":0,"rotation":0,"texture":"#0"},"south":{"uv":[11.5,14.375,11.625,14.5],"tintindex":0,"rotation":0,"texture":"#0"},"north":{"uv":[11.375,14.375,11.5,14.5],"tintindex":0,"rotation":0,"texture":"#0"},"west":{"uv":[14.375,11.5,14.5,11.625],"tintindex":0,"rotation":0,"texture":"#0"},"up":{"uv":[11.75,14.5,11.625,14.375],"tintindex":0,"rotation":0,"texture":"#0"},"down":{"uv":[14.5,11.625,14.375,11.75],"tintindex":0,"rotation":0,"texture":"#0"}},"rotation":{"origin":[8.057382,7.197089,7.4836273],"angle":22.5,"axis":"x"}},{"from":[6.356102,6.1241293,7.6964264],"to":[7.050502,7.374049,8.390827],"faces":{"east":{"uv":[14.375,12.375,14.5,12.5],"tintindex":0,"rotation":0,"texture":"#0"},"south":{"uv":[14.375,12.5,14.5,12.625],"tintindex":0,"rotation":0,"texture":"#0"},"north":{"uv":[14.375,12.25,14.5,12.375],"tintindex":0,"rotation":0,"texture":"#0"},"west":{"uv":[12.625,14.375,12.75,14.5],"tintindex":0,"rotation":0,"texture":"#0"},"up":{"uv":[14.5,12.75,14.375,12.625],"tintindex":0,"rotation":0,"texture":"#0"},"down":{"uv":[12.875,14.375,12.75,14.5],"tintindex":0,"rotation":0,"texture":"#0"}},"rotation":{"origin":[8.057382,6.7490892,8.267626],"angle":22.5,"axis":"x"}},{"from":[6.356102,5.9343643,9.348127],"to":[7.050502,7.184284,10.042528],"faces":{"east":{"uv":[14.375,11.75,14.5,11.875],"tintindex":0,"rotation":0,"texture":"#0"},"south":{"uv":[11.875,14.375,12.0,14.5],"tintindex":0,"rotation":0,"texture":"#0"},"north":{"uv":[11.75,14.375,11.875,14.5],"tintindex":0,"rotation":0,"texture":"#0"},"west":{"uv":[14.375,11.875,14.5,12.0],"tintindex":0,"rotation":0,"texture":"#0"},"up":{"uv":[14.5,12.125,14.375,12.0],"tintindex":0,"rotation":0,"texture":"#0"},"down":{"uv":[14.5,12.125,14.375,12.25],"tintindex":0,"rotation":0,"texture":"#0"}}},{"from":[9.064262,6.1241293,7.6964264],"to":[9.758662,7.374049,8.390827],"faces":{"east":{"uv":[12.875,14.375,13.0,14.5],"tintindex":0,"rotation":0,"texture":"#0"},"south":{"uv":[14.375,12.875,14.5,13.0],"tintindex":0,"rotation":0,"texture":"#0"},"north":{"uv":[14.375,12.75,14.5,12.875],"tintindex":0,"rotation":0,"texture":"#0"},"west":{"uv":[14.375,13.0,14.5,13.125],"tintindex":0,"rotation":0,"texture":"#0"},"up":{"uv":[13.25,14.5,13.125,14.375],"tintindex":0,"rotation":0,"texture":"#0"},"down":{"uv":[14.5,13.125,14.375,13.25],"tintindex":0,"rotation":0,"texture":"#0"}},"rotation":{"origin":[8.057382,6.7490892,8.267626],"angle":22.5,"axis":"x"}},{"from":[5.527338,4.221816,2.1575394],"to":[10.68673,6.055032,3.440792],"faces":{"east":{"uv":[9.375,14.25,9.5,14.5],"tintindex":0,"rotation":0,"texture":"#0"},"south":{"uv":[13.75,3.875,14.375,4.125],"tintindex":0,"rotation":0,"texture":"#0"},"north":{"uv":[13.75,2.5,14.375,2.75],"tintindex":0,"rotation":0,"texture":"#0"},"west":{"uv":[9.5,14.25,9.625,14.5],"tintindex":0,"rotation":0,"texture":"#0"},"up":{"uv":[14.75,9.125,14.125,9.0],"tintindex":0,"rotation":0,"texture":"#0"},"down":{"uv":[14.75,9.125,14.125,9.25],"tintindex":0,"rotation":0,"texture":"#0"}},"rotation":{"origin":[1.5377979,1.0693836,9.803907],"angle":22.5,"axis":"x"}},{"from":[9.064262,6.2361298,7.0244274],"to":[9.758662,7.4860497,7.7188263],"faces":{"east":{"uv":[7.875,14.375,8.0,14.5],"tintindex":0,"rotation":0,"texture":"#0"},"south":{"uv":[14.375,7.875,14.5,8.0],"tintindex":0,"rotation":0,"texture":"#0"},"north":{"uv":[14.375,7.75,14.5,7.875],"tintindex":0,"rotation":0,"texture":"#0"},"west":{"uv":[8.0,14.375,8.125,14.5],"tintindex":0,"rotation":0,"texture":"#0"},"up":{"uv":[14.5,8.125,14.375,8.0],"tintindex":0,"rotation":0,"texture":"#0"},"down":{"uv":[8.25,14.375,8.125,14.5],"tintindex":0,"rotation":0,"texture":"#0"}},"rotation":{"origin":[8.057382,7.197089,7.4836273],"angle":22.5,"axis":"x"}},{"from":[9.064262,6.6498947,6.380726],"to":[9.758662,7.8998146,7.0751266],"faces":{"east":{"uv":[8.375,14.375,8.5,14.5],"tintindex":0,"rotation":0,"texture":"#0"},"south":{"uv":[8.5,14.375,8.625,14.5],"tintindex":0,"rotation":0,"texture":"#0"},"north":{"uv":[8.25,14.375,8.375,14.5],"tintindex":0,"rotation":0,"texture":"#0"},"west":{"uv":[8.625,14.375,8.75,14.5],"tintindex":0,"rotation":0,"texture":"#0"},"up":{"uv":[8.875,14.5,8.75,14.375],"tintindex":0,"rotation":0,"texture":"#0"},"down":{"uv":[9.0,14.375,8.875,14.5],"tintindex":0,"rotation":0,"texture":"#0"}}},{"from":[5.71066,4.405137,2.3408623],"to":[10.642288,5.87171,8.218264],"faces":{"east":{"uv":[14.125,5.375,14.875,5.5],"tintindex":0,"rotation":0,"texture":"#0"},"south":{"uv":[9.0,14.125,9.625,14.25],"tintindex":0,"rotation":0,"texture":"#0"},"north":{"uv":[13.125,11.0,13.75,11.125],"tintindex":0,"rotation":0,"texture":"#0"},"west":{"uv":[14.125,8.125,14.875,8.25],"tintindex":0,"rotation":0,"texture":"#0"},"up":{"uv":[12.5,0.75,11.875,0.0],"tintindex":0,"rotation":0,"texture":"#0"},"down":{"uv":[12.5,1.125,11.875,1.875],"tintindex":0,"rotation":0,"texture":"#0"}},"rotation":{"origin":[1.5377979,1.0693836,9.803907],"angle":22.5,"axis":"x"}},{"from":[7.2319417,7.3313503,5.5467224],"to":[7.718022,8.581271,6.2411213],"faces":{"east":{"uv":[14.375,10.25,14.5,10.375],"tintindex":0,"rotation":0,"texture":"#0"},"south":{"uv":[10.375,14.375,10.5,14.5],"tintindex":0,"rotation":0,"texture":"#0"},"north":{"uv":[10.25,14.375,10.375,14.5],"tintindex":0,"rotation":0,"texture":"#0"},"west":{"uv":[10.5,14.375,10.625,14.5],"tintindex":0,"rotation":0,"texture":"#0"},"up":{"uv":[14.5,10.625,14.375,10.5],"tintindex":0,"rotation":0,"texture":"#0"},"down":{"uv":[10.75,14.375,10.625,14.5],"tintindex":0,"rotation":0,"texture":"#0"}}},{"from":[8.551302,7.3313503,5.5467224],"to":[9.037382,8.581271,6.2411213],"faces":{"east":{"uv":[14.375,9.375,14.5,9.5],"tintindex":0,"rotation":0,"texture":"#0"},"south":{"uv":[14.375,9.5,14.5,9.625],"tintindex":0,"rotation":0,"texture":"#0"},"north":{"uv":[14.375,9.25,14.5,9.375],"tintindex":0,"rotation":0,"texture":"#0"},"west":{"uv":[9.625,14.375,9.75,14.5],"tintindex":0,"rotation":0,"texture":"#0"},"up":{"uv":[14.5,9.75,14.375,9.625],"tintindex":0,"rotation":0,"texture":"#0"},