{"textures":{"1":"minecraft:item/em_cakes/em_choco_cake"},"elements":[{"from":[28.525715,31.428572,11.028572],"to":[29.668571,32.0,12.171429],"rotation":{"angle":0.0,"axis":"y","origin":[28.525715,32.11429,10.285714]},"faces":{"east":{"uv":[6.0,11.25,6.25,11.375],"rotation":0,"texture":"#1","tintindex":0},"south":{"uv":[6.375,11.25,6.625,11.375],"rotation":0,"texture":"#1","tintindex":0},"north":{"uv":[5.625,11.25,5.875,11.375],"rotation":0,"texture":"#1","tintindex":0},"west":{"uv":[6.75,11.25,7.0,11.375],"rotation":0,"texture":"#1","tintindex":0},"up":{"uv":[5.75,4.5,5.5,4.25],"rotation":0,"texture":"#1","tintindex":0},"down":{"uv":[6.125,4.25,5.875,4.5],"rotation":0,"texture":"#1","tintindex":0}}},{"from":[28.112,30.443428,8.512],"to":[30.127998,31.499428,16.288],"rotation":{"angle":-22.5,"axis":"y","origin":[30.097141,32.171425,12.571428]},"faces":{"east":{"uv":[2.0,6.875,0.0,8.875],"rotation":270,"texture":"#1","tintindex":0},"south":{"uv":[11.875,8.875,12.125,9.375],"rotation":270,"texture":"#1","tintindex":0},"north":{"uv":[10.125,3.625,10.375,4.125],"rotation":90,"texture":"#1","tintindex":0},"west":{"uv":[6.625,8.375,6.375,6.375],"rotation":270,"texture":"#1","tintindex":0},"up":{"uv":[12.375,9.5,14.375,10.0],"rotation":270,"texture":"#1","tintindex":0},"down":{"uv":[12.375,9.5,14.375,10.0],"rotation":270,"texture":"#1","tintindex":0}}},{"from":[28.46857,30.4,10.514286],"to":[29.04,31.542856,11.657143],"rotation":{"angle":-22.5,"axis":"y","origin":[28.525715,32.11429,10.285714]},"faces":{"east":{"uv":[6.125,4.25,5.875,4.5],"rotation":270,"texture":"#1","tintindex":0},"south":{"uv":[6.375,11.25,6.625,11.375],"rotation":270,"texture":"#1","tintindex":0},"north":{"uv":[5.625,11.25,5.875,11.375],"rotation":90,"texture":"#1","tintindex":0},"west":{"uv":[5.75,4.5,5.5,4.25],"rotation":270,"texture":"#1","tintindex":0},"up":{"uv":[6.0,11.25,6.25,11.375],"rotation":270,"texture":"#1","tintindex":0},"down":{"uv":[6.75,11.25,7.0,11.375],"rotation":270,"texture":"#1","tintindex":0}}},{"from":[28.16,30.491428,8.56],"to":[31.519997,31.45143,16.240002],"rotation":{"angle":-22.5,"axis":"y","origin":[30.097141,32.171425,12.571428]},"faces":{"east":{"uv":[8.375,4.25,6.375,6.25],"rotation":270,"texture":"#1","tintindex":0},"south":{"uv":[9.75,8.875,10.0,9.75],"rotation":270,"texture":"#1","tintindex":0},"north":{"uv":[8.5,6.875,8.75,7.75],"rotation":90,"texture":"#1","tintindex":0},"west":{"uv":[4.5,6.75,4.25,4.75],"rotation":270,"texture":"#1","tintindex":0},"up":{"uv":[8.5,5.875,10.5,6.75],"rotation":270,"texture":"#1","tintindex":0},"down":{"uv":[8.5,5.875,10.5,6.75],"rotation":270,"texture":"#1","tintindex":0}}},{"from":[31.519997,30.491428,8.08],"to":[32.0,31.45143,16.720001],"rotation":{"angle":-22.5,"axis":"y","origin":[30.097141,32.171425,12.571428]},"faces":{"east":{"uv":[2.625,2.375,2.375,4.625],"rotation":270,"texture":"#1","tintindex":0},"south":{"uv":[4.25,11.0,4.5,11.125],"rotation":270,"texture":"#1","tintindex":0},"north":{"uv":[9.375,10.75,9.625,10.875],"rotation":90,"texture":"#1","tintindex":0},"west":{"uv":[2.625,2.25,2.375,0.0],"rotation":270,"texture":"#1","tintindex":0},"up":{"uv":[0.0,10.875,2.25,11.0],"rotation":270,"texture":"#1","tintindex":0},"down":{"uv":[4.75,11.0,7.0,11.125],"rotation":270,"texture":"#1","tintindex":0}}}],"display":{"head":{"translation":[55.04001,1.1428618,0.0],"scale":[4.0,4.0,4.0]}}}