{"textures":{"0":"modelengine:entity/shihtzu"},"elements":[{"from":[7.977143,4.8742857,7.0742855],"to":[8.594286,8.268572,8.9257145],"rotation":{"angle":0.0,"axis":"y","origin":[6.4342856,5.6253576,6.3414288]},"faces":{"east":{"uv":[0.008,5.008,0.742,6.375],"rotation":0,"texture":"#0","tintindex":0},"south":{"uv":[2.258,9.008,2.492,10.375],"rotation":0,"texture":"#0","tintindex":0},"north":{"uv":[6.758,8.258,6.992,9.625],"rotation":0,"texture":"#0","tintindex":0},"west":{"uv":[1.008,5.008,1.742,6.375],"rotation":0,"texture":"#0","tintindex":0},"up":{"uv":[9.242,11.242,9.008,10.508],"rotation":0,"texture":"#0","tintindex":0},"down":{"uv":[9.742,10.508,9.508,11.242],"rotation":0,"texture":"#0","tintindex":0}}}],"display":{"head":{"translation":[0.0,-6.4,0.0],"scale":[4.0,4.0,4.0]}}}