{"textures":{"0":"modelengine:entity/shihtzu"},"elements":[{"from":[7.3828573,7.5342855,7.482857],"to":[8.617143,8.151428,8.717143],"rotation":{"angle":0.0,"axis":"y","origin":[6.5959997,11.411785,7.309389]},"faces":{"east":{"uv":[0.008,10.758,0.492,10.992],"rotation":0,"texture":"#0","tintindex":0},"south":{"uv":[10.758,0.008,11.242,0.242],"rotation":0,"texture":"#0","tintindex":0},"north":{"uv":[10.508,8.258,10.992,8.492],"rotation":0,"texture":"#0","tintindex":0},"west":{"uv":[10.758,0.508,11.242,0.742],"rotation":0,"texture":"#0","tintindex":0},"up":{"uv":[9.742,0.492,9.258,0.008],"rotation":0,"texture":"#0","tintindex":0},"down":{"uv":[9.742,0.758,9.258,1.242],"rotation":0,"texture":"#0","tintindex":0}}}],"display":{"head":{"translation":[0.0,-6.4,0.0],"scale":[4.0,4.0,4.0]}}}