{"textures":{"0":"modelengine:entity/shihtzu"},"elements":[{"from":[7.3314285,5.877015,7.874562],"to":[8.874286,7.7284436,9.72599],"rotation":{"angle":22.5,"axis":"x","origin":[6.5754285,9.659494,10.071901]},"faces":{"east":{"uv":[8.242,5.008,7.508,5.742],"rotation":0,"texture":"#0","tintindex":0},"south":{"uv":[8.875,0.008,8.258,0.742],"rotation":0,"texture":"#0","tintindex":0},"north":{"uv":[7.875,8.008,7.258,8.742],"rotation":0,"texture":"#0","tintindex":0},"west":{"uv":[7.992,4.008,7.258,4.742],"rotation":0,"texture":"#0","tintindex":0},"up":{"uv":[8.258,1.742,8.875,1.008],"rotation":0,"texture":"#0","tintindex":0},"down":{"uv":[8.258,2.008,8.875,2.742],"rotation":0,"texture":"#0","tintindex":0}}}],"display":{"head":{"translation":[0.0,-6.4,0.0],"scale":[4.0,4.0,4.0]}}}