{"textures":{"0":"modelengine:entity/shihtzu"},"elements":[{"from":[7.402143,7.099891,6.313086],"to":[8.590143,8.334177,7.5473714],"rotation":{"angle":-22.5,"axis":"x","origin":[6.5998573,10.748617,7.6366773]},"faces":{"east":{"uv":[7.258,9.008,7.742,9.492],"rotation":0,"texture":"#0","tintindex":0},"south":{"uv":[9.008,7.508,9.492,7.992],"rotation":0,"texture":"#0","tintindex":0},"north":{"uv":[5.258,9.008,5.742,9.492],"rotation":0,"texture":"#0","tintindex":0},"west":{"uv":[8.008,9.008,8.492,9.492],"rotation":0,"texture":"#0","tintindex":0},"up":{"uv":[9.492,8.742,9.008,8.258],"rotation":0,"texture":"#0","tintindex":0},"down":{"uv":[9.242,9.008,8.758,9.492],"rotation":0,"texture":"#0","tintindex":0}}}],"display":{"head":{"translation":[0.0,-6.4,0.0],"scale":[4.0,4.0,4.0]}}}