{"textures":{"0":"modelengine:entity/shihtzu"},"elements":[{"from":[5.801429,5.2841177,6.3087],"to":[10.1214285,9.604118,10.6287],"faces":{"east":{"uv":[5.258,5.508,6.242,6.492],"tintindex":0,"rotation":0,"texture":"#0"},"south":{"uv":[6.008,0.008,6.992,0.992],"tintindex":0,"rotation":0,"texture":"#0"},"north":{"uv":[4.008,5.508,4.992,6.492],"tintindex":0,"rotation":0,"texture":"#0"},"west":{"uv":[6.008,1.258,6.992,2.242],"tintindex":0,"rotation":0,"texture":"#0"},"up":{"uv":[6.992,3.492,6.008,2.508],"tintindex":0,"rotation":0,"texture":"#0"},"down":{"uv":[6.992,3.758,6.008,4.742],"tintindex":0,"rotation":0,"texture":"#0"}},"rotation":{"origin":[7.9614286,8.642117,6.8656197],"angle":-45.0,"axis":"x"}}]}