{"textures":{"0":"modelengine:entity/shihtzu"},"elements":[{"from":[7.3828573,7.4628572,7.4685717],"to":[8.617143,8.08,8.702857],"rotation":{"angle":0.0,"axis":"y","origin":[9.373143,11.340357,9.91796]},"faces":{"east":{"uv":[10.758,5.008,11.242,5.242],"rotation":0,"texture":"#0","tintindex":0},"south":{"uv":[10.758,5.508,11.242,5.742],"rotation":0,"texture":"#0","tintindex":0},"north":{"uv":[10.758,4.508,11.242,4.742],"rotation":0,"texture":"#0","tintindex":0},"west":{"uv":[6.008,10.758,6.492,10.992],"rotation":0,"texture":"#0","tintindex":0},"up":{"uv":[10.492,1.992,10.008,1.508],"rotation":0,"texture":"#0","tintindex":0},"down":{"uv":[10.492,2.258,10.008,2.742],"rotation":0,"texture":"#0","tintindex":0}}}],"display":{"head":{"translation":[0.0,-6.4,0.0],"scale":[4.0,4.0,4.0]}}}