{"textures":{"0":"modelengine:entity/shihtzu"},"elements":[{"from":[7.405714,4.8742857,7.0742855],"to":[8.022857,8.268572,8.9257145],"rotation":{"angle":0.0,"axis":"y","origin":[9.565714,5.6253576,6.3414288]},"faces":{"east":{"uv":[1.742,5.008,1.008,6.375],"rotation":0,"texture":"#0","tintindex":0},"south":{"uv":[2.492,9.008,2.258,10.375],"rotation":0,"texture":"#0","tintindex":0},"north":{"uv":[6.992,8.258,6.758,9.625],"rotation":0,"texture":"#0","tintindex":0},"west":{"uv":[0.742,5.008,0.008,6.375],"rotation":0,"texture":"#0","tintindex":0},"up":{"uv":[9.008,11.242,9.242,10.508],"rotation":0,"texture":"#0","tintindex":0},"down":{"uv":[9.508,10.508,9.742,11.242],"rotation":0,"texture":"#0","tintindex":0}}}],"display":{"head":{"translation":[0.0,-6.4,0.0],"scale":[4.0,4.0,4.0]}}}