{"textures":{"0":"modelengine:entity/shihtzu"},"elements":[{"from":[6.96725,6.42481,5.0479],"to":[9.046249,8.58481,7.2079005],"faces":{"east":{"uv":[8.492,9.008,8.008,9.492],"tintindex":0,"rotation":0,"texture":"#0"},"south":{"uv":[9.492,7.508,9.008,7.992],"tintindex":0,"rotation":0,"texture":"#0"},"north":{"uv":[5.742,9.008,5.258,9.492],"tintindex":0,"rotation":0,"texture":"#0"},"west":{"uv":[7.742,9.008,7.258,9.492],"tintindex":0,"rotation":0,"texture":"#0"},"up":{"uv":[9.008,8.742,9.492,8.258],"tintindex":0,"rotation":0,"texture":"#0"},"down":{"uv":[8.758,9.008,9.242,9.492],"tintindex":0,"rotation":0,"texture":"#0"}},"rotation":{"origin":[10.45025,12.81008,7.364185],"angle":-22.5,"axis":"x"}}]}