{"textures":{"0":"modelengine:entity/shihtzu"},"elements":[{"from":[6.9155,5.9333615,8.002743],"to":[9.0755005,9.173361,10.162743],"faces":{"east":{"uv":[8.992,5.508,8.508,6.242],"tintindex":0,"rotation":0,"texture":"#0"},"south":{"uv":[8.992,4.508,8.508,5.242],"tintindex":0,"rotation":0,"texture":"#0"},"north":{"uv":[6.492,8.258,6.008,8.992],"tintindex":0,"rotation":0,"texture":"#0"},"west":{"uv":[8.742,8.008,8.258,8.742],"tintindex":0,"rotation":0,"texture":"#0"},"up":{"uv":[3.758,9.492,4.242,9.008],"tintindex":0,"rotation":0,"texture":"#0"},"down":{"uv":[4.508,9.008,4.992,9.492],"tintindex":0,"rotation":0,"texture":"#0"}},"rotation":{"origin":[10.4525,10.558939,6.6528864],"angle":22.5,"axis":"x"}}]}