{"textures":{"0":"modelengine:entity/nocsy_drakonin_baby5"},"elements":[{"from":[6.7740903,6.956251,7.3514943],"to":[8.145519,8.32768,9.86578],"rotation":{"angle":22.5,"axis":"z","origin":[7.682576,7.514231,9.191969]},"faces":{"east":{"uv":[8.75,5.125,9.25,5.375],"rotation":0,"texture":"#0","tintindex":0},"south":{"uv":[10.875,5.25,11.125,5.5],"rotation":0,"texture":"#0","tintindex":0},"north":{"uv":[5.125,10.875,5.375,11.125],"rotation":0,"texture":"#0","tintindex":0},"west":{"uv":[8.75,8.625,9.25,8.875],"rotation":0,"texture":"#0","tintindex":0},"up":{"uv":[6.125,9.375,5.875,8.875],"rotation":0,"texture":"#0","tintindex":0},"down":{"uv":[6.5,8.875,6.25,9.375],"rotation":0,"texture":"#0","tintindex":0}}},{"from":[7.0026617,5.641965,7.46578],"to":[8.145519,6.7848225,9.751494],"rotation":{"angle":22.5,"axis":"x","origin":[7.682576,7.514231,9.191969]},"faces":{"east":{"uv":[8.875,0.0,9.375,0.25],"rotation":0,"texture":"#0","tintindex":0},"south":{"uv":[10.875,6.375,11.125,6.625],"rotation":0,"texture":"#0","tintindex":0},"north":{"uv":[10.875,5.625,11.125,5.875],"rotation":0,"texture":"#0","tintindex":0},"west":{"uv":[8.875,4.25,9.375,4.5],"rotation":0,"texture":"#0","tintindex":0},"up":{"uv":[7.875,9.375,7.625,8.875],"rotation":0,"texture":"#0","tintindex":0},"down":{"uv":[8.25,8.875,8.0,9.375],"rotation":0,"texture":"#0","tintindex":0}}},{"from":[6.550775,7.8314915,5.3702526],"to":[7.5793467,10.00292,6.3988247],"rotation":{"angle":-22.5,"axis":"x","origin":[6.888376,9.212535,6.315296]},"faces":{"east":{"uv":[1.875,9.0,2.125,9.5],"rotation":0,"texture":"#0","tintindex":0},"south":{"uv":[2.25,9.0,2.5,9.5],"rotation":0,"texture":"#0","tintindex":0},"north":{"uv":[8.375,8.875,8.625,9.375],"rotation":0,"texture":"#0","tintindex":0},"west":{"uv":[2.625,9.0,2.875,9.5],"rotation":0,"texture":"#0","tintindex":0},"up":{"uv":[6.875,11.125,6.625,10.875],"rotation":0,"texture":"#0","tintindex":0},"down":{"uv":[11.125,7.25,10.875,7.5],"rotation":0,"texture":"#0","tintindex":0}}}],"display":{"head":{"translation":[0.0,-6.4,0.0],"scale":[4.0,4.0,4.0]}}}