{"textures":{"0":"modelengine:entity/nocsy_drakonin_baby5"},"elements":[{"from":[5.172887,7.5342283,6.4201617],"to":[8.944316,8.448514,7.3344474],"rotation":{"angle":22.5,"axis":"y","origin":[7.3443155,7.9913716,8.020162]},"faces":{"east":{"uv":[8.125,10.625,8.375,10.875],"rotation":0,"texture":"#0","tintindex":0},"south":{"uv":[6.875,6.0,7.75,6.25],"rotation":0,"texture":"#0","tintindex":0},"north":{"uv":[6.875,1.625,7.75,1.875],"rotation":0,"texture":"#0","tintindex":0},"west":{"uv":[9.25,10.625,9.5,10.875],"rotation":0,"texture":"#0","tintindex":0},"up":{"uv":[7.75,6.625,6.875,6.375],"rotation":0,"texture":"#0","tintindex":0},"down":{"uv":[7.75,6.75,6.875,7.0],"rotation":0,"texture":"#0","tintindex":0}}},{"from":[7.858601,7.1342287,6.077305],"to":[9.344316,8.619943,7.563019],"rotation":{"angle":22.5,"axis":"y","origin":[7.3443155,7.9913716,8.020162]},"faces":{"east":{"uv":[6.75,8.125,7.125,8.5],"rotation":0,"texture":"#0","tintindex":0},"south":{"uv":[7.25,8.125,7.625,8.5],"rotation":0,"texture":"#0","tintindex":0},"north":{"uv":[5.125,8.125,5.5,8.5],"rotation":0,"texture":"#0","tintindex":0},"west":{"uv":[0.0,8.25,0.375,8.625],"rotation":0,"texture":"#0","tintindex":0},"up":{"uv":[0.875,8.625,0.5,8.25],"rotation":0,"texture":"#0","tintindex":0},"down":{"uv":[1.375,8.25,1.0,8.625],"rotation":0,"texture":"#0","tintindex":0}}},{"from":[8.030029,7.3628,4.9344473],"to":[9.172887,8.505657,6.648733],"rotation":{"angle":22.5,"axis":"y","origin":[7.3443155,7.9913716,8.020162]},"faces":{"east":{"uv":[9.5,7.75,9.875,8.0],"rotation":0,"texture":"#0","tintindex":0},"south":{"uv":[10.625,10.5,10.875,10.75],"rotation":0,"texture":"#0","tintindex":0},"north":{"uv":[9.625,10.625,9.875,10.875],"rotation":0,"texture":"#0","tintindex":0},"west":{"uv":[9.5,8.125,9.875,8.375],"rotation":0,"texture":"#0","tintindex":0},"up":{"uv":[6.5,9.875,6.25,9.5],"rotation":0,"texture":"#0","tintindex":0},"down":{"uv":[9.75,9.25,9.5,9.625],"rotation":0,"texture":"#0","tintindex":0}}},{"from":[0.001458168,7.9342284,6.8773046],"to":[8.001458,7.9913716,17.734447],"rotation":{"angle":0.0,"axis":"y","origin":[7.3443155,7.9913716,8.020162]},"faces":{"east":{"uv":[6.25,3.75,8.625,3.875],"rotation":0,"texture":"#0","tintindex":0},"south":{"uv":[0.0,7.0,1.75,7.125],"rotation":0,"texture":"#0","tintindex":0},"north":{"uv":[6.875,2.0,8.625,2.125],"rotation":0,"texture":"#0","tintindex":0},"west":{"uv":[6.25,4.0,8.625,4.125],"rotation":0,"texture":"#0","tintindex":0},"up":{"uv":[1.75,4.875,0.0,2.5],"rotation":0,"texture":"#0","tintindex":0},"down":{"uv":[3.625,2.5,1.875,4.875],"rotation":0,"texture":"#0","tintindex":0}}},{"from":[2.6094384,7.5913715,8.740897],"to":[5.6951528,8.391372,9.540897],"rotation":{"angle":45.0,"axis":"y","origin":[3.5808668,7.9913716,9.140898]},"faces":{"east":{"uv":[0.375,10.75,0.625,11.0],"rotation":0,"texture":"#0","tintindex":0},"south":{"uv":[5.375,7.25,6.125,7.5],"rotation":0,"texture":"#0","tintindex":0},"north":{"uv":[0.875,7.25,1.625,7.5],"rotation":0,"texture":"#0","tintindex":0},"west":{"uv":[10.75,0.375,11.0,0.625],"rotation":0,"texture":"#0","tintindex":0},"up":{"uv":[8.125,4.5,7.375,4.25],"rotation":0,"texture":"#0","tintindex":0},"down":{"uv":[2.5,7.5,1.75,7.75],"rotation":0,"texture":"#0","tintindex":0}}},{"from":[2.9522953,7.6485143,9.712326],"to":[3.63801,8.3342285,12.112327],"rotation":{"angle":-22.5,"axis":"y","origin":[3.5808668,7.9913716,9.140898]},"faces":{"east":{"uv":[10.5,8.75,11.0,8.875],"rotation":0,"texture":"#0","tintindex":0},"south":{"uv":[2.25,7.875,2.375,8.0],"rotation":0,"texture":"#0","tintindex":0},"north":{"uv":[1.5,7.625,1.625,7.75],"rotation":0,"texture":"#0","tintindex":0},"west":{"uv":[1.25,10.75,1.75,10.875],"rotation":0,"texture":"#0","tintindex":0},"up":{"uv":[10.125,11.125,10.0,10.625],"rotation":0,"texture":"#0","tintindex":0},"down":{"uv":[2.0,10.75,1.875,11.25],"rotation":0,"texture":"#0","tintindex":0}}}],"display":{"head":{"translation":[0.0,-6.4,0.0],"scale":[4.0,4.0,4.0]}}}