{"textures":{"0":"modelengine:entity/nocsy_drakonin_baby5"},"elements":[{"from":[7.1914005,6.6734447,6.724392],"to":[8.219972,8.273445,8.324392],"rotation":{"angle":-22.5,"axis":"x","origin":[9.288544,7.9877305,7.8786774]},"faces":{"east":{"uv":[5.625,8.25,6.0,8.625],"rotation":0,"texture":"#0","tintindex":0},"south":{"uv":[9.75,0.75,10.0,1.125],"rotation":0,"texture":"#0","tintindex":0},"north":{"uv":[2.625,9.625,2.875,10.0],"rotation":0,"texture":"#0","tintindex":0},"west":{"uv":[8.25,6.875,8.625,7.25],"rotation":0,"texture":"#0","tintindex":0},"up":{"uv":[1.5,10.125,1.25,9.75],"rotation":0,"texture":"#0","tintindex":0},"down":{"uv":[10.0,1.25,9.75,1.625],"rotation":0,"texture":"#0","tintindex":0}}},{"from":[7.197115,7.52997,7.5307016],"to":[8.099972,9.004256,8.433559],"rotation":{"angle":22.5,"axis":"x","origin":[7.7628293,8.60997,7.9821305]},"faces":{"east":{"uv":[3.875,9.75,4.125,10.125],"rotation":0,"texture":"#0","tintindex":0},"south":{"uv":[4.25,9.75,4.5,10.125],"rotation":0,"texture":"#0","tintindex":0},"north":{"uv":[3.0,9.75,3.25,10.125],"rotation":0,"texture":"#0","tintindex":0},"west":{"uv":[4.625,9.75,4.875,10.125],"rotation":0,"texture":"#0","tintindex":0},"up":{"uv":[11.125,9.5,10.875,9.25],"rotation":0,"texture":"#0","tintindex":0},"down":{"uv":[11.125,9.625,10.875,9.875],"rotation":0,"texture":"#0","tintindex":0}}},{"from":[7.197115,6.9000397,6.578453],"to":[8.099972,8.374326,7.48131],"rotation":{"angle":-45.0,"axis":"x","origin":[7.6485434,7.6371827,6.5727386]},"faces":{"east":{"uv":[7.625,9.75,7.875,10.125],"rotation":0,"texture":"#0","tintindex":0},"south":{"uv":[8.0,9.75,8.25,10.125],"rotation":0,"texture":"#0","tintindex":0},"north":{"uv":[5.0,9.75,5.25,10.125],"rotation":0,"texture":"#0","tintindex":0},"west":{"uv":[8.375,9.75,8.625,10.125],"rotation":0,"texture":"#0","tintindex":0},"up":{"uv":[10.5,11.125,10.25,10.875],"rotation":0,"texture":"#0","tintindex":0},"down":{"uv":[10.875,10.875,10.625,11.125],"rotation":0,"texture":"#0","tintindex":0}}},{"from":[6.962829,7.9813986,6.874347],"to":[7.877115,9.4671135,7.788633],"rotation":{"angle":22.5,"axis":"z","origin":[7.705686,8.60997,7.2743473]},"faces":{"east":{"uv":[9.5,9.75,9.75,10.125],"rotation":0,"texture":"#0","tintindex":0},"south":{"uv":[0.375,9.875,0.625,10.25],"rotation":0,"texture":"#0","tintindex":0},"north":{"uv":[9.75,8.5,10.0,8.875],"rotation":0,"texture":"#0","tintindex":0},"west":{"uv":[9.875,2.5,10.125,2.875],"rotation":0,"texture":"#0","tintindex":0},"up":{"uv":[0.25,11.25,0.0,11.0],"rotation":0,"texture":"#0","tintindex":0},"down":{"uv":[11.25,0.0,11.0,0.25],"rotation":0,"texture":"#0","tintindex":0}}}],"display":{"head":{"translation":[0.0,-6.4,0.0],"scale":[4.0,4.0,4.0]}}}