{"textures":{"0":"modelengine:entity/nocsy_drakonin_baby5"},"elements":[{"from":[6.857143,7.5671577,5.7913575],"to":[9.142858,8.138586,8.077072],"rotation":{"angle":0.0,"axis":"y","origin":[8.0,8.228572,6.857143]},"faces":{"east":{"uv":[10.875,7.625,11.375,7.75],"rotation":0,"texture":"#0","tintindex":0},"south":{"uv":[10.875,7.875,11.375,8.0],"rotation":0,"texture":"#0","tintindex":0},"north":{"uv":[10.875,6.75,11.375,6.875],"rotation":0,"texture":"#0","tintindex":0},"west":{"uv":[10.875,8.125,11.375,8.25],"rotation":0,"texture":"#0","tintindex":0},"up":{"uv":[2.375,6.875,1.875,6.375],"rotation":0,"texture":"#0","tintindex":0},"down":{"uv":[3.0,6.5,2.5,7.0],"rotation":0,"texture":"#0","tintindex":0}}},{"from":[6.862857,7.4292006,5.822848],"to":[9.137143,7.9892006,7.5257053],"rotation":{"angle":-22.5,"axis":"x","origin":[8.0,7.716244,6.879486]},"faces":{"east":{"uv":[4.0,5.75,4.375,5.875],"rotation":0,"texture":"#0","tintindex":0},"south":{"uv":[10.875,9.0,11.375,9.125],"rotation":0,"texture":"#0","tintindex":0},"north":{"uv":[10.875,8.375,11.375,8.5],"rotation":0,"texture":"#0","tintindex":0},"west":{"uv":[6.25,4.25,6.625,4.375],"rotation":0,"texture":"#0","tintindex":0},"up":{"uv":[5.625,8.0,5.125,7.625],"rotation":0,"texture":"#0","tintindex":0},"down":{"uv":[8.25,4.625,7.75,5.0],"rotation":0,"texture":"#0","tintindex":0}}},{"from":[6.857143,8.138586,5.7913575],"to":[6.857143,9.281444,8.077072],"rotation":{"angle":0.0,"axis":"y","origin":[8.0,8.228572,6.857143]},"faces":{"east":{"uv":[7.125,9.0,6.625,9.25],"rotation":0,"texture":"#0","tintindex":0},"south":{"uv":[9.75,10.25,9.75,10.5],"rotation":0,"texture":"#0","tintindex":0},"north":{"uv":[7.5,9.875,7.5,10.125],"rotation":0,"texture":"#0","tintindex":0},"west":{"uv":[6.625,9.0,7.125,9.25],"rotation":0,"texture":"#0","tintindex":0},"up":{"uv":[6.75,11.75,6.75,11.25],"rotation":0,"texture":"#0","tintindex":0},"down":{"uv":[6.875,11.25,6.875,11.75],"rotation":0,"texture":"#0","tintindex":0}}},{"from":[9.142858,8.138586,5.7913575],"to":[9.142858,9.281444,8.077072],"rotation":{"angle":0.0,"axis":"y","origin":[8.0,8.228572,6.857143]},"faces":{"east":{"uv":[8.75,9.0,9.25,9.25],"rotation":0,"texture":"#0","tintindex":0},"south":{"uv":[11.25,4.0,11.25,4.25],"rotation":0,"texture":"#0","tintindex":0},"north":{"uv":[6.125,10.625,6.125,10.875],"rotation":0,"texture":"#0","tintindex":0},"west":{"uv":[9.25,9.0,8.75,9.25],"rotation":0,"texture":"#0","tintindex":0},"up":{"uv":[7.0,11.75,7.0,11.25],"rotation":0,"texture":"#0","tintindex":0},"down":{"uv":[7.125,11.25,7.125,11.75],"rotation":0,"texture":"#0","tintindex":0}}},{"from":[6.857143,8.138586,5.7913575],"to":[9.142858,9.281444,5.7913575],"rotation":{"angle":0.0,"axis":"y","origin":[8.0,8.228572,6.857143]},"faces":{"east":{"uv":[11.25,5.5,11.25,5.75],"rotation":0,"texture":"#0","tintindex":0},"south":{"uv":[9.625,0.375,9.125,0.625],"rotation":0,"texture":"#0","tintindex":0},"north":{"uv":[9.125,0.375,9.625,0.625],"rotation":0,"texture":"#0","tintindex":0},"west":{"uv":[11.25,6.375,11.25,6.625],"rotation":0,"texture":"#0","tintindex":0},"up":{"uv":[11.625,8.875,11.125,8.875],"rotation":0,"texture":"#0","tintindex":0},"down":{"uv":[11.75,2.125,11.25,2.125],"rotation":0,"texture":"#0","tintindex":0}}},{"from":[6.4,7.2427855,7.1277194],"to":[7.0857143,8.499928,8.956291],"rotation":{"angle":22.5,"axis":"x","origin":[6.857143,7.8194118,7.9800997]},"faces":{"east":{"uv":[9.625,5.375,10.0,5.625],"rotation":0,"texture":"#0","tintindex":0},"south":{"uv":[0.375,11.125,0.5,11.375],"rotation":0,"texture":"#0","tintindex":0},"north":{"uv":[6.25,11.0,6.375,11.25],"rotation":0,"texture":"#0","tintindex":0},"west":{"uv":[9.625,5.75,10.0,6.0],"rotation":0,"texture":"#0","tintindex":0},"up":{"uv":[6.125,7.125,6.0,6.75],"rotation":0,"texture":"#0","tintindex":0},"down":{"uv":[1.75,9.125,1.625,9.5],"rotation":0,"texture":"#0","tintindex":0}}},{"from":[8.914286,7.2427855,7.1277194],"to":[9.6,8.499928,8.956291],"rotation":{"angle":22.5,"axis":"x","origin":[9.142858,7.8194118,7.9800997]},"faces":{"east":{"uv":[9.625,6.125,10.0,6.375],"rotation":0,"texture":"#0","tintindex":0},"south":{"uv":[0.625,11.25,0.75,11.5],"rotation":0,"texture":"#0","tintindex":0},"north":{"uv":[3.0,11.125,3.125,11.375],"rotation":0,"texture":"#0","tintindex":0},"west":{"uv":[9.75,0.375,10.125,0.625],"rotation":0,"texture":"#0","tintindex":0},"up":{"uv":[7.125,9.75,7.0,9.375],"rotation":0,"texture":"#0","tintindex":0},"down":{"uv":[8.875,10.75,8.75,11.125],"rotation":0,"texture":"#0","tintindex":0}}}],"display":{"head":{"translation":[0.0,-6.4,0.0],"scale":[4.0,4.0,4.0]}}}