{"textures":{"0":"modelengine:entity/nocsy_drakonin_baby5"},"elements":[{"from":[7.4101615,7.448248,7.337143],"to":[9.124447,8.591105,8.48],"rotation":{"angle":0.0,"axis":"y","origin":[7.7987328,7.162425,7.268519]},"faces":{"east":{"uv":[6.0,10.625,5.75,10.875],"rotation":0,"texture":"#0","tintindex":0},"south":{"uv":[6.125,9.5,5.75,9.75],"rotation":0,"texture":"#0","tintindex":0},"north":{"uv":[9.875,4.25,9.5,4.5],"rotation":0,"texture":"#0","tintindex":0},"west":{"uv":[10.875,4.5,10.625,4.75],"rotation":0,"texture":"#0","tintindex":0},"up":{"uv":[9.5,7.0,9.875,6.75],"rotation":0,"texture":"#0","tintindex":0},"down":{"uv":[9.5,7.125,9.875,7.375],"rotation":0,"texture":"#0","tintindex":0}}},{"from":[8.553019,7.5625334,7.4514284],"to":[10.610162,8.476819,8.365714],"rotation":{"angle":0.0,"axis":"y","origin":[7.2273045,7.162425,7.268519]},"faces":{"east":{"uv":[7.25,10.625,7.0,10.875],"rotation":0,"texture":"#0","tintindex":0},"south":{"uv":[7.125,8.625,6.625,8.875],"rotation":0,"texture":"#0","tintindex":0},"north":{"uv":[9.125,6.375,8.625,6.625],"rotation":0,"texture":"#0","tintindex":0},"west":{"uv":[10.875,6.0,10.625,6.25],"rotation":0,"texture":"#0","tintindex":0},"up":{"uv":[0.0,9.0,0.5,8.75],"rotation":0,"texture":"#0","tintindex":0},"down":{"uv":[0.625,8.75,1.125,9.0],"rotation":0,"texture":"#0","tintindex":0}}},{"from":[9.991365,7.568248,6.863727],"to":[12.608508,8.471106,7.7665844],"rotation":{"angle":45.0,"axis":"y","origin":[11.014223,8.019676,7.3151555]},"faces":{"east":{"uv":[8.0,10.625,7.75,10.875],"rotation":0,"texture":"#0","tintindex":0},"south":{"uv":[8.5,6.5,7.875,6.75],"rotation":0,"texture":"#0","tintindex":0},"north":{"uv":[8.5,6.125,7.875,6.375],"rotation":0,"texture":"#0","tintindex":0},"west":{"uv":[7.625,10.625,7.375,10.875],"rotation":0,"texture":"#0","tintindex":0},"up":{"uv":[8.125,0.25,8.75,0.0],"rotation":0,"texture":"#0","tintindex":0},"down":{"uv":[2.25,8.125,2.875,8.375],"rotation":0,"texture":"#0","tintindex":0}}},{"from":[8.602544,7.9625335,6.8081794],"to":[12.031116,8.019676,17.665323],"rotation":{"angle":0.0,"axis":"y","origin":[12.688258,8.019676,7.9510365]},"faces":{"east":{"uv":[8.625,3.5,6.25,3.625],"rotation":0,"texture":"#0","tintindex":0},"south":{"uv":[8.375,9.5,7.625,9.625],"rotation":0,"texture":"#0","tintindex":0},"north":{"uv":[10.25,7.5,9.5,7.625],"rotation":0,"texture":"#0","tintindex":0},"west":{"uv":[8.625,3.25,6.25,3.375],"rotation":0,"texture":"#0","tintindex":0},"up":{"uv":[4.625,2.375,5.375,0.0],"rotation":0,"texture":"#0","tintindex":0},"down":{"uv":[4.625,2.5,5.375,4.875],"rotation":0,"texture":"#0","tintindex":0}}}],"display":{"head":{"translation":[0.0,-6.4,0.0],"scale":[4.0,4.0,4.0]}}}