{"textures":{"0":"modelengine:entity/nocsy_drakonin_baby5"},"elements":[{"from":[7.0835,6.4026194,6.895768],"to":[8.797786,7.5454764,8.610054],"rotation":{"angle":0.0,"axis":"y","origin":[8.4480715,9.319191,7.938054]},"faces":{"east":{"uv":[7.375,10.25,7.0,10.5],"rotation":0,"texture":"#0","tintindex":0},"south":{"uv":[6.125,10.25,5.75,10.5],"rotation":0,"texture":"#0","tintindex":0},"north":{"uv":[10.5,6.125,10.125,6.375],"rotation":0,"texture":"#0","tintindex":0},"west":{"uv":[10.625,0.375,10.25,0.625],"rotation":0,"texture":"#0","tintindex":0},"up":{"uv":[2.0,8.875,2.375,8.5],"rotation":0,"texture":"#0","tintindex":0},"down":{"uv":[2.5,8.5,2.875,8.875],"rotation":0,"texture":"#0","tintindex":0}}},{"from":[7.0835,7.5454764,8.610054],"to":[8.797786,8.6883335,8.610054],"rotation":{"angle":0.0,"axis":"y","origin":[8.4480715,9.319191,7.938054]},"faces":{"east":{"uv":[1.625,11.375,1.625,11.625],"rotation":0,"texture":"#0","tintindex":0},"south":{"uv":[8.375,10.25,8.0,10.5],"rotation":0,"texture":"#0","tintindex":0},"north":{"uv":[8.0,10.25,8.375,10.5],"rotation":0,"texture":"#0","tintindex":0},"west":{"uv":[1.5,11.375,1.5,11.625],"rotation":0,"texture":"#0","tintindex":0},"up":{"uv":[11.375,0.125,11.75,0.125],"rotation":0,"texture":"#0","tintindex":0},"down":{"uv":[11.375,0.25,11.75,0.25],"rotation":0,"texture":"#0","tintindex":0}}},{"from":[7.0835,7.5454764,6.895768],"to":[8.797786,8.6883335,6.895768],"rotation":{"angle":0.0,"axis":"y","origin":[8.4480715,9.319191,7.938054]},"faces":{"east":{"uv":[1.875,11.375,1.875,11.625],"rotation":0,"texture":"#0","tintindex":0},"south":{"uv":[9.25,10.25,9.625,10.5],"rotation":0,"texture":"#0","tintindex":0},"north":{"uv":[9.625,10.25,9.25,10.5],"rotation":0,"texture":"#0","tintindex":0},"west":{"uv":[1.75,11.375,1.75,11.625],"rotation":0,"texture":"#0","tintindex":0},"up":{"uv":[11.375,1.75,11.75,1.75],"rotation":0,"texture":"#0","tintindex":0},"down":{"uv":[2.0,11.375,2.375,11.375],"rotation":0,"texture":"#0","tintindex":0}}},{"from":[8.797786,7.5454764,6.895768],"to":[8.797786,8.6883335,8.610054],"rotation":{"angle":0.0,"axis":"y","origin":[8.4480715,9.319191,7.938054]},"faces":{"east":{"uv":[2.0,10.375,1.625,10.625],"rotation":0,"texture":"#0","tintindex":0},"south":{"uv":[2.5,11.375,2.5,11.625],"rotation":0,"texture":"#0","tintindex":0},"north":{"uv":[11.375,2.25,11.375,2.5],"rotation":0,"texture":"#0","tintindex":0},"west":{"uv":[1.625,10.375,2.0,10.625],"rotation":0,"texture":"#0","tintindex":0},"up":{"uv":[2.625,11.75,2.625,11.375],"rotation":0,"texture":"#0","tintindex":0},"down":{"uv":[11.375,2.625,11.375,3.0],"rotation":0,"texture":"#0","tintindex":0}}},{"from":[7.0835,7.5454764,6.895768],"to":[7.0835,8.6883335,8.610054],"rotation":{"angle":0.0,"axis":"y","origin":[8.4480715,9.319191,7.938054]},"faces":{"east":{"uv":[10.375,1.875,10.75,2.125],"rotation":0,"texture":"#0","tintindex":0},"south":{"uv":[2.875,11.375,2.875,11.625],"rotation":0,"texture":"#0","tintindex":0},"north":{"uv":[2.75,11.375,2.75,11.625],"rotation":0,"texture":"#0","tintindex":0},"west":{"uv":[10.75,1.875,10.375,2.125],"rotation":0,"texture":"#0","tintindex":0},"up":{"uv":[11.375,3.5,11.375,3.125],"rotation":0,"texture":"#0","tintindex":0},"down":{"uv":[3.375,11.375,3.375,11.75],"rotation":0,"texture":"#0","tintindex":0}}},{"from":[7.089214,6.52668,6.6157684],"to":[8.792071,7.0866804,7.1757684],"rotation":{"angle":45.0,"axis":"x","origin":[7.9406424,6.80668,6.895768]},"faces":{"east":{"uv":[1.0,11.25,0.875,11.375],"rotation":0,"texture":"#0","tintindex":0},"south":{"uv":[11.375,11.0,11.0,11.125],"rotation":0,"texture":"#0","tintindex":0},"north":{"uv":[11.375,10.75,11.0,10.875],"rotation":0,"texture":"#0","tintindex":0},"west":{"uv":[11.25,10.25,11.125,10.375],"rotation":0,"texture":"#0","tintindex":0},"up":{"uv":[11.125,0.5,11.5,0.375],"rotation":0,"texture":"#0","tintindex":0},"down":{"uv":[3.75,11.125,4.125,11.25],"rotation":0,"texture":"#0","tintindex":0}}}],"display":{"head":{"translation":[0.0,-6.4,0.0],"scale":[4.0,4.0,4.0]}}}