{"textures":{"0":"modelengine:entity/nocsy_drakonin_baby5"},"elements":[{"from":[7.0556846,7.5342283,6.4201617],"to":[10.827113,8.448514,7.3344474],"rotation":{"angle":-22.5,"axis":"y","origin":[8.655684,7.9913716,8.020162]},"faces":{"east":{"uv":[9.5,10.625,9.25,10.875],"rotation":0,"texture":"#0","tintindex":0},"south":{"uv":[7.75,6.0,6.875,6.25],"rotation":0,"texture":"#0","tintindex":0},"north":{"uv":[7.75,1.625,6.875,1.875],"rotation":0,"texture":"#0","tintindex":0},"west":{"uv":[8.375,10.625,8.125,10.875],"rotation":0,"texture":"#0","tintindex":0},"up":{"uv":[6.875,6.625,7.75,6.375],"rotation":0,"texture":"#0","tintindex":0},"down":{"uv":[6.875,6.75,7.75,7.0],"rotation":0,"texture":"#0","tintindex":0}}},{"from":[6.6556845,7.1342287,6.077305],"to":[8.141398,8.619943,7.563019],"rotation":{"angle":-22.5,"axis":"y","origin":[8.655684,7.9913716,8.020162]},"faces":{"east":{"uv":[0.375,8.25,0.0,8.625],"rotation":0,"texture":"#0","tintindex":0},"south":{"uv":[7.625,8.125,7.25,8.5],"rotation":0,"texture":"#0","tintindex":0},"north":{"uv":[5.5,8.125,5.125,8.5],"rotation":0,"texture":"#0","tintindex":0},"west":{"uv":[7.125,8.125,6.75,8.5],"rotation":0,"texture":"#0","tintindex":0},"up":{"uv":[0.5,8.625,0.875,8.25],"rotation":0,"texture":"#0","tintindex":0},"down":{"uv":[1.0,8.25,1.375,8.625],"rotation":0,"texture":"#0","tintindex":0}}},{"from":[6.827113,7.3628,4.9344473],"to":[7.96997,8.505657,6.648733],"rotation":{"angle":-22.5,"axis":"y","origin":[8.655684,7.9913716,8.020162]},"faces":{"east":{"uv":[9.875,8.125,9.5,8.375],"rotation":0,"texture":"#0","tintindex":0},"south":{"uv":[10.875,10.5,10.625,10.75],"rotation":0,"texture":"#0","tintindex":0},"north":{"uv":[9.875,10.625,9.625,10.875],"rotation":0,"texture":"#0","tintindex":0},"west":{"uv":[9.875,7.75,9.5,8.0],"rotation":0,"texture":"#0","tintindex":0},"up":{"uv":[6.25,9.875,6.5,9.5],"rotation":0,"texture":"#0","tintindex":0},"down":{"uv":[9.5,9.25,9.75,9.625],"rotation":0,"texture":"#0","tintindex":0}}},{"from":[7.998542,7.9342284,6.8773046],"to":[15.998542,7.9913716,17.734447],"rotation":{"angle":0.0,"axis":"y","origin":[8.655684,7.9913716,8.020162]},"faces":{"east":{"uv":[8.625,4.0,6.25,4.125],"rotation":0,"texture":"#0","tintindex":0},"south":{"uv":[1.75,7.0,0.0,7.125],"rotation":0,"texture":"#0","tintindex":0},"north":{"uv":[8.625,2.0,6.875,2.125],"rotation":0,"texture":"#0","tintindex":0},"west":{"uv":[8.625,3.75,6.25,3.875],"rotation":0,"texture":"#0","tintindex":0},"up":{"uv":[0.0,4.875,1.75,2.5],"rotation":0,"texture":"#0","tintindex":0},"down":{"uv":[1.875,2.5,3.625,4.875],"rotation":0,"texture":"#0","tintindex":0}}},{"from":[10.304848,7.5913715,8.740897],"to":[13.390562,8.391372,9.540897],"rotation":{"angle":-45.0,"axis":"y","origin":[12.419133,7.9913716,9.140898]},"faces":{"east":{"uv":[11.0,0.375,10.75,0.625],"rotation":0,"texture":"#0","tintindex":0},"south":{"uv":[6.125,7.25,5.375,7.5],"rotation":0,"texture":"#0","tintindex":0},"north":{"uv":[1.625,7.25,0.875,7.5],"rotation":0,"texture":"#0","tintindex":0},"west":{"uv":[0.625,10.75,0.375,11.0],"rotation":0,"texture":"#0","tintindex":0},"up":{"uv":[7.375,4.5,8.125,4.25],"rotation":0,"texture":"#0","tintindex":0},"down":{"uv":[1.75,7.5,2.5,7.75],"rotation":0,"texture":"#0","tintindex":0}}},{"from":[12.36199,7.6485143,9.712326],"to":[13.047705,8.3342285,12.112327],"rotation":{"angle":22.5,"axis":"y","origin":[12.419133,7.9913716,9.140898]},"faces":{"east":{"uv":[1.75,10.75,1.25,10.875],"rotation":0,"texture":"#0","tintindex":0},"south":{"uv":[2.375,7.875,2.25,8.0],"rotation":0,"texture":"#0","tintindex":0},"north":{"uv":[1.625,7.625,1.5,7.75],"rotation":0,"texture":"#0","tintindex":0},"west":{"uv":[11.0,8.75,10.5,8.875],"rotation":0,"texture":"#0","tintindex":0},"up":{"uv":[10.0,11.125,10.125,10.625],"rotation":0,"texture":"#0","tintindex":0},"down":{"uv":[1.875,10.75,2.0,11.25],"rotation":0,"texture":"#0","tintindex":0}}}],"display":{"head":{"translation":[0.0,-6.4,0.0],"scale":[4.0,4.0,4.0]}}}