{"textures":{"0":"modelengine:entity/rhino"},"elements":[{"from":[6.2522655,5.8596563,0.738729],"to":[8.011133,6.9362698,1.9613237],"rotation":{"angle":45.0,"axis":"x","origin":[6.845985,2.9719315,-0.62585545]},"faces":{"east":{"uv":[3.0625,10.5625,3.3125,10.8125],"rotation":0,"texture":"#0","tintindex":0},"south":{"uv":[3.625,10.5,4.125,10.75],"rotation":0,"texture":"#0","tintindex":0},"north":{"uv":[0.0,9.25,0.5,9.5],"rotation":0,"texture":"#0","tintindex":0},"west":{"uv":[3.3125,10.5625,3.5625,10.8125],"rotation":0,"texture":"#0","tintindex":0},"up":{"uv":[11.0,4.25,10.5,4.0],"rotation":0,"texture":"#0","tintindex":0},"down":{"uv":[11.0,4.25,10.5,4.5],"rotation":0,"texture":"#0","tintindex":0}}},{"from":[5.6552734,5.2646523,5.507876],"to":[8.516887,8.804703,9.347661],"rotation":{"angle":0.0,"axis":"y","origin":[6.8003654,8.377804,6.244872]},"faces":{"east":{"uv":[8.8125,6.0,7.875,5.375],"rotation":0,"texture":"#0","tintindex":0},"south":{"uv":[5.5,7.75,6.25,8.5625],"rotation":0,"texture":"#0","tintindex":0},"north":{"uv":[7.6875,3.125,8.4375,3.9375],"rotation":0,"texture":"#0","tintindex":0},"west":{"uv":[8.8125,6.0,7.875,5.375],"rotation":0,"texture":"#0","tintindex":0},"up":{"uv":[8.8125,6.0,7.875,5.375],"rotation":0,"texture":"#0","tintindex":0},"down":{"uv":[8.1875,7.3125,7.4375,8.1875],"rotation":0,"texture":"#0","tintindex":0}}},{"from":[8.390342,8.22879,4.618153],"to":[8.847654,8.88244,6.815647],"rotation":{"angle":-22.5,"axis":"y","origin":[10.408506,8.450015,4.8612814]},"faces":{"east":{"uv":[9.5625,4.9375,10.0625,5.0625],"rotation":0,"texture":"#0","tintindex":0},"south":{"uv":[9.0,5.0625,9.25,5.1875],"rotation":0,"texture":"#0","tintindex":0},"north":{"uv":[8.75,2.3125,9.0,2.4375],"rotation":0,"texture":"#0","tintindex":0},"west":{"uv":[10.5,6.875,11.0,7.0],"rotation":0,"texture":"#0","tintindex":0},"up":{"uv":[5.4375,8.4375,5.1875,7.9375],"rotation":0,"texture":"#0","tintindex":0},"down":{"uv":[3.5625,8.875,3.3125,9.375],"rotation":0,"texture":"#0","tintindex":0}}},{"from":[5.284201,8.629755,3.1045427],"to":[5.389514,9.072205,3.4012365],"rotation":{"angle":22.5,"axis":"x","origin":[6.7759433,8.85098,3.2528896]},"faces":{"east":{"uv":[1.0625,5.3125,1.125,5.4375],"rotation":0,"texture":"#0","tintindex":0},"south":{"uv":[3.625,10.25,3.75,10.375],"rotation":0,"texture":"#0","tintindex":0},"north":{"uv":[4.375,10.1875,4.5,10.3125],"rotation":0,"texture":"#0","tintindex":0},"west":{"uv":[3.1875,5.6875,3.25,5.8125],"rotation":0,"texture":"#0","tintindex":0},"up":{"uv":[7.625,6.5,7.5,6.4375],"rotation":0,"texture":"#0","tintindex":0},"down":{"uv":[8.4375,3.0625,8.3125,3.125],"rotation":0,"texture":"#0","tintindex":0}}},{"from":[5.143401,8.443377,3.2500505],"to":[5.5303135,8.885826,4.039544],"rotation":{"angle":22.5,"axis":"x","origin":[8.500743,8.415699,3.6533384]},"faces":{"east":{"uv":[10.6875,5.4375,10.875,5.5625],"rotation":0,"texture":"#0","tintindex":0},"south":{"uv":[7.5625,10.75,7.75,10.875],"rotation":0,"texture":"#0","tintindex":0},"north":{"uv":[9.75,1.0,9.9375,1.125],"rotation":0,"texture":"#0","tintindex":0},"west":{"uv":[7.75,10.75,7.9375,10.875],"rotation":0,"texture":"#0","tintindex":0},"up":{"uv":[7.375,10.9375,7.1875,10.75],"rotation":0,"texture":"#0","tintindex":0},"down":{"uv":[7.5625,10.75,7.375,10.9375],"rotation":0,"texture":"#0","tintindex":0}}},{"from":[8.733801,8.629755,3.1045427],"to":[8.839114,9.072205,3.4012365],"rotation":{"angle":22.5,"axis":"x","origin":[6.7759433,8.85098,3.2528896]},"faces":{"east":{"uv":[3.5,2.5,3.5625,2.625],"rotation":0,"texture":"#0","tintindex":0},"south":{"uv":[3.625,10.125,3.75,10.25],"rotation":0,"texture":"#0","tintindex":0},"north":{"uv":[4.375,10.0625,4.5,10.1875],"rotation":0,"texture":"#0","tintindex":0},"west":{"uv":[4.3125,1.0,4.375,1.125],"rotation":0,"texture":"#0","tintindex":0},"up":{"uv":[4.25,5.9375,4.125,5.875],"rotation":0,"texture":"#0","tintindex":0},"down":{"uv":[5.1875,6.625,5.0625,6.6875],"rotation":0,"texture":"#0","tintindex":0}}},{"from":[5.248643,7.035604,2.1255345],"to":[9.014755,8.604454,3.6894283],"rotation":{"angle":45.0,"axis":"x","origin":[6.8003654,4.5944963,3.9542937]},"faces":{"east":{"uv":[3.125,2.25,3.5,2.625],"rotation":0,"texture":"#0","tintindex":0},"south":{"uv":[9.5625,3.4375,10.5,3.8125],"rotation":0,"texture":"#0","tintindex":0},"north":{"uv":[9.375,5.625,10.3125,6.0],"rotation":0,"texture":"#0","tintindex":0},"west":{"uv":[3.9375,0.75,4.3125,1.125],"rotation":0,"texture":"#0","tintindex":0},"up":{"uv":[10.5,4.1875,9.5625,3.8125],"rotation":0,"texture":"#0","tintindex":0},"down":{"uv":[10.5,4.1875,9.5625,4.5625],"rotation":0,"texture":"#0","tintindex":0}}},{"from":[5.248643,6.120404,2.8295345],"to":[9.014755,7.0556536,3.6914854],"rotation":{"angle":45.0,"axis":"x","origin":[6.8003654,4.5944963,3.9542937]},"faces":{"east":{"uv":[3.75,7.6875,3.9375,8.0625],"rotation":180,"texture":"#0","tintindex":0},"south":{"uv":[8.875,9.5625,9.8125,9.9375],"rotation":0,"texture":"#0","tintindex":0},"north":{"uv":[9.5625,4.5625,10.5,4.9375],"rotation":0,"texture":"#0","tintindex":0},"west":{"uv":[10.5,5.1875,10.6875,5.5625],"rotation":180,"texture":"#0","tintindex":0},"up":{"uv":[11.3125,10.125,10.375,9.9375],"rotation":0,"texture":"#0","tintindex":0},"down":{"uv":[11.375,6.1875,10.4375,6.375],"rotation":0,"texture":"#0","tintindex":0}}},{"from":[5.83775,4.5046687,2.6650758],"to":[8.425649,6.746543,5.0737696],"rotation":{"angle":-22.5,"axis":"x","origin":[6.8003654,4.8802104,4.2400084]},"faces":{"east":{"uv":[5.875,10.0,6.4375,10.5],"rotation":0,"texture":"#0","tintindex":0},"south":{"uv":[3.0625,9.625,3.75,10.125],"rotation":0,"texture":"#0","tintindex":0},"north":{"uv":[9.625,2.3125,10.3125,2.8125],"rotation":0,"texture":"#0","tintindex":0},"west":{"uv":[6.4375,10.0,7.0,10.5],"rotation":0,"texture":"#0","tintindex":0},"up":{"uv":[8.875,10.0,8.1875,9.4375],"rotation":0,"texture":"#0","tintindex":0},"down":{"uv":[0.6875,9.5,0.0,10.0625],"rotation":0,"texture":"#0","tintindex":0}}},{"from":[5.83775,5.0644035,4.497733],"to":[8.425649,8.604454,5.5378504],"rotation":{"angle":45.0,"axis":"x","origin":[6.8003654,4.5944963,3.9542937]},"faces":{"east":{"uv":[10.375,10.375,10.625,11.1875],"rotation":0,"texture":"#0","tintindex":0},"south":{"uv":[8.1875,7.0,8.875,7.8125],"rotation":0,"texture":"#0","tintindex":0},"north":{"uv":[8.1875,0.6875,8.875,1.5],"rotation":0,"texture":"#0","tintindex":0},"west":{"uv":[0.625,10.4375,0.875,11.25],"rotation":0,"texture":"#0","tintindex":0},"up":{"uv":[11.1875,1.5625,10.5,1.3125],"rotation":0,"texture":"#0","tintindex":0},"down":{"uv":[11.1875,3.375,10.5,3.625],"rotation":0,"texture":"#0","tintindex":0}}},{"from":[5.530243,5.486804,2.8295345],"to":[8.8035555,7.0556536,3.6914854],"rotation":{"angle":45.0,"axis":"x","origin":[6.8003654,4.5944963,3.9542937]},"faces":{"east":{"uv":[5.9375,10.5,6.125,10.875],"rotation":0,"texture":"#0","tintindex":0},"south":{"uv":[9.6875,8.0625,10.5625,8.4375],"rotation":0,"texture":"#0","tintindex":0},"north":{"uv":[9.6875,7.6875,10.5625,8.0625],"rotation":0,"texture":"#0","tintindex":0},"west":{"uv":[6.125,10.5,6.3125,10.875],"rotation":0,"texture":"#0","tintindex":0},"up":{"uv":[11.375,3.8125,10.5,3.625],"rotation":0,"texture":"#0","tintindex":0},"down":{"uv":[11.375,3.8125,10.5,4.0],"rotation":0,"texture":"#0","tintindex":0}}},{"from":[6.3851805,3.6626844,2.6650758],"to":[7.8782177,4.6480594,5.3474846],"rotation":{"angle":-22.5,"axis":"x","origin":[6.8003654,4.8802104,4.2400084]},"faces":{"east":{"uv":[10.5,4.5,11.125,4.6875],"rotation":0,"texture":"#0","tintindex":0},"south":{"uv":[5.75,4.3125,6.1875,4.5],"rotation":0,"texture":"#0","tintindex":0},"north":{"uv":[4.375,2.0,4.8125,2.1875],"rotation":0,"texture":"#0","tintindex":0},"west":{"uv":[10.5,4.6875,11.125,4.875],"rotation":0,"texture":"#0","tintindex":0},"up":{"uv":[10.5,5.5625,10.0625,4.9375],"rotation":0,"texture":"#0","tintindex":0},"down":{"uv":[10.5,6.4375,10.0625,7.0625],"rotation":0,"texture":"#0",