{"textures":{"0":"modelengine:entity/rhino"},"elements":[{"from":[6.3794284,4.712762,6.8554287],"to":[9.421715,9.816762,9.046286],"rotation":{"angle":-22.5,"axis":"z","origin":[7.033143,7.8430476,7.437143]},"faces":{"east":{"uv":[4.5625,6.875,3.9375,8.125],"rotation":0,"texture":"#0","tintindex":0},"south":{"uv":[6.5,0.9375,5.75,2.1875],"rotation":0,"texture":"#0","tintindex":0},"north":{"uv":[5.9375,5.4375,5.1875,6.6875],"rotation":0,"texture":"#0","tintindex":0},"west":{"uv":[5.5,6.6875,4.875,7.9375],"rotation":0,"texture":"#0","tintindex":0},"up":{"uv":[8.8125,6.0,7.875,5.375],"rotation":0,"texture":"#0","tintindex":0},"down":{"uv":[7.8125,8.1875,8.5625,8.8125],"rotation":0,"texture":"#0","tintindex":0}}}],"display":{"head":{"translation":[0.0,-6.4,0.0],"scale":[4.0,4.0,4.0]}}}