{"textures":{"0":"modelengine:entity/rhino"},"elements":[{"from":[5.1640005,2.2473335,5.9969997],"to":[10.488,11.179333,9.830999],"faces":{"east":{"uv":[4.5625,6.875,3.9375,8.125],"tintindex":0,"rotation":0,"texture":"#0"},"south":{"uv":[6.5,0.9375,5.75,2.1875],"tintindex":0,"rotation":0,"texture":"#0"},"north":{"uv":[5.9375,5.4375,5.1875,6.6875],"tintindex":0,"rotation":0,"texture":"#0"},"west":{"uv":[5.5,6.6875,4.875,7.9375],"tintindex":0,"rotation":0,"texture":"#0"},"up":{"uv":[8.8125,6.0,7.875,5.375],"tintindex":0,"rotation":0,"texture":"#0"},"down":{"uv":[7.8125,8.1875,8.5625,8.8125],"tintindex":0,"rotation":0,"texture":"#0"}},"rotation":{"origin":[6.308,7.725333,7.015],"angle":-22.5,"axis":"z"}}]}