{"textures":{"0":"modelengine:entity/rhino"},"elements":[{"from":[7.6514287,5.664,8.404572],"to":[8.405714,8.128,9.108572],"rotation":{"angle":-22.5,"axis":"x","origin":[8.028571,6.5439997,8.115429]},"faces":{"east":{"uv":[2.125,10.4375,2.3125,11.0625],"rotation":0,"texture":"#0","tintindex":0},"south":{"uv":[2.3125,10.4375,2.5,11.0625],"rotation":0,"texture":"#0","tintindex":0},"north":{"uv":[3.75,7.0625,3.9375,7.6875],"rotation":0,"texture":"#0","tintindex":0},"west":{"uv":[5.625,10.4375,5.8125,11.0625],"rotation":0,"texture":"#0","tintindex":0},"up":{"uv":[0.8125,7.4375,0.625,7.25],"rotation":0,"texture":"#0","tintindex":0},"down":{"uv":[2.375,7.4375,2.1875,7.625],"rotation":0,"texture":"#0","tintindex":0}}},{"from":[7.752,3.799006,8.846671],"to":[8.330286,6.1121492,9.349528],"rotation":{"angle":0.0,"axis":"y","origin":[8.028571,4.679006,8.356385]},"faces":{"east":{"uv":[4.125,10.5,4.25,11.0625],"rotation":0,"texture":"#0","tintindex":0},"south":{"uv":[4.25,10.5,4.375,11.0625],"rotation":0,"texture":"#0","tintindex":0},"north":{"uv":[3.625,8.25,3.75,8.8125],"rotation":0,"texture":"#0","tintindex":0},"west":{"uv":[5.8125,10.5,5.9375,11.0625],"rotation":0,"texture":"#0","tintindex":0},"up":{"uv":[9.3125,1.25,9.1875,1.125],"rotation":0,"texture":"#0","tintindex":0},"down":{"uv":[9.3125,1.25,9.1875,1.375],"rotation":0,"texture":"#0","tintindex":0}}},{"from":[7.6514287,2.219428,9.158857],"to":[8.430857,3.2754288,10.164572],"rotation":{"angle":-45.0,"axis":"x","origin":[8.028571,2.4205713,8.5177145]},"faces":{"east":{"uv":[5.5,7.5,5.75,7.75],"rotation":0,"texture":"#0","tintindex":0},"south":{"uv":[6.5,10.75,6.6875,11.0],"rotation":0,"texture":"#0","tintindex":0},"north":{"uv":[10.75,6.375,10.9375,6.625],"rotation":0,"texture":"#0","tintindex":0},"west":{"uv":[3.3125,9.375,3.5625,9.625],"rotation":0,"texture":"#0","tintindex":0},"up":{"uv":[10.9375,6.875,10.75,6.625],"rotation":0,"texture":"#0","tintindex":0},"down":{"uv":[7.1875,10.75,7.0,11.0],"rotation":0,"texture":"#0","tintindex":0}}}],"display":{"head":{"translation":[0.0,-6.4,0.0],"scale":[4.0,4.0,4.0]}}}