{"textures":{"0":"modelengine:entity/rhino"},"elements":[{"from":[6.592,7.717919,3.7096806],"to":[10.350857,11.539633,6.3119664],"rotation":{"angle":22.5,"axis":"x","origin":[8.565714,9.188776,4.979395]},"faces":{"east":{"uv":[8.8125,6.0,7.875,5.375],"rotation":0,"texture":"#0","tintindex":0},"south":{"uv":[3.9375,5.9375,4.875,6.875],"rotation":0,"texture":"#0","tintindex":0},"north":{"uv":[8.8125,6.0,7.875,5.375],"rotation":0,"texture":"#0","tintindex":0},"west":{"uv":[8.8125,6.0,7.875,5.375],"rotation":0,"texture":"#0","tintindex":0},"up":{"uv":[8.8125,6.0,7.875,5.375],"rotation":0,"texture":"#0","tintindex":0},"down":{"uv":[9.0625,2.4375,8.125,3.0625],"rotation":0,"texture":"#0","tintindex":0}}},{"from":[6.3531427,6.4807577,9.826846],"to":[10.891429,10.252187,12.529703],"rotation":{"angle":22.5,"axis":"x","origin":[8.528,7.800758,11.901132]},"faces":{"east":{"uv":[2.1875,7.625,2.875,8.5625],"rotation":0,"texture":"#0","tintindex":0},"south":{"uv":[5.375,0.0,6.5,0.9375],"rotation":0,"texture":"#0","tintindex":0},"north":{"uv":[5.1875,4.5,6.3125,5.4375],"rotation":0,"texture":"#0","tintindex":0},"west":{"uv":[7.625,6.0625,8.3125,7.0],"rotation":0,"texture":"#0","tintindex":0},"up":{"uv":[8.25,5.375,7.125,4.6875],"rotation":0,"texture":"#0","tintindex":0},"down":{"uv":[8.4375,0.0,7.3125,0.6875],"rotation":0,"texture":"#0","tintindex":0}}},{"from":[6.2777143,6.58649,2.0125375],"to":[10.665143,11.791061,5.746252],"rotation":{"angle":-22.5,"axis":"x","origin":[8.565714,9.188776,4.979395]},"faces":{"east":{"uv":[4.25,4.625,5.1875,5.9375],"rotation":0,"texture":"#0","tintindex":0},"south":{"uv":[2.1875,4.125,3.25,5.4375],"rotation":0,"texture":"#0","tintindex":0},"north":{"uv":[1.125,4.125,2.1875,5.4375],"rotation":0,"texture":"#0","tintindex":0},"west":{"uv":[4.8125,1.25,5.75,2.5625],"rotation":0,"texture":"#0","tintindex":0},"up":{"uv":[2.125,6.375,1.0625,5.4375],"rotation":0,"texture":"#0","tintindex":0},"down":{"uv":[3.1875,5.4375,2.125,6.375],"rotation":0,"texture":"#0","tintindex":0}}},{"from":[6.918857,9.571867,11.356563],"to":[10.137143,11.547867,12.663991],"rotation":{"angle":45.0,"axis":"x","origin":[8.534286,8.544853,7.147268]},"faces":{"east":{"uv":[4.875,5.9375,5.1875,6.625],"rotation":0,"texture":"#0","tintindex":0},"south":{"uv":[6.25,8.125,7.0625,8.8125],"rotation":0,"texture":"#0","tintindex":0},"north":{"uv":[3.75,8.125,4.5625,8.8125],"rotation":0,"texture":"#0","tintindex":0},"west":{"uv":[4.5625,6.875,4.875,7.5625],"rotation":0,"texture":"#0","tintindex":0},"up":{"uv":[10.9375,0.6875,10.125,0.375],"rotation":0,"texture":"#0","tintindex":0},"down":{"uv":[10.9375,0.6875,10.125,1.0],"rotation":0,"texture":"#0","tintindex":0}}},{"from":[6.0137143,5.9299,4.3582745],"to":[10.966857,9.686472,10.518274],"rotation":{"angle":0.0,"axis":"x","origin":[8.534286,8.544853,7.147268]},"faces":{"east":{"uv":[0.0,1.5625,1.5625,2.6875],"rotation":0,"texture":"#0","tintindex":0},"south":{"uv":[3.5625,2.25,4.8125,3.375],"rotation":0,"texture":"#0","tintindex":0},"north":{"uv":[3.125,1.125,4.375,2.25],"rotation":0,"texture":"#0","tintindex":0},"west":{"uv":[1.5625,1.5625,3.125,2.6875],"rotation":0,"texture":"#0","tintindex":0},"up":{"uv":[1.25,1.5625,0.0,0.0],"rotation":0,"texture":"#0","tintindex":0},"down":{"uv":[2.5,0.0,1.25,1.5625],"rotation":0,"texture":"#0","tintindex":0}}},{"from":[6.7177143,5.2790084,5.8755355],"to":[10.413714,5.999008,7.618393],"rotation":{"angle":22.5,"axis":"x","origin":[8.534286,8.544853,7.147268]},"faces":{"east":{"uv":[7.625,7.0,8.125,7.25],"rotation":0,"texture":"#0","tintindex":0},"south":{"uv":[10.3125,2.25,11.25,2.5],"rotation":0,"texture":"#0","tintindex":0},"north":{"uv":[10.25,9.3125,11.1875,9.5625],"rotation":0,"texture":"#0","tintindex":0},"west":{"uv":[5.75,8.5625,6.25,8.8125],"rotation":0,"texture":"#0","tintindex":0},"up":{"uv":[9.375,0.5,8.4375,0.0],"rotation":0,"texture":"#0","tintindex":0},"down":{"uv":[9.375,3.0625,8.4375,3.5625],"rotation":0,"texture":"#0","tintindex":0}}},{"from":[6.541714,5.351615,6.118274],"to":[10.564571,6.0716147,11.247417],"rotation":{"angle":0.0,"axis":"x","origin":[8.534286,8.544853,7.147268]},"faces":{"east":{"uv":[9.625,2.8125,10.875,3.0625],"rotation":0,"texture":"#0","tintindex":0},"south":{"uv":[0.625,10.1875,1.625,10.4375],"rotation":0,"texture":"#0","tintindex":0},"north":{"uv":[9.8125,10.125,10.8125,10.375],"rotation":0,"texture":"#0","tintindex":0},"west":{"uv":[10.0,1.5625,11.25,1.8125],"rotation":0,"texture":"#0","tintindex":0},"up":{"uv":[5.375,1.25,4.375,0.0],"rotation":0,"texture":"#0","tintindex":0},"down":{"uv":[4.25,4.625,3.25,5.875],"rotation":0,"texture":"#0","tintindex":0}}},{"from":[6.2777143,6.469472,5.1221056],"to":[10.665143,10.8694725,10.96782],"rotation":{"angle":0.0,"axis":"y","origin":[8.565714,8.9209,7.44782]},"faces":{"east":{"uv":[2.5,0.0,3.9375,1.125],"rotation":0,"texture":"#0","tintindex":0},"south":{"uv":[0.0,5.0625,1.0625,6.1875],"rotation":0,"texture":"#0","tintindex":0},"north":{"uv":[4.6875,3.375,5.75,4.5],"rotation":0,"texture":"#0","tintindex":0},"west":{"uv":[0.0,2.6875,1.4375,3.8125],"rotation":0,"texture":"#0","tintindex":0},"up":{"uv":[2.5,4.125,1.4375,2.6875],"rotation":0,"texture":"#0","tintindex":0},"down":{"uv":[3.5625,2.6875,2.5,4.125],"rotation":0,"texture":"#0","tintindex":0}}},{"from":[6.3531427,5.741329,8.481703],"to":[10.753143,9.799615,11.297703],"rotation":{"angle":0.0,"axis":"x","origin":[8.553143,7.624758,9.889703]},"faces":{"east":{"uv":[2.4375,6.375,3.125,7.625],"rotation":0,"texture":"#0","tintindex":0},"south":{"uv":[0.0,3.8125,1.125,5.0625],"rotation":0,"texture":"#0","tintindex":0},"north":{"uv":[3.5625,3.375,4.6875,4.625],"rotation":0,"texture":"#0","tintindex":0},"west":{"uv":[5.9375,6.5,6.625,7.75],"rotation":0,"texture":"#0","tintindex":0},"up":{"uv":[7.875,6.0625,6.75,5.375],"rotation":0,"texture":"#0","tintindex":0},"down":{"uv":[8.25,4.0,7.125,4.6875],"rotation":0,"texture":"#0","tintindex":0}}}],"display":{"head":{"translation":[0.0,-6.4,0.0],"scale":[4.0,4.0,4.0]}}}