{"textures":{"0":"modelengine:entity/deadbeard3"},"elements":[{"from":[6.226746,2.4379902,1.1329346],"to":[9.226746,5.43799,1.1329346],"faces":{"south":{"uv":[11.125,6.25,11.875,7.0],"tintindex":0,"rotation":0,"texture":"#0"},"north":{"uv":[3.25,7.625,4.0,8.375],"tintindex":0,"rotation":0,"texture":"#0"}},"rotation":{"origin":[5.3784394,-9.985035,10.326358],"angle":22.5,"axis":"x"}},{"from":[6.226746,-3.414752,-4.896906],"to":[9.226746,-0.414752,-4.896906],"faces":{"south":{"uv":[0.875,11.5,1.625,12.25],"tintindex":0,"rotation":0,"texture":"#0"},"north":{"uv":[11.25,0.75,12.0,1.5],"tintindex":0,"rotation":0,"texture":"#0"}},"rotation":{"origin":[5.3784394,-11.5642605,7.3940873],"angle":45.0,"axis":"x"}}]}