{"textures":{"0":"modelengine:entity/deadbeard3"},"elements":[{"from":[3.5378437,1.450098,3.7383041],"to":[10.537843,11.450096,9.738304],"faces":{"east":{"uv":[8.625,9.75,9.375,11.0],"tintindex":0,"rotation":0,"texture":"#0"},"south":{"uv":[7.75,9.125,8.625,10.375],"tintindex":0,"rotation":0,"texture":"#0"},"north":{"uv":[8.625,4.75,9.5,6.0],"tintindex":0,"rotation":0,"texture":"#0"},"west":{"uv":[9.375,9.75,10.125,11.0],"tintindex":0,"rotation":0,"texture":"#0"},"up":{"uv":[6.75,11.625,5.875,10.875],"tintindex":0,"rotation":0,"texture":"#0"},"down":{"uv":[11.0,10.875,10.125,11.625],"tintindex":0,"rotation":0,"texture":"#0"}}},{"from":[4.5378428,-1.549902,3.7383041],"to":[9.537843,1.450098,8.738304],"faces":{"east":{"uv":[13.375,1.5,14.0,1.875],"tintindex":0,"rotation":0,"texture":"#0"},"south":{"uv":[13.375,1.875,14.0,2.25],"tintindex":0,"rotation":0,"texture":"#0"},"north":{"uv":[13.375,1.125,14.0,1.5],"tintindex":0,"rotation":0,"texture":"#0"},"west":{"uv":[13.375,2.25,14.0,2.625],"tintindex":0,"rotation":0,"texture":"#0"},"up":{"uv":[13.375,3.0,12.75,2.375],"tintindex":0,"rotation":0,"texture":"#0"},"down":{"uv":[13.375,3.0,12.75,3.625],"tintindex":0,"rotation":0,"texture":"#0"}}}]}