{"textures":{"0":"modelengine:entity/deadbeard3"},"elements":[{"from":[8.313474,-8.301844,-2.9062672],"to":[11.313474,-5.3018436,1.0937324],"faces":{"east":{"uv":[13.375,2.875,13.875,3.25],"tintindex":0,"rotation":0,"texture":"#0"},"south":{"uv":[5.875,13.75,6.25,14.125],"tintindex":0,"rotation":0,"texture":"#0"},"north":{"uv":[5.5,13.75,5.875,14.125],"tintindex":0,"rotation":0,"texture":"#0"},"west":{"uv":[13.375,3.25,13.875,3.625],"tintindex":0,"rotation":0,"texture":"#0"},"up":{"uv":[11.0,8.25,10.625,7.75],"tintindex":0,"rotation":0,"texture":"#0"},"down":{"uv":[13.75,12.5,13.375,13.0],"tintindex":0,"rotation":0,"texture":"#0"}},"rotation":{"origin":[21.645927,-17.135279,2.1684933],"angle":22.5,"axis":"x"}},{"from":[5.3134737,-11.301844,-2.9062672],"to":[9.313474,-5.3018436,4.093733],"faces":{"east":{"uv":[3.5,11.0,4.375,11.75],"tintindex":0,"rotation":0,"texture":"#0"},"south":{"uv":[10.0,12.875,10.5,13.625],"tintindex":0,"rotation":0,"texture":"#0"},"north":{"uv":[9.5,12.875,10.0,13.625],"tintindex":0,"rotation":0,"texture":"#0"},"west":{"uv":[8.125,11.0,9.0,11.75],"tintindex":0,"rotation":0,"texture":"#0"},"up":{"uv":[4.25,10.75,3.75,9.875],"tintindex":0,"rotation":0,"texture":"#0"},"down":{"uv":[0.5,12.375,0.0,13.25],"tintindex":0,"rotation":0,"texture":"#0"}},"rotation":{"origin":[21.645927,-17.135279,2.1684933],"angle":22.5,"axis":"x"}},{"from":[4.3134747,-1.3018436,-2.9062672],"to":[11.313474,8.698156,3.0937324],"faces":{"east":{"uv":[6.5,9.625,7.25,10.875],"tintindex":0,"rotation":0,"texture":"#0"},"south":{"uv":[5.625,8.625,6.5,9.875],"tintindex":0,"rotation":0,"texture":"#0"},"north":{"uv":[1.75,8.625,2.625,9.875],"tintindex":0,"rotation":0,"texture":"#0"},"west":{"uv":[4.25,9.75,5.0,11.0],"tintindex":0,"rotation":0,"texture":"#0"},"up":{"uv":[3.5,11.625,2.625,10.875],"tintindex":0,"rotation":0,"texture":"#0"},"down":{"uv":[5.875,10.875,5.0,11.625],"tintindex":0,"rotation":0,"texture":"#0"}},"rotation":{"origin":[21.645927,-17.135279,2.1684933],"angle":22.5,"axis":"x"}},{"from":[4.3134747,-5.3018436,-2.9062672],"to":[11.313474,-1.3018436,5.093733],"faces":{"east":{"uv":[11.875,11.125,12.875,11.625],"tintindex":0,"rotation":0,"texture":"#0"},"south":{"uv":[11.625,12.5,12.5,13.0],"tintindex":0,"rotation":0,"texture":"#0"},"north":{"uv":[4.75,12.5,5.625,13.0],"tintindex":0,"rotation":0,"texture":"#0"},"west":{"uv":[4.0,12.0,5.0,12.5],"tintindex":0,"rotation":0,"texture":"#0"},"up":{"uv":[3.75,10.875,2.875,9.875],"tintindex":0,"rotation":0,"texture":"#0"},"down":{"uv":[5.875,9.875,5.0,10.875],"tintindex":0,"rotation":0,"texture":"#0"}},"rotation":{"origin":[21.645927,-17.135279,2.1684933],"angle":22.5,"axis":"x"}}]}