{"textures":{"0":"modelengine:entity/deadbeard3"},"elements":[{"from":[7.1141624,-9.203367,5.249351],"to":[9.114162,-3.2033682,7.249351],"faces":{"east":{"uv":[9.875,11.0,10.125,11.75],"tintindex":0,"rotation":0,"texture":"#0"},"south":{"uv":[11.125,13.25,11.375,14.0],"tintindex":0,"rotation":0,"texture":"#0"},"north":{"uv":[6.75,4.0,7.0,4.75],"tintindex":0,"rotation":0,"texture":"#0"},"west":{"uv":[3.625,13.375,3.875,14.125],"tintindex":0,"rotation":0,"texture":"#0"},"up":{"uv":[0.75,12.625,0.5,12.375],"tintindex":0,"rotation":0,"texture":"#0"},"down":{"uv":[0.75,12.625,0.5,12.875],"tintindex":0,"rotation":0,"texture":"#0"}}},{"from":[5.6141624,-1.2033682,3.749351],"to":[10.614162,2.7966318,8.7493515],"faces":{"east":{"uv":[13.25,4.0,13.875,4.5],"tintindex":0,"rotation":0,"texture":"#0"},"south":{"uv":[13.25,4.5,13.875,5.0],"tintindex":0,"rotation":0,"texture":"#0"},"north":{"uv":[10.5,13.25,11.125,13.75],"tintindex":0,"rotation":0,"texture":"#0"},"west":{"uv":[13.25,5.0,13.875,5.5],"tintindex":0,"rotation":0,"texture":"#0"},"up":{"uv":[13.375,1.75,12.75,1.125],"tintindex":0,"rotation":0,"texture":"#0"},"down":{"uv":[13.375,1.75,12.75,2.375],"tintindex":0,"rotation":0,"texture":"#0"}}},{"from":[5.6141624,-0.27836895,3.7314878],"to":[10.614162,7.72163,8.731487],"faces":{"east":{"uv":[11.25,4.125,11.875,5.125],"tintindex":0,"rotation":0,"texture":"#0"},"south":{"uv":[11.25,10.0,11.875,11.0],"tintindex":0,"rotation":0,"texture":"#0"},"north":{"uv":[11.125,9.0,11.75,10.0],"tintindex":0,"rotation":0,"texture":"#0"},"west":{"uv":[11.375,5.125,12.0,6.125],"tintindex":0,"rotation":0,"texture":"#0"},"up":{"uv":[8.75,13.375,8.125,12.75],"tintindex":0,"rotation":0,"texture":"#0"},"down":{"uv":[13.375,0.5,12.75,1.125],"tintindex":0,"rotation":0,"texture":"#0"}},"rotation":{"origin":[8.635107,1.2142286,11.469956],"angle":22.5,"axis":"x"}},{"from":[6.6141624,-3.2033682,4.749351],"to":[9.614162,-1.2033682,7.749351],"faces":{"east":{"uv":[4.0,11.75,4.375,12.0],"tintindex":0,"rotation":0,"texture":"#0"},"south":{"uv":[7.0,13.75,7.375,14.0],"tintindex":0,"rotation":0,"texture":"#0"},"north":{"uv":[11.5,7.5,11.875,7.75],"tintindex":0,"rotation":0,"texture":"#0"},"west":{"uv":[7.375,13.75,7.75,14.0],"tintindex":0,"rotation":0,"texture":"#0"},"up":{"uv":[13.375,14.0,13.0,13.625],"tintindex":0,"rotation":0,"texture":"#0"},"down":{"uv":[14.0,7.0,13.625,7.375],"tintindex":0,"rotation":0,"texture":"#0"}}}]}