{"textures":{"0":"modelengine:entity/deadbeard3"},"elements":[{"from":[4.4863305,2.2310057,6.559861],"to":[11.486331,6.2310057,13.559861],"faces":{"east":{"uv":[3.0,12.375,3.875,12.875],"tintindex":0,"rotation":0,"texture":"#0"},"south":{"uv":[10.75,12.375,11.625,12.875],"tintindex":0,"rotation":0,"texture":"#0"},"north":{"uv":[2.125,12.375,3.0,12.875],"tintindex":0,"rotation":0,"texture":"#0"},"west":{"uv":[3.875,12.5,4.75,13.0],"tintindex":0,"rotation":0,"texture":"#0"},"up":{"uv":[11.0,2.5,10.125,1.625],"tintindex":0,"rotation":0,"texture":"#0"},"down":{"uv":[11.0,2.5,10.125,3.375],"tintindex":0,"rotation":0,"texture":"#0"}}},{"from":[6.4863305,-2.7689943,6.559861],"to":[9.48633,-0.76899433,8.559861],"faces":{"east":{"uv":[9.5,7.25,9.75,7.5],"tintindex":0,"rotation":0,"texture":"#0"},"south":{"uv":[3.75,10.75,4.125,11.0],"tintindex":0,"rotation":0,"texture":"#0"},"north":{"uv":[10.25,7.0,10.625,7.25],"tintindex":0,"rotation":0,"texture":"#0"},"west":{"uv":[10.75,12.125,11.0,12.375],"tintindex":0,"rotation":0,"texture":"#0"},"up":{"uv":[7.125,11.125,6.75,10.875],"tintindex":0,"rotation":0,"texture":"#0"},"down":{"uv":[11.875,0.5,11.5,0.75],"tintindex":0,"rotation":0,"texture":"#0"}}},{"from":[5.4863305,6.2310057,7.559861],"to":[10.48633,8.231006,12.55986],"faces":{"east":{"uv":[9.375,13.625,10.0,13.875],"tintindex":0,"rotation":0,"texture":"#0"},"south":{"uv":[11.375,13.625,12.0,13.875],"tintindex":0,"rotation":0,"texture":"#0"},"north":{"uv":[12.0,8.75,12.625,9.0],"tintindex":0,"rotation":0,"texture":"#0"},"west":{"uv":[12.0,13.625,12.625,13.875],"tintindex":0,"rotation":0,"texture":"#0"},"up":{"uv":[7.5,13.375,6.875,12.75],"tintindex":0,"rotation":0,"texture":"#0"},"down":{"uv":[8.125,12.75,7.5,13.375],"tintindex":0,"rotation":0,"texture":"#0"}}},{"from":[6.4863305,-2.7689943,8.559861],"to":[9.48633,2.2310057,11.55986],"faces":{"east":{"uv":[9.0,13.375,9.375,14.0],"tintindex":0,"rotation":0,"texture":"#0"},"south":{"uv":[13.375,13.375,13.75,14.0],"tintindex":0,"rotation":0,"texture":"#0"},"north":{"uv":[8.625,13.375,9.0,14.0],"tintindex":0,"rotation":0,"texture":"#0"},"west":{"uv":[13.375,0.5,13.75,1.125],"tintindex":0,"rotation":0,"texture":"#0"},"up":{"uv":[10.375,14.0,10.0,13.625],"tintindex":0,"rotation":0,"texture":"#0"},"down":{"uv":[13.0,13.625,12.625,14.0],"tintindex":0,"rotation":0,"texture":"#0"}}}]}