{"textures":{"0":"modelengine:entity/bichon"},"elements":[{"from":[6.646143,4.240187,7.7236204],"to":[9.251857,6.8459015,10.166478],"rotation":{"angle":-45.0,"axis":"x","origin":[8.726643,6.6062365,5.1026554]},"faces":{"east":{"uv":[5.258,6.258,6.242,7.242],"rotation":0,"texture":"#0","tintindex":0},"south":{"uv":[6.508,2.508,7.492,3.492],"rotation":0,"texture":"#0","tintindex":0},"north":{"uv":[4.008,6.258,4.992,7.242],"rotation":0,"texture":"#0","tintindex":0},"west":{"uv":[6.508,3.758,7.492,4.742],"rotation":0,"texture":"#0","tintindex":0},"up":{"uv":[7.492,5.992,6.508,5.008],"rotation":0,"texture":"#0","tintindex":0},"down":{"uv":[7.492,6.258,6.508,7.242],"rotation":0,"texture":"#0","tintindex":0}}}],"display":{"head":{"translation":[0.0,-6.4,0.0],"scale":[4.0,4.0,4.0]}}}