{"textures":{"0":"modelengine:entity/slime_mammoth_adult"},"elements":[{"from":[2.8571424,8.428572,4.0],"to":[13.142858,10.142858,11.428572],"rotation":{"angle":0.0,"axis":"y","origin":[8.114285,-5.5714293,24.685715]},"faces":{"east":{"uv":[4.75,4.1875,5.5625,4.375],"rotation":0,"texture":"#0","tintindex":0},"south":{"uv":[4.75,4.1875,5.875,4.375],"rotation":0,"texture":"#0","tintindex":0},"north":{"uv":[4.75,4.1875,5.875,4.375],"rotation":0,"texture":"#0","tintindex":0},"west":{"uv":[4.75,4.1875,5.5625,4.375],"rotation":0,"texture":"#0","tintindex":0},"up":{"uv":[4.75,4.1875,5.875,5.0],"rotation":0,"texture":"#0","tintindex":0},"down":{"uv":[4.75,4.1875,5.875,5.0],"rotation":0,"texture":"#0","tintindex":0}}},{"from":[3.2571425,1.8571424,4.9714284],"to":[12.742857,8.714286,11.028572],"rotation":{"angle":0.0,"axis":"y","origin":[8.0,5.0,8.0]},"faces":{"east":{"uv":[4.75,4.1875,5.4125,4.9375],"rotation":0,"texture":"#0","tintindex":0},"south":{"uv":[4.75,4.1875,5.7875,4.9375],"rotation":0,"texture":"#0","tintindex":0},"north":{"uv":[4.75,4.1875,5.7875,4.9375],"rotation":0,"texture":"#0","tintindex":0},"west":{"uv":[4.75,4.1875,5.4125,4.9375],"rotation":0,"texture":"#0","tintindex":0},"up":{"uv":[4.75,4.1875,5.7875,4.85],"rotation":0,"texture":"#0","tintindex":0},"down":{"uv":[4.75,4.1875,5.7875,4.85],"rotation":0,"texture":"#0","tintindex":0}}}],"display":{"head":{"translation":[0.0,-6.4,0.0],"scale":[4.0,4.0,4.0]}}}