{"textures":{"0":"modelengine:entity/slime_mammoth_adult"},"elements":[{"from":[0.5714283,6.857143,2.8571424],"to":[15.428572,9.142858,13.142858],"rotation":{"angle":0.0,"axis":"y","origin":[8.0,8.0,8.0]},"faces":{"east":{"uv":[4.75,4.1875,5.875,4.4375],"rotation":0,"texture":"#0","tintindex":0},"south":{"uv":[4.75,4.1875,6.375,4.4375],"rotation":0,"texture":"#0","tintindex":0},"north":{"uv":[4.75,4.1875,6.375,4.4375],"rotation":0,"texture":"#0","tintindex":0},"west":{"uv":[4.75,4.1875,5.875,4.4375],"rotation":0,"texture":"#0","tintindex":0},"up":{"uv":[4.75,4.1875,6.375,5.3125],"rotation":0,"texture":"#0","tintindex":0},"down":{"uv":[4.75,4.1875,6.375,5.3125],"rotation":0,"texture":"#0","tintindex":0}}},{"from":[1.7142854,5.142857,3.4285712],"to":[14.285715,6.857143,12.571428],"rotation":{"angle":0.0,"axis":"y","origin":[8.114285,-11.714287,25.257145]},"faces":{"east":{"uv":[4.75,4.1875,5.75,4.375],"rotation":0,"texture":"#0","tintindex":0},"south":{"uv":[4.75,4.1875,6.125,4.375],"rotation":0,"texture":"#0","tintindex":0},"north":{"uv":[4.75,4.1875,6.125,4.375],"rotation":0,"texture":"#0","tintindex":0},"west":{"uv":[4.75,4.1875,5.75,4.375],"rotation":0,"texture":"#0","tintindex":0},"up":{"uv":[4.75,4.1875,6.125,5.1875],"rotation":0,"texture":"#0","tintindex":0},"down":{"uv":[4.75,4.1875,6.125,5.1875],"rotation":0,"texture":"#0","tintindex":0}}},{"from":[2.2857141,4.0,4.0],"to":[13.714286,5.142857,12.0],"rotation":{"angle":0.0,"axis":"y","origin":[8.114285,-11.714287,25.257145]},"faces":{"east":{"uv":[4.75,4.1875,5.625,4.3125],"rotation":0,"texture":"#0","tintindex":0},"south":{"uv":[4.75,4.1875,6.0,4.3125],"rotation":0,"texture":"#0","tintindex":0},"north":{"uv":[4.75,4.1875,6.0,4.3125],"rotation":0,"texture":"#0","tintindex":0},"west":{"uv":[4.75,4.1875,5.625,4.3125],"rotation":0,"texture":"#0","tintindex":0},"up":{"uv":[4.75,4.1875,6.0,5.0625],"rotation":0,"texture":"#0","tintindex":0},"down":{"uv":[4.75,4.1875,6.0,5.0625],"rotation":0,"texture":"#0","tintindex":0}}}],"display":{"head":{"translation":[0.0,-6.4,0.0],"scale":[4.0,4.0,4.0]}}}