{"textures":{"0":"modelengine:entity/slime_mammoth_adult"},"elements":[{"from":[-5.075598,3.873642,7.456249],"to":[0.77440166,4.873642,8.456249],"faces":{"east":{"uv":[9.625,8.375,9.75,8.5],"tintindex":0,"rotation":0,"texture":"#0"},"south":{"uv":[11.6875,8.375,12.41875,8.6875],"tintindex":0,"rotation":0,"texture":"#0"},"north":{"uv":[11.6875,8.375,12.41875,8.6875],"tintindex":0,"rotation":0,"texture":"#0"},"west":{"uv":[9.625,8.375,9.75,8.5],"tintindex":0,"rotation":0,"texture":"#0"},"up":{"uv":[11.6875,8.375,12.41875,8.6875],"tintindex":0,"rotation":0,"texture":"#0"},"down":{"uv":[11.6875,8.375,12.41875,8.6875],"tintindex":0,"rotation":0,"texture":"#0"}},"rotation":{"origin":[4.399402,4.673642,7.706249],"angle":-22.5,"axis":"z"}},{"from":[9.899915,11.190365,7.15625],"to":[18.249914,12.940365,8.90625],"faces":{"east":{"uv":[9.625,8.375,9.75,8.5],"tintindex":0,"rotation":0,"texture":"#0"},"south":{"uv":[10.375,8.375,11.10625,8.6875],"tintindex":0,"rotation":0,"texture":"#0"},"north":{"uv":[10.375,8.375,11.10625,8.6875],"tintindex":0,"rotation":0,"texture":"#0"},"west":{"uv":[9.625,8.375,9.75,8.5],"tintindex":0,"rotation":0,"texture":"#0"},"up":{"uv":[10.375,8.375,11.10625,8.6875],"tintindex":0,"rotation":0,"texture":"#0"},"down":{"uv":[10.375,8.375,11.10625,8.6875],"tintindex":0,"rotation":0,"texture":"#0"}},"rotation":{"origin":[24.33892,3.4996872,16.346987],"angle":22.5,"axis":"z"}},{"from":[0.70592356,5.279378,7.356249],"to":[8.055923,6.529377,8.606249],"faces":{"east":{"uv":[9.625,8.375,9.75,8.5],"tintindex":0,"rotation":0,"texture":"#0"},"south":{"uv":[11.0,8.375,11.73125,8.6875],"tintindex":0,"rotation":0,"texture":"#0"},"north":{"uv":[11.0,8.375,11.73125,8.6875],"tintindex":0,"rotation":0,"texture":"#0"},"west":{"uv":[9.625,8.375,9.75,8.5],"tintindex":0,"rotation":0,"texture":"#0"},"up":{"uv":[11.0,8.375,11.73125,8.6875],"tintindex":0,"rotation":0,"texture":"#0"},"down":{"uv":[11.0,8.375,11.73125,8.6875],"tintindex":0,"rotation":0,"texture":"#0"}}},{"from":[19.984356,12.248428,6.90625],"to":[27.834356,14.498428,9.15625],"faces":{"east":{"uv":[9.625,8.375,9.75,8.5],"tintindex":0,"rotation":0,"texture":"#0"},"south":{"uv":[9.625,8.375,10.29375,8.6875],"tintindex":0,"rotation":0,"texture":"#0"},"north":{"uv":[9.625,8.375,10.29375,8.6875],"tintindex":0,"rotation":0,"texture":"#0"},"west":{"uv":[9.625,8.375,9.75,8.5],"tintindex":0,"rotation":0,"texture":"#0"},"up":{"uv":[9.625,8.375,10.29375,8.6875],"tintindex":0,"rotation":0,"texture":"#0"},"down":{"uv":[9.625,8.375,10.29375,8.6875],"tintindex":0,"rotation":0,"texture":"#0"}},"rotation":{"origin":[22.869932,5.1748123,16.596987],"angle":45.0,"axis":"z"}}]}