{"textures":{"0":"modelengine:entity/tiamat5"},"elements":[{"from":[4.5,0.0,4.000001],"to":[11.5,8.0,8.0],"faces":{"east":{"uv":[1.68125,10.50625,1.44375,10.99375],"tintindex":0,"rotation":0,"texture":"#0"},"south":{"uv":[10.30625,5.19375,9.88125,5.68125],"tintindex":0,"rotation":0,"texture":"#0"},"north":{"uv":[4.11875,9.88125,3.69375,10.36875],"tintindex":0,"rotation":0,"texture":"#0"},"west":{"uv":[0.24375,10.50625,0.00625,10.99375],"tintindex":0,"rotation":0,"texture":"#0"},"up":{"uv":[9.00625,8.43125,9.43125,8.19375],"tintindex":0,"rotation":0,"texture":"#0"},"down":{"uv":[10.56875,0.00625,10.99375,0.24375],"tintindex":0,"rotation":0,"texture":"#0"}},"rotation":{"origin":[8.0,4.0,6.0],"angle":45.0,"axis":"x"}}]}