{"textures":{"0":"modelengine:entity/tiamat5"},"elements":[{"from":[2.375,7.952095,7.962036],"to":[8.875,17.452095,7.962036],"faces":{"south":{"uv":[2.99375,6.81875,2.19375,7.99375],"tintindex":0,"rotation":0,"texture":"#0"},"north":{"uv":[4.75625,6.94375,5.55625,8.11875],"tintindex":0,"rotation":0,"texture":"#0"}}},{"from":[9.063765,7.952095,3.3745337],"to":[9.063765,17.452095,7.1245337],"faces":{"east":{"uv":[2.24375,6.81875,1.75625,7.99375],"tintindex":0,"rotation":0,"texture":"#0"},"west":{"uv":[3.31875,8.25625,3.80625,9.43125],"tintindex":0,"rotation":0,"texture":"#0"}},"rotation":{"origin":[6.864177,15.164818,7.0687943],"angle":-22.5,"axis":"y"}},{"from":[2.375,16.917126,8.750835],"to":[8.875,21.917126,8.750835],"faces":{"south":{"uv":[2.99375,6.19375,2.19375,6.80625],"tintindex":0,"rotation":0,"texture":"#0"},"north":{"uv":[8.69375,2.13125,9.49375,2.74375],"tintindex":0,"rotation":0,"texture":"#0"}},"rotation":{"origin":[7.114177,15.201832,7.0117035],"angle":-22.5,"axis":"x"}}]}