{"textures":{"0":"modelengine:entity/tiamat5"},"elements":[{"from":[8.0,-7.0,2.5],"to":[16.0,-2.0,8.5],"faces":{"east":{"uv":[7.43125,10.50625,7.06875,10.80625],"tintindex":0,"rotation":0,"texture":"#0"},"south":{"uv":[3.24375,10.19375,2.75625,10.49375],"tintindex":0,"rotation":0,"texture":"#0"},"north":{"uv":[10.68125,2.50625,10.19375,2.80625],"tintindex":0,"rotation":0,"texture":"#0"},"west":{"uv":[6.24375,10.50625,5.88125,10.80625],"tintindex":0,"rotation":0,"texture":"#0"},"up":{"uv":[7.00625,8.68125,7.49375,8.31875],"tintindex":0,"rotation":0,"texture":"#0"},"down":{"uv":[8.63125,0.88125,9.11875,1.24375],"tintindex":0,"rotation":0,"texture":"#0"}}},{"from":[14.852874,-2.0,13.272021],"to":[14.852874,14.0,19.272022],"faces":{"east":{"uv":[7.11875,9.31875,6.75625,10.30625],"tintindex":0,"rotation":0,"texture":"#0"},"west":{"uv":[9.61875,3.31875,9.25625,4.30625],"tintindex":0,"rotation":0,"texture":"#0"}},"rotation":{"origin":[14.852874,6.0,16.272022],"angle":-22.5,"axis":"y"}},{"from":[8.0,-2.0,2.5],"to":[16.0,14.0,13.5],"faces":{"east":{"uv":[8.49375,1.25625,7.81875,2.24375],"tintindex":0,"rotation":0,"texture":"#0"},"south":{"uv":[9.24375,3.69375,8.75625,4.68125],"tintindex":0,"rotation":0,"texture":"#0"},"north":{"uv":[2.49375,8.75625,2.00625,9.74375],"tintindex":0,"rotation":0,"texture":"#0"},"west":{"uv":[8.18125,7.69375,7.50625,8.68125],"tintindex":0,"rotation":0,"texture":"#0"},"up":{"uv":[1.00625,10.11875,1.49375,9.44375],"tintindex":0,"rotation":0,"texture":"#0"},"down":{"uv":[1.50625,9.44375,1.99375,10.11875],"tintindex":0,"rotation":0,"texture":"#0"}}}]}