{"textures":{"0":"modelengine:entity/tiamat5"},"elements":[{"from":[6.833333,4.0,5.666667],"to":[8.833333,8.0,8.0],"faces":{"east":{"uv":[3.68125,9.44375,3.25625,10.18125],"tintindex":0,"rotation":0,"texture":"#0"},"south":{"uv":[6.43125,9.75625,6.06875,10.49375],"tintindex":0,"rotation":0,"texture":"#0"},"north":{"uv":[2.36875,9.75625,2.00625,10.49375],"tintindex":0,"rotation":0,"texture":"#0"},"west":{"uv":[3.24375,9.44375,2.81875,10.18125],"tintindex":0,"rotation":0,"texture":"#0"},"up":{"uv":[7.69375,10.55625,8.05625,10.13125],"tintindex":0,"rotation":0,"texture":"#0"},"down":{"uv":[10.13125,9.81875,10.49375,10.24375],"tintindex":0,"rotation":0,"texture":"#0"}}},{"from":[8.166667,-3.666667,5.666667],"to":[8.166667,17.666668,18.0],"faces":{"east":{"uv":[2.30625,0.00625,0.00625,3.99375],"tintindex":0,"rotation":0,"texture":"#0"},"west":{"uv":[0.00625,0.00625,2.30625,3.99375],"tintindex":0,"rotation":0,"texture":"#0"}}},{"from":[10.501088,-3.666667,17.333687],"to":[10.501088,17.666668,25.333687],"faces":{"east":{"uv":[3.80625,0.00625,2.31875,3.99375],"tintindex":0,"rotation":0,"texture":"#0"},"west":{"uv":[2.31875,0.00625,3.80625,3.99375],"tintindex":0,"rotation":0,"texture":"#0"}},"rotation":{"origin":[7.658983,5.0416665,11.79888],"angle":-22.5,"axis":"y"}},{"from":[7.1666665,-3.666667,5.666667],"to":[8.833333,4.0,8.0],"faces":{"east":{"uv":[1.99375,8.00625,1.56875,9.43125],"tintindex":0,"rotation":0,"texture":"#0"},"south":{"uv":[2.80625,8.75625,2.50625,10.18125],"tintindex":0,"rotation":0,"texture":"#0"},"north":{"uv":[8.11875,8.69375,7.81875,10.11875],"tintindex":0,"rotation":0,"texture":"#0"},"west":{"uv":[1.55625,8.00625,1.13125,9.43125],"tintindex":0,"rotation":0,"texture":"#0"},"up":{"uv":[0.63125,10.86875,0.93125,10.44375],"tintindex":0,"rotation":0,"texture":"#0"},"down":{"uv":[10.44375,1.06875,10.74375,1.49375],"tintindex":0,"rotation":0,"texture":"#0"}}}]}