{"textures":{"0":"modelengine:entity/tiamat5"},"elements":[{"from":[8.5,-4.999999,6.2500005],"to":[11.0,4.0,10.75],"faces":{"east":{"uv":[1.11875,8.00625,0.56875,9.11875],"tintindex":0,"rotation":0,"texture":"#0"},"south":{"uv":[9.61875,9.19375,9.31875,10.30625],"tintindex":0,"rotation":0,"texture":"#0"},"north":{"uv":[7.68125,5.75625,7.38125,6.86875],"tintindex":0,"rotation":0,"texture":"#0"},"west":{"uv":[0.55625,8.00625,0.00625,9.11875],"tintindex":0,"rotation":0,"texture":"#0"},"up":{"uv":[4.44375,8.80625,4.74375,8.25625],"tintindex":0,"rotation":0,"texture":"#0"},"down":{"uv":[5.56875,10.00625,5.86875,10.55625],"tintindex":0,"rotation":0,"texture":"#0"}}},{"from":[12.269023,4.0,9.507319],"to":[12.269023,10.0,14.507319],"faces":{"east":{"uv":[9.43125,8.44375,8.81875,9.18125],"tintindex":0,"rotation":0,"texture":"#0"},"west":{"uv":[8.81875,8.44375,9.43125,9.18125],"tintindex":0,"rotation":0,"texture":"#0"}},"rotation":{"origin":[9.010822,3.9375,9.452425],"angle":-22.5,"axis":"y"}},{"from":[2.0,-4.999999,7.75],"to":[8.5,9.5,7.75],"faces":{"south":{"uv":[4.63125,0.00625,5.43125,1.80625],"tintindex":0,"rotation":0,"texture":"#0"},"north":{"uv":[5.43125,0.00625,4.63125,1.80625],"tintindex":0,"rotation":0,"texture":"#0"}}},{"from":[8.0,4.0,4.2500005],"to":[12.0,10.0,10.75],"faces":{"east":{"uv":[8.99375,7.69375,8.19375,8.43125],"tintindex":0,"rotation":0,"texture":"#0"},"south":{"uv":[9.30625,9.19375,8.81875,9.93125],"tintindex":0,"rotation":0,"texture":"#0"},"north":{"uv":[4.30625,9.13125,3.81875,9.86875],"tintindex":0,"rotation":0,"texture":"#0"},"west":{"uv":[6.36875,8.19375,5.56875,8.93125],"tintindex":0,"rotation":0,"texture":"#0"},"up":{"uv":[0.00625,9.93125,0.49375,9.13125],"tintindex":0,"rotation":0,"texture":"#0"},"down":{"uv":[0.50625,9.13125,0.99375,9.93125],"tintindex":0,"rotation":0,"texture":"#0"}}}]}