{"textures":{"0":"modelengine:entity/tiamat5"},"elements":[{"from":[6.0,4.0,19.5],"to":[10.0,9.0,27.5],"faces":{"east":{"uv":[10.74375,4.56875,10.25625,4.86875],"tintindex":0,"rotation":0,"texture":"#0"},"south":{"uv":[10.93125,6.25625,10.69375,6.55625],"tintindex":0,"rotation":0,"texture":"#0"},"north":{"uv":[10.93125,5.13125,10.69375,5.43125],"tintindex":0,"rotation":0,"texture":"#0"},"west":{"uv":[10.68125,6.31875,10.19375,6.61875],"tintindex":0,"rotation":0,"texture":"#0"},"up":{"uv":[2.75625,10.99375,2.99375,10.50625],"tintindex":0,"rotation":0,"texture":"#0"},"down":{"uv":[3.00625,10.50625,3.24375,10.99375],"tintindex":0,"rotation":0,"texture":"#0"}}},{"from":[6.0,4.0,6.5],"to":[10.0,12.0,19.5],"faces":{"east":{"uv":[9.93125,1.38125,9.13125,1.86875],"tintindex":0,"rotation":0,"texture":"#0"},"south":{"uv":[2.18125,10.50625,1.94375,10.99375],"tintindex":0,"rotation":0,"texture":"#0"},"north":{"uv":[1.93125,10.50625,1.69375,10.99375],"tintindex":0,"rotation":0,"texture":"#0"},"west":{"uv":[9.93125,0.88125,9.13125,1.36875],"tintindex":0,"rotation":0,"texture":"#0"},"up":{"uv":[6.44375,10.55625,6.68125,9.75625],"tintindex":0,"rotation":0,"texture":"#0"},"down":{"uv":[0.38125,9.94375,0.61875,10.74375],"tintindex":0,"rotation":0,"texture":"#0"}}},{"from":[6.0,-8.0,23.5],"to":[10.0,4.0,29.5],"faces":{"east":{"uv":[10.18125,2.31875,9.81875,3.05625],"tintindex":0,"rotation":0,"texture":"#0"},"south":{"uv":[4.61875,9.94375,4.38125,10.68125],"tintindex":0,"rotation":0,"texture":"#0"},"north":{"uv":[4.36875,9.94375,4.13125,10.68125],"tintindex":0,"rotation":0,"texture":"#0"},"west":{"uv":[10.18125,0.00625,9.81875,0.74375],"tintindex":0,"rotation":0,"texture":"#0"},"up":{"uv":[10.63125,8.74375,10.86875,8.38125],"tintindex":0,"rotation":0,"texture":"#0"},"down":{"uv":[9.31875,10.63125,9.55625,10.99375],"tintindex":0,"rotation":0,"texture":"#0"}}},{"from":[8.0,4.0,10.5],"to":[8.0,15.0,31.5],"faces":{"east":{"uv":[6.94375,3.13125,8.24375,3.80625],"tintindex":0,"rotation":0,"texture":"#0"},"west":{"uv":[8.24375,3.13125,6.94375,3.80625],"tintindex":0,"rotation":0,"texture":"#0"}}}]}