{"textures":{"0":"modelengine:entity/tiamat5"},"elements":[{"from":[-1.0,5.5621223,2.6689754],"to":[17.0,15.562122,11.668975],"faces":{"east":{"uv":[9.19375,6.31875,9.74375,6.93125],"tintindex":0,"rotation":0,"texture":"#0"},"south":{"uv":[7.69375,7.06875,8.80625,7.68125],"tintindex":0,"rotation":0,"texture":"#0"},"north":{"uv":[6.38125,7.69375,7.49375,8.30625],"tintindex":0,"rotation":0,"texture":"#0"},"west":{"uv":[9.25625,0.00625,9.80625,0.61875],"tintindex":0,"rotation":0,"texture":"#0"},"up":{"uv":[8.36875,4.86875,7.25625,4.31875],"tintindex":0,"rotation":0,"texture":"#0"},"down":{"uv":[8.99375,4.88125,7.88125,5.43125],"tintindex":0,"rotation":0,"texture":"#0"}},"rotation":{"origin":[8.0,10.562122,7.168975],"angle":-22.5,"axis":"x"}},{"from":[3.0,1.6913586,3.0516582],"to":[13.0,9.691357,12.051659],"faces":{"east":{"uv":[4.94375,9.50625,5.49375,9.99375],"tintindex":0,"rotation":0,"texture":"#0"},"south":{"uv":[9.44375,8.69375,10.05625,9.18125],"tintindex":0,"rotation":0,"texture":"#0"},"north":{"uv":[9.44375,8.19375,10.05625,8.68125],"tintindex":0,"rotation":0,"texture":"#0"},"west":{"uv":[5.50625,9.50625,6.05625,9.99375],"tintindex":0,"rotation":0,"texture":"#0"},"up":{"uv":[7.74375,9.86875,7.13125,9.31875],"tintindex":0,"rotation":0,"texture":"#0"},"down":{"uv":[8.74375,9.31875,8.13125,9.86875],"tintindex":0,"rotation":0,"texture":"#0"}},"rotation":{"origin":[8.0,5.6913567,7.551658],"angle":22.5,"axis":"x"}}]}