{"textures":{"0":"modelengine:entity/tiamat5"},"elements":[{"from":[6.5,-4.0821066,2.157484],"to":[8.5,-0.08210659,12.157485],"faces":{"east":{"uv":[10.80625,0.44375,10.19375,0.68125],"tintindex":0,"rotation":0,"texture":"#0"},"south":{"uv":[1.11875,9.13125,1.00625,9.36875],"tintindex":0,"rotation":0,"texture":"#0"},"north":{"uv":[2.93125,8.00625,2.81875,8.24375],"tintindex":0,"rotation":0,"texture":"#0"},"west":{"uv":[10.68125,8.94375,10.06875,9.18125],"tintindex":0,"rotation":0,"texture":"#0"},"up":{"uv":[0.25625,11.11875,0.36875,10.50625],"tintindex":0,"rotation":0,"texture":"#0"},"down":{"uv":[8.44375,10.50625,8.55625,11.11875],"tintindex":0,"rotation":0,"texture":"#0"}},"rotation":{"origin":[7.5,0.9064083,9.592068],"angle":45.0,"axis":"x"}},{"from":[5.5,-2.0821066,1.157484],"to":[9.5,4.9178934,7.157484],"faces":{"east":{"uv":[10.55625,1.63125,10.19375,2.05625],"tintindex":0,"rotation":0,"texture":"#0"},"south":{"uv":[10.80625,1.50625,10.56875,1.93125],"tintindex":0,"rotation":0,"texture":"#0"},"north":{"uv":[7.68125,10.50625,7.44375,10.93125],"tintindex":0,"rotation":0,"texture":"#0"},"west":{"uv":[10.55625,0.00625,10.19375,0.43125],"tintindex":0,"rotation":0,"texture":"#0"},"up":{"uv":[10.63125,4.49375,10.86875,4.13125],"tintindex":0,"rotation":0,"texture":"#0"},"down":{"uv":[10.63125,8.00625,10.86875,8.36875],"tintindex":0,"rotation":0,"texture":"#0"}},"rotation":{"origin":[7.5,0.9064083,9.592068],"angle":45.0,"axis":"x"}},{"from":[6.5,-3.999999,8.0],"to":[8.5,9.536743E-7,14.999999],"faces":{"east":{"uv":[10.99375,2.19375,10.56875,2.43125],"tintindex":0,"rotation":0,"texture":"#0"},"south":{"uv":[4.43125,9.13125,4.31875,9.36875],"tintindex":0,"rotation":0,"texture":"#0"},"north":{"uv":[9.24375,3.31875,9.13125,3.55625],"tintindex":0,"rotation":0,"texture":"#0"},"west":{"uv":[10.99375,1.94375,10.56875,2.18125],"tintindex":0,"rotation":0,"texture":"#0"},"up":{"uv":[8.50625,2.55625,8.61875,2.13125],"tintindex":0,"rotation":0,"texture":"#0"},"down":{"uv":[3.69375,9.44375,3.80625,9.86875],"tintindex":0,"rotation":0,"texture":"#0"}}},{"from":[7.5,-3.999999,11.999999],"to":[7.5,4.0,18.0],"faces":{"east":{"uv":[10.30625,0.75625,9.94375,1.24375],"tintindex":0,"rotation":0,"texture":"#0"},"west":{"uv":[10.30625,0.75625,9.94375,1.24375],"tintindex":0,"rotation":0,"texture":"#0"}}}]}