{"textures":{"0":"modelengine:entity/tiamat5"},"elements":[{"from":[8.5,-3.999999,11.999999],"to":[8.5,4.0,18.0],"faces":{"east":{"uv":[4.99375,10.00625,4.63125,10.49375],"tintindex":0,"rotation":0,"texture":"#0"},"west":{"uv":[4.99375,10.00625,4.63125,10.49375],"tintindex":0,"rotation":0,"texture":"#0"}}},{"from":[6.5,-2.0821066,1.157484],"to":[10.5,4.9178934,7.157484],"faces":{"east":{"uv":[2.74375,10.19375,2.38125,10.61875],"tintindex":0,"rotation":0,"texture":"#0"},"south":{"uv":[5.61875,10.56875,5.38125,10.99375],"tintindex":0,"rotation":0,"texture":"#0"},"north":{"uv":[3.49375,10.56875,3.25625,10.99375],"tintindex":0,"rotation":0,"texture":"#0"},"west":{"uv":[10.55625,2.06875,10.19375,2.49375],"tintindex":0,"rotation":0,"texture":"#0"},"up":{"uv":[10.69375,2.80625,10.93125,2.44375],"tintindex":0,"rotation":0,"texture":"#0"},"down":{"uv":[3.94375,10.69375,4.18125,11.05625],"tintindex":0,"rotation":0,"texture":"#0"}},"rotation":{"origin":[8.5,0.9064083,9.592068],"angle":45.0,"axis":"x"}},{"from":[7.5,-3.999999,8.0],"to":[9.5,9.536743E-7,14.999999],"faces":{"east":{"uv":[6.68125,10.56875,6.25625,10.80625],"tintindex":0,"rotation":0,"texture":"#0"},"south":{"uv":[7.80625,9.88125,7.69375,10.11875],"tintindex":0,"rotation":0,"texture":"#0"},"north":{"uv":[9.93125,3.06875,9.81875,3.30625],"tintindex":0,"rotation":0,"texture":"#0"},"west":{"uv":[10.99375,5.69375,10.56875,5.93125],"tintindex":0,"rotation":0,"texture":"#0"},"up":{"uv":[2.38125,10.18125,2.49375,9.75625],"tintindex":0,"rotation":0,"texture":"#0"},"down":{"uv":[5.88125,10.00625,5.99375,10.43125],"tintindex":0,"rotation":0,"texture":"#0"}}},{"from":[7.5,-4.0821066,2.157484],"to":[9.5,-0.08210659,12.157485],"faces":{"east":{"uv":[10.80625,6.63125,10.19375,6.86875],"tintindex":0,"rotation":0,"texture":"#0"},"south":{"uv":[9.86875,5.19375,9.75625,5.43125],"tintindex":0,"rotation":0,"texture":"#0"},"north":{"uv":[9.74375,5.19375,9.63125,5.43125],"tintindex":0,"rotation":0,"texture":"#0"},"west":{"uv":[10.80625,2.81875,10.19375,3.05625],"tintindex":0,"rotation":0,"texture":"#0"},"up":{"uv":[3.50625,11.18125,3.61875,10.56875],"tintindex":0,"rotation":0,"texture":"#0"},"down":{"uv":[9.56875,10.63125,9.68125,11.24375],"tintindex":0,"rotation":0,"texture":"#0"}},"rotation":{"origin":[8.5,0.9064083,9.592068],"angle":45.0,"axis":"x"}}]}