{"textures":{"0":"modelengine:entity/tiamat5"},"elements":[{"from":[3.0,8.0,8.002588],"to":[13.0,8.0,22.00259],"faces":{"up":{"uv":[6.99375,9.18125,6.38125,8.31875],"tintindex":0,"rotation":0,"texture":"#0"},"down":{"uv":[6.38125,8.31875,6.99375,9.18125],"tintindex":0,"rotation":0,"texture":"#0"}}}]}