{"textures":{"0":"modelengine:entity/cerberus_bowl"},"elements":[{"from":[3.4693875,6.244898,3.387755],"to":[12.612246,9.102041,12.530613],"rotation":{"angle":0.0,"axis":"y","origin":[8.040816,5.1020403,8.530612]},"faces":{"east":{"uv":[4.25,5.75,6.25,6.375],"rotation":0,"texture":"#0","tintindex":0},"south":{"uv":[6.25,5.75,8.25,6.375],"rotation":0,"texture":"#0","tintindex":0},"north":{"uv":[2.25,5.75,4.25,6.375],"rotation":0,"texture":"#0","tintindex":0},"west":{"uv":[2.25,6.375,4.25,7.0],"rotation":0,"texture":"#0","tintindex":0},"up":{"uv":[4.75,2.0,2.75,0.0],"rotation":0,"texture":"#0","tintindex":0},"down":{"uv":[4.75,2.0,2.75,4.0],"rotation":0,"texture":"#0","tintindex":0}}},{"from":[1.7551017,5.1020403,1.6734691],"to":[14.32653,6.244898,14.244898],"rotation":{"angle":0.0,"axis":"y","origin":[8.040816,5.1020403,8.530612]},"faces":{"east":{"uv":[5.25,4.625,8.0,4.875],"rotation":0,"texture":"#0","tintindex":0},"south":{"uv":[4.25,6.375,7.0,6.625],"rotation":0,"texture":"#0","tintindex":0},"north":{"uv":[5.25,4.375,8.0,4.625],"rotation":0,"texture":"#0","tintindex":0},"west":{"uv":[4.25,6.625,7.0,6.875],"rotation":0,"texture":"#0","tintindex":0},"up":{"uv":[2.75,2.75,0.0,0.0],"rotation":0,"texture":"#0","tintindex":0},"down":{"uv":[2.75,2.75,0.0,5.5],"rotation":0,"texture":"#0","tintindex":0}}},{"from":[2.32653,6.244898,2.2448978],"to":[3.4693875,10.244898,13.67347],"rotation":{"angle":0.0,"axis":"y","origin":[8.040816,5.1020403,8.530612]},"faces":{"east":{"uv":[2.75,4.0,5.25,4.875],"rotation":0,"texture":"#0","tintindex":0},"south":{"uv":[4.5,6.875,4.75,7.75],"rotation":0,"texture":"#0","tintindex":0},"north":{"uv":[4.25,6.875,4.5,7.75],"rotation":0,"texture":"#0","tintindex":0},"west":{"uv":[4.75,0.0,7.25,0.875],"rotation":0,"texture":"#0","tintindex":0},"up":{"uv":[0.25,9.125,0.0,6.625],"rotation":0,"texture":"#0","tintindex":0},"down":{"uv":[0.5,6.625,0.25,9.125],"rotation":0,"texture":"#0","tintindex":0}}},{"from":[12.612246,6.244898,2.2448978],"to":[13.755102,10.244898,13.67347],"rotation":{"angle":0.0,"axis":"y","origin":[8.040816,5.1020403,8.530612]},"faces":{"east":{"uv":[4.75,0.875,7.25,1.75],"rotation":0,"texture":"#0","tintindex":0},"south":{"uv":[5.0,6.875,5.25,7.75],"rotation":0,"texture":"#0","tintindex":0},"north":{"uv":[4.75,6.875,5.0,7.75],"rotation":0,"texture":"#0","tintindex":0},"west":{"uv":[4.75,1.75,7.25,2.625],"rotation":0,"texture":"#0","tintindex":0},"up":{"uv":[0.75,9.125,0.5,6.625],"rotation":0,"texture":"#0","tintindex":0},"down":{"uv":[1.0,6.625,0.75,9.125],"rotation":0,"texture":"#0","tintindex":0}}},{"from":[3.4693875,6.244898,2.2448978],"to":[12.612246,10.244898,3.387755],"rotation":{"angle":0.0,"axis":"y","origin":[8.040816,5.1020403,8.530612]},"faces":{"east":{"uv":[5.25,6.875,5.5,7.75],"rotation":0,"texture":"#0","tintindex":0},"south":{"uv":[2.75,4.875,4.75,5.75],"rotation":0,"texture":"#0","tintindex":0},"north":{"uv":[4.75,2.625,6.75,3.5],"rotation":0,"texture":"#0","tintindex":0},"west":{"uv":[5.5,6.875,5.75,7.75],"rotation":0,"texture":"#0","tintindex":0},"up":{"uv":[8.75,2.875,6.75,2.625],"rotation":0,"texture":"#0","tintindex":0},"down":{"uv":[8.75,2.875,6.75,3.125],"rotation":0,"texture":"#0","tintindex":0}}},{"from":[3.4693875,6.244898,12.530613],"to":[12.612246,10.244898,13.67347],"rotation":{"angle":0.0,"axis":"y","origin":[8.040816,5.1020403,8.530612]},"faces":{"east":{"uv":[5.75,6.875,6.0,7.75],"rotation":0,"texture":"#0","tintindex":0},"south":{"uv":[5.25,3.5,7.25,4.375],"rotation":0,"texture":"#0","tintindex":0},"north":{"uv":[4.75,4.875,6.75,5.75],"rotation":0,"texture":"#0","tintindex":0},"west":{"uv":[6.0,6.875,6.25,7.75],"rotation":0,"texture":"#0","tintindex":0},"up":{"uv":[8.75,3.375,6.75,3.125],"rotation":0,"texture":"#0","tintindex":0},"down":{"uv":[8.75,4.875,6.75,5.125],"rotation":0,"texture":"#0","tintindex":0}}},{"from":[5.1836734,9.102041,5.673469],"to":[10.32653,10.244898,10.816326],"rotation":{"angle":0.0,"axis":"y","origin":[8.040816,5.1020403,8.530612]},"faces":{"east":{"uv":[6.75,5.125,7.875,5.375],"rotation":0,"texture":"#0","tintindex":0},"south":{"uv":[6.75,5.375,7.875,5.625],"rotation":0,"texture":"#0","tintindex":0},"north":{"uv":[1.0,6.625,2.125,6.875],"rotation":0,"texture":"#0","tintindex":0},"west":{"uv":[1.0,6.875,2.125,7.125],"rotation":0,"texture":"#0","tintindex":0},"up":{"uv":[1.125,6.625,0.0,5.5],"rotation":0,"texture":"#0","tintindex":0},"down":{"uv":[2.25,5.5,1.125,6.625],"rotation":0,"texture":"#0","tintindex":0}}}],"display":{"head":{"translation":[0.0,-6.4,0.0],"scale":[4.0,4.0,4.0]}}}