{"textures":{"0":"modelengine:entity/yukio_full"},"elements":[{"from":[7.453889,17.407707,2.3188887],"to":[8.203889,18.907707,16.06889],"faces":{"east":{"uv":[9.3125,2.15625,11.03125,2.34375],"tintindex":0,"rotation":0,"texture":"#0"},"south":{"uv":[4.75,7.0,4.84375,7.1875],"tintindex":0,"rotation":0,"texture":"#0"},"north":{"uv":[4.75,6.8125,4.84375,7.0],"tintindex":0,"rotation":0,"texture":"#0"},"west":{"uv":[9.3125,2.34375,11.03125,2.53125],"tintindex":0,"rotation":0,"texture":"#0"},"up":{"uv":[10.84375,12.8125,10.75,11.09375],"tintindex":0,"rotation":0,"texture":"#0"},"down":{"uv":[0.84375,11.1875,0.75,12.90625],"tintindex":0,"rotation":0,"texture":"#0"}},"rotation":{"origin":[8.464552,19.09937,17.524923],"angle":-45.0,"axis":"x"}},{"from":[6.542655,22.525307,22.0],"to":[6.542655,27.025307,29.75],"faces":{"east":{"uv":[4.3125,3.875,5.28125,4.4375],"tintindex":0,"rotation":0,"texture":"#0"},"west":{"uv":[1.1875,4.5,2.15625,5.0625],"tintindex":0,"rotation":0,"texture":"#0"}},"rotation":{"origin":[8.464552,19.09937,17.524923],"angle":-22.5,"axis":"z"}},{"from":[8.0,8.0,8.0],"to":[8.0,23.0,30.0],"faces":{"east":{"uv":[4.375,0.0,7.125,1.875],"tintindex":0,"rotation":0,"texture":"#0"},"west":{"uv":[3.625,1.875,6.375,3.75],"tintindex":0,"rotation":0,"texture":"#0"}}}]}