{"textures":{"0":"modelengine:entity/yukio_full"},"elements":[{"from":[5.0,-0.09419441,-5.5747757],"to":[11.0,12.905806,9.425224],"faces":{"east":{"uv":[11.15625,9.5,11.625,9.90625],"tintindex":0,"rotation":0,"texture":"#0"},"south":{"uv":[11.96875,4.15625,12.15625,4.5625],"tintindex":0,"rotation":0,"texture":"#0"},"north":{"uv":[2.5,11.96875,2.6875,12.375],"tintindex":0,"rotation":0,"texture":"#0"},"west":{"uv":[11.1875,0.0,11.65625,0.40625],"tintindex":0,"rotation":0,"texture":"#0"},"up":{"uv":[3.90625,12.34375,3.71875,11.875],"tintindex":0,"rotation":0,"texture":"#0"},"down":{"uv":[4.09375,11.875,3.90625,12.34375],"tintindex":0,"rotation":0,"texture":"#0"}}},{"from":[6.0,-3.0941944,-4.7463493],"to":[10.0,1.9058056,-0.74634933],"faces":{"east":{"uv":[3.28125,11.9375,3.40625,12.09375],"tintindex":0,"rotation":0,"texture":"#0"},"south":{"uv":[2.6875,11.96875,2.8125,12.125],"tintindex":0,"rotation":0,"texture":"#0"},"north":{"uv":[0.625,11.8125,0.75,11.96875],"tintindex":0,"rotation":0,"texture":"#0"},"west":{"uv":[8.5,12.03125,8.625,12.1875],"tintindex":0,"rotation":0,"texture":"#0"},"up":{"uv":[3.40625,12.21875,3.28125,12.09375],"tintindex":0,"rotation":0,"texture":"#0"},"down":{"uv":[2.96875,12.1875,2.84375,12.3125],"tintindex":0,"rotation":0,"texture":"#0"}},"rotation":{"origin":[8.0,-0.09419441,-2.7463493],"angle":-45.0,"axis":"x"}}]}