{"textures":{"0":"modelengine:entity/yukio_full"},"elements":[{"from":[6.0,-3.0941944,-4.7463493],"to":[10.0,1.9058037,-0.7463484],"faces":{"east":{"uv":[1.3125,10.1875,1.4375,10.34375],"tintindex":0,"rotation":0,"texture":"#0"},"south":{"uv":[7.96875,10.1875,8.09375,10.34375],"tintindex":0,"rotation":0,"texture":"#0"},"north":{"uv":[6.59375,10.15625,6.71875,10.3125],"tintindex":0,"rotation":0,"texture":"#0"},"west":{"uv":[1.3125,10.34375,1.4375,10.5],"tintindex":0,"rotation":0,"texture":"#0"},"up":{"uv":[1.75,11.34375,1.625,11.21875],"tintindex":0,"rotation":0,"texture":"#0"},"down":{"uv":[11.65625,10.3125,11.53125,10.4375],"tintindex":0,"rotation":0,"texture":"#0"}},"rotation":{"origin":[8.0,-0.09419441,-2.7463493],"angle":-45.0,"axis":"x"}},{"from":[5.0,-0.09419441,-5.5747757],"to":[11.0,12.905804,9.425224],"faces":{"east":{"uv":[10.28125,11.09375,10.75,11.5],"tintindex":0,"rotation":0,"texture":"#0"},"south":{"uv":[11.9375,1.15625,12.125,1.5625],"tintindex":0,"rotation":0,"texture":"#0"},"north":{"uv":[11.75,11.90625,11.9375,12.3125],"tintindex":0,"rotation":0,"texture":"#0"},"west":{"uv":[11.125,8.6875,11.59375,9.09375],"tintindex":0,"rotation":0,"texture":"#0"},"up":{"uv":[12.03125,4.15625,11.84375,3.6875],"tintindex":0,"rotation":0,"texture":"#0"},"down":{"uv":[6.3125,11.84375,6.125,12.3125],"tintindex":0,"rotation":0,"texture":"#0"}}}]}