{"textures":{"0":"modelengine:entity/yukio_full"},"elements":[{"from":[0.0,-14.0,7.75],"to":[16.0,8.0,20.75],"faces":{"east":{"uv":[2.625,9.96875,2.21875,10.65625],"tintindex":0,"rotation":0,"texture":"#0"},"south":{"uv":[8.78125,9.21875,8.28125,9.90625],"tintindex":0,"rotation":0,"texture":"#0"},"north":{"uv":[9.71875,2.53125,9.21875,3.21875],"tintindex":0,"rotation":0,"texture":"#0"},"west":{"uv":[2.21875,9.96875,1.8125,10.65625],"tintindex":0,"rotation":0,"texture":"#0"},"up":{"uv":[10.9375,3.34375,11.4375,2.9375],"tintindex":0,"rotation":0,"texture":"#0"},"down":{"uv":[7.71875,10.9375,8.21875,11.34375],"tintindex":0,"rotation":0,"texture":"#0"}}}]}