{"textures":{"0":"modelengine:entity/yukio_full"},"elements":[{"from":[8.0,6.0,3.4999995],"to":[15.0,17.0,14.0],"faces":{"east":{"uv":[9.5,5.84375,8.84375,6.53125],"tintindex":0,"rotation":0,"texture":"#0"},"south":{"uv":[9.53125,9.53125,9.09375,10.21875],"tintindex":0,"rotation":0,"texture":"#0"},"north":{"uv":[9.96875,8.84375,9.53125,9.53125],"tintindex":0,"rotation":0,"texture":"#0"},"west":{"uv":[9.5,5.15625,8.84375,5.84375],"tintindex":0,"rotation":0,"texture":"#0"},"up":{"uv":[9.90625,3.75,10.34375,3.09375],"tintindex":0,"rotation":0,"texture":"#0"},"down":{"uv":[8.28125,9.90625,8.71875,10.5625],"tintindex":0,"rotation":0,"texture":"#0"}}},{"from":[9.5,-5.5,6.4999995],"to":[15.0,6.0,14.0],"faces":{"east":{"uv":[3.1875,9.25,2.71875,9.96875],"tintindex":0,"rotation":0,"texture":"#0"},"south":{"uv":[11.0,8.3125,10.65625,9.03125],"tintindex":0,"rotation":0,"texture":"#0"},"north":{"uv":[11.0,7.59375,10.65625,8.3125],"tintindex":0,"rotation":0,"texture":"#0"},"west":{"uv":[2.71875,9.25,2.25,9.96875],"tintindex":0,"rotation":0,"texture":"#0"},"up":{"uv":[1.21875,11.8125,1.5625,11.34375],"tintindex":0,"rotation":0,"texture":"#0"},"down":{"uv":[1.5625,11.34375,1.90625,11.8125],"tintindex":0,"rotation":0,"texture":"#0"}}},{"from":[9.448341,11.808645,0.5],"to":[13.448341,19.308645,4.9999995],"faces":{"east":{"uv":[7.15625,11.5,6.875,11.96875],"tintindex":0,"rotation":0,"texture":"#0"},"south":{"uv":[8.625,11.5625,8.375,12.03125],"tintindex":0,"rotation":0,"texture":"#0"},"north":{"uv":[3.8125,6.96875,3.5625,7.4375],"tintindex":0,"rotation":0,"texture":"#0"},"west":{"uv":[4.09375,11.40625,3.8125,11.875],"tintindex":0,"rotation":0,"texture":"#0"},"up":{"uv":[12.0,7.28125,12.25,7.0],"tintindex":0,"rotation":0,"texture":"#0"},"down":{"uv":[0.21875,12.03125,0.46875,12.3125],"tintindex":0,"rotation":0,"texture":"#0"}},"rotation":{"origin":[11.448341,19.808645,2.7499995],"angle":-22.5,"axis":"x"}},{"from":[13.448341,13.308645,9.0],"to":[17.448341,25.308643,13.5],"faces":{"east":{"uv":[11.125,10.90625,10.84375,11.65625],"tintindex":0,"rotation":0,"texture":"#0"},"south":{"uv":[9.59375,11.21875,9.34375,11.96875],"tintindex":0,"rotation":0,"texture":"#0"},"north":{"uv":[9.34375,11.21875,9.09375,11.96875],"tintindex":0,"rotation":0,"texture":"#0"},"west":{"uv":[4.8125,10.78125,4.53125,11.53125],"tintindex":0,"rotation":0,"texture":"#0"},"up":{"uv":[6.8125,12.25,7.0625,11.96875],"tintindex":0,"rotation":0,"texture":"#0"},"down":{"uv":[5.46875,12.0,5.71875,12.28125],"tintindex":0,"rotation":0,"texture":"#0"}},"rotation":{"origin":[15.448341,19.308645,11.25],"angle":-22.5,"axis":"z"}},{"from":[13.5,17.0,3.4999995],"to":[13.5,24.0,13.0],"faces":{"east":{"uv":[9.3125,10.21875,8.71875,10.65625],"tintindex":0,"rotation":0,"texture":"#0"},"west":{"uv":[5.53125,10.21875,4.9375,10.65625],"tintindex":0,"rotation":0,"texture":"#0"}}},{"from":[13.755558,-0.5,17.00485],"to":[22.255558,19.5,17.00485],"faces":{"south":{"uv":[3.5625,7.625,4.09375,8.875],"tintindex":0,"rotation":0,"texture":"#0"},"north":{"uv":[4.09375,7.625,3.5625,8.875],"tintindex":0,"rotation":0,"texture":"#0"}},"rotation":{"origin":[18.005558,7.0,17.00485],"angle":-45.0,"axis":"y"}},{"from":[14.266422,9.847759,7.6047583],"to":[21.266422,19.34776,7.6047583],"faces":{"south":{"uv":[10.5,7.15625,10.0625,7.75],"tintindex":0,"rotation":0,"texture":"#0"},"north":{"uv":[10.09375,7.15625,10.53125,7.75],"tintindex":0,"rotation":0,"texture":"#0"}},"rotation":{"origin":[18.266422,13.597759,10.104758],"angle":22.5,"axis":"z"}},{"from":[15.266422,11.097759,9.854758],"to":[22.266422,11.097759,19.35476],"faces":{"up":{"uv":[0.4375,10.59375,0.875,10.0],"tintindex":0,"rotation":0,"texture":"#0"},"down":{"uv":[0.4375,10.0,0.875,10.59375],"tintindex":0,"rotation":0,"texture":"#0"}},"rotation":{"origin":[18.266422,13.597759,10.104758],"angle":-45.0,"axis":"y"}}]}