{"textures":{"0":"modelengine:entity/krampi"},"elements":[{"from":[6.611216,8.154605,5.714099],"to":[9.811216,11.354605,8.914099],"faces":{"east":{"uv":[2.0,2.0,3.625,3.625],"tintindex":0,"rotation":0,"texture":"#0"},"south":{"uv":[3.625,2.0,2.0,3.625],"tintindex":0,"rotation":0,"texture":"#0"},"north":{"uv":[0.0,0.0,1.625,1.625],"tintindex":0,"rotation":0,"texture":"#0"},"west":{"uv":[2.0,2.0,3.625,3.625],"tintindex":0,"rotation":0,"texture":"#0"},"up":{"uv":[1.625,5.625,0.0,4.0],"tintindex":0,"rotation":0,"texture":"#0"},"down":{"uv":[1.625,5.625,0.0,4.0],"tintindex":0,"rotation":0,"texture":"#0"}}},{"from":[6.419216,11.098605,6.7366877],"to":[7.187216,12.378605,7.504688],"faces":{"east":{"uv":[8.0,11.5,8.375,12.125],"tintindex":0,"rotation":0,"texture":"#0"},"south":{"uv":[7.375,11.5,7.0,12.125],"tintindex":0,"rotation":0,"texture":"#0"},"north":{"uv":[7.0,11.5,7.375,12.125],"tintindex":0,"rotation":0,"texture":"#0"},"west":{"uv":[8.0,11.5,8.375,12.125],"tintindex":0,"rotation":0,"texture":"#0"},"up":{"uv":[12.375,5.375,12.0,5.0],"tintindex":0,"rotation":0,"texture":"#0"},"down":{"uv":[12.375,5.5,12.0,5.875],"tintindex":0,"rotation":0,"texture":"#0"}},"rotation":{"origin":[7.3703494,11.9535475,10.002823],"angle":45.0,"axis":"z"}},{"from":[6.713616,11.767955,6.802099],"to":[7.3536158,13.0479555,7.442099],"faces":{"east":{"uv":[11.5,9.0,11.875,9.625],"tintindex":0,"rotation":0,"texture":"#0"},"south":{"uv":[11.875,8.0,11.5,8.625],"tintindex":0,"rotation":0,"texture":"#0"},"north":{"uv":[11.5,8.0,11.875,8.625],"tintindex":0,"rotation":0,"texture":"#0"},"west":{"uv":[11.5,9.0,11.875,9.625],"tintindex":0,"rotation":0,"texture":"#0"},"up":{"uv":[6.375,12.375,6.0,12.0],"tintindex":0,"rotation":0,"texture":"#0"},"down":{"uv":[12.375,6.0,12.0,6.375],"tintindex":0,"rotation":0,"texture":"#0"}},"rotation":{"origin":[7.0,11.0,10.0],"angle":22.5,"axis":"z"}},{"from":[9.465616,10.714604,6.7366877],"to":[10.233616,11.994605,7.504688],"faces":{"east":{"uv":[8.0,11.5,8.375,12.125],"tintindex":0,"rotation":0,"texture":"#0"},"south":{"uv":[7.0,11.5,7.375,12.125],"tintindex":0,"rotation":0,"texture":"#0"},"north":{"uv":[7.375,11.5,7.0,12.125],"tintindex":0,"rotation":0,"texture":"#0"},"west":{"uv":[8.0,11.5,8.375,12.125],"tintindex":0,"rotation":0,"texture":"#0"},"up":{"uv":[12.375,5.375,12.0,5.0],"tintindex":0,"rotation":0,"texture":"#0"},"down":{"uv":[12.375,2.5,12.0,2.875],"tintindex":0,"rotation":0,"texture":"#0"}},"rotation":{"origin":[9.692082,11.9535475,10.002823],"angle":-45.0,"axis":"z"}},{"from":[9.644815,11.718936,6.802099],"to":[10.284816,12.998937,7.442099],"faces":{"east":{"uv":[11.5,9.0,11.875,9.625],"tintindex":0,"rotation":0,"texture":"#0"},"south":{"uv":[11.5,8.0,11.875,8.625],"tintindex":0,"rotation":0,"texture":"#0"},"north":{"uv":[11.875,8.0,11.5,8.625],"tintindex":0,"rotation":0,"texture":"#0"},"west":{"uv":[11.5,9.0,11.875,9.625],"tintindex":0,"rotation":0,"texture":"#0"},"up":{"uv":[6.0,12.375,6.375,12.0],"tintindex":0,"rotation":0,"texture":"#0"},"down":{"uv":[12.375,4.5,12.0,4.875],"tintindex":0,"rotation":0,"texture":"#0"}},"rotation":{"origin":[9.917914,12.230934,10.002823],"angle":-22.5,"axis":"z"}}]}