{"textures":{"0":"modelengine:entity/krampi"},"elements":[{"from":[8.092654,7.790042,5.931223],"to":[8.312082,8.009471,13.245509],"rotation":{"angle":22.5,"axis":"x","origin":[5.6547494,11.012306,8.94776]},"faces":{"east":{"uv":[6.0,10.375,6.25,4.0],"rotation":90,"texture":"#0","tintindex":0},"south":{"uv":[5.0,12.5,5.25,12.75],"rotation":0,"texture":"#0","tintindex":0},"north":{"uv":[12.5,4.5,12.75,4.75],"rotation":0,"texture":"#0","tintindex":0},"west":{"uv":[6.25,10.375,6.0,4.0],"rotation":90,"texture":"#0","tintindex":0},"up":{"uv":[6.25,10.375,6.0,4.0],"rotation":0,"texture":"#0","tintindex":0},"down":{"uv":[6.25,4.0,6.0,10.375],"rotation":0,"texture":"#0","tintindex":0}}},{"from":[8.677797,9.577736,3.9026666],"to":[8.860654,9.760593,4.8535237],"rotation":{"angle":22.5,"axis":"x","origin":[8.242286,9.142858,4.0]},"faces":{"east":{"uv":[12.0,7.5,12.875,7.625],"rotation":0,"texture":"#0","tintindex":0},"south":{"uv":[10.5,12.5,10.625,12.625],"rotation":0,"texture":"#0","tintindex":0},"north":{"uv":[10.5,12.5,10.625,12.625],"rotation":0,"texture":"#0","tintindex":0},"west":{"uv":[12.125,12.375,12.0,11.5],"rotation":0,"texture":"#0","tintindex":0},"up":{"uv":[12.125,9.375,12.0,8.5],"rotation":0,"texture":"#0","tintindex":0},"down":{"uv":[12.125,12.375,12.0,11.5],"rotation":0,"texture":"#0","tintindex":0}}},{"from":[8.129226,9.577736,3.6781278],"to":[8.312082,9.760593,4.6289854],"rotation":{"angle":22.5,"axis":"x","origin":[8.242286,9.142858,4.0]},"faces":{"east":{"uv":[12.0,10.5,12.875,10.625],"rotation":0,"texture":"#0","tintindex":0},"south":{"uv":[10.5,12.5,10.625,12.625],"rotation":0,"texture":"#0","tintindex":0},"north":{"uv":[10.5,12.5,10.625,12.625],"rotation":0,"texture":"#0","tintindex":0},"west":{"uv":[12.125,12.375,12.0,11.5],"rotation":0,"texture":"#0","tintindex":0},"up":{"uv":[12.125,12.375,12.0,11.5],"rotation":0,"texture":"#0","tintindex":0},"down":{"uv":[12.125,12.375,12.0,11.5],"rotation":0,"texture":"#0","tintindex":0}}},{"from":[7.7269397,7.790042,5.7261276],"to":[8.677797,8.009471,5.9455566],"rotation":{"angle":22.5,"axis":"x","origin":[5.6547494,11.012306,8.94776]},"faces":{"east":{"uv":[10.5,12.5,10.625,12.625],"rotation":0,"texture":"#0","tintindex":0},"south":{"uv":[0.875,12.0,0.0,12.25],"rotation":0,"texture":"#0","tintindex":0},"north":{"uv":[0.0,12.25,0.875,12.0],"rotation":0,"texture":"#0","tintindex":0},"west":{"uv":[10.5,12.5,10.625,12.625],"rotation":0,"texture":"#0","tintindex":0},"up":{"uv":[0.875,12.25,0.0,12.0],"rotation":0,"texture":"#0","tintindex":0},"down":{"uv":[0.875,12.25,0.0,12.0],"rotation":0,"texture":"#0","tintindex":0}}},{"from":[7.5440826,9.577736,3.9026666],"to":[7.7269397,9.760593,4.8535237],"rotation":{"angle":22.5,"axis":"x","origin":[8.571428,9.142858,4.0]},"faces":{"east":{"uv":[0.5,12.5,1.375,12.625],"rotation":0,"texture":"#0","tintindex":0},"south":{"uv":[12.5,11.5,12.625,11.625],"rotation":0,"texture":"#0","tintindex":0},"north":{"uv":[10.5,12.5,10.625,12.625],"rotation":0,"texture":"#0","tintindex":0},"west":{"uv":[12.125,12.375,12.0,11.5],"rotation":0,"texture":"#0","tintindex":0},"up":{"uv":[1.625,13.375,1.5,12.5],"rotation":0,"texture":"#0","tintindex":0},"down":{"uv":[12.125,12.375,12.0,11.5],"rotation":0,"texture":"#0","tintindex":0}}}],"display":{"head":{"translation":[0.0,-6.4,0.0],"scale":[4.0,4.0,4.0]}}}