{"textures":{"0":"modelengine:entity/krampi"},"elements":[{"from":[8.162145,7.632573,4.379641],"to":[8.5461445,8.016573,17.179642],"faces":{"east":{"uv":[6.0,10.375,6.25,4.0],"tintindex":0,"rotation":90,"texture":"#0"},"south":{"uv":[5.0,12.5,5.25,12.75],"tintindex":0,"rotation":0,"texture":"#0"},"north":{"uv":[12.5,4.5,12.75,4.75],"tintindex":0,"rotation":0,"texture":"#0"},"west":{"uv":[6.25,10.375,6.0,4.0],"tintindex":0,"rotation":90,"texture":"#0"},"up":{"uv":[6.25,10.375,6.0,4.0],"tintindex":0,"rotation":0,"texture":"#0"},"down":{"uv":[6.25,4.0,6.0,10.375],"tintindex":0,"rotation":0,"texture":"#0"}},"rotation":{"origin":[3.8958116,13.271536,9.658579],"angle":22.5,"axis":"x"}},{"from":[8.226145,10.761038,0.4367242],"to":[8.5461445,11.0810375,2.1007242],"faces":{"east":{"uv":[12.0,10.5,12.875,10.625],"tintindex":0,"rotation":0,"texture":"#0"},"south":{"uv":[10.5,12.5,10.625,12.625],"tintindex":0,"rotation":0,"texture":"#0"},"north":{"uv":[10.5,12.5,10.625,12.625],"tintindex":0,"rotation":0,"texture":"#0"},"west":{"uv":[12.125,12.375,12.0,11.5],"tintindex":0,"rotation":0,"texture":"#0"},"up":{"uv":[12.125,12.375,12.0,11.5],"tintindex":0,"rotation":0,"texture":"#0"},"down":{"uv":[12.125,12.375,12.0,11.5],"tintindex":0,"rotation":0,"texture":"#0"}},"rotation":{"origin":[8.424,10.0,1.0],"angle":22.5,"axis":"x"}},{"from":[7.522145,7.632573,4.0207243],"to":[9.186145,8.016573,4.404724],"faces":{"east":{"uv":[10.5,12.5,10.625,12.625],"tintindex":0,"rotation":0,"texture":"#0"},"south":{"uv":[0.875,12.0,0.0,12.25],"tintindex":0,"rotation":0,"texture":"#0"},"north":{"uv":[0.0,12.25,0.875,12.0],"tintindex":0,"rotation":0,"texture":"#0"},"west":{"uv":[10.5,12.5,10.625,12.625],"tintindex":0,"rotation":0,"texture":"#0"},"up":{"uv":[0.875,12.25,0.0,12.0],"tintindex":0,"rotation":0,"texture":"#0"},"down":{"uv":[0.875,12.25,0.0,12.0],"tintindex":0,"rotation":0,"texture":"#0"}},"rotation":{"origin":[3.8958116,13.271536,9.658579],"angle":22.5,"axis":"x"}},{"from":[7.2021446,10.761038,0.8296666],"to":[7.522145,11.0810375,2.4936671],"faces":{"east":{"uv":[0.5,12.5,1.375,12.625],"tintindex":0,"rotation":0,"texture":"#0"},"south":{"uv":[12.5,11.5,12.625,11.625],"tintindex":0,"rotation":0,"texture":"#0"},"north":{"uv":[10.5,12.5,10.625,12.625],"tintindex":0,"rotation":0,"texture":"#0"},"west":{"uv":[12.125,12.375,12.0,11.5],"tintindex":0,"rotation":0,"texture":"#0"},"up":{"uv":[1.625,13.375,1.5,12.5],"tintindex":0,"rotation":0,"texture":"#0"},"down":{"uv":[12.125,12.375,12.0,11.5],"tintindex":0,"rotation":0,"texture":"#0"}},"rotation":{"origin":[9.0,10.0,1.0],"angle":22.5,"axis":"x"}},{"from":[9.186145,10.761038,0.8296666],"to":[9.506145,11.0810375,2.4936671],"faces":{"east":{"uv":[12.0,7.5,12.875,7.625],"tintindex":0,"rotation":0,"texture":"#0"},"south":{"uv":[10.5,12.5,10.625,12.625],"tintindex":0,"rotation":0,"texture":"#0"},"north":{"uv":[10.5,12.5,10.625,12.625],"tintindex":0,"rotation":0,"texture":"#0"},"west":{"uv":[12.125,12.375,12.0,11.5],"tintindex":0,"rotation":0,"texture":"#0"},"up":{"uv":[12.125,9.375,12.0,8.5],"tintindex":0,"rotation":0,"texture":"#0"},"down":{"uv":[12.125,12.375,12.0,11.5],"tintindex":0,"rotation":0,"texture":"#0"}},"rotation":{"origin":[8.424,10.0,1.0],"angle":22.5,"axis":"x"}}]}