{"textures":{"0":"modelengine:entity/krampusklaus"},"elements":[{"from":[6.4031997,2.9902596,7.0013814],"to":[9.661722,6.248782,7.0013814],"rotation":{"angle":0.0,"axis":"y","origin":[6.2945824,4.6941843,5.2350016]},"faces":{"east":{"uv":[0.0,0.0,0.0,0.5],"rotation":0,"texture":"#0","tintindex":0},"south":{"uv":[9.5,4.625,9.0,5.125],"rotation":0,"texture":"#0","tintindex":0},"north":{"uv":[9.0,4.625,9.5,5.125],"rotation":0,"texture":"#0","tintindex":0},"west":{"uv":[0.0,0.0,0.0,0.5],"rotation":0,"texture":"#0","tintindex":0},"up":{"uv":[0.5,0.0,0.0,0.0],"rotation":0,"texture":"#0","tintindex":0},"down":{"uv":[0.5,0.0,0.0,0.0],"rotation":0,"texture":"#0","tintindex":0}}},{"from":[9.33587,11.497018,4.1338816],"to":[9.33587,12.365957,6.4148474],"rotation":{"angle":-45.0,"axis":"x","origin":[10.639279,11.714252,10.377926]},"faces":{"east":{"uv":[11.0,3.625,10.25,3.3125],"rotation":0,"texture":"#0","tintindex":0},"south":{"uv":[0.0,0.0,0.0,0.125],"rotation":0,"texture":"#0","tintindex":0},"north":{"uv":[0.0,0.0,0.0,0.125],"rotation":0,"texture":"#0","tintindex":0},"west":{"uv":[10.25,3.625,11.0,3.3125],"rotation":0,"texture":"#0","tintindex":0},"up":{"uv":[0.0,0.375,0.0,0.0],"rotation":0,"texture":"#0","tintindex":0},"down":{"uv":[0.0,0.0,0.0,0.375],"rotation":0,"texture":"#0","tintindex":0}}},{"from":[6.729052,11.497018,4.1338816],"to":[9.33587,12.365957,4.1338816],"rotation":{"angle":-45.0,"axis":"x","origin":[10.639279,11.714252,10.377926]},"faces":{"east":{"uv":[0.0,0.0,0.0,0.125],"rotation":0,"texture":"#0","tintindex":0},"south":{"uv":[10.125,3.125,10.8125,2.8125],"rotation":0,"texture":"#0","tintindex":0},"north":{"uv":[10.125,3.125,10.8125,2.8125],"rotation":0,"texture":"#0","tintindex":0},"west":{"uv":[0.0,0.0,0.0,0.125],"rotation":0,"texture":"#0","tintindex":0},"up":{"uv":[0.375,0.0,0.0,0.0],"rotation":0,"texture":"#0","tintindex":0},"down":{"uv":[0.375,0.0,0.0,0.0],"rotation":0,"texture":"#0","tintindex":0}}},{"from":[6.7290516,11.497018,4.1338816],"to":[6.7290516,12.365957,6.4148474],"rotation":{"angle":-45.0,"axis":"x","origin":[6.2945824,11.714252,10.377926]},"faces":{"east":{"uv":[11.0,3.625,10.25,3.3125],"rotation":0,"texture":"#0","tintindex":0},"south":{"uv":[0.0,0.0,0.0,0.125],"rotation":0,"texture":"#0","tintindex":0},"north":{"uv":[0.0,0.0,0.0,0.125],"rotation":0,"texture":"#0","tintindex":0},"west":{"uv":[10.25,3.625,11.0,3.3125],"rotation":0,"texture":"#0","tintindex":0},"up":{"uv":[0.0,0.375,0.0,0.0],"rotation":0,"texture":"#0","tintindex":0},"down":{"uv":[0.0,0.0,0.0,0.375],"rotation":0,"texture":"#0","tintindex":0}}},{"from":[6.424923,4.2360115,9.6082],"to":[6.8593926,4.6704817,11.346079],"rotation":{"angle":22.5,"axis":"x","origin":[8.684166,18.362837,15.17474]},"faces":{"east":{"uv":[5.4375,10.0,5.375,9.75],"rotation":90,"texture":"#0","tintindex":0},"south":{"uv":[6.125,9.75,6.1875,9.8125],"rotation":0,"texture":"#0","tintindex":0},"north":{"uv":[9.75,6.0,9.8125,6.0625],"rotation":0,"texture":"#0","tintindex":0},"west":{"uv":[5.4375,9.75,5.375,10.0],"rotation":90,"texture":"#0","tintindex":0},"up":{"uv":[5.4375,10.0,5.375,9.75],"rotation":0,"texture":"#0","tintindex":0},"down":{"uv":[5.4375,9.75,5.375,10.0],"rotation":0,"texture":"#0","tintindex":0}}},{"from":[9.205529,4.2360115,9.6082],"to":[9.639998,4.6704817,11.346079],"rotation":{"angle":22.5,"axis":"x","origin":[8.249696,18.362837,15.17474]},"faces":{"east":{"uv":[5.4375,10.0,5.375,9.75],"rotation":90,"texture":"#0","tintindex":0},"south":{"uv":[6.0,9.75,6.0625,9.8125],"rotation":0,"texture":"#0","tintindex":0},"north":{"uv":[9.75,6.0,9.8125,6.0625],"rotation":0,"texture":"#0","tintindex":0},"west":{"uv":[5.4375,9.75,5.375,10.0],"rotation":90,"texture":"#0","tintindex":0},"up":{"uv":[5.4375,10.0,5.375,9.75],"rotation":0,"texture":"#0","tintindex":0},"down":{"uv":[5.4375,9.75,5.375,10.0],"rotation":0,"texture":"#0","tintindex":0}}},{"from":[6.4031997,10.274296,4.8589897],"to":[9.661722,11.577705,7.4571185],"rotation":{"angle":-45.0,"axis":"x","origin":[6.2945824,10.491531,10.998503]},"faces":{"east":{"uv":[8.5,8.75,8.125,8.9375],"rotation":0,"texture":"#0","tintindex":0},"south":{"uv":[9.625,9.0,10.125,9.1875],"rotation":0,"texture":"#0","tintindex":0},"north":{"uv":[9.625,2.625,10.125,2.8125],"rotation":0,"texture":"#0","tintindex":0},"west":{"uv":[8.125,8.75,8.5,8.9375],"rotation":0,"texture":"#0","tintindex":0},"up":{"uv":[9.875,0.75,9.375,0.375],"rotation":0,"texture":"#0","tintindex":0},"down":{"uv":[9.25,3.625,9.75,3.25],"rotation":0,"texture":"#0","tintindex":0}}}],"display":{"head":{"translation":[0.0,-6.4,0.0],"scale":[4.0,4.0,4.0]}}}