{"textures":{"0":"modelengine:entity/nocsy_drakonin_baby6"},"elements":[{"from":[6.5714283,7.640972,6.392003],"to":[9.428572,10.498116,9.249146],"rotation":{"angle":0.0,"axis":"y","origin":[8.302857,8.898342,7.846291]},"faces":{"east":{"uv":[2.25,6.625,2.875,7.25],"rotation":0,"texture":"#0","tintindex":0},"south":{"uv":[3.0,6.625,3.625,7.25],"rotation":0,"texture":"#0","tintindex":0},"north":{"uv":[6.5,3.75,7.125,4.375],"rotation":0,"texture":"#0","tintindex":0},"west":{"uv":[6.75,4.5,7.375,5.125],"rotation":0,"texture":"#0","tintindex":0},"up":{"uv":[7.375,5.875,6.75,5.25],"rotation":0,"texture":"#0","tintindex":0},"down":{"uv":[4.375,6.875,3.75,7.5],"rotation":0,"texture":"#0","tintindex":0}}},{"from":[6.5148573,9.412401,5.8205748],"to":[6.5148573,10.555258,7.53486],"rotation":{"angle":22.5,"axis":"x","origin":[6.6574287,9.9838295,6.363432]},"faces":{"east":{"uv":[11.5,3.75,11.125,4.0],"rotation":0,"texture":"#0","tintindex":0},"south":{"uv":[2.875,6.625,2.25,7.25],"rotation":0,"texture":"#0","tintindex":0},"north":{"uv":[7.375,4.5,6.75,5.125],"rotation":0,"texture":"#0","tintindex":0},"west":{"uv":[11.125,3.75,11.5,4.0],"rotation":0,"texture":"#0","tintindex":0},"up":{"uv":[7.375,5.25,6.75,5.875],"rotation":90,"texture":"#0","tintindex":0},"down":{"uv":[4.375,7.5,3.75,6.875],"rotation":270,"texture":"#0","tintindex":0}}},{"from":[7.6577144,9.412401,5.8205748],"to":[7.6577144,10.555258,7.53486],"rotation":{"angle":22.5,"axis":"x","origin":[6.6574287,9.9838295,6.363432]},"faces":{"east":{"uv":[11.5,3.75,11.125,4.0],"rotation":0,"texture":"#0","tintindex":0},"south":{"uv":[2.875,6.625,2.25,7.25],"rotation":0,"texture":"#0","tintindex":0},"north":{"uv":[7.375,4.5,6.75,5.125],"rotation":0,"texture":"#0","tintindex":0},"west":{"uv":[11.125,3.75,11.5,4.0],"rotation":0,"texture":"#0","tintindex":0},"up":{"uv":[7.375,5.25,6.75,5.875],"rotation":90,"texture":"#0","tintindex":0},"down":{"uv":[4.375,7.5,3.75,6.875],"rotation":270,"texture":"#0","tintindex":0}}},{"from":[8.342286,9.412401,5.8205748],"to":[8.342286,10.555258,7.53486],"rotation":{"angle":22.5,"axis":"x","origin":[9.342571,9.9838295,6.363432]},"faces":{"east":{"uv":[11.5,3.75,11.125,4.0],"rotation":0,"texture":"#0","tintindex":0},"south":{"uv":[2.25,6.625,2.875,7.25],"rotation":0,"texture":"#0","tintindex":0},"north":{"uv":[6.75,4.5,7.375,5.125],"rotation":0,"texture":"#0","tintindex":0},"west":{"uv":[11.125,3.75,11.5,4.0],"rotation":0,"texture":"#0","tintindex":0},"up":{"uv":[7.375,5.875,6.75,5.25],"rotation":90,"texture":"#0","tintindex":0},"down":{"uv":[4.375,6.875,3.75,7.5],"rotation":270,"texture":"#0","tintindex":0}}},{"from":[5.942857,9.412401,6.392003],"to":[7.6571426,10.555258,6.392003],"rotation":{"angle":22.5,"axis":"x","origin":[6.6574287,9.9838295,6.363432]},"faces":{"east":{"uv":[7.375,4.5,6.75,5.125],"rotation":0,"texture":"#0","tintindex":0},"south":{"uv":[11.125,3.75,11.5,4.0],"rotation":0,"texture":"#0","tintindex":0},"north":{"uv":[11.5,3.75,11.125,4.0],"rotation":0,"texture":"#0","tintindex":0},"west":{"uv":[2.875,6.625,2.25,7.25],"rotation":0,"texture":"#0","tintindex":0},"up":{"uv":[6.75,5.875,7.375,5.25],"rotation":0,"texture":"#0","tintindex":0},"down":{"uv":[3.75,6.875,4.375,7.5],"rotation":0,"texture":"#0","tintindex":0}}},{"from":[8.342857,9.412401,6.392003],"to":[10.057143,10.555258,6.392003],"rotation":{"angle":22.5,"axis":"x","origin":[9.342571,9.9838295,6.363432]},"faces":{"east":{"uv":[2.25,6.625,2.875,7.25],"rotation":0,"texture":"#0","tintindex":0},"south":{"uv":[11.5,3.75,11.125,4.0],"rotation":0,"texture":"#0","tintindex":0},"north":{"uv":[11.125,3.75,11.5,4.0],"rotation":0,"texture":"#0","tintindex":0},"west":{"uv":[6.75,4.5,7.375,5.125],"rotation":0,"texture":"#0","tintindex":0},"up":{"uv":[7.375,5.875,6.75,5.25],"rotation":0,"texture":"#0","tintindex":0},"down":{"uv":[4.375,6.875,3.75,7.5],"rotation":0,"texture":"#0","tintindex":0}}},{"from":[9.485143,9.412401,5.8205748],"to":[9.485143,10.555258,7.53486],"rotation":{"angle":22.5,"axis":"x","origin":[9.342571,9.9838295,6.363432]},"faces":{"east":{"uv":[11.5,3.75,11.125,4.0],"rotation":0,"texture":"#0","tintindex":0},"south":{"uv":[2.25,6.625,2.875,7.25],"rotation":0,"texture":"#0","tintindex":0},"north":{"uv":[6.75,4.5,7.375,5.125],"rotation":0,"texture":"#0","tintindex":0},"west":{"uv":[11.125,3.75,11.5,4.0],"rotation":0,"texture":"#0","tintindex":0},"up":{"uv":[7.375,5.875,6.75,5.25],"rotation":90,"texture":"#0","tintindex":0},"down":{"uv":[4.375,6.875,3.75,7.5],"rotation":270,"texture":"#0","tintindex":0}}},{"from":[8.0,10.326687,6.392003],"to":[8.0,13.183829,10.392003],"rotation":{"angle":0.0,"axis":"y","origin":[8.0,11.755258,8.392003]},"faces":{"east":{"uv":[6.375,0.75,5.5,1.375],"rotation":0,"texture":"#0","tintindex":0},"south":{"uv":[7.625,10.25,7.625,10.875],"rotation":0,"texture":"#0","tintindex":0},"north":{"uv":[1.375,10.25,1.375,10.875],"rotation":0,"texture":"#0","tintindex":0},"west":{"uv":[5.5,0.75,6.375,1.375],"rotation":0,"texture":"#0","tintindex":0},"up":{"uv":[7.75,11.125,7.75,10.25],"rotation":0,"texture":"#0","tintindex":0},"down":{"uv":[5.75,10.5,5.75,11.375],"rotation":0,"texture":"#0","tintindex":0}}},{"from":[6.857143,9.755258,7.0205746],"to":[6.857143,12.612401,11.020575],"rotation":{"angle":-22.5,"axis":"y","origin":[8.0,11.755258,8.392003]},"faces":{"east":{"uv":[6.375,2.25,5.5,2.875],"rotation":0,"texture":"#0","tintindex":0},"south":{"uv":[8.0,10.5,8.0,11.125],"rotation":0,"texture":"#0","tintindex":0},"north":{"uv":[7.875,10.5,7.875,11.125],"rotation":0,"texture":"#0","tintindex":0},"west":{"uv":[5.5,2.25,6.375,2.875],"rotation":0,"texture":"#0","tintindex":0},"up":{"uv":[10.5,8.875,10.5,8.0],"rotation":0,"texture":"#0","tintindex":0},"down":{"uv":[8.125,10.5,8.125,11.375],"rotation":0,"texture":"#0","tintindex":0}}},{"from":[9.142858,9.755258,7.0205746],"to":[9.142858,12.612401,11.020575],"rotation":{"angle":22.5,"axis":"y","origin":[8.0,11.755258,8.392003]},"faces":{"east":{"uv":[6.375,2.25,5.5,2.875],"rotation":0,"texture":"#0","tintindex":0},"south":{"uv":[8.0,10.5,8.0,11.125],"rotation":0,"texture":"#0","tintindex":0},"north":{"uv":[7.875,10.5,7.875,11.125],"rotation":0,"texture":"#0","tintindex":0},"west":{"uv":[5.5,2.25,6.375,2.875],"rotation":0,"texture":"#0","tintindex":0},"up":{"uv":[10.5,8.875,10.5,8.0],"rotation":0,"texture":"#0","tintindex":0},"down":{"uv":[8.125,10.5,8.125,11.375],"rotation":0,"texture":"#0","tintindex":0}}},{"from":[6.5294285,8.040972,6.261146],"to":[6.5294285,10.098115,6.832575],"rotation":{"angle":0.0,"axis":"y","origin":[8.0,9.012628,7.846291]},"faces":{"east":{"uv":[2.125,10.25,2.25,10.75],"rotation":0,"texture":"#0","tintindex":0},"south":{"uv":[9.125,10.5,9.125,11.0],"rotation":0,"texture":"#0","tintindex":0},"north":{"uv":[9.0,10.5,9.0,11.0],"rotation":0,"texture":"#0","tintindex":0},"west":{"uv":[2.375,10.25,2.5,10.75],"rotation":0,"texture":"#0","tintindex":0},"up":{"uv":[5.375,7.0,5.375,6.875],"rotation":0,"texture":"#0","tintindex":0},"down":{"uv":[2.125,7.125,2.125,7.25],"rotation":0,"texture":"#0","tintindex":0}}},{"from":[6.8145714,8.269544,6.2325745],"to":[7.443143,9.412401,6.2325745],"rotation":{"angle":0.0,"axis":"y","origin":[6.0936537,9.012628,7.6702304]},"faces":{"east":{"uv":[8.375,9.75,8.375,10.0],"rotation":0,"texture":"#0","tintindex":0},"south":{"uv":[8.0,7.25,8.125,7.5],"rotation":0,"texture":"#0","tintindex":0},"north":{"uv":[8.125,7.25,8.0,7.5],"rotation":0,"texture":"#0","tintindex":0},"west":{"uv":[7.375,9.875,7.375,10.125],"rotation":0,"texture":"#0","tintindex":0},"up":{"uv":[5.0,7.625,4.875,7.625],"rotation":0,"texture":"#0","tintindex":0},"down":{"uv":[4.75,8.0,4.625,8.0],"rotation":0,"texture":"#0","tintindex":0}}},{"from":[6.528857,8.040972,6.261146],"to":[8.014571,10.098115,6.261146],"rotation":{"angle":0.0,"axis":"y","origin":[6.4365106,9.012628,7.6702304]},"faces":{"east":{"uv":[9.25,10.5,9.25,11.0],"rotation":0,"texture":"#0","tintindex":0},"south":{"uv":[0.5,8.125,0.875,8.625],"rotation":0,