{"textures":{"0":"modelengine:entity/nocsy_drakonin_baby6"},"elements":[{"from":[7.9687667,7.0705366,7.46578],"to":[9.111624,8.213394,9.751494],"rotation":{"angle":0.0,"axis":"y","origin":[8.317424,7.514231,9.191969]},"faces":{"east":{"uv":[9.375,4.75,9.875,5.0],"rotation":0,"texture":"#0","tintindex":0},"south":{"uv":[3.5,10.25,3.75,10.5],"rotation":0,"texture":"#0","tintindex":0},"north":{"uv":[3.125,10.25,3.375,10.5],"rotation":0,"texture":"#0","tintindex":0},"west":{"uv":[5.125,9.375,5.625,9.625],"rotation":0,"texture":"#0","tintindex":0},"up":{"uv":[8.375,9.625,8.125,9.125],"rotation":0,"texture":"#0","tintindex":0},"down":{"uv":[6.0,9.375,5.75,9.875],"rotation":0,"texture":"#0","tintindex":0}}},{"from":[8.200484,6.8700714,8.328783],"to":[9.343341,8.012929,10.614498],"rotation":{"angle":-22.5,"axis":"z","origin":[9.749142,7.142337,9.483543]},"faces":{"east":{"uv":[9.375,5.125,9.875,5.375],"rotation":0,"texture":"#0","tintindex":0},"south":{"uv":[3.875,10.25,4.125,10.5],"rotation":0,"texture":"#0","tintindex":0},"north":{"uv":[10.25,3.5,10.5,3.75],"rotation":0,"texture":"#0","tintindex":0},"west":{"uv":[9.375,5.875,9.875,6.125],"rotation":0,"texture":"#0","tintindex":0},"up":{"uv":[9.75,2.375,9.5,1.875],"rotation":0,"texture":"#0","tintindex":0},"down":{"uv":[9.75,6.25,9.5,6.75],"rotation":0,"texture":"#0","tintindex":0}}},{"from":[9.222282,7.176711,10.1081],"to":[9.222282,8.719568,12.393814],"rotation":{"angle":-22.5,"axis":"x","origin":[9.205278,8.34044,11.262525]},"faces":{"east":{"uv":[2.0,8.125,2.5,8.5],"rotation":0,"texture":"#0","tintindex":0},"south":{"uv":[10.25,10.5,10.25,10.875],"rotation":0,"texture":"#0","tintindex":0},"north":{"uv":[10.125,10.5,10.125,10.875],"rotation":0,"texture":"#0","tintindex":0},"west":{"uv":[4.625,8.125,5.125,8.5],"rotation":0,"texture":"#0","tintindex":0},"up":{"uv":[10.375,11.0,10.375,10.5],"rotation":0,"texture":"#0","tintindex":0},"down":{"uv":[10.5,10.5,10.5,11.0],"rotation":0,"texture":"#0","tintindex":0}}},{"from":[8.388275,7.9327397,10.016951],"to":[9.988276,7.9327397,12.302664],"rotation":{"angle":-22.5,"axis":"x","origin":[9.205278,8.34044,11.262525]},"faces":{"east":{"uv":[0.0,10.625,0.5,10.625],"rotation":0,"texture":"#0","tintindex":0},"south":{"uv":[10.625,0.0,11.0,0.0],"rotation":0,"texture":"#0","tintindex":0},"north":{"uv":[10.5,9.0,10.875,9.0],"rotation":0,"texture":"#0","tintindex":0},"west":{"uv":[10.625,0.125,11.125,0.125],"rotation":0,"texture":"#0","tintindex":0},"up":{"uv":[5.625,8.625,5.25,8.125],"rotation":0,"texture":"#0","tintindex":0},"down":{"uv":[7.125,8.125,6.75,8.625],"rotation":0,"texture":"#0","tintindex":0}}}],"display":{"head":{"translation":[0.0,-6.4,0.0],"scale":[4.0,4.0,4.0]}}}