{"textures":{"0":"modelengine:entity/nocsy_drakonin_baby6"},"elements":[{"from":[7.0857143,8.151183,7.594853],"to":[8.914286,10.585469,10.269138],"rotation":{"angle":0.0,"axis":"y","origin":[7.234286,9.047367,8.844574]},"faces":{"east":{"uv":[0.0,7.125,0.5,7.625],"rotation":0,"texture":"#0","tintindex":0},"south":{"uv":[6.25,7.75,6.625,8.25],"rotation":0,"texture":"#0","tintindex":0},"north":{"uv":[5.75,7.75,6.125,8.25],"rotation":0,"texture":"#0","tintindex":0},"west":{"uv":[0.625,7.125,1.125,7.625],"rotation":0,"texture":"#0","tintindex":0},"up":{"uv":[8.25,2.0,7.875,1.5],"rotation":0,"texture":"#0","tintindex":0},"down":{"uv":[8.25,2.125,7.875,2.625],"rotation":0,"texture":"#0","tintindex":0}}},{"from":[7.1485715,9.534488,7.4850464],"to":[8.851429,11.808773,9.759332],"rotation":{"angle":-22.5,"axis":"x","origin":[8.139543,10.821501,8.789421]},"faces":{"east":{"uv":[1.25,7.125,1.75,7.625],"rotation":0,"texture":"#0","tintindex":0},"south":{"uv":[3.125,8.0,3.5,8.5],"rotation":0,"texture":"#0","tintindex":0},"north":{"uv":[2.625,8.0,3.0,8.5],"rotation":0,"texture":"#0","tintindex":0},"west":{"uv":[5.125,7.125,5.625,7.625],"rotation":0,"texture":"#0","tintindex":0},"up":{"uv":[4.0,8.5,3.625,8.0],"rotation":0,"texture":"#0","tintindex":0},"down":{"uv":[4.5,8.0,4.125,8.5],"rotation":0,"texture":"#0","tintindex":0}}},{"from":[6.701984,8.812866,7.9853644],"to":[6.701984,11.670009,11.985365],"rotation":{"angle":-22.5,"axis":"y","origin":[6.2591267,10.241438,9.756793]},"faces":{"east":{"uv":[12.25,0.125,11.375,0.75],"rotation":0,"texture":"#0","tintindex":0},"south":{"uv":[8.0,10.5,8.0,11.125],"rotation":0,"texture":"#0","tintindex":0},"north":{"uv":[7.875,10.5,7.875,11.125],"rotation":0,"texture":"#0","tintindex":0},"west":{"uv":[11.375,0.125,12.25,0.75],"rotation":0,"texture":"#0","tintindex":0},"up":{"uv":[10.5,8.875,10.5,8.0],"rotation":0,"texture":"#0","tintindex":0},"down":{"uv":[8.125,10.5,8.125,11.375],"rotation":0,"texture":"#0","tintindex":0}}},{"from":[9.18212,8.812866,7.893559],"to":[9.18212,11.670009,11.8935585],"rotation":{"angle":45.0,"axis":"y","origin":[9.296406,10.184295,9.1507015]},"faces":{"east":{"uv":[12.25,0.125,11.375,0.75],"rotation":0,"texture":"#0","tintindex":0},"south":{"uv":[8.0,10.5,8.0,11.125],"rotation":0,"texture":"#0","tintindex":0},"north":{"uv":[7.875,10.5,7.875,11.125],"rotation":0,"texture":"#0","tintindex":0},"west":{"uv":[11.375,0.125,12.25,0.75],"rotation":0,"texture":"#0","tintindex":0},"up":{"uv":[10.5,8.875,10.5,8.0],"rotation":0,"texture":"#0","tintindex":0},"down":{"uv":[8.125,10.5,8.125,11.375],"rotation":0,"texture":"#0","tintindex":0}}}],"display":{"head":{"translation":[0.0,-6.4,0.0],"scale":[4.0,4.0,4.0]}}}