{"textures":{"0":"modelengine:entity/lizard_lava"},"elements":[{"from":[6.0021167,6.5214286,5.3169756],"to":[10.002117,8.235714,9.888405],"rotation":{"angle":0.0,"axis":"y","origin":[8.002117,7.3785715,7.60269]},"faces":{"east":{"uv":[7.3125,5.8125,6.8125,6.0],"rotation":0,"texture":"#0","tintindex":0},"south":{"uv":[2.5,4.625,2.0625,4.8125],"rotation":0,"texture":"#0","tintindex":0},"north":{"uv":[1.9375,2.25,1.5,2.4375],"rotation":0,"texture":"#0","tintindex":0},"west":{"uv":[7.3125,5.8125,6.8125,6.0],"rotation":0,"texture":"#0","tintindex":0},"up":{"uv":[6.25,5.0625,6.6875,4.5625],"rotation":0,"texture":"#0","tintindex":0},"down":{"uv":[1.0625,6.3125,1.5,6.8125],"rotation":0,"texture":"#0","tintindex":0}}},{"from":[9.451835,6.507143,2.5882316],"to":[10.594691,8.221429,6.0168033],"rotation":{"angle":-22.5,"axis":"y","origin":[10.023263,7.3642855,4.3025174]},"faces":{"east":{"uv":[5.4375,6.9375,5.0625,7.125],"rotation":0,"texture":"#0","tintindex":0},"south":{"uv":[5.75,5.125,5.625,5.3125],"rotation":0,"texture":"#0","tintindex":0},"north":{"uv":[5.5625,5.125,5.4375,5.3125],"rotation":0,"texture":"#0","tintindex":0},"west":{"uv":[5.0,6.9375,4.625,7.125],"rotation":0,"texture":"#0","tintindex":0},"up":{"uv":[1.875,5.5,2.0,5.125],"rotation":0,"texture":"#0","tintindex":0},"down":{"uv":[3.1875,6.375,3.3125,6.75],"rotation":0,"texture":"#0","tintindex":0}}},{"from":[7.846292,7.5642858,2.041541],"to":[9.560577,7.5642858,5.470113],"rotation":{"angle":-22.5,"axis":"y","origin":[8.703435,7.5642858,3.755827]},"faces":{"east":{"uv":[4.0,3.3125,3.625,3.3125],"rotation":0,"texture":"#0","tintindex":0},"south":{"uv":[1.6875,2.5625,1.5,2.5625],"rotation":0,"texture":"#0","tintindex":0},"north":{"uv":[1.0625,2.1875,0.875,2.1875],"rotation":0,"texture":"#0","tintindex":0},"west":{"uv":[1.875,2.5,1.5,2.5],"rotation":0,"texture":"#0","tintindex":0},"up":{"uv":[0.875,2.125,1.0625,1.75],"rotation":0,"texture":"#0","tintindex":0},"down":{"uv":[0.875,1.75,1.0625,2.125],"rotation":0,"texture":"#0","tintindex":0}}},{"from":[6.443656,7.5214286,2.041541],"to":[8.157942,7.5214286,5.470113],"rotation":{"angle":22.5,"axis":"y","origin":[7.300799,7.5214286,3.755827]},"faces":{"east":{"uv":[4.6875,3.25,4.3125,3.25],"rotation":0,"texture":"#0","tintindex":0},"south":{"uv":[3.375,4.1875,3.1875,4.1875],"rotation":0,"texture":"#0","tintindex":0},"north":{"uv":[1.9375,2.5625,1.75,2.5625],"rotation":0,"texture":"#0","tintindex":0},"west":{"uv":[4.125,0.6875,3.75,0.6875],"rotation":0,"texture":"#0","tintindex":0},"up":{"uv":[1.0625,2.125,0.875,1.75],"rotation":0,"texture":"#0","tintindex":0},"down":{"uv":[1.0625,1.75,0.875,2.125],"rotation":0,"texture":"#0","tintindex":0}}},{"from":[5.393997,6.507143,2.675592],"to":[6.5368543,8.221429,6.104163],"rotation":{"angle":22.5,"axis":"y","origin":[5.9654255,7.3642855,4.3898773]},"faces":{"east":{"uv":[4.625,6.9375,5.0,7.125],"rotation":0,"texture":"#0","tintindex":0},"south":{"uv":[5.625,5.125,5.75,5.3125],"rotation":0,"texture":"#0","tintindex":0},"north":{"uv":[5.4375,5.125,5.5625,5.3125],"rotation":0,"texture":"#0","tintindex":0},"west":{"uv":[5.0625,6.9375,5.4375,7.125],"rotation":0,"texture":"#0","tintindex":0},"up":{"uv":[2.0,5.5,1.875,5.125],"rotation":0,"texture":"#0","tintindex":0},"down":{"uv":[3.3125,6.375,3.1875,6.75],"rotation":0,"texture":"#0","tintindex":0}}},{"from":[7.433532,6.5214286,1.907546],"to":[8.576389,8.235714,5.3361177],"rotation":{"angle":0.0,"axis":"y","origin":[8.004961,7.3785715,3.621832]},"faces":{"east":{"uv":[4.625,6.9375,5.0,7.125],"rotation":0,"texture":"#0","tintindex":0},"south":{"uv":[5.625,5.125,5.75,5.3125],"rotation":0,"texture":"#0","tintindex":0},"north":{"uv":[5.4375,5.125,5.5625,5.3125],"rotation":0,"texture":"#0","tintindex":0},"west":{"uv":[5.0625,6.9375,5.4375,7.125],"rotation":0,"texture":"#0","tintindex":0},"up":{"uv":[2.0,5.5,1.875,5.125],"rotation":0,"texture":"#0","tintindex":0},"down":{"uv":[3.3125,6.375,3.1875,6.75],"rotation":0,"texture":"#0","tintindex":0}}}],"display":{"head":{"translation":[0.0,-6.4,0.0],"scale":[4.0,4.0,4.0]}}}