{"textures":{"0":"modelengine:entity/lizard_lava"},"elements":[{"from":[6.592857,6.095238,7.772282],"to":[9.407143,9.523809,14.629425],"rotation":{"angle":0.0,"axis":"y","origin":[8.0,7.8095236,11.200853]},"faces":{"east":{"uv":[5.4375,4.6875,6.1875,5.0625],"rotation":0,"texture":"#0","tintindex":0},"south":{"uv":[4.25,6.75,4.5625,7.125],"rotation":0,"texture":"#0","tintindex":0},"north":{"uv":[4.25,6.75,4.5625,7.125],"rotation":0,"texture":"#0","tintindex":0},"west":{"uv":[5.6875,1.5,6.4375,1.875],"rotation":0,"texture":"#0","tintindex":0},"up":{"uv":[5.25,6.875,4.9375,6.125],"rotation":0,"texture":"#0","tintindex":0},"down":{"uv":[5.25,6.875,4.9375,6.125],"rotation":0,"texture":"#0","tintindex":0}}},{"from":[2.7055044,8.095238,9.971002],"to":[7.848362,8.095238,19.11386],"rotation":{"angle":-22.5,"axis":"y","origin":[5.2769327,8.095238,14.542431]},"faces":{"east":{"uv":[7.375,1.25,8.375,1.25],"rotation":0,"texture":"#0","tintindex":0},"south":{"uv":[7.375,1.3125,7.9375,1.3125],"rotation":0,"texture":"#0","tintindex":0},"north":{"uv":[7.3125,5.5,7.875,5.5],"rotation":0,"texture":"#0","tintindex":0},"west":{"uv":[7.375,1.375,8.375,1.375],"rotation":0,"texture":"#0","tintindex":0},"up":{"uv":[2.0625,3.625,1.5,2.625],"rotation":0,"texture":"#0","tintindex":0},"down":{"uv":[2.0625,2.625,1.5,3.625],"rotation":0,"texture":"#0","tintindex":0}}},{"from":[8.151638,8.095238,9.971002],"to":[13.294496,8.095238,19.11386],"rotation":{"angle":22.5,"axis":"y","origin":[10.723067,8.095238,14.542431]},"faces":{"east":{"uv":[8.375,1.375,7.375,1.375],"rotation":0,"texture":"#0","tintindex":0},"south":{"uv":[7.9375,1.3125,7.375,1.3125],"rotation":0,"texture":"#0","tintindex":0},"north":{"uv":[7.875,5.5,7.3125,5.5],"rotation":0,"texture":"#0","tintindex":0},"west":{"uv":[8.375,1.25,7.375,1.25],"rotation":0,"texture":"#0","tintindex":0},"up":{"uv":[1.5,3.625,2.0625,2.625],"rotation":0,"texture":"#0","tintindex":0},"down":{"uv":[1.5,2.625,2.0625,3.625],"rotation":0,"texture":"#0","tintindex":0}}}],"display":{"head":{"translation":[0.0,-6.4,0.0],"scale":[4.0,4.0,4.0]}}}