{"textures":{"0":"modelengine:entity/mount_chick_black"},"elements":[{"from":[5.988979,4.0857143,6.0120697],"to":[9.988979,8.085714,10.01207],"faces":{"east":{"uv":[10.25,8.375,10.75,8.875],"tintindex":0,"rotation":180,"texture":"#0"},"south":{"uv":[10.25,3.625,10.75,4.125],"tintindex":0,"rotation":180,"texture":"#0"},"north":{"uv":[10.125,10.25,10.625,10.75],"tintindex":0,"rotation":180,"texture":"#0"},"west":{"uv":[10.375,4.875,10.875,5.375],"tintindex":0,"rotation":180,"texture":"#0"},"up":{"uv":[8.0,10.375,7.5,10.875],"tintindex":0,"rotation":0,"texture":"#0"},"down":{"uv":[7.375,10.875,6.875,10.375],"tintindex":0,"rotation":0,"texture":"#0"}}}]}