{"textures":{"0":"modelengine:entity/mount_chick_black"},"elements":[{"from":[6.8634405,5.763265,6.86404],"to":[9.149155,8.04898,9.149755],"rotation":{"angle":0.0,"axis":"y","origin":[8.006298,6.906122,8.006897]},"faces":{"east":{"uv":[10.875,4.875,10.375,5.375],"rotation":180,"texture":"#0","tintindex":0},"south":{"uv":[10.75,3.625,10.25,4.125],"rotation":180,"texture":"#0","tintindex":0},"north":{"uv":[10.625,10.25,10.125,10.75],"rotation":180,"texture":"#0","tintindex":0},"west":{"uv":[10.75,8.375,10.25,8.875],"rotation":180,"texture":"#0","tintindex":0},"up":{"uv":[7.5,10.375,8.0,10.875],"rotation":0,"texture":"#0","tintindex":0},"down":{"uv":[6.875,10.875,7.375,10.375],"rotation":0,"texture":"#0","tintindex":0}}}],"display":{"head":{"translation":[0.0,-6.4,0.0],"scale":[4.0,4.0,4.0]}}}