{"textures":{"0":"modelengine:entity/mount_chick_black"},"elements":[{"from":[4.8803816,8.064285,8.029931],"to":[11.737525,8.064285,17.744217],"rotation":{"angle":0.0,"axis":"y","origin":[8.308953,8.092857,12.887074]},"faces":{"east":{"uv":[11.0,8.25,13.125,8.25],"rotation":0,"texture":"#0","tintindex":0},"south":{"uv":[11.125,1.5,12.625,1.5],"rotation":0,"texture":"#0","tintindex":0},"north":{"uv":[10.75,6.625,12.25,6.625],"rotation":0,"texture":"#0","tintindex":0},"west":{"uv":[11.125,1.625,13.25,1.625],"rotation":0,"texture":"#0","tintindex":0},"up":{"uv":[1.5,8.375,0.0,6.25],"rotation":0,"texture":"#0","tintindex":0},"down":{"uv":[1.5,6.25,0.0,8.375],"rotation":0,"texture":"#0","tintindex":0}}},{"from":[1.4053321,7.9357142,7.39864],"to":[8.833903,7.9357142,17.112926],"rotation":{"angle":-22.5,"axis":"y","origin":[5.119618,7.9357142,12.255783]},"faces":{"east":{"uv":[11.25,2.75,13.375,2.75],"rotation":0,"texture":"#0","tintindex":0},"south":{"uv":[11.25,2.875,12.875,2.875],"rotation":0,"texture":"#0","tintindex":0},"north":{"uv":[11.25,2.625,12.875,2.625],"rotation":0,"texture":"#0","tintindex":0},"west":{"uv":[11.25,5.875,13.375,5.875],"rotation":0,"texture":"#0","tintindex":0},"up":{"uv":[4.5,4.125,6.125,2.0],"rotation":0,"texture":"#0","tintindex":0},"down":{"uv":[6.125,2.0,4.5,4.125],"rotation":0,"texture":"#0","tintindex":0}}},{"from":[7.212575,7.9357142,7.39864],"to":[14.641147,7.9357142,17.112926],"rotation":{"angle":22.5,"axis":"y","origin":[10.926861,7.9357142,12.255783]},"faces":{"east":{"uv":[13.375,5.875,11.25,5.875],"rotation":0,"texture":"#0","tintindex":0},"south":{"uv":[12.875,2.875,11.25,2.875],"rotation":0,"texture":"#0","tintindex":0},"north":{"uv":[12.875,2.625,11.25,2.625],"rotation":0,"texture":"#0","tintindex":0},"west":{"uv":[13.375,2.75,11.25,2.75],"rotation":0,"texture":"#0","tintindex":0},"up":{"uv":[6.125,4.125,4.5,2.0],"rotation":0,"texture":"#0","tintindex":0},"down":{"uv":[4.5,2.0,6.125,4.125],"rotation":0,"texture":"#0","tintindex":0}}}],"display":{"head":{"translation":[0.0,-6.4,0.0],"scale":[4.0,4.0,4.0]}}}