{"textures":{"0":"modelengine:entity/mount_chick_black"},"elements":[{"from":[3.4285712,7.3756332,1.5890555],"to":[12.571428,15.947062,11.303342],"rotation":{"angle":0.0,"axis":"y","origin":[8.0,11.661348,6.4461985]},"faces":{"east":{"uv":[4.375,2.25,2.25,4.125],"rotation":0,"texture":"#0","tintindex":0},"south":{"uv":[0.0,4.25,2.0,6.125],"rotation":0,"texture":"#0","tintindex":0},"north":{"uv":[0.0,4.25,2.0,6.125],"rotation":0,"texture":"#0","tintindex":0},"west":{"uv":[2.25,2.25,4.375,4.125],"rotation":0,"texture":"#0","tintindex":0},"up":{"uv":[2.0,2.125,0.0,0.0],"rotation":0,"texture":"#0","tintindex":0},"down":{"uv":[2.0,0.0,0.0,2.125],"rotation":0,"texture":"#0","tintindex":0}}},{"from":[2.8571424,14.232777,5.017627],"to":[13.142858,16.51849,10.160484],"rotation":{"angle":0.0,"axis":"y","origin":[8.0,15.375633,7.5890555]},"faces":{"east":{"uv":[8.125,10.0,9.25,10.5],"rotation":0,"texture":"#0","tintindex":0},"south":{"uv":[9.125,4.25,11.375,4.75],"rotation":0,"texture":"#0","tintindex":0},"north":{"uv":[8.625,7.125,10.875,7.625],"rotation":0,"texture":"#0","tintindex":0},"west":{"uv":[10.25,1.75,11.375,2.25],"rotation":0,"texture":"#0","tintindex":0},"up":{"uv":[10.125,2.875,7.875,1.75],"rotation":0,"texture":"#0","tintindex":0},"down":{"uv":[10.125,1.75,7.875,2.875],"rotation":0,"texture":"#0","tintindex":0}}},{"from":[4.5714283,15.534448,9.393317],"to":[11.428572,17.820164,10.536175],"rotation":{"angle":22.5,"axis":"x","origin":[8.0,16.677305,9.964746]},"faces":{"east":{"uv":[8.625,10.625,8.875,11.125],"rotation":0,"texture":"#0","tintindex":0},"south":{"uv":[8.125,9.375,9.625,9.875],"rotation":0,"texture":"#0","tintindex":0},"north":{"uv":[9.375,7.75,10.875,8.25],"rotation":0,"texture":"#0","tintindex":0},"west":{"uv":[9.0,10.625,9.25,11.125],"rotation":0,"texture":"#0","tintindex":0},"up":{"uv":[9.625,1.625,8.125,1.375],"rotation":0,"texture":"#0","tintindex":0},"down":{"uv":[11.375,6.75,9.875,7.0],"rotation":0,"texture":"#0","tintindex":0}}}],"display":{"head":{"translation":[0.0,-6.4,0.0],"scale":[4.0,4.0,4.0]}}}