{"textures":{"0":"modelengine:entity/giraffe"},"elements":[{"from":[10.10031,2.226509,1.870739],"to":[13.431329,6.1327057,8.96854],"faces":{"east":{"uv":[6.9375,5.3125,7.375,5.5625],"tintindex":0,"rotation":0,"texture":"#0"},"south":{"uv":[7.5,0.625,7.6875,0.875],"tintindex":0,"rotation":0,"texture":"#0"},"north":{"uv":[7.5,0.375,7.6875,0.625],"tintindex":0,"rotation":0,"texture":"#0"},"west":{"uv":[6.9375,5.5625,7.375,5.8125],"tintindex":0,"rotation":0,"texture":"#0"},"up":{"uv":[2.5,7.6875,2.3125,7.25],"tintindex":0,"rotation":0,"texture":"#0"},"down":{"uv":[4.875,7.25,4.6875,7.6875],"tintindex":0,"rotation":0,"texture":"#0"}}},{"from":[6.0505095,1.8333435,-6.826618],"to":[10.488073,3.839737,-1.9238205],"faces":{"east":{"uv":[7.5,2.375,7.8125,2.5],"tintindex":0,"rotation":0,"texture":"#0"},"south":{"uv":[4.4375,7.625,4.6875,7.75],"tintindex":0,"rotation":0,"texture":"#0"},"north":{"uv":[4.1875,7.625,4.4375,7.75],"tintindex":0,"rotation":0,"texture":"#0"},"west":{"uv":[7.5,3.9375,7.8125,4.0625],"tintindex":0,"rotation":0,"texture":"#0"},"up":{"uv":[3.875,5.625,3.625,5.3125],"tintindex":0,"rotation":0,"texture":"#0"},"down":{"uv":[7.4375,4.9375,7.1875,5.25],"tintindex":0,"rotation":0,"texture":"#0"}}},{"from":[6.6242914,0.5782013,0.8190346],"to":[9.914291,6.668747,4.14209],"faces":{"east":{"uv":[7.3125,1.8125,7.5,2.1875],"tintindex":0,"rotation":0,"texture":"#0"},"south":{"uv":[7.3125,2.1875,7.5,2.5625],"tintindex":0,"rotation":0,"texture":"#0"},"north":{"uv":[3.8125,1.375,4.0,1.75],"tintindex":0,"rotation":0,"texture":"#0"},"west":{"uv":[2.5,7.3125,2.6875,7.6875],"tintindex":0,"rotation":0,"texture":"#0"},"up":{"uv":[6.625,2.125,6.4375,1.9375],"tintindex":0,"rotation":0,"texture":"#0"},"down":{"uv":[5.9375,7.5,5.75,7.6875],"tintindex":0,"rotation":0,"texture":"#0"}},"rotation":{"origin":[8.269291,-6.6753197,-0.091465],"angle":-22.5,"axis":"x"}},{"from":[9.340914,9.785225,7.549095],"to":[11.311486,14.261726,9.77265],"faces":{"east":{"uv":[0.75,3.5,0.875,3.75],"tintindex":0,"rotation":0,"texture":"#0"},"south":{"uv":[0.75,3.75,0.875,4.0],"tintindex":0,"rotation":0,"texture":"#0"},"north":{"uv":[3.0,3.375,3.125,3.625],"tintindex":0,"rotation":0,"texture":"#0"},"west":{"uv":[3.875,4.5,4.0,4.75],"tintindex":0,"rotation":0,"texture":"#0"},"up":{"uv":[7.0625,6.1875,6.9375,6.0625],"tintindex":0,"rotation":0,"texture":"#0"},"down":{"uv":[3.625,7.0625,3.5,7.1875],"tintindex":0,"rotation":0,"texture":"#0"}},"rotation":{"origin":[8.271719,12.959496,9.599855],"angle":22.5,"axis":"x"}},{"from":[3.679881,6.1327057,2.193367],"to":[6.043018,7.891098,4.4517555],"faces":{"east":{"uv":[0.0,6.625,0.125,6.6875],"tintindex":0,"rotation":0,"texture":"#0"},"south":{"uv":[3.0625,0.6875,3.1875,0.8125],"tintindex":0,"rotation":0,"texture":"#0"},"north":{"uv":[7.8125,7.4375,8.0,7.625],"tintindex":0,"rotation":0,"texture":"#0"},"west":{"uv":[0.0,6.625,0.125,6.6875],"tintindex":0,"rotation":0,"texture":"#0"},"up":{"uv":[4.375,5.3125,4.25,5.1875],"tintindex":0,"rotation":0,"texture":"#0"},"down":{"uv":[1.5625,6.1875,1.4375,6.3125],"tintindex":0,"rotation":0,"texture":"#0"}}},{"from":[6.3742914,0.5782013,3.8190346],"to":[10.164291,7.168747,8.64209],"faces":{"east":{"uv":[6.0,2.125,6.3125,2.5625],"tintindex":0,"rotation":0,"texture":"#0"},"south":{"uv":[7.0625,5.8125,7.3125,6.25],"tintindex":0,"rotation":0,"texture":"#0"},"north":{"uv":[7.0625,2.25,7.3125,2.6875],"tintindex":0,"rotation":0,"texture":"#0"},"west":{"uv":[4.6875,6.8125,5.0,7.25],"tintindex":0,"rotation":0,"texture":"#0"},"up":{"uv":[6.375,7.5625,6.125,7.25],"tintindex":0,"rotation":0,"texture":"#0"},"down":{"uv":[6.625,7.25,6.375,7.5625],"tintindex":0,"rotation":0,"texture":"#0"}},"rotation":{"origin":[8.269291,-6.6753197,-0.091465],"angle":-22.5,"axis":"x"}},{"from":[3.107254,6.1327057,4.4517555],"to":[13.431329,8.391098,8.96854],"faces":{"east":{"uv":[7.5,2.125,7.8125,2.25],"tintindex":0,"rotation":0,"texture":"#0"},"south":{"uv":[7.0625,2.8125,7.6875,2.9375],"tintindex":0,"rotation":0,"texture":"#0"},"north":{"uv":[7.0625,2.6875,7.6875,2.8125],"tintindex":0,"rotation":0,"texture":"#0"},"west":{"uv":[7.5,2.25,7.8125,2.375],"tintindex":0,"rotation":0,"texture":"#0"},"up":{"uv":[3.8125,1.6875,3.1875,1.375],"tintindex":0,"rotation":0,"texture":"#0"},"down":{"uv":[7.3125,2.9375,6.6875,3.25],"tintindex":0,"rotation":0,"texture":"#0"}}},{"from":[2.9459405,7.891098,1.548111],"to":[5.8495865,8.391098,4.4517555],"faces":{"east":{"uv":[4.0625,1.1875,4.375,1.25],"tintindex":0,"rotation":0,"texture":"#0"},"south":{"uv":[4.0625,1.1875,4.375,1.25],"tintindex":0,"rotation":0,"texture":"#0"},"north":{"uv":[4.0625,1.1875,4.375,1.25],"tintindex":0,"rotation":0,"texture":"#0"},"west":{"uv":[4.0625,1.1875,4.375,1.25],"tintindex":0,"rotation":0,"texture":"#0"},"up":{"uv":[4.0625,1.1875,4.375,1.25],"tintindex":0,"rotation":0,"texture":"#0"},"down":{"uv":[4.0625,1.1875,4.375,1.25],"tintindex":0,"rotation":0,"texture":"#0"}}},{"from":[10.688996,7.891098,1.548111],"to":[13.592642,8.391098,4.4517555],"faces":{"east":{"uv":[4.0625,1.1875,4.375,1.25],"tintindex":0,"rotation":0,"texture":"#0"},"south":{"uv":[4.0625,1.1875,4.375,1.25],"tintindex":0,"rotation":0,"texture":"#0"},"north":{"uv":[4.0625,1.1875,4.375,1.25],"tintindex":0,"rotation":0,"texture":"#0"},"west":{"uv":[4.0625,1.1875,4.375,1.25],"tintindex":0,"rotation":0,"texture":"#0"},"up":{"uv":[4.0625,1.1875,4.375,1.25],"tintindex":0,"rotation":0,"texture":"#0"},"down":{"uv":[4.0625,1.1875,4.375,1.25],"tintindex":0,"rotation":0,"texture":"#0"}}},{"from":[7.2005625,5.370926,6.6269035],"to":[11.308764,11.873489,7.917412],"faces":{"east":{"uv":[1.0,5.1875,1.0625,5.625],"tintindex":0,"rotation":0,"texture":"#0"},"south":{"uv":[7.0625,1.8125,7.3125,2.25],"tintindex":0,"rotation":0,"texture":"#0"},"north":{"uv":[4.4375,6.9375,4.6875,7.375],"tintindex":0,"rotation":0,"texture":"#0"},"west":{"uv":[1.0625,5.1875,1.125,5.625],"tintindex":0,"rotation":0,"texture":"#0"},"up":{"uv":[6.25,2.625,6.0,2.5625],"tintindex":0,"rotation":0,"texture":"#0"},"down":{"uv":[7.1875,0.9375,6.9375,1.0],"tintindex":0,"rotation":0,"texture":"#0"}},"rotation":{"origin":[4.8805494,1.0333862,6.0836334],"angle":45.0,"axis":"z"}},{"from":[4.6629186,6.2863083,0.94332886],"to":[7.6344757,11.857491,4.1673737],"faces":{"east":{"uv":[2.875,7.3125,3.0625,7.6875],"tintindex":0,"rotation":0,"texture":"#0"},"south":{"uv":[3.0625,7.3125,3.25,7.6875],"tintindex":0,"rotation":0,"texture":"#0"},"north":{"uv":[2.6875,7.3125,2.875,7.6875],"tintindex":0,"rotation":0,"texture":"#0"},"west":{"uv":[5.375,7.3125,5.5625,7.6875],"tintindex":0,"rotation":0,"texture":"#0"},"up":{"uv":[7.6875,6.5,7.5,6.3125],"tintindex":0,"rotation":0,"texture":"#0"},"down":{"uv":[7.6875,6.5,7.5,6.6875],"tintindex":0,"rotation":0,"texture":"#0"}},"rotation":{"origin":[8.651402,-2.1297455,6.1311646],"angle":22.5,"axis":"x"}},{"from":[3.7525086,1.2932968,2.5159912],"to":[12.786074,9.68161,10.472845],"faces":{"east":{"uv":[5.9375,5.8125,6.4375,6.3125],"tintindex":0,"rotation":0,"texture":"#0"},"south":{"uv":[3.125,2.4375,4.0,3.125],"tintindex":0,"rotation":0,"texture":"#0"},"north":{"uv":[5.25,2.75,5.8125,3.25],"tintindex":0,"rotation":0,"texture":"#0"},"west":{"uv":[3.125,2.4375,4.0,3.125],"tintindex":0,"rotation":0,"texture":"#0"},"up":{"uv":[1.5625,6.1875,1.0,5.6875],"tintindex":0,"rotation":0,"texture":"#0"},"down":{"uv":[6.25,3.25,5.6875,3.75],"tintindex":0,"rotation":0,"texture":"#0"}}},{"from":[3.107254,8.391098,1.870739],"to":[6.0109,10.004234,8.96854],"faces":{"east":{"uv":[5.8125,3.125,6.25,3.25],"tintindex":0,"rotation":0,"texture":"#0"},"south":{"uv":[5.0,5.75,5.1875,5.875],"tintindex":0,"rotation":0,"texture":"#0"},"north":{"uv":[4.6875,0.5625,4.875,0.6875],"tintindex":0,"rotation":0,"texture":"#0"},"west":{"uv":[7.3125,2.5625,7.75,2.6875],"tintindex":0,"rotation":0,"texture":"#0"},"up":{"uv":[5.375,7.625,5.1875,7.1875],"tintindex":0,"rotation":0,"texture":"#0"},"down":{"uv":[0.625,7.25,0.4375,7.6875],"tintindex":0,"rotation":0,