{"textures":{"0":"modelengine:entity/giraffe"},"elements":[{"from":[0.39104557,3.6122284,3.2441978],"to":[8.889552,12.437599,11.739142],"faces":{"east":{"uv":[5.1875,4.3125,5.75,4.8125],"tintindex":0,"rotation":0,"texture":"#0"},"south":{"uv":[0.5,5.1875,1.0,5.75],"tintindex":0,"rotation":0,"texture":"#0"},"north":{"uv":[0.875,2.8125,1.375,3.375],"tintindex":0,"rotation":0,"texture":"#0"},"west":{"uv":[5.1875,3.25,5.6875,3.8125],"tintindex":0,"rotation":0,"texture":"#0"},"up":{"uv":[6.25,5.3125,5.75,4.8125],"tintindex":0,"rotation":0,"texture":"#0"},"down":{"uv":[5.1875,4.3125,5.75,4.8125],"tintindex":0,"rotation":0,"texture":"#0"}}},{"from":[0.7179117,-12.090641,0.18253517],"to":[6.601493,0.983984,7.3700166],"faces":{"east":{"uv":[4.4375,2.4375,4.875,3.25],"tintindex":0,"rotation":0,"texture":"#0"},"south":{"uv":[1.125,4.875,1.5,5.6875],"tintindex":0,"rotation":0,"texture":"#0"},"north":{"uv":[4.875,0.875,5.25,1.6875],"tintindex":0,"rotation":0,"texture":"#0"},"west":{"uv":[2.125,4.5,2.5625,5.3125],"tintindex":0,"rotation":0,"texture":"#0"},"up":{"uv":[7.0625,7.0625,6.6875,6.625],"tintindex":0,"rotation":0,"texture":"#0"},"down":{"uv":[7.125,0.0,6.75,0.4375],"tintindex":0,"rotation":0,"texture":"#0"}},"rotation":{"origin":[10.318846,10.979179,-9.47625],"angle":-22.5,"axis":"x"}}]}