{"textures":{"0":"modelengine:entity/giraffe"},"elements":[{"from":[3.6520262,5.4927006,5.282399],"to":[8.508315,10.53577,10.136653],"rotation":{"angle":0.0,"axis":"y","origin":[9.325055,9.702388,-1.9864273]},"faces":{"east":{"uv":[5.1875,4.3125,5.75,4.8125],"rotation":0,"texture":"#0","tintindex":0},"south":{"uv":[0.5,5.1875,1.0,5.75],"rotation":0,"texture":"#0","tintindex":0},"north":{"uv":[0.875,2.8125,1.375,3.375],"rotation":0,"texture":"#0","tintindex":0},"west":{"uv":[5.1875,3.25,5.6875,3.8125],"rotation":0,"texture":"#0","tintindex":0},"up":{"uv":[6.25,5.3125,5.75,4.8125],"rotation":0,"texture":"#0","tintindex":0},"down":{"uv":[5.1875,4.3125,5.75,4.8125],"rotation":0,"texture":"#0","tintindex":0}}},{"from":[3.8388066,-3.4803677,3.532877],"to":[7.200853,3.9908466,7.6400094],"rotation":{"angle":-22.5,"axis":"x","origin":[9.325055,9.702388,-1.9864273]},"faces":{"east":{"uv":[4.4375,2.4375,4.875,3.25],"rotation":0,"texture":"#0","tintindex":0},"south":{"uv":[1.125,4.875,1.5,5.6875],"rotation":0,"texture":"#0","tintindex":0},"north":{"uv":[4.875,0.875,5.25,1.6875],"rotation":0,"texture":"#0","tintindex":0},"west":{"uv":[2.125,4.5,2.5625,5.3125],"rotation":0,"texture":"#0","tintindex":0},"up":{"uv":[7.0625,7.0625,6.6875,6.625],"rotation":0,"texture":"#0","tintindex":0},"down":{"uv":[7.125,0.0,6.75,0.4375],"rotation":0,"texture":"#0","tintindex":0}}}],"display":{"head":{"translation":[0.0,-6.4,0.0],"scale":[4.0,4.0,4.0]}}}