{"textures":{"0":"modelengine:entity/giraffe"},"elements":[{"from":[5.999873,0.68088484,4.6176624],"to":[9.373007,8.459989,8.65755],"rotation":{"angle":-22.5,"axis":"x","origin":[10.92578,9.455569,9.872078]},"faces":{"east":{"uv":[0.0,4.1875,0.4375,5.0625],"rotation":0,"texture":"#0","tintindex":0},"south":{"uv":[4.8125,3.25,5.1875,4.125],"rotation":0,"texture":"#0","tintindex":0},"north":{"uv":[3.875,4.75,4.25,5.625],"rotation":0,"texture":"#0","tintindex":0},"west":{"uv":[4.375,3.625,4.8125,4.5],"rotation":0,"texture":"#0","tintindex":0},"up":{"uv":[2.5,4.5,2.125,4.0625],"rotation":0,"texture":"#0","tintindex":0},"down":{"uv":[7.0625,6.1875,6.6875,6.625],"rotation":0,"texture":"#0","tintindex":0}}},{"from":[5.813093,5.115117,6.2945633],"to":[9.757655,9.553923,11.312275],"rotation":{"angle":22.5,"axis":"x","origin":[10.92578,9.455569,9.872078]},"faces":{"east":{"uv":[5.1875,3.8125,5.75,4.3125],"rotation":0,"texture":"#0","tintindex":0},"south":{"uv":[6.25,6.3125,6.6875,6.8125],"rotation":0,"texture":"#0","tintindex":0},"north":{"uv":[6.3125,0.0,6.75,0.5],"rotation":0,"texture":"#0","tintindex":0},"west":{"uv":[5.1875,4.3125,5.75,4.8125],"rotation":0,"texture":"#0","tintindex":0},"up":{"uv":[6.4375,1.5625,6.0,1.0],"rotation":0,"texture":"#0","tintindex":0},"down":{"uv":[5.1875,4.3125,5.75,4.8125],"rotation":0,"texture":"#0","tintindex":0}}}],"display":{"head":{"translation":[0.0,-6.4,0.0],"scale":[4.0,4.0,4.0]}}}