{"textures":{"0":"modelengine:entity/giraffe"},"elements":[{"from":[7.907333,4.5250397,5.072325],"to":[10.03196,8.029055,8.092359],"faces":{"east":{"uv":[1.0,6.75,1.375,7.1875],"tintindex":0,"rotation":0,"texture":"#0"},"south":{"uv":[3.25,6.9375,3.5,7.375],"tintindex":0,"rotation":0,"texture":"#0"},"north":{"uv":[1.875,4.875,2.125,5.3125],"tintindex":0,"rotation":0,"texture":"#0"},"west":{"uv":[1.375,6.75,1.75,7.1875],"tintindex":0,"rotation":0,"texture":"#0"},"up":{"uv":[0.4375,7.5,0.1875,7.125],"tintindex":0,"rotation":0,"texture":"#0"},"down":{"uv":[1.5625,7.1875,1.3125,7.5625],"tintindex":0,"rotation":0,"texture":"#0"}}},{"from":[7.7439,-5.0696697,4.7182364],"to":[10.195392,-3.435341,7.0062957],"faces":{"east":{"uv":[1.8125,7.4375,2.125,7.625],"tintindex":0,"rotation":0,"texture":"#0"},"south":{"uv":[7.4375,3.1875,7.75,3.375],"tintindex":0,"rotation":0,"texture":"#0"},"north":{"uv":[7.4375,1.5625,7.75,1.75],"tintindex":0,"rotation":0,"texture":"#0"},"west":{"uv":[7.4375,3.375,7.75,3.5625],"tintindex":0,"rotation":0,"texture":"#0"},"up":{"uv":[7.4375,3.5625,7.125,3.25],"tintindex":0,"rotation":0,"texture":"#0"},"down":{"uv":[7.4375,4.625,7.125,4.9375],"tintindex":0,"rotation":0,"texture":"#0"}}},{"from":[8.036495,-4.0607805,5.399191],"to":[9.902797,4.688472,7.606222],"faces":{"east":{"uv":[5.75,0.5,6.0,1.5625],"tintindex":0,"rotation":0,"texture":"#0"},"south":{"uv":[0.75,5.75,1.0,6.8125],"tintindex":0,"rotation":0,"texture":"#0"},"north":{"uv":[0.5,5.75,0.75,6.8125],"tintindex":0,"rotation":0,"texture":"#0"},"west":{"uv":[5.75,1.5625,6.0,2.625],"tintindex":0,"rotation":0,"texture":"#0"},"up":{"uv":[7.5625,3.1875,7.3125,2.9375],"tintindex":0,"rotation":0,"texture":"#0"},"down":{"uv":[3.5,7.375,3.25,7.625],"tintindex":0,"rotation":0,"texture":"#0"}}}]}