{"textures":{"0":"modelengine:entity/giraffe"},"elements":[{"from":[6.153307,8.281261,1.3458133],"to":[9.89196,12.660156,5.0922227],"faces":{"east":{"uv":[3.625,6.125,4.0625,6.6875],"tintindex":0,"rotation":0,"texture":"#0"},"south":{"uv":[3.125,5.3125,3.625,5.875],"tintindex":0,"rotation":0,"texture":"#0"},"north":{"uv":[6.5,0.5,6.9375,1.0],"tintindex":0,"rotation":0,"texture":"#0"},"west":{"uv":[1.0,6.1875,1.4375,6.75],"tintindex":0,"rotation":0,"texture":"#0"},"up":{"uv":[1.0,6.1875,1.4375,6.75],"tintindex":0,"rotation":0,"texture":"#0"},"down":{"uv":[6.75,4.875,6.25,5.3125],"tintindex":0,"rotation":0,"texture":"#0"}},"rotation":{"origin":[8.085134,10.658209,2.1565175],"angle":-45.0,"axis":"x"}},{"from":[6.528307,12.156261,0.5958133],"to":[9.64196,21.160156,3.9672227],"faces":{"east":{"uv":[4.0,1.375,4.4375,2.5],"tintindex":0,"rotation":0,"texture":"#0"},"south":{"uv":[0.75,4.0625,1.125,5.1875],"tintindex":0,"rotation":0,"texture":"#0"},"north":{"uv":[4.0,3.625,4.375,4.75],"tintindex":0,"rotation":0,"texture":"#0"},"west":{"uv":[4.0,2.5,4.4375,3.625],"tintindex":0,"rotation":0,"texture":"#0"},"up":{"uv":[7.25,1.4375,6.875,1.0],"tintindex":0,"rotation":0,"texture":"#0"},"down":{"uv":[5.875,6.875,5.5,7.3125],"tintindex":0,"rotation":0,"texture":"#0"}},"rotation":{"origin":[8.085134,10.658209,2.1565175],"angle":-22.5,"axis":"x"}},{"from":[6.048165,6.934263,4.573869],"to":[9.943602,11.402081,8.25028],"faces":{"east":{"uv":[6.25,3.125,6.6875,3.6875],"tintindex":0,"rotation":0,"texture":"#0"},"south":{"uv":[5.1875,5.3125,5.6875,5.875],"tintindex":0,"rotation":0,"texture":"#0"},"north":{"uv":[4.25,5.3125,4.75,5.875],"tintindex":0,"rotation":0,"texture":"#0"},"west":{"uv":[6.25,4.3125,6.6875,4.875],"tintindex":0,"rotation":0,"texture":"#0"},"up":{"uv":[6.9375,1.9375,6.4375,1.5],"tintindex":0,"rotation":0,"texture":"#0"},"down":{"uv":[6.9375,3.6875,6.4375,4.125],"tintindex":0,"rotation":0,"texture":"#0"}},"rotation":{"origin":[8.227163,8.394438,7.4768496],"angle":-45.0,"axis":"x"}},{"from":[6.278307,8.406261,0.5958133],"to":[9.76696,12.160156,4.0922227],"faces":{"east":{"uv":[1.8125,6.625,2.25,7.125],"tintindex":0,"rotation":0,"texture":"#0"},"south":{"uv":[6.625,1.9375,7.0625,2.4375],"tintindex":0,"rotation":0,"texture":"#0"},"north":{"uv":[6.5,0.5,6.9375,1.0],"tintindex":0,"rotation":0,"texture":"#0"},"west":{"uv":[6.625,2.4375,7.0625,2.9375],"tintindex":0,"rotation":0,"texture":"#0"},"up":{"uv":[3.125,2.4375,4.0,3.125],"tintindex":0,"rotation":0,"texture":"#0"},"down":{"uv":[7.125,3.25,6.6875,3.6875],"tintindex":0,"rotation":0,"texture":"#0"}},"rotation":{"origin":[8.085134,10.658209,2.1565175],"angle":-22.5,"axis":"x"}},{"from":[6.0800543,1.5341454,2.1182284],"to":[9.925576,9.321457,5.521586],"faces":{"east":{"uv":[3.4375,4.5,3.875,5.3125],"tintindex":0,"rotation":0,"texture":"#0"},"south":{"uv":[1.625,4.0625,2.125,4.875],"tintindex":0,"rotation":0,"texture":"#0"},"north":{"uv":[1.125,4.0625,1.625,4.875],"tintindex":0,"rotation":0,"texture":"#0"},"west":{"uv":[4.375,4.5,4.8125,5.3125],"tintindex":0,"rotation":0,"texture":"#0"},"up":{"uv":[3.125,2.4375,4.0,3.125],"tintindex":0,"rotation":0,"texture":"#0"},"down":{"uv":[6.9375,5.75,6.4375,6.1875],"tintindex":0,"rotation":0,"texture":"#0"}},"rotation":{"origin":[7.6278152,7.052801,5.063865],"angle":-22.5,"axis":"x"}}]}