{"textures":{"0":"modelengine:entity/giraffe"},"elements":[{"from":[4.9241033,2.9514542,5.015486],"to":[11.827087,10.719364,13.796481],"faces":{"east":{"uv":[5.75,4.3125,5.1875,4.8125],"tintindex":0,"rotation":0,"texture":"#0"},"south":{"uv":[6.6875,6.3125,6.25,6.8125],"tintindex":0,"rotation":0,"texture":"#0"},"north":{"uv":[6.75,0.0,6.3125,0.5],"tintindex":0,"rotation":0,"texture":"#0"},"west":{"uv":[5.75,3.8125,5.1875,4.3125],"tintindex":0,"rotation":0,"texture":"#0"},"up":{"uv":[6.0,1.5625,6.4375,1.0],"tintindex":0,"rotation":0,"texture":"#0"},"down":{"uv":[5.75,4.3125,5.1875,4.8125],"tintindex":0,"rotation":0,"texture":"#0"}},"rotation":{"origin":[2.8798842,10.547245,11.276136],"angle":22.5,"axis":"x"}},{"from":[5.5972376,-4.8084507,2.0809097],"to":[11.500221,8.804981,9.150712],"faces":{"east":{"uv":[4.8125,3.625,4.375,4.5],"tintindex":0,"rotation":0,"texture":"#0"},"south":{"uv":[5.1875,3.25,4.8125,4.125],"tintindex":0,"rotation":0,"texture":"#0"},"north":{"uv":[4.25,4.75,3.875,5.625],"tintindex":0,"rotation":0,"texture":"#0"},"west":{"uv":[0.4375,4.1875,0.0,5.0625],"tintindex":0,"rotation":0,"texture":"#0"},"up":{"uv":[2.125,4.5,2.5,4.0625],"tintindex":0,"rotation":0,"texture":"#0"},"down":{"uv":[6.6875,6.1875,7.0625,6.625],"tintindex":0,"rotation":0,"texture":"#0"}},"rotation":{"origin":[2.8798842,10.547245,11.276136],"angle":-22.5,"axis":"x"}}]}