{"textures":{"0":"modelengine:entity/giraffe"},"elements":[{"from":[9.398507,-12.090641,0.18253517],"to":[15.282088,0.983984,7.3700166],"faces":{"east":{"uv":[2.5625,4.5,2.125,5.3125],"tintindex":0,"rotation":0,"texture":"#0"},"south":{"uv":[1.5,4.875,1.125,5.6875],"tintindex":0,"rotation":0,"texture":"#0"},"north":{"uv":[5.25,0.875,4.875,1.6875],"tintindex":0,"rotation":0,"texture":"#0"},"west":{"uv":[4.875,2.4375,4.4375,3.25],"tintindex":0,"rotation":0,"texture":"#0"},"up":{"uv":[6.6875,7.0625,7.0625,6.625],"tintindex":0,"rotation":0,"texture":"#0"},"down":{"uv":[6.75,0.0,7.125,0.4375],"tintindex":0,"rotation":0,"texture":"#0"}},"rotation":{"origin":[5.6811543,10.979179,-9.47625],"angle":-22.5,"axis":"x"}},{"from":[7.110448,3.6122284,3.2441978],"to":[15.608954,12.437599,11.739142],"faces":{"east":{"uv":[5.6875,3.25,5.1875,3.8125],"tintindex":0,"rotation":0,"texture":"#0"},"south":{"uv":[1.0,5.1875,0.5,5.75],"tintindex":0,"rotation":0,"texture":"#0"},"north":{"uv":[1.375,2.8125,0.875,3.375],"tintindex":0,"rotation":0,"texture":"#0"},"west":{"uv":[5.75,4.3125,5.1875,4.8125],"tintindex":0,"rotation":0,"texture":"#0"},"up":{"uv":[5.75,5.3125,6.25,4.8125],"tintindex":0,"rotation":0,"texture":"#0"},"down":{"uv":[5.75,4.3125,5.1875,4.8125],"tintindex":0,"rotation":0,"texture":"#0"}}}]}