{"textures":{"0":"modelengine:entity/giraffe"},"elements":[{"from":[8.238922,-3.3878536,-2.0203238],"to":[11.227407,3.4023366,1.2385244],"rotation":{"angle":-45.0,"axis":"x","origin":[5.9279394,17.054316,-2.7290058]},"faces":{"east":{"uv":[5.1875,5.0,4.8125,5.75],"rotation":0,"texture":"#0","tintindex":0},"south":{"uv":[2.5625,6.0625,2.25,6.8125],"rotation":0,"texture":"#0","tintindex":0},"north":{"uv":[0.75,4.1875,0.4375,4.9375],"rotation":0,"texture":"#0","tintindex":0},"west":{"uv":[5.25,2.5,4.875,3.25],"rotation":0,"texture":"#0","tintindex":0},"up":{"uv":[4.4375,3.625,4.75,3.25],"rotation":0,"texture":"#0","tintindex":0},"down":{"uv":[6.9375,1.4375,7.25,1.8125],"rotation":0,"texture":"#0","tintindex":0}}},{"from":[8.612483,-5.117028,11.578031],"to":[10.91099,4.871031,14.123674],"rotation":{"angle":0.0,"axis":"y","origin":[5.9279394,10.7686,-2.300434]},"faces":{"east":{"uv":[5.9375,5.3125,5.6875,6.375],"rotation":0,"texture":"#0","tintindex":0},"south":{"uv":[1.8125,5.6875,1.5625,6.75],"rotation":0,"texture":"#0","tintindex":0},"north":{"uv":[0.25,5.625,0.0,6.6875],"rotation":0,"texture":"#0","tintindex":0},"west":{"uv":[0.5,5.625,0.25,6.6875],"rotation":0,"texture":"#0","tintindex":0},"up":{"uv":[0.5,5.1875,0.75,4.9375],"rotation":0,"texture":"#0","tintindex":0},"down":{"uv":[6.3125,2.875,6.5625,3.125],"rotation":0,"texture":"#0","tintindex":0}}},{"from":[8.238922,-6.984833,10.667451],"to":[11.227407,-5.117028,13.282375],"rotation":{"angle":0.0,"axis":"y","origin":[5.9279394,10.7686,-2.7681713]},"faces":{"east":{"uv":[7.75,1.375,7.4375,1.5625],"rotation":0,"texture":"#0","tintindex":0},"south":{"uv":[7.75,1.1875,7.4375,1.375],"rotation":0,"texture":"#0","tintindex":0},"north":{"uv":[4.375,1.1875,4.0625,1.375],"rotation":0,"texture":"#0","tintindex":0},"west":{"uv":[7.5,3.9375,7.1875,4.125],"rotation":0,"texture":"#0","tintindex":0},"up":{"uv":[7.125,0.3125,7.4375,0.0],"rotation":0,"texture":"#0","tintindex":0},"down":{"uv":[1.8125,7.125,2.125,7.4375],"rotation":0,"texture":"#0","tintindex":0}}}],"display":{"head":{"translation":[0.0,-6.4,0.0],"scale":[4.0,4.0,4.0]}}}