{"textures":{"0":"modelengine:entity/giraffe"},"elements":[{"from":[6.227437,-7.004362,7.7134595],"to":[9.524883,1.0256615,10.492448],"faces":{"east":{"uv":[1.5625,7.1875,1.75,7.6875],"tintindex":0,"rotation":0,"texture":"#0"},"south":{"uv":[3.75,7.1875,3.9375,7.6875],"tintindex":0,"rotation":0,"texture":"#0"},"north":{"uv":[5.5,5.875,5.6875,6.375],"tintindex":0,"rotation":0,"texture":"#0"},"west":{"uv":[5.0,7.1875,5.1875,7.6875],"tintindex":0,"rotation":0,"texture":"#0"},"up":{"uv":[6.3125,7.75,6.125,7.5625],"tintindex":0,"rotation":0,"texture":"#0"},"down":{"uv":[6.5,7.5625,6.3125,7.75],"tintindex":0,"rotation":0,"texture":"#0"}},"rotation":{"origin":[7.87616,2.65065,6.647954],"angle":22.5,"axis":"x"}},{"from":[5.9906406,-13.485487,2.8947582],"to":[9.735673,-6.7056637,6.501048],"faces":{"east":{"uv":[7.0625,6.25,7.3125,6.6875],"tintindex":0,"rotation":0,"texture":"#0"},"south":{"uv":[6.625,7.0625,6.875,7.5],"tintindex":0,"rotation":0,"texture":"#0"},"north":{"uv":[5.875,7.0625,6.125,7.5],"tintindex":0,"rotation":0,"texture":"#0"},"west":{"uv":[7.0625,6.6875,7.3125,7.125],"tintindex":0,"rotation":0,"texture":"#0"},"up":{"uv":[7.6875,0.25,7.4375,0.0],"tintindex":0,"rotation":0,"texture":"#0"},"down":{"uv":[7.6875,0.9375,7.4375,1.1875],"tintindex":0,"rotation":0,"texture":"#0"}},"rotation":{"origin":[7.863157,-7.5955753,5.237903],"angle":45.0,"axis":"x"}},{"from":[5.977437,-0.45436287,6.8534594],"to":[9.774883,8.765663,9.882448],"faces":{"east":{"uv":[0.8125,6.8125,1.0,7.375],"tintindex":0,"rotation":0,"texture":"#0"},"south":{"uv":[6.875,7.0625,7.0625,7.625],"tintindex":0,"rotation":0,"texture":"#0"},"north":{"uv":[4.6875,0.0,4.875,0.5625],"tintindex":0,"rotation":0,"texture":"#0"},"west":{"uv":[0.0,7.125,0.1875,7.6875],"tintindex":0,"rotation":0,"texture":"#0"},"up":{"uv":[7.75,3.125,7.5625,2.9375],"tintindex":0,"rotation":0,"texture":"#0"},"down":{"uv":[3.6875,7.5625,3.5,7.75],"tintindex":0,"rotation":0,"texture":"#0"}}}]}