{"textures":{"1":"minecraft:item/em_cakes/em_framboise_cake"},"elements":[{"from":[7.6612115,6.3893313,10.445641],"to":[15.252069,7.4201884,12.41364],"rotation":{"angle":-45.0,"axis":"y","origin":[11.45664,7.0761886,12.095354]},"faces":{"east":{"uv":[10.125,4.25,10.375,4.75],"rotation":90,"texture":"#1","tintindex":0},"south":{"uv":[8.375,4.25,6.375,6.25],"rotation":270,"texture":"#1","tintindex":0},"north":{"uv":[4.5,6.75,4.25,4.75],"rotation":270,"texture":"#1","tintindex":0},"west":{"uv":[11.875,8.875,12.125,9.375],"rotation":270,"texture":"#1","tintindex":0},"up":{"uv":[10.125,2.375,12.125,2.875],"rotation":0,"texture":"#1","tintindex":0},"down":{"uv":[10.125,2.375,12.125,2.875],"rotation":180,"texture":"#1","tintindex":0}}},{"from":[7.7080684,6.4361887,10.492497],"to":[15.205212,7.3733315,14.241069],"rotation":{"angle":-45.0,"axis":"y","origin":[11.45664,7.0761886,12.095354]},"faces":{"east":{"uv":[8.5,7.125,8.75,8.125],"rotation":90,"texture":"#1","tintindex":0},"south":{"uv":[2.0,6.875,0.0,8.875],"rotation":270,"texture":"#1","tintindex":0},"north":{"uv":[6.625,8.375,6.375,6.375],"rotation":270,"texture":"#1","tintindex":0},"west":{"uv":[1.75,9.0,2.0,10.0],"rotation":270,"texture":"#1","tintindex":0},"up":{"uv":[8.5,6.0,10.5,7.0],"rotation":0,"texture":"#1","tintindex":0},"down":{"uv":[8.5,6.0,10.5,7.0],"rotation":180,"texture":"#1","tintindex":0}}},{"from":[7.239497,6.4361887,14.241069],"to":[15.673783,7.3733315,14.7096405],"rotation":{"angle":-45.0,"axis":"y","origin":[11.45664,7.0761886,12.095354]},"faces":{"east":{"uv":[10.75,10.25,11.0,10.375],"rotation":90,"texture":"#1","tintindex":0},"south":{"uv":[2.625,2.375,2.375,4.625],"rotation":270,"texture":"#1","tintindex":0},"north":{"uv":[2.625,2.25,2.375,0.0],"rotation":270,"texture":"#1","tintindex":0},"west":{"uv":[6.75,11.125,7.0,11.25],"rotation":270,"texture":"#1","tintindex":0},"up":{"uv":[0.0,11.0,2.25,11.125],"rotation":0,"texture":"#1","tintindex":0},"down":{"uv":[7.25,11.125,9.5,11.25],"rotation":180,"texture":"#1","tintindex":0}}}],"display":{"head":{"translation":[0.0,-6.4,0.0],"scale":[4.0,4.0,4.0]}}}