{"textures":{"0":"modelengine:entity/nocsy_drakonin"},"elements":[{"from":[5.714286,6.155852,5.3560076],"to":[10.285714,10.727281,12.213151],"rotation":{"angle":0.0,"axis":"y","origin":[8.0,8.0,8.666262]},"faces":{"east":{"uv":[6.0,2.625,6.75,3.125],"rotation":0,"texture":"#0","tintindex":0},"south":{"uv":[6.5,1.8125,7.0,2.3125],"rotation":0,"texture":"#0","tintindex":0},"north":{"uv":[6.5,1.25,7.0,1.75],"rotation":0,"texture":"#0","tintindex":0},"west":{"uv":[6.0,3.1875,6.75,3.6875],"rotation":0,"texture":"#0","tintindex":0},"up":{"uv":[6.5,4.5,6.0,3.75],"rotation":0,"texture":"#0","tintindex":0},"down":{"uv":[5.25,6.125,4.75,6.875],"rotation":0,"texture":"#0","tintindex":0}}},{"from":[5.72,5.035164,10.9051895],"to":[10.280001,9.595164,15.465189],"rotation":{"angle":22.5,"axis":"x","origin":[8.0,6.861932,14.387716]},"faces":{"east":{"uv":[5.3125,6.625,5.8125,7.125],"rotation":0,"texture":"#0","tintindex":0},"south":{"uv":[6.75,4.3125,7.25,4.8125],"rotation":0,"texture":"#0","tintindex":0},"north":{"uv":[6.5625,3.75,7.0625,4.25],"rotation":0,"texture":"#0","tintindex":0},"west":{"uv":[6.75,4.875,7.25,5.375],"rotation":0,"texture":"#0","tintindex":0},"up":{"uv":[7.25,5.9375,6.75,5.4375],"rotation":0,"texture":"#0","tintindex":0},"down":{"uv":[7.25,6.0,6.75,6.5],"rotation":0,"texture":"#0","tintindex":0}}},{"from":[5.7085714,7.2093153,4.3745775],"to":[10.291429,12.363602,8.957435],"rotation":{"angle":-22.5,"axis":"x","origin":[7.714286,9.138068,7.5305724]},"faces":{"east":{"uv":[3.8125,6.3125,4.3125,6.875],"rotation":0,"texture":"#0","tintindex":0},"south":{"uv":[6.5,0.0,7.0,0.5625],"rotation":0,"texture":"#0","tintindex":0},"north":{"uv":[3.25,6.3125,3.75,6.875],"rotation":0,"texture":"#0","tintindex":0},"west":{"uv":[6.5,0.625,7.0,1.1875],"rotation":0,"texture":"#0","tintindex":0},"up":{"uv":[7.25,7.0625,6.75,6.5625],"rotation":0,"texture":"#0","tintindex":0},"down":{"uv":[7.3125,2.375,6.8125,2.875],"rotation":0,"texture":"#0","tintindex":0}}}],"display":{"head":{"translation":[0.0,-6.4,0.0],"scale":[4.0,4.0,4.0]}}}