{"textures":{"0":"modelengine:entity/nocsy_drakonin"},"elements":[{"from":[6.0,8.03458,5.3885746],"to":[10.0,12.03458,9.960003],"rotation":{"angle":0.0,"axis":"y","origin":[8.0,9.548865,7.734985]},"faces":{"east":{"uv":[6.8125,2.9375,7.3125,3.375],"rotation":0,"texture":"#0","tintindex":0},"south":{"uv":[6.4375,7.125,6.875,7.5625],"rotation":0,"texture":"#0","tintindex":0},"north":{"uv":[2.75,7.0625,3.1875,7.5],"rotation":0,"texture":"#0","tintindex":0},"west":{"uv":[5.875,6.8125,6.375,7.25],"rotation":0,"texture":"#0","tintindex":0},"up":{"uv":[3.6875,7.4375,3.25,6.9375],"rotation":0,"texture":"#0","tintindex":0},"down":{"uv":[4.1875,6.9375,3.75,7.4375],"rotation":0,"texture":"#0","tintindex":0}}},{"from":[5.957143,8.03458,5.360003],"to":[5.957143,12.03458,6.50286],"rotation":{"angle":0.0,"axis":"y","origin":[8.0,9.548865,7.734985]},"faces":{"east":{"uv":[9.4375,9.5625,9.3125,10.0],"rotation":0,"texture":"#0","tintindex":0},"south":{"uv":[1.5,10.125,1.5,10.5625],"rotation":0,"texture":"#0","tintindex":0},"north":{"uv":[7.625,8.125,7.625,8.5625],"rotation":0,"texture":"#0","tintindex":0},"west":{"uv":[9.3125,9.5625,9.4375,10.0],"rotation":0,"texture":"#0","tintindex":0},"up":{"uv":[5.25,7.0625,5.25,6.9375],"rotation":0,"texture":"#0","tintindex":0},"down":{"uv":[4.875,7.75,4.875,7.875],"rotation":0,"texture":"#0","tintindex":0}}},{"from":[10.042857,8.03458,5.360003],"to":[10.042857,12.03458,6.50286],"rotation":{"angle":0.0,"axis":"y","origin":[8.0,9.548865,7.734985]},"faces":{"east":{"uv":[9.4375,9.5625,9.3125,10.0],"rotation":0,"texture":"#0","tintindex":0},"south":{"uv":[1.5,10.125,1.5,10.5625],"rotation":0,"texture":"#0","tintindex":0},"north":{"uv":[7.625,8.125,7.625,8.5625],"rotation":0,"texture":"#0","tintindex":0},"west":{"uv":[9.3125,9.5625,9.4375,10.0],"rotation":0,"texture":"#0","tintindex":0},"up":{"uv":[5.25,7.0625,5.25,6.9375],"rotation":0,"texture":"#0","tintindex":0},"down":{"uv":[4.875,7.75,4.875,7.875],"rotation":0,"texture":"#0","tintindex":0}}},{"from":[5.928571,7.8631516,5.3028603],"to":[7.642857,11.863152,5.3028603],"rotation":{"angle":0.0,"axis":"y","origin":[4.4678755,9.663152,7.431432]},"faces":{"east":{"uv":[8.1875,10.1875,8.1875,10.625],"rotation":0,"texture":"#0","tintindex":0},"south":{"uv":[7.5625,10.625,7.375,11.0625],"rotation":0,"texture":"#0","tintindex":0},"north":{"uv":[7.375,10.625,7.5625,11.0625],"rotation":0,"texture":"#0","tintindex":0},"west":{"uv":[8.25,10.1875,8.25,10.625],"rotation":0,"texture":"#0","tintindex":0},"up":{"uv":[5.6875,5.125,5.5,5.125],"rotation":0,"texture":"#0","tintindex":0},"down":{"uv":[5.6875,5.1875,5.5,5.1875],"rotation":0,"texture":"#0","tintindex":0}}},{"from":[6.042857,8.148866,5.3314314],"to":[6.8999996,12.377438,5.3314314],"rotation":{"angle":0.0,"axis":"y","origin":[4.4678755,9.663152,7.431432]},"faces":{"east":{"uv":[8.1875,10.1875,8.1875,10.625],"rotation":0,"texture":"#0","tintindex":0},"south":{"uv":[7.1875,10.625,7.0,11.0625],"rotation":0,"texture":"#0","tintindex":0},"north":{"uv":[7.0,10.625,7.1875,11.0625],"rotation":0,"texture":"#0","tintindex":0},"west":{"uv":[8.25,10.1875,8.25,10.625],"rotation":0,"texture":"#0","tintindex":0},"up":{"uv":[5.6875,5.125,5.5,5.125],"rotation":0,"texture":"#0","tintindex":0},"down":{"uv":[5.6875,5.1875,5.5,5.1875],"rotation":0,"texture":"#0","tintindex":0}}},{"from":[9.1,8.148866,5.3314314],"to":[9.957143,12.377438,5.3314314],"rotation":{"angle":0.0,"axis":"y","origin":[11.5321245,9.663152,7.431432]},"faces":{"east":{"uv":[8.25,10.1875,8.25,10.625],"rotation":0,"texture":"#0","tintindex":0},"south":{"uv":[7.0,10.625,7.1875,11.0625],"rotation":0,"texture":"#0","tintindex":0},"north":{"uv":[7.1875,10.625,7.0,11.0625],"rotation":0,"texture":"#0","tintindex":0},"west":{"uv":[8.1875,10.1875,8.1875,10.625],"rotation":0,"texture":"#0","tintindex":0},"up":{"uv":[5.5,5.125,5.6875,5.125],"rotation":0,"texture":"#0","tintindex":0},"down":{"uv":[5.5,5.1875,5.6875,5.1875],"rotation":0,"texture":"#0","tintindex":0}}},{"from":[5.928571,7.8631516,5.3028603],"to":[5.928571,11.863152,6.4457173],"rotation":{"angle":0.0,"axis":"y","origin":[5.6142855,10.0917225,5.8742886]},"faces":{"east":{"uv":[9.3125,10.625,9.4375,11.0625],"rotation":0,"texture":"#0","tintindex":0},"south":{"uv":[1.5,10.125,1.5,10.5625],"rotation":0,"texture":"#0","tintindex":0},"north":{"uv":[7.625,8.125,7.625,8.5625],"rotation":0,"texture":"#0","tintindex":0},"west":{"uv":[9.4375,10.625,9.3125,11.0625],"rotation":0,"texture":"#0","tintindex":0},"up":{"uv":[5.25,7.0625,5.25,6.9375],"rotation":0,"texture":"#0","tintindex":0},"down":{"uv":[4.875,7.75,4.875,7.875],"rotation":0,"texture":"#0","tintindex":0}}},{"from":[5.709895,8.0917225,5.2593627],"to":[5.709895,12.0917225,6.40222],"rotation":{"angle":-22.5,"axis":"y","origin":[5.709895,9.863152,5.8307915]},"faces":{"east":{"uv":[9.3125,10.625,9.4375,11.0625],"rotation":0,"texture":"#0","tintindex":0},"south":{"uv":[1.5,10.125,1.5,10.5625],"rotation":0,"texture":"#0","tintindex":0},"north":{"uv":[7.625,8.125,7.625,8.5625],"rotation":0,"texture":"#0","tintindex":0},"west":{"uv":[9.4375,10.625,9.3125,11.0625],"rotation":0,"texture":"#0","tintindex":0},"up":{"uv":[5.25,7.0625,5.25,6.9375],"rotation":0,"texture":"#0","tintindex":0},"down":{"uv":[4.875,7.75,4.875,7.875],"rotation":0,"texture":"#0","tintindex":0}}},{"from":[5.957143,8.03458,5.360003],"to":[7.6714287,12.03458,5.360003],"rotation":{"angle":0.0,"axis":"y","origin":[4.7535896,9.548865,7.431432]},"faces":{"east":{"uv":[8.1875,10.1875,8.1875,10.625],"rotation":0,"texture":"#0","tintindex":0},"south":{"uv":[7.5,9.0,7.3125,9.4375],"rotation":0,"texture":"#0","tintindex":0},"north":{"uv":[7.3125,9.0,7.5,9.4375],"rotation":0,"texture":"#0","tintindex":0},"west":{"uv":[8.25,10.1875,8.25,10.625],"rotation":0,"texture":"#0","tintindex":0},"up":{"uv":[5.6875,5.125,5.5,5.125],"rotation":0,"texture":"#0","tintindex":0},"down":{"uv":[5.6875,5.1875,5.5,5.1875],"rotation":0,"texture":"#0","tintindex":0}}},{"from":[8.357143,7.8631516,5.3028603],"to":[10.071428,11.863152,5.3028603],"rotation":{"angle":0.0,"axis":"y","origin":[11.5321245,9.663152,7.431432]},"faces":{"east":{"uv":[8.25,10.1875,8.25,10.625],"rotation":0,"texture":"#0","tintindex":0},"south":{"uv":[7.375,10.625,7.5625,11.0625],"rotation":0,"texture":"#0","tintindex":0},"north":{"uv":[7.5625,10.625,7.375,11.0625],"rotation":0,"texture":"#0","tintindex":0},"west":{"uv":[8.1875,10.1875,8.1875,10.625],"rotation":0,"texture":"#0","tintindex":0},"up":{"uv":[5.5,5.125,5.6875,5.125],"rotation":0,"texture":"#0","tintindex":0},"down":{"uv":[5.5,5.1875,5.6875,5.1875],"rotation":0,"texture":"#0","tintindex":0}}},{"from":[10.071428,7.8631516,5.3028603],"to":[10.071428,11.863152,6.4457173],"rotation":{"angle":0.0,"axis":"y","origin":[10.385715,10.0917225,5.8742886]},"faces":{"east":{"uv":[9.3125,10.625,9.4375,11.0625],"rotation":0,"texture":"#0","tintindex":0},"south":{"uv":[1.5,10.125,1.5,10.5625],"rotation":0,"texture":"#0","tintindex":0},"north":{"uv":[7.625,8.125,7.625,8.5625],"rotation":0,"texture":"#0","tintindex":0},"west":{"uv":[9.4375,10.625,9.3125,11.0625],"rotation":0,"texture":"#0","tintindex":0},"up":{"uv":[5.25,7.0625,5.25,6.9375],"rotation":0,"texture":"#0","tintindex":0},"down":{"uv":[4.875,7.75,4.875,7.875],"rotation":0,"texture":"#0","tintindex":0}}},{"from":[10.290105,8.0917225,5.2593627],"to":[10.290105,12.0917225,6.40222],"rotation":{"angle":22.5,"axis":"y","origin":[10.290105,9.863152,5.8307915]},"faces":{"east":{"uv":[9.3125,10.625,9.4375,11.0625],"rotation":0,"texture":"#0","tintindex":0},"south":{"uv":[1.5,10.125,1.5,10.5625],"rotation":0,"texture":"#0","tintindex":0},"north":{"uv":[7.625,8.125,7.625,8.5625],"rotation":0,"texture":"#0","tintindex":0},"west":{"uv":[9.4375,10.625,9.3125,11.0625],"rotation":0,"texture":"#0","tintindex":0},"up":{"uv":[5.25,7.0625,5.25,6.9375],"rotation":0,"texture":"#0","tintindex":0},"down":{"uv":[4.875,7.75,4.875,7.875],"rotation":0,"texture":"#0",