{"textures":{"0":"modelengine:entity/nocsy_drakonin"},"elements":[{"from":[5.477821,6.3524675,5.5592756],"to":[7.203535,8.078182,7.8564186],"rotation":{"angle":22.5,"axis":"y","origin":[8.054964,7.215325,5.279276]},"faces":{"east":{"uv":[3.6875,9.8125,3.9375,10.0],"rotation":0,"texture":"#0","tintindex":0},"south":{"uv":[10.1875,1.375,10.375,1.5625],"rotation":0,"texture":"#0","tintindex":0},"north":{"uv":[10.1875,1.125,10.375,1.3125],"rotation":0,"texture":"#0","tintindex":0},"west":{"uv":[9.8125,3.6875,10.0625,3.875],"rotation":0,"texture":"#0","tintindex":0},"up":{"uv":[4.1875,10.0625,4.0,9.8125],"rotation":0,"texture":"#0","tintindex":0},"down":{"uv":[10.0,4.3125,9.8125,4.5625],"rotation":0,"texture":"#0","tintindex":0}}},{"from":[7.9338136,6.490466,9.798937],"to":[7.9338136,8.77618,12.65608],"rotation":{"angle":0.0,"axis":"y","origin":[8.219528,7.0618944,10.427509]},"faces":{"east":{"uv":[9.3125,8.875,9.625,9.125],"rotation":0,"texture":"#0","tintindex":0},"south":{"uv":[2.125,10.375,2.125,10.625],"rotation":0,"texture":"#0","tintindex":0},"north":{"uv":[2.0625,10.375,2.0625,10.625],"rotation":0,"texture":"#0","tintindex":0},"west":{"uv":[0.0,9.375,0.3125,9.625],"rotation":0,"texture":"#0","tintindex":0},"up":{"uv":[2.1875,10.6875,2.1875,10.375],"rotation":0,"texture":"#0","tintindex":0},"down":{"uv":[2.25,10.375,2.25,10.6875],"rotation":0,"texture":"#0","tintindex":0}}},{"from":[7.082385,6.3638964,9.090449],"to":[8.785242,8.066753,10.221878],"rotation":{"angle":0.0,"axis":"y","origin":[8.505242,7.215325,7.084735]},"faces":{"east":{"uv":[8.25,5.0,8.375,5.1875],"rotation":0,"texture":"#0","tintindex":0},"south":{"uv":[10.1875,5.375,10.375,5.5625],"rotation":0,"texture":"#0","tintindex":0},"north":{"uv":[4.1875,10.1875,4.375,10.375],"rotation":0,"texture":"#0","tintindex":0},"west":{"uv":[9.125,8.0,9.25,8.1875],"rotation":0,"texture":"#0","tintindex":0},"up":{"uv":[10.5,5.1875,10.3125,5.0625],"rotation":0,"texture":"#0","tintindex":0},"down":{"uv":[5.5,10.3125,5.3125,10.4375],"rotation":0,"texture":"#0","tintindex":0}}},{"from":[8.664092,6.3524675,5.5592756],"to":[10.389807,8.078182,7.8564186],"rotation":{"angle":-22.5,"axis":"y","origin":[7.812663,7.215325,5.279276]},"faces":{"east":{"uv":[9.8125,3.9375,10.0625,4.125],"rotation":0,"texture":"#0","tintindex":0},"south":{"uv":[6.625,10.1875,6.8125,10.375],"rotation":0,"texture":"#0","tintindex":0},"north":{"uv":[10.1875,5.9375,10.375,6.125],"rotation":0,"texture":"#0","tintindex":0},"west":{"uv":[9.8125,4.625,10.0625,4.8125],"rotation":0,"texture":"#0","tintindex":0},"up":{"uv":[5.3125,10.0625,5.125,9.8125],"rotation":0,"texture":"#0","tintindex":0},"down":{"uv":[6.3125,9.8125,6.125,10.0625],"rotation":0,"texture":"#0","tintindex":0}}},{"from":[7.1155205,6.346753,5.553561],"to":[8.852663,8.083896,7.862133],"rotation":{"angle":0.0,"axis":"y","origin":[6.384092,7.215325,5.279276]},"faces":{"east":{"uv":[9.8125,4.875,10.0625,5.0625],"rotation":0,"texture":"#0","tintindex":0},"south":{"uv":[10.1875,7.875,10.375,8.0625],"rotation":0,"texture":"#0","tintindex":0},"north":{"uv":[10.1875,6.8125,10.375,7.0],"rotation":0,"texture":"#0","tintindex":0},"west":{"uv":[9.8125,6.3125,10.0625,6.5],"rotation":0,"texture":"#0","tintindex":0},"up":{"uv":[6.5625,10.0625,6.375,9.8125],"rotation":0,"texture":"#0","tintindex":0},"down":{"uv":[7.625,9.8125,7.4375,10.0625],"rotation":0,"texture":"#0","tintindex":0}}},{"from":[8.02396,6.2591753,2.8337293],"to":[8.02396,8.544889,6.2623005],"rotation":{"angle":0.0,"axis":"y","origin":[7.6811028,5.859175,2.7194428]},"faces":{"east":{"uv":[8.6875,7.9375,9.0625,8.1875],"rotation":0,"texture":"#0","tintindex":0},"south":{"uv":[2.375,10.375,2.375,10.625],"rotation":0,"texture":"#0","tintindex":0},"north":{"uv":[2.3125,10.375,2.3125,10.625],"rotation":0,"texture":"#0","tintindex":0},"west":{"uv":[1.8125,8.75,2.1875,9.0],"rotation":0,"texture":"#0","tintindex":0},"up":{"uv":[2.4375,10.75,2.4375,10.375],"rotation":0,"texture":"#0","tintindex":0},"down":{"uv":[2.5,10.375,2.5,10.75],"rotation":0,"texture":"#0","tintindex":0}}},{"from":[6.0239596,6.2591753,2.8337293],"to":[6.0239596,8.544889,6.2623005],"rotation":{"angle":22.5,"axis":"y","origin":[8.138246,7.4020324,4.5480146]},"faces":{"east":{"uv":[4.0625,8.75,4.4375,9.0],"rotation":0,"texture":"#0","tintindex":0},"south":{"uv":[2.625,10.375,2.625,10.625],"rotation":0,"texture":"#0","tintindex":0},"north":{"uv":[2.5625,10.375,2.5625,10.625],"rotation":0,"texture":"#0","tintindex":0},"west":{"uv":[8.75,4.8125,9.125,5.0625],"rotation":0,"texture":"#0","tintindex":0},"up":{"uv":[2.6875,10.75,2.6875,10.375],"rotation":0,"texture":"#0","tintindex":0},"down":{"uv":[2.75,10.375,2.75,10.75],"rotation":0,"texture":"#0","tintindex":0}}},{"from":[10.02396,6.2591753,2.8337293],"to":[10.02396,8.544889,6.2623005],"rotation":{"angle":-22.5,"axis":"y","origin":[8.138246,7.4020324,4.5480146]},"faces":{"east":{"uv":[8.75,5.125,9.125,5.375],"rotation":0,"texture":"#0","tintindex":0},"south":{"uv":[2.875,10.375,2.875,10.625],"rotation":0,"texture":"#0","tintindex":0},"north":{"uv":[2.8125,10.375,2.8125,10.625],"rotation":0,"texture":"#0","tintindex":0},"west":{"uv":[7.9375,8.75,8.3125,9.0],"rotation":0,"texture":"#0","tintindex":0},"up":{"uv":[2.9375,10.75,2.9375,10.375],"rotation":0,"texture":"#0","tintindex":0},"down":{"uv":[3.0,10.375,3.0,10.75],"rotation":0,"texture":"#0","tintindex":0}}},{"from":[6.5052423,6.358182,6.570449],"to":[9.362385,8.643896,9.427592],"rotation":{"angle":0.0,"axis":"y","origin":[7.305242,11.386753,8.170449]},"faces":{"east":{"uv":[9.375,1.5625,9.6875,1.8125],"rotation":0,"texture":"#0","tintindex":0},"south":{"uv":[9.375,1.875,9.6875,2.125],"rotation":0,"texture":"#0","tintindex":0},"north":{"uv":[9.375,1.25,9.6875,1.5],"rotation":0,"texture":"#0","tintindex":0},"west":{"uv":[9.375,2.1875,9.6875,2.4375],"rotation":0,"texture":"#0","tintindex":0},"up":{"uv":[8.875,2.3125,8.5625,2.0],"rotation":0,"texture":"#0","tintindex":0},"down":{"uv":[8.875,2.375,8.5625,2.6875],"rotation":0,"texture":"#0","tintindex":0}}}],"display":{"head":{"translation":[0.0,-6.4,0.0],"scale":[4.0,4.0,4.0]}}}