{"textures":{"0":"modelengine:entity/nocsy_drakonin"},"elements":[{"from":[7.428571,5.3486032,6.7942166],"to":[9.142858,8.777175,9.079931],"rotation":{"angle":22.5,"axis":"x","origin":[7.714286,8.662889,7.594217]},"faces":{"east":{"uv":[0.0,8.9375,0.25,9.3125],"rotation":0,"texture":"#0","tintindex":0},"south":{"uv":[3.1875,9.6875,3.375,10.0625],"rotation":0,"texture":"#0","tintindex":0},"north":{"uv":[2.9375,9.6875,3.125,10.0625],"rotation":0,"texture":"#0","tintindex":0},"west":{"uv":[0.3125,8.9375,0.5625,9.3125],"rotation":0,"texture":"#0","tintindex":0},"up":{"uv":[7.375,10.1875,7.1875,9.9375],"rotation":0,"texture":"#0","tintindex":0},"down":{"uv":[10.125,7.9375,9.9375,8.1875],"rotation":0,"texture":"#0","tintindex":0}}}],"display":{"head":{"translation":[0.0,-6.4,0.0],"scale":[4.0,4.0,4.0]}}}