{"textures":{"0":"modelengine:entity/nocsy_drakonin"},"elements":[{"from":[6.061298,6.6546144,6.857143],"to":[8.918441,8.940329,9.142858],"rotation":{"angle":0.0,"axis":"y","origin":[8.3470125,6.555906,6.7388253]},"faces":{"east":{"uv":[6.4375,6.8125,6.6875,7.0625],"rotation":0,"texture":"#0","tintindex":0},"south":{"uv":[8.0625,9.0625,8.375,9.3125],"rotation":0,"texture":"#0","tintindex":0},"north":{"uv":[9.0625,2.6875,9.375,2.9375],"rotation":0,"texture":"#0","tintindex":0},"west":{"uv":[9.625,5.375,9.875,5.625],"rotation":0,"texture":"#0","tintindex":0},"up":{"uv":[8.75,9.3125,8.4375,9.0625],"rotation":0,"texture":"#0","tintindex":0},"down":{"uv":[5.125,9.125,4.8125,9.375],"rotation":0,"texture":"#0","tintindex":0}}},{"from":[-0.79584503,6.9403286,7.0857143],"to":[6.6327267,8.654614,8.8],"rotation":{"angle":0.0,"axis":"y","origin":[8.3470125,6.555906,6.7388253]},"faces":{"east":{"uv":[3.4375,10.0625,3.625,10.25],"rotation":0,"texture":"#0","tintindex":0},"south":{"uv":[4.125,7.5,4.9375,7.6875],"rotation":0,"texture":"#0","tintindex":0},"north":{"uv":[3.25,7.5,4.0625,7.6875],"rotation":0,"texture":"#0","tintindex":0},"west":{"uv":[3.6875,10.0625,3.875,10.25],"rotation":0,"texture":"#0","tintindex":0},"up":{"uv":[8.375,0.5625,7.5625,0.375],"rotation":0,"texture":"#0","tintindex":0},"down":{"uv":[8.375,0.625,7.5625,0.8125],"rotation":0,"texture":"#0","tintindex":0}}},{"from":[-2.3167439,6.946043,2.8344297],"to":[-0.61388683,8.6489,6.8230014],"rotation":{"angle":45.0,"axis":"y","origin":[0.8203988,7.797472,5.971573]},"faces":{"east":{"uv":[8.875,6.375,9.3125,6.5625],"rotation":0,"texture":"#0","tintindex":0},"south":{"uv":[4.5625,10.0625,4.75,10.25],"rotation":0,"texture":"#0","tintindex":0},"north":{"uv":[10.0625,4.3125,10.25,4.5],"rotation":0,"texture":"#0","tintindex":0},"west":{"uv":[8.8125,8.9375,9.25,9.125],"rotation":0,"texture":"#0","tintindex":0},"up":{"uv":[5.6875,5.0625,5.5,4.625],"rotation":0,"texture":"#0","tintindex":0},"down":{"uv":[5.375,8.125,5.1875,8.5625],"rotation":0,"texture":"#0","tintindex":0}}},{"from":[-4.4548855,6.9403286,1.7957988],"to":[-2.7405996,8.654614,5.7957993],"rotation":{"angle":22.5,"axis":"y","origin":[-3.597743,7.797472,3.7957993]},"faces":{"east":{"uv":[9.0,3.6875,9.4375,3.875],"rotation":0,"texture":"#0","tintindex":0},"south":{"uv":[5.875,10.0625,6.0625,10.25],"rotation":0,"texture":"#0","tintindex":0},"north":{"uv":[4.8125,10.0625,5.0,10.25],"rotation":0,"texture":"#0","tintindex":0},"west":{"uv":[9.0,3.9375,9.4375,4.125],"rotation":0,"texture":"#0","tintindex":0},"up":{"uv":[0.8125,9.375,0.625,8.9375],"rotation":0,"texture":"#0","tintindex":0},"down":{"uv":[3.8125,8.9375,3.625,9.375],"rotation":0,"texture":"#0","tintindex":0}}},{"from":[-4.3243933,7.8546147,2.4518275],"to":[7.675607,7.9689,25.8804],"rotation":{"angle":0.0,"axis":"y","origin":[-5.1815367,7.797472,4.451828]},"faces":{"east":{"uv":[7.375,3.3125,9.9375,3.375],"rotation":0,"texture":"#0","tintindex":0},"south":{"uv":[9.0,4.1875,10.3125,4.25],"rotation":0,"texture":"#0","tintindex":0},"north":{"uv":[8.5625,6.9375,9.875,7.0],"rotation":0,"texture":"#0","tintindex":0},"west":{"uv":[7.4375,7.125,10.0,7.1875],"rotation":0,"texture":"#0","tintindex":0},"up":{"uv":[5.4375,2.5625,4.125,0.0],"rotation":0,"texture":"#0","tintindex":0},"down":{"uv":[5.4375,2.625,4.125,5.1875],"rotation":0,"texture":"#0","tintindex":0}}}],"display":{"head":{"translation":[0.0,-6.4,0.0],"scale":[4.0,4.0,4.0]}}}