{"textures":{"0":"modelengine:entity/nocsy_drakonin"},"elements":[{"from":[6.285714,8.063616,7.399993],"to":[9.714286,12.063617,10.828565],"rotation":{"angle":0.0,"axis":"y","origin":[7.428571,9.805804,9.4561615]},"faces":{"east":{"uv":[7.3125,4.1875,7.6875,4.625],"rotation":0,"texture":"#0","tintindex":0},"south":{"uv":[7.3125,4.6875,7.6875,5.125],"rotation":0,"texture":"#0","tintindex":0},"north":{"uv":[5.3125,6.125,5.6875,6.5625],"rotation":0,"texture":"#0","tintindex":0},"west":{"uv":[7.3125,5.1875,7.6875,5.625],"rotation":0,"texture":"#0","tintindex":0},"up":{"uv":[5.375,8.0625,5.0,7.6875],"rotation":0,"texture":"#0","tintindex":0},"down":{"uv":[4.0,7.75,3.625,8.125],"rotation":0,"texture":"#0","tintindex":0}}},{"from":[6.2914286,11.568721,6.9874563],"to":[9.708571,13.843007,10.404599],"rotation":{"angle":-22.5,"axis":"x","origin":[8.0,12.864656,9.361072]},"faces":{"east":{"uv":[8.5625,4.5,8.9375,4.75],"rotation":0,"texture":"#0","tintindex":0},"south":{"uv":[8.5625,6.625,8.9375,6.875],"rotation":0,"texture":"#0","tintindex":0},"north":{"uv":[8.5625,3.6875,8.9375,3.9375],"rotation":0,"texture":"#0","tintindex":0},"west":{"uv":[0.0,8.625,0.375,8.875],"rotation":0,"texture":"#0","tintindex":0},"up":{"uv":[4.4375,8.125,4.0625,7.75],"rotation":0,"texture":"#0","tintindex":0},"down":{"uv":[8.125,4.1875,7.75,4.5625],"rotation":0,"texture":"#0","tintindex":0}}}],"display":{"head":{"translation":[0.0,-6.4,0.0],"scale":[4.0,4.0,4.0]}}}