{"textures":{"0":"modelengine:entity/nocsy_drakonin"},"elements":[{"from":[6.857143,5.3486032,6.7942166],"to":[8.571428,8.777175,9.079931],"rotation":{"angle":22.5,"axis":"x","origin":[8.285714,8.662889,7.594217]},"faces":{"east":{"uv":[8.6875,4.0,8.9375,4.375],"rotation":0,"texture":"#0","tintindex":0},"south":{"uv":[1.5625,9.625,1.75,10.0],"rotation":0,"texture":"#0","tintindex":0},"north":{"uv":[9.0625,9.5625,9.25,9.9375],"rotation":0,"texture":"#0","tintindex":0},"west":{"uv":[4.875,8.6875,5.125,9.0625],"rotation":0,"texture":"#0","tintindex":0},"up":{"uv":[8.6875,9.9375,8.5,9.6875],"rotation":0,"texture":"#0","tintindex":0},"down":{"uv":[9.9375,1.625,9.75,1.875],"rotation":0,"texture":"#0","tintindex":0}}}],"display":{"head":{"translation":[0.0,-6.4,0.0],"scale":[4.0,4.0,4.0]}}}