{"textures":{"1":"minecraft:item/em_cakes/em_strawberry_cake"},"elements":[{"from":[31.53143,18.121086,8.210166],"to":[32.0,19.05823,16.644451],"rotation":{"angle":0.0,"axis":"y","origin":[29.170097,18.451103,12.193024]},"faces":{"east":{"uv":[0.25,2.375,0.0,4.625],"rotation":270,"texture":"#1","tintindex":0},"south":{"uv":[8.375,2.375,8.625,2.5],"rotation":270,"texture":"#1","tintindex":0},"north":{"uv":[6.625,1.875,6.875,2.0],"rotation":90,"texture":"#1","tintindex":0},"west":{"uv":[0.25,2.25,0.0,0.0],"rotation":270,"texture":"#1","tintindex":0},"up":{"uv":[6.625,2.125,8.875,2.25],"rotation":270,"texture":"#1","tintindex":0},"down":{"uv":[6.625,2.625,8.875,2.75],"rotation":270,"texture":"#1","tintindex":0}}},{"from":[26.735039,19.686806,11.958737],"to":[27.672182,20.62395,11.958737],"rotation":{"angle":45.0,"axis":"z","origin":[29.170097,18.451103,12.193024]},"faces":{"east":{"uv":[8.25,4.875,8.0,4.875],"rotation":270,"texture":"#1","tintindex":0},"south":{"uv":[6.0,7.5,6.25,7.75],"rotation":270,"texture":"#1","tintindex":0},"north":{"uv":[5.625,7.5,5.875,7.75],"rotation":90,"texture":"#1","tintindex":0},"west":{"uv":[8.25,4.75,8.0,4.75],"rotation":270,"texture":"#1","tintindex":0},"up":{"uv":[8.0,4.375,8.0,4.625],"rotation":270,"texture":"#1","tintindex":0},"down":{"uv":[4.625,8.0,4.625,8.25],"rotation":270,"texture":"#1","tintindex":0}}},{"from":[30.078857,18.121086,8.63188],"to":[30.641144,19.151943,16.222736],"rotation":{"angle":0.0,"axis":"y","origin":[29.170097,18.451103,12.193024]},"faces":{"east":{"uv":[6.5,4.25,4.5,6.25],"rotation":270,"texture":"#1","tintindex":0},"south":{"uv":[8.375,3.375,8.625,3.5],"rotation":270,"texture":"#1","tintindex":0},"north":{"uv":[6.625,2.875,6.875,3.0],"rotation":90,"texture":"#1","tintindex":0},"west":{"uv":[4.75,4.125,4.5,2.125],"rotation":270,"texture":"#1","tintindex":0},"up":{"uv":[6.625,3.125,8.625,3.25],"rotation":270,"texture":"#1","tintindex":0},"down":{"uv":[6.625,3.625,8.625,3.75],"rotation":270,"texture":"#1","tintindex":0}}},{"from":[27.736,18.07423,8.63188],"to":[29.704,19.105087,16.222736],"rotation":{"angle":0.0,"axis":"y","origin":[29.170097,18.451103,12.193024]},"faces":{"east":{"uv":[6.5,0.0,4.5,2.0],"rotation":270,"texture":"#1","tintindex":0},"south":{"uv":[8.375,0.625,8.625,1.125],"rotation":270,"texture":"#1","tintindex":0},"north":{"uv":[6.375,6.375,6.625,6.875],"rotation":90,"texture":"#1","tintindex":0},"west":{"uv":[2.625,6.25,2.375,4.25],"rotation":270,"texture":"#1","tintindex":0},"up":{"uv":[6.625,1.25,8.625,1.75],"rotation":270,"texture":"#1","tintindex":0},"down":{"uv":[6.625,1.25,8.625,1.75],"rotation":270,"texture":"#1","tintindex":0}}},{"from":[26.845713,18.121086,11.490166],"to":[27.782858,19.05823,12.427309],"rotation":{"angle":0.0,"axis":"y","origin":[29.170097,18.451103,12.193024]},"faces":{"east":{"uv":[7.875,5.0,7.625,5.25],"rotation":270,"texture":"#1","tintindex":0},"south":{"uv":[7.625,3.875,7.875,4.125],"rotation":270,"texture":"#1","tintindex":0},"north":{"uv":[7.5,7.0,7.75,7.25],"rotation":90,"texture":"#1","tintindex":0},"west":{"uv":[7.875,4.875,7.625,4.625],"rotation":270,"texture":"#1","tintindex":0},"up":{"uv":[7.5,7.375,7.75,7.625],"rotation":270,"texture":"#1","tintindex":0},"down":{"uv":[7.625,4.25,7.875,4.5],"rotation":270,"texture":"#1","tintindex":0}}},{"from":[27.782858,18.121086,8.678738],"to":[31.53143,19.05823,16.17588],"rotation":{"angle":0.0,"axis":"y","origin":[29.170097,18.451103,12.193024]},"faces":{"east":{"uv":[4.375,2.125,2.375,4.125],"rotation":270,"texture":"#1","tintindex":0},"south":{"uv":[3.875,6.375,4.125,7.375],"rotation":270,"texture":"#1","tintindex":0},"north":{"uv":[0.0,4.75,0.25,5.75],"rotation":90,"texture":"#1","tintindex":0},"west":{"uv":[2.625,2.0,2.375,0.0],"rotation":270,"texture":"#1","tintindex":0},"up":{"uv":[4.25,6.375,6.25,7.375],"rotation":270,"texture":"#1","tintindex":0},"down":{"uv":[4.25,6.375,6.25,7.375],"rotation":270,"texture":"#1","tintindex":0}}}],"display":{"head":{"translation":[26.643753,-6.4,0.0],"scale":[4.0,4.0,4.0]}}}