{"textures":{"0":"modelengine:entity/hellhound"},"elements":[{"from":[6.5,5.5855284,-2.5510197],"to":[9.5,9.585528,4.4489803],"faces":{"east":{"uv":[6.8875,6.2625,7.7375,6.7375],"tintindex":0,"rotation":0,"texture":"#0"},"south":{"uv":[6.6375,8.2625,6.9875,8.7375],"tintindex":0,"rotation":0,"texture":"#0"},"north":{"uv":[5.2625,8.2625,5.6125,8.7375],"tintindex":0,"rotation":0,"texture":"#0"},"west":{"uv":[2.2625,7.0125,3.1125,7.4875],"tintindex":0,"rotation":0,"texture":"#0"},"up":{"uv":[6.9875,8.2375,6.6375,7.3875],"tintindex":0,"rotation":0,"texture":"#0"},"down":{"uv":[7.7375,7.2625,7.3875,8.1125],"tintindex":0,"rotation":0,"texture":"#0"}},"rotation":{"origin":[1.75,18.08553,6.4489803],"angle":-22.5,"axis":"x"}},{"from":[6.5,6.5855284,-7.5510197],"to":[9.5,9.585528,-2.5510197],"faces":{"east":{"uv":[4.1375,8.1375,4.7375,8.4875],"tintindex":0,"rotation":0,"texture":"#0"},"south":{"uv":[8.6375,0.7625,8.9875,1.1125],"tintindex":0,"rotation":0,"texture":"#0"},"north":{"uv":[0.6375,8.6375,0.9875,8.9875],"tintindex":0,"rotation":0,"texture":"#0"},"west":{"uv":[8.1375,7.8875,8.7375,8.2375],"tintindex":0,"rotation":0,"texture":"#0"},"up":{"uv":[7.7375,8.7375,7.3875,8.1375],"tintindex":0,"rotation":0,"texture":"#0"},"down":{"uv":[8.6125,1.2625,8.2625,1.8625],"tintindex":0,"rotation":0,"texture":"#0"}},"rotation":{"origin":[1.75,18.08553,6.4489803],"angle":-22.5,"axis":"x"}}]}