{"textures":{"0":"modelengine:entity/hellhound"},"elements":[{"from":[10.335079,-2.4144707,11.862487],"to":[10.335079,10.585529,15.862488],"faces":{"east":{"uv":[6.2625,2.3875,6.7375,3.9875],"tintindex":0,"rotation":0,"texture":"#0"},"west":{"uv":[6.7375,2.3875,6.2625,3.9875],"tintindex":0,"rotation":0,"texture":"#0"}},"rotation":{"origin":[10.335079,4.0855284,13.862487],"angle":-45.0,"axis":"y"}},{"from":[7.75,1.5855284,3.4489808],"to":[11.75,10.585529,12.44898],"faces":{"east":{"uv":[0.0125,4.3875,1.1125,5.4875],"tintindex":0,"rotation":0,"texture":"#0"},"south":{"uv":[5.7625,6.6375,6.2375,7.7375],"tintindex":0,"rotation":0,"texture":"#0"},"north":{"uv":[5.2625,6.6375,5.7375,7.7375],"tintindex":0,"rotation":0,"texture":"#0"},"west":{"uv":[1.1375,4.3875,2.2375,5.4875],"tintindex":0,"rotation":0,"texture":"#0"},"up":{"uv":[7.2375,2.2375,6.7625,1.1375],"tintindex":0,"rotation":0,"texture":"#0"},"down":{"uv":[7.2375,2.2625,6.7625,3.3625],"tintindex":0,"rotation":0,"texture":"#0"}}},{"from":[7.75,-2.4144707,7.4489803],"to":[11.75,1.5855284,12.44898],"faces":{"east":{"uv":[5.2625,7.7625,5.8625,8.2375],"tintindex":0,"rotation":0,"texture":"#0"},"south":{"uv":[8.1375,3.5125,8.6125,3.9875],"tintindex":0,"rotation":0,"texture":"#0"},"north":{"uv":[1.0125,8.1375,1.4875,8.6125],"tintindex":0,"rotation":0,"texture":"#0"},"west":{"uv":[7.7625,5.8875,8.3625,6.3625],"tintindex":0,"rotation":0,"texture":"#0"},"up":{"uv":[8.2375,7.8625,7.7625,7.2625],"tintindex":0,"rotation":0,"texture":"#0"},"down":{"uv":[2.7375,7.8875,2.2625,8.4875],"tintindex":0,"rotation":0,"texture":"#0"}}}]}