{"textures":{"0":"modelengine:entity/hellhound"},"elements":[{"from":[6.0,6.5417233,4.439254],"to":[10.0,8.541723,9.439254],"faces":{"east":{"uv":[0.6125,8.6375,0.0125,8.8625],"tintindex":0,"rotation":0,"texture":"#0"},"south":{"uv":[9.2375,7.7625,8.7625,7.9875],"tintindex":0,"rotation":0,"texture":"#0"},"north":{"uv":[7.8625,8.7625,7.3875,8.9875],"tintindex":0,"rotation":0,"texture":"#0"},"west":{"uv":[8.7375,8.5125,8.1375,8.7375],"tintindex":0,"rotation":0,"texture":"#0"},"up":{"uv":[7.7625,5.2375,8.2375,4.6375],"tintindex":0,"rotation":0,"texture":"#0"},"down":{"uv":[4.7625,7.7625,5.2375,8.3625],"tintindex":0,"rotation":0,"texture":"#0"}}},{"from":[6.0,7.25,4.0],"to":[10.0,9.25,6.0],"faces":{"east":{"uv":[1.7375,8.5125,1.5125,8.7375],"tintindex":0,"rotation":0,"texture":"#0"},"south":{"uv":[9.2375,8.0125,8.7625,8.2375],"tintindex":0,"rotation":0,"texture":"#0"},"north":{"uv":[8.3625,8.7625,7.8875,8.9875],"tintindex":0,"rotation":0,"texture":"#0"},"west":{"uv":[5.8625,8.2625,5.6375,8.4875],"tintindex":0,"rotation":0,"texture":"#0"},"up":{"uv":[8.3875,8.9875,8.8625,8.7625],"tintindex":0,"rotation":0,"texture":"#0"},"down":{"uv":[8.7625,8.5125,9.2375,8.7375],"tintindex":0,"rotation":0,"texture":"#0"}},"rotation":{"origin":[8.0,8.0,6.0],"angle":-22.5,"axis":"x"}}]}