{"textures":{"0":"modelengine:entity/hellhound"},"elements":[{"from":[3.8333335,3.2191582,6.421442],"to":[7.8333335,11.219158,13.421442],"faces":{"east":{"uv":[4.9875,5.3875,4.1375,6.3625],"tintindex":0,"rotation":0,"texture":"#0"},"south":{"uv":[7.2375,4.6375,6.7625,5.6125],"tintindex":0,"rotation":0,"texture":"#0"},"north":{"uv":[3.7375,4.3875,3.2625,5.3625],"tintindex":0,"rotation":0,"texture":"#0"},"west":{"uv":[4.1125,5.3875,3.2625,6.3625],"tintindex":0,"rotation":0,"texture":"#0"},"up":{"uv":[0.0125,8.1125,0.4875,7.2625],"tintindex":0,"rotation":0,"texture":"#0"},"down":{"uv":[0.5125,7.2625,0.9875,8.1125],"tintindex":0,"rotation":0,"texture":"#0"}},"rotation":{"origin":[12.333334,4.219158,11.421442],"angle":-22.5,"axis":"x"}},{"from":[3.8333335,0.21915817,13.421442],"to":[3.8333335,11.219158,17.421442],"faces":{"east":{"uv":[3.2625,6.3875,3.7375,7.7375],"tintindex":0,"rotation":0,"texture":"#0"},"west":{"uv":[3.7375,6.3875,3.2625,7.7375],"tintindex":0,"rotation":0,"texture":"#0"}},"rotation":{"origin":[12.333334,4.219158,11.421442],"angle":-22.5,"axis":"x"}},{"from":[3.8333335,-0.7808418,9.421442],"to":[6.8333335,3.2191582,13.421442],"faces":{"east":{"uv":[0.4875,8.1375,0.0125,8.6125],"tintindex":0,"rotation":0,"texture":"#0"},"south":{"uv":[4.6125,8.5125,4.2625,8.9875],"tintindex":0,"rotation":0,"texture":"#0"},"north":{"uv":[4.2375,8.5125,3.8875,8.9875],"tintindex":0,"rotation":0,"texture":"#0"},"west":{"uv":[8.3625,6.7625,7.8875,7.2375],"tintindex":0,"rotation":0,"texture":"#0"},"up":{"uv":[5.6375,8.9875,5.9875,8.5125],"tintindex":0,"rotation":0,"texture":"#0"},"down":{"uv":[6.0125,8.5125,6.3625,8.9875],"tintindex":0,"rotation":0,"texture":"#0"}},"rotation":{"origin":[12.333334,4.219158,11.421442],"angle":-22.5,"axis":"x"}}]}