{"textures":{"0":"modelengine:entity/hellhound"},"elements":[{"from":[6.0,7.25,4.0],"to":[10.0,9.25,6.0],"faces":{"east":{"uv":[5.6375,8.2625,5.8625,8.4875],"tintindex":0,"rotation":0,"texture":"#0"},"south":{"uv":[8.7625,8.0125,9.2375,8.2375],"tintindex":0,"rotation":0,"texture":"#0"},"north":{"uv":[7.8875,8.7625,8.3625,8.9875],"tintindex":0,"rotation":0,"texture":"#0"},"west":{"uv":[1.5125,8.5125,1.7375,8.7375],"tintindex":0,"rotation":0,"texture":"#0"},"up":{"uv":[8.8625,8.9875,8.3875,8.7625],"tintindex":0,"rotation":0,"texture":"#0"},"down":{"uv":[9.2375,8.5125,8.7625,8.7375],"tintindex":0,"rotation":0,"texture":"#0"}},"rotation":{"origin":[8.0,8.0,6.0],"angle":-22.5,"axis":"x"}},{"from":[6.0,6.5417233,4.439254],"to":[10.0,8.541723,9.439254],"faces":{"east":{"uv":[8.1375,8.5125,8.7375,8.7375],"tintindex":0,"rotation":0,"texture":"#0"},"south":{"uv":[8.7625,7.7625,9.2375,7.9875],"tintindex":0,"rotation":0,"texture":"#0"},"north":{"uv":[7.3875,8.7625,7.8625,8.9875],"tintindex":0,"rotation":0,"texture":"#0"},"west":{"uv":[0.0125,8.6375,0.6125,8.8625],"tintindex":0,"rotation":0,"texture":"#0"},"up":{"uv":[8.2375,5.2375,7.7625,4.6375],"tintindex":0,"rotation":0,"texture":"#0"},"down":{"uv":[5.2375,7.7625,4.7625,8.3625],"tintindex":0,"rotation":0,"texture":"#0"}}}]}