{"textures":{"0":"modelengine:entity/hellhound"},"elements":[{"from":[6.0,9.003864,6.8053904],"to":[10.0,9.003864,15.80539],"faces":{"up":{"uv":[6.8625,6.7375,6.3875,5.6375],"tintindex":0,"rotation":0,"texture":"#0"},"down":{"uv":[6.8625,5.6375,6.3875,6.7375],"tintindex":0,"rotation":0,"texture":"#0"}},"rotation":{"origin":[8.0,5.5038633,4.8053904],"angle":22.5,"axis":"x"}}]}